Feature_ID,Count,Members
GO:0005942,2,"aap-1, age-1"
GO:0005943,1,aap-1
GO:0008286,15,"W04B5.5, aap-1, akt-1, akt-2, daf-16, daf-2, daf-28, dao-5, egl-4, ins-35, ins-6, ist-1, mxl-3, pdk-1, unc-64"
GO:0008340,249,"F43C11.7, aak-2, aap-1, acbp-1, adr-1, adr-2, adt-2, age-1, aha-1, akt-1, akt-2, alp-1, ant-1.1, apy-1, ash-2, atg-18, atg-7, atp-2, atp-3, bar-1, bcat-1, bec-1, bra-1, ceh-18, ceh-23, cep-1, cgh-1, chc-1, che-11, ckr-1, ckr-2, clk-1, clk-2, cln-3.1, cln-3.2, cln-3.3, cnnm-1, cnnm-2, cnnm-3, cnnm-4, cnnm-5, cox-5B, crh-1, crt-1, crtc-1, cst-1, ctl-2, cul-1, cup-4, cup-5, cyc-1, daf-1, daf-11, daf-12, daf-14, daf-15, daf-16, daf-18, daf-2, daf-3, daf-31, daf-4, daf-5, daf-7, daf-8, dao-5, dcap-1, dcap-2, dct-1, ddl-1, ddl-2, dkf-1, dkf-2, dnj-14, eat-2, egl-3, egl-4, eif-2Bdelta, eif-2beta, elo-2, elt-2, elt-3, elt-4, etr-1, fkh-9, flp-6, fos-1, frh-1, fsn-1, glod-4, glp-4, gpa-11, gpa-3, grh-1, gro-1, gst-10, gst-20, ham-3, har-1, hcf-1, hda-1, hel-1, hgap-1, hgap-2, hif-1, him-6, hlh-15, hlh-25, hlh-30, hpk-1, hpl-2, hsf-1, hsp-1, hsp-110, hsp-16.49, hsp-70, hsp-90, hus-1, icl-1, ife-1, ife-2, ife-3, ife-4, ife-5, ifta-2, itr-1, jnk-1, jun-1, kgb-1, klf-1, let-363, lgc-26, lgg-1, lgg-3, lipl-4, lmd-3, lmn-1, lury-1, mdl-1, mdt-15, mek-1, mev-1, mksr-1, mksr-2, mlk-1, mml-1, mnk-1, mtm-3, mxl-1, mxl-2, nac-2, nac-3, natc-1, nfi-1, nhr-27, nhr-49, nhr-80, nhx-2, nlp-7, nphp-1, nphp-4, npp-4, npp-7, npr-22, nsy-1, nuo-1, nuo-2, oct-1, old-2, pah-1, par-4, par-5, parp-1, patr-1, pde-1, pde-2, pde-3, pde-5, pdr-1, pept-1, pha-4, polg-1, pptr-1, pqm-1, prdx-2, qns-1, raga-1, ragc-1, ral-1, rbr-2, rle-1, rnp-9, rpl-19, rpl-30, rpl-4, rpl-6, rpl-9, rpn-6.1, rps-10, rps-11, rps-15, rps-15A, rps-26, rps-6, rskn-1, rsks-1, sbp-1, sca-1, scl-1, sea-2, set-15, set-2, set-4, set-9, sip-1, sir-2.1, skn-1, skpo-1, sma-4, sma-5, sma-9, smn-1, srr-4, sti-1, swsn-1, taf-4, tars-1, tax-6, tdp-1, tiar-1, tiar-2, tmem-135, tph-1, tpi-1, trx-1, ubc-18, ulp-4, umps-1, unc-51, vhp-1, vps-34, wdr-23, wdr-5.1, wrn-1, wwp-1, xbp-1, xpa-1, xrn-1, zmp-2"
GO:0016301,547,"B0001.4, B0198.3, B0207.7, B0218.5, B0252.1, C01C4.3, C03B1.5, C03C10.2, C04G2.10, C05C12.1, C06E4.5, C08F11.13, C08F8.6, C09D4.3, C14A4.13, C16A11.10, C17C3.11, C18H7.4, C25A8.5, C25H3.1, C25H3.16, C26B2.2, C26D10.4, C26D10.7, C26E6.1, C27C12.3, C27D6.11, C27D8.1, C28A5.6, C29F7.3, C33C12.11, C33G3.6, C34B2.3, C34F11.5, C35E7.10, C36B7.1, C36B7.2, C38C3.4, C42C1.9, C44C10.7, C44H4.6, C49C3.10, C49C8.1, C50D2.7, C50F4.10, C50H2.7, C52E4.7, C55B6.1, C55B6.5, C55B7.10, C55C3.4, C55C3.8, C56A3.8, C56C10.6, C56G2.5, D1044.1, D2024.1, D2045.5, D2045.7, D2062.4, D2096.12, E02C12.12, E02C12.19, E02H1.6, E02H4.6, F02E8.4, F07A11.5, F09A5.2, F09C12.2, F09G2.1, F10G8.2, F11E6.8, F11G11.13, F13E6.2, F14B8.5, F14H3.12, F16B12.7, F19B6.1, F20G4.2, F21F3.2, F22B3.8, F22F1.2, F22H10.1, F23C8.7, F23C8.8, F23D12.10, F25F2.1, F26A1.3, F26A1.4, F26D11.1, F26E4.5, F28C10.3, F30A10.3, F31C3.6, F31E3.2, F31F6.1, F32B5.1, F32D8.13, F33D11.7, F35C11.3, F36H12.9, F38B2.4, F38E1.3, F38E11.6, F39F10.2, F39F10.3, F40F8.1, F41G3.5, F45F2.11, F46F11.1, F46H5.2, F46H5.3, F47F2.1, F48G7.10, F48G7.9, F52B5.2, F52C12.6, F52C9.3, F53C3.1, F54H5.2, F55D12.5, F57A10.4, F57B9.8, F59A3.8, F59A6.4, F59E12.15, F59E12.3, F59F5.3, H05L14.1, H40L08.3, K02E10.7, K04C1.5, K06H7.8, K07E3.2, K08H2.5, K09B11.5, K09C6.2, K09C6.7, K09C6.8, K09E4.1, K11C4.1, K11H12.9, M03C11.1, M05D6.1, M176.9, M7.7, R02C2.1, R04A9.7, R05H10.3, R05H5.4, R06A10.4, R08D7.7, R09A8.1, R09D1.12, R09D1.13, R10D12.10, R10H10.7, R11E3.1, R11F4.1, R12G8.1, R13H9.6, R151.1, T05A7.6, T05C12.1, T05G5.5, T06C10.3, T07F12.4, T11F8.4, T12G3.2, T15B12.2, T19D12.5, T20F7.3, T21C9.6, T21G5.1, T24C12.3, T24D5.4, T25B9.4, T25B9.5, T25B9.6, VY10G11R.1, W01B6.5, W02B12.12, W02H5.8, W03A5.1, W03G9.5, W04B5.5, W04E12.7, W04G5.10, W04G5.16, W06B4.2, W06F12.3, W09C3.1, W10C8.5, Y105C5A.24, Y106G6D.4, Y106G6E.1, Y111B2A.1, Y116A8C.24, Y116A8C.25, Y116A8C.38, Y116F11B.14, Y22D7AR.6, Y32G9A.3, Y38E10A.8, Y38H6C.20, Y38H8A.4, Y39G8B.5, Y39G8C.2, Y43C5B.2, Y43D4A.6, Y47G6A.13, Y47G6A.5, Y48B6A.10, Y48G8AL.15, Y50D4B.6, Y51B9A.9, Y52D5A.2, Y53F4B.1, Y60A3A.16, Y65B4A.9, Y69A2AR.32, Y69E1A.3, Y69F12A.1, Y71F9AL.2, Y71G12B.22, Y73B3B.3, Y73B6A.1, Y75B8A.23, ZC373.3, ZC434.8, ZC513.3, ZC581.2, ZC581.7, ZC581.9, ZC8.6, ZK354.2, ZK354.6, ZK507.1, ZK524.4, ZK596.2, ZK622.1, ZK666.8, ZK673.2, aak-1, aak-2, aap-1, abl-1, adk-1, age-1, air-1, air-2, aka-1, akt-1, akt-2, alh-13, argk-1, ark-1, atl-1, atm-1, bub-1, cam-1, cat-6, ccb-1, cdc-37, cdc-7, cdk-1, cdk-11.1, cdk-11.2, cdk-12, cdk-14, cdk-2, cdk-4, cdk-5, cdk-7, cdk-8, cdk-9, cdkl-1, cerk-1, chk-1, chk-2, chkr-2, citk-1, citk-2, cka-1, cka-2, ckb-1, ckb-2, ckb-3, ckb-4, ckc-1, ckk-1, cmk-1, cnk-1, comp-1, coq-8, crmb-1, csk-1, csnk-1, cst-1, cst-2, daf-1, daf-2, daf-4, dapk-1, ddr-2, dgk-1, dgk-2, dgk-3, dgk-4, dgk-5, dkf-1, dkf-2, dlgr-1, dlk-1, dolk-1, dtmk-1, dyf-18, dyf-5, eff-1, efk-1, egl-15, egl-4, eif-3.I, eri-5, famk-1, flor-1, flr-4, frk-1, frm-5.1, gakh-1, gck-1, gck-2, gck-3, gck-4, gcn-2, gldi-10, grk-1, grk-2, gsk-3, gskl-1, gskl-2, guk-1, hasp-1, hasp-2, hgrs-1, hir-1, hpk-1, hpo-11, hpo-34, htt-1, hxk-1, hxk-2, hxk-3, igcm-4, ikke-1, ipmk-1, ippk-1, ire-1, jkk-1, jnk-1, kgb-1, kgb-2, kin-1, kin-14, kin-15, kin-16, kin-18, kin-19, kin-20, kin-21, kin-24, kin-26, kin-29, kin-3, kin-30, kin-33, kin-34, kin-35, kin-36, kin-4, kin-5, kin-9, ksr-1, let-23, let-363, let-502, let-754, lfe-2, lin-45, lit-1, lrk-1, madd-3, magi-1, mak-1, mak-2, mapk-15, max-2, mbk-1, mbk-2, mek-1, mek-2, mek-5, mekk-3, mel-11, mig-15, mkk-4, mlck-1, mlk-1, mnat-1, mnk-1, mom-4, mpk-1, mpk-2, mrck-1, mtk-1, mvk-1, nadk-1, nadk-2, nck-1, ndk-1, nefr-1, nekl-1, nekl-2, nekl-3, nekl-4, nimk-1, nol-9, nsy-1, nuo-4, old-1, old-2, pak-1, pak-2, par-1, par-4, pct-1, pdhk-2, pdk-1, pdxk-1, pek-1, pfk-1.1, pfk-1.2, pfkb-1.2, pgk-1, phkg-1, pifk-1A, pifk-1B, pig-1, pik-1, piki-1, pink-1, pkc-1, pkc-2, pkc-3, pkg-2, pkn-1, plk-1, plk-2, plk-3, pmk-1, pmk-2, pmk-3, pnk-1, ppk-1, ppk-2, ppk-3, pps-1, prk-1, prk-2, prpf-4, prps-1, prx-5, pstk-1, pyk-1, pyk-2, rfk-1, rin-1, riok-1, riok-2, riok-3, rskn-1, rskn-2, rsks-1, sad-1, sax-1, scd-2, scyl-1, sek-1, sek-3, sek-4, sek-5, sek-6, sel-15, sel-5, seld-1, sgk-1, shpk-1, sid-3, sma-5, sma-6, smg-1, spe-55, spe-6, spe-8, sphk-1, spk-1, src-1, src-2, svh-2, tag-191, tag-344, tag-96, thk-1, tlk-1, toe-2, tpa-1, tpk-1, trk-1, ttbk-2.1, ttbk-2.2, ttbk-3, ttbk-4, ttbk-5, ttbk-7, ttbk-8.1, ttbk-8.2, ttn-1, txt-2, unc-13, unc-22, unc-43, unc-51, unc-82, vab-1, ver-3, ver-4, vps-15, vps-34, vrk-1, wdr-62, wee-1.1, wee-1.3, wnk-1, wts-1, zak-1, zyg-1, zyg-8"
GO:0019901,71,"F09G2.2, F37A4.2, F46H5.7, Y71G12B.27, Y71H2AM.12, aakb-1, aakb-2, aakg-1, aakg-2, aakg-3, aakg-4, aap-1, abi-1, axl-1, ccm-3, cdc-37, cdc-42, cdc-48.3, cdf-1, cdk-1, cdka-1, ced-10, chw-1, cks-1, crp-1, cyy-1, daf-2, dlg-1, egg-3, egg-4, egg-5, egl-2, epg-7, epg-9, gck-3, goa-1, hmp-2, hsp-75, let-756, lyst-1, mak-1, mak-2, mdf-1, mel-11, mel-26, mex-5, mex-6, mig-2, mlk-1, nmy-2, par-2, pmk-3, pop-1, pptr-1, pry-1, rac-2, rho-1, sel-10, sel-2, soc-3, spat-1, spd-2, strd-1, tir-1, tpxl-1, ubxn-2, unc-14, unc-15, wrm-1, yap-1, zen-4"
GO:0040024,81,"Y54F10BM.3, aap-1, age-1, atg-18, atg-7, atp-2, bar-1, bec-1, catp-1, che-2, daf-1, daf-11, daf-12, daf-14, daf-15, daf-16, daf-18, daf-2, daf-28, daf-3, daf-31, daf-4, daf-5, daf-7, daf-8, daf-9, dao-5, eak-4, eak-6, fsn-1, ftt-2, glp-1, gpa-3, hen-1, hid-1, hpl-2, hsf-1, hsp-90, ifta-2, ins-17, ins-3, ins-4, ins-5, ins-6, ist-1, kin-29, lgg-1, lin-12, mrp-1, natc-1, natc-2, ncr-1, ncr-2, oga-1, ogt-1, pdk-1, pkc-1, pptr-1, ptp-5.1, ptp-5.2, ptp-5.3, sca-1, scd-2, sdf-9, sir-2.1, sma-4, sma-5, sma-6, soc-1, srbc-64, srbc-66, srg-36, srg-37, sta-1, tax-6, tph-1, trip-4, ttx-3, unc-119, unc-3, unc-51"
GO:0046935,1,aap-1
GO:0003333,22,"B0454.6, C50D2.2, F13H10.3, F23F1.6, Y51F10.4, Y53F4B.12, aat-1, aat-2, aat-3, aat-4, aat-5, aat-6, aat-7, aat-8, aat-9, atgp-2, skat-1, slc-36.1, slc-36.2, slc-36.3, slc-36.4, slc-36.5"
GO:0005886,1656,"AH9.1, AH9.4, B0244.10, B0244.15, B0244.16, B0244.17, B0244.4, B0244.5, B0244.6, B0244.7, B0252.1, B0285.6, B0303.11, B0310.1, B0454.6, B0563.6, C02B10.3, C03H5.7, C03H5.9, C05D9.3, C05G5.1, C06B3.1, C08A9.3, C09B9.85, C09E8.1, C09F12.3, C14A4.8, C17B7.8, C18F10.7, C18H7.4, C24A3.2, C24A8.6, C25A8.5, C30A5.10, C30E1.4, C34B4.3, C34F11.5, C34F6.10, C35E7.10, C39B10.1, C40H5.2, C46C11.3, C46F11.6, C47G2.4, C50B6.9, C50D2.2, C53D5.5, C54D10.4, C54G4.4, C55A1.1, C55C3.4, C56A3.8, D1069.3, D1081.12, D1081.4, DH11.5, F01D5.7, F01D5.8, F09A5.2, F09B12.5, F09D12.2, F09F7.5, F09G2.1, F10A3.12, F10G7.5, F11E6.8, F11F1.1, F13B12.3, F13H10.5, F13H6.5, F14B4.1, F14B6.2, F16C3.1, F18A11.3, F19C6.4, F19C7.8, F20D6.8, F21D5.3, F21G4.1, F22B3.8, F23C8.7, F23F1.6, F23G4.1, F26E4.5, F27E5.5, F27E5.8, F29A7.4, F29B9.8, F35H10.10, F35H12.1, F36D4.4, F41C6.4, F41H10.5, F42C5.9, F42G10.1, F42G2.5, F44E5.5, F47E1.2, F47E1.4, F49E11.2, F52D10.4, F53B1.2, F53B1.8, F54H5.3, F55D10.4, F56F4.3, F57B9.8, F57C9.6, F58E6.5, F59A1.15, F59A3.8, F59C12.3, F59F5.3, H09F14.1, H14N18.4, K01A12.3, K01A6.6, K02G10.5, K04G2.9, K05D4.9, K07H8.2, K09B11.5, K10B4.3, K10C3.4, K10C9.4, K12H6.6, M02B1.3, M02D8.3, M176.9, R04A9.7, R05G6.10, R05H5.4, R07D5.2, R07E5.7, R09B5.11, R09D1.12, R09D1.13, R10E4.9, R10E8.5, R11E3.1, R11G1.1, R12G8.1, R13H4.7, R151.1, T02D1.4, T03D8.6, T06C10.3, T06C12.11, T09B9.3, T10C6.6, T12B3.3, T19H12.6, T21G5.1, T22E5.6, T22G5.1, T24C12.1, T25B9.4, T25B9.5, T26C12.3, T27E4.1, T28A11.17, T28A11.20, W01B6.5, W03A5.1, W03G11.2, W04C9.5, W04G5.10, W06A7.2, W08G11.5, Y116A8C.24, Y116A8C.38, Y15E3A.4, Y19D10A.1, Y19D10A.2, Y19D10B.6, Y32F6B.1, Y34B4A.4, Y37H2C.4, Y38F2AR.10, Y38H6C.20, Y39A1A.22, Y41D4B.6, Y41E3.18, Y45G12C.10, Y45G12C.6, Y47G6A.5, Y48G8AL.13, Y50D4B.6, Y52B11A.4, Y52D5A.2, Y53C12A.3, Y53F4B.12, Y54F10BM.3, Y57G11C.22, Y59A8B.21, Y69E1A.3, Y6E2A.1, Y70G10A.3, Y71G12A.4, Y71H2AM.12, Y7A9A.1, Y9C2UA.1, Y9C9A.5, ZC155.4, ZC178.2, ZC196.2, ZC266.1, ZC328.3, ZC416.2, ZC581.7, ZC8.6, ZK1053.6, ZK185.2, ZK418.5, ZK418.6, ZK418.7, ZK563.2, ZK622.1, ZK669.5, ZK721.4, ZK813.5, aakg-1, aakg-2, aakg-3, aakg-4, aakg-5, aat-1, aat-3, aat-6, abch-1, abcx-1, abl-1, abts-1, abts-2, abts-3, abts-4, acc-1, acc-2, acc-3, acc-4, acd-1, acd-2, acd-3, acd-4, acd-5, ace-1, ace-2, ace-3, ace-4, acl-6, acr-10, acr-11, acr-12, acr-14, acr-15, acr-16, acr-17, acr-18, acr-19, acr-2, acr-20, acr-21, acr-23, acr-24, acr-25, acr-3, acr-5, acr-6, acr-7, acr-8, acr-9, acs-17, acs-20, acs-22, acs-4, acy-1, acy-2, acy-3, acy-4, add-1, add-2, adm-2, adm-4, ador-1, aex-2, aex-3, aex-4, aff-1, age-1, agr-1, ags-3, aho-3, ajm-1, amn-1, amph-1, amt-1, amt-2, amt-3, amt-4, anoh-1, anoh-2, apa-2, aph-2, aps-2, apx-1, aqp-1, aqp-12, aqp-2, aqp-3, aqp-4, aqp-5, aqp-6, aqp-7, aqp-8, arc-1, arf-1, arf-5, arf-6, ark-1, arl-13, asic-1, asic-2, atg-16.2, atgl-1, atgp-1, atgp-2, atn-1, avr-14, avr-15, bam-2, bbs-4, bbs-5, best-1, best-10, best-11, best-12, best-13, best-14, best-15, best-16, best-17, best-18, best-19, best-2, best-20, best-21, best-22, best-23, best-24, best-25, best-26, best-3, best-4, best-5, best-6, best-7, best-8, best-9, bli-3, cam-1, catp-1, catp-2, catp-3, catp-4, catp-5, catp-6, cav-1, cav-2, cca-1, ccd-5, ccm-3, cdc-42, cdc-50.B, cdf-1, cdf-2, cdh-1, cdh-10, cdh-12, cdh-3, cdh-4, cdh-5, cdh-7, cdh-8, cdh-9, ced-1, ced-10, ced-11, ced-12, ced-2, ced-5, ced-7, ced-8, cest-33, cfz-2, cgt-3, cha-1, chat-1, chc-1, chdp-1, che-3, che-6, che-7, cho-1, chpf-1, chpf-2, chs-1, chs-2, chup-1, chw-1, ckr-1, ckr-2, cla-1, clc-2, clc-3, clc-31, clc-5, clc-6, clc-9, clh-1, clh-2, clh-3, clh-4, clh-5, clh-6, clhm-1, clic-1, clr-1, cng-1, cng-2, cng-3, cnnm-1, cnnm-2, cnnm-3, cnnm-4, cnnm-5, cnt-1, col-99, cpg-24, cpna-1, cpna-3, cpna-4, cpna-5, crb-1, crml-1, crp-1, csk-1, csnk-1, ctn-1, cua-1, cup-4, cup-5, cut-1, cut-3, cut-4, cut-5, cut-6, cuti-1, cutl-1, cutl-10, cutl-11, cutl-12, cutl-13, cutl-14, cutl-15, cutl-16, cutl-2, cutl-22, cutl-23, cutl-25, cutl-3, cutl-4, cutl-5, cutl-6, cutl-7, cutl-8, cutl-9, cwn-1, cyk-4, cyy-1, daf-1, daf-11, daf-18, daf-2, daf-37, daf-38, daf-4, daf-6, dagl-2, dat-1, dcar-1, ddn-3, ddr-1, ddr-2, deb-1, deg-1, deg-3, degt-1, del-1, del-10, del-3, del-4, del-5, del-6, del-7, del-8, del-9, delm-1, delm-2, des-2, dgk-3, dgk-4, dgk-5, dhrr-1, dhs-21, dkf-1, dkf-2, dlg-1, dma-1, dmsr-1, dmsr-2, dmsr-3, dmsr-4, dmsr-5, dmsr-6, dmsr-7, dmsr-8, dop-1, dop-2, dop-3, dop-4, dop-5, dop-6, doxa-1, dpf-1, dpf-2, dpf-6, dpy-1, dpy-23, drag-1, drn-1, dsl-1, dsl-2, dsl-3, dsl-5, dsl-6, dsl-7, duox-2, dyb-1, dyf-7, dyn-1, dys-1, eak-4, eak-6, eak-7, eat-16, eat-2, eat-4, eat-5, eat-6, efa-6, eff-1, efn-2, efn-3, efn-4, efr-3, egas-1, egas-2, egas-3, egas-4, egg-1, egg-2, egg-6, egl-15, egl-19, egl-2, egl-23, egl-26, egl-30, egl-6, egl-8, ehbp-1, ehs-1, emc-5, ent-1, ent-2, ent-3, ent-4, ent-5, ent-6, ent-7, epac-1, epn-1, eps-8, erm-1, esyt-2, eva-1, evl-20, exc-12, exc-4, exp-1, exp-2, fcho-1, fdgt-1, fer-1, fld-1, flor-1, flr-1, flr-4, fmi-1, folt-1, folt-2, folt-3, frk-1, frm-1, frm-10, frm-2, frm-3, frpr-1, frpr-10, frpr-15, frpr-18, frpr-19, frpr-7, frpr-8, frpr-9, fshr-1, gab-1, gar-1, gar-2, gar-3, gbb-1, gbb-2, gck-1, gcy-1, gcy-11, gcy-12, gcy-13, gcy-14, gcy-15, gcy-17, gcy-18, gcy-20, gcy-21, gcy-22, gcy-23, gcy-25, gcy-27, gcy-28, gcy-29, gcy-3, gcy-4, gcy-5, gcy-6, gcy-7, gcy-8, gcy-9, gem-1, gem-4, gfrl-1, glb-10, glb-26, glb-33, glc-1, glc-2, glc-3, glc-4, gldi-2, gldi-7, glit-1, glp-1, glr-1, glr-2, glr-3, glr-4, glr-5, glr-6, glr-7, glr-8, glt-1, glt-3, glt-4, glt-5, glt-6, glt-7, gnrr-1, gnrr-2, gnrr-3, gnrr-4, gnrr-5, gnrr-6, gnrr-7, gon-2, gopc-1, gpc-1, gpn-1, gpr-158, gras-1, gsa-1, gtl-1, gtl-2, gtr-1, him-4, hir-1, hmit-1.1, hmit-1.2, hmit-1.3, hmr-1, hrg-1, hrg-4, hrg-5, hrg-6, hse-5, hsp-1, hsp-70, hsp-90, hum-1, hum-5, hum-8, icln-1, igcm-1, igcm-2, igcm-3, igdb-1, igdb-2, ilcr-1, ilcr-2, imp-1, ina-1, inpp-1, inx-1, inx-10, inx-11, inx-12, inx-13, inx-14, inx-15, inx-16, inx-17, inx-18, inx-19, inx-2, inx-20, inx-21, inx-22, inx-3, inx-5, inx-6, inx-7, inx-8, inx-9, irk-1, irk-2, irk-3, itm-2, itr-1, itsn-1, jac-1, jph-1, kcc-1, kcc-2, kcc-3, kcmf-1, kcnl-1, kcnl-2, kcnl-3, kcnl-4, kin-14, kin-15, kin-16, kin-21, kin-24, kin-26, kin-30, kin-32, kin-36, kin-5, kin-9, kpc-1, kqt-1, kqt-3, kri-1, kvs-1, kvs-2, kvs-3, kvs-4, kvs-5, lad-2, laf-1, lag-2, lat-1, lat-2, lec-2, lec-3, let-23, let-4, let-413, let-60, let-653, lev-1, lev-10, lev-8, lgc-1, lgc-10, lgc-11, lgc-12, lgc-13, lgc-14, lgc-15, lgc-16, lgc-17, lgc-18, lgc-19, lgc-20, lgc-21, lgc-22, lgc-25, lgc-26, lgc-27, lgc-29, lgc-30, lgc-31, lgc-34, lgc-35, lgc-36, lgc-37, lgc-38, lgc-39, lgc-4, lgc-40, lgc-41, lgc-42, lgc-43, lgc-44, lgc-45, lgc-46, lgc-47, lgc-48, lgc-49, lgc-5, lgc-50, lgc-51, lgc-52, lgc-53, lgc-54, lgc-55, lgc-56, lgc-57, lgc-58, lgc-6, lgc-7, lgc-8, lgc-9, lgg-1, lgg-2, lgl-1, lhfp-4, lin-10, lin-12, lin-17, lin-18, lin-2, lin-3, lin-7, lip-1, lite-1, lmbr-1, lmp-1, lmp-2, lnkn-1, lon-1, lon-2, lron-11, lrp-1, lrp-2, lst-4, mab-20, mab-7, magu-1, magu-2, magu-3, mapk-15, marc-3, mca-1, mca-2, mca-3, mct-2, mct-3, mct-4, mct-5, mct-6, mec-10, mec-2, mec-4, mec-6, mes-1, mfsd-12, mgl-1, mgl-2, mgl-3, mig-1, mig-13, mig-14, mig-2, mig-21, mig-5, mnr-1, mod-1, mod-5, mom-5, mps-1, mrp-1, mrp-2, mrp-4, mrp-5, mrp-6, mrp-7, mtd-1, mth-1, mth-2, mtm-1, mtm-6, mtm-9, mua-3, mup-4, myrf-1, myrf-2, nab-1, nac-1, nac-2, nac-3, nca-2, ncam-1, ncr-1, ncr-2, ncx-1, ncx-2, ncx-3, ncx-4, ncx-5, nep-1, nep-10, nep-11, nep-12, nep-13, nep-16, nep-17, nep-18, nep-2, nep-20, nep-21, nep-22, nep-23, nep-24, nep-25, nep-26, nep-3, nep-4, nep-5, nep-6, nep-8, nep-9, nex-1, nex-2, nex-3, nex-4, nfm-1, nhx-1, nhx-2, nhx-3, nhx-4, nhx-5, nhx-6, nhx-9, nipi-4, nkb-1, nkb-3, nlg-1, nlr-1, nmgp-1, nmr-1, nmr-2, nmur-1, nmur-2, nmur-3, nnt-1, noca-1, npr-1, npr-10, npr-11, npr-13, npr-14, npr-15, npr-16, npr-17, npr-18, npr-2, npr-20, npr-21, npr-22, npr-23, npr-24, npr-25, npr-26, npr-27, npr-28, npr-29, npr-3, npr-30, npr-31, npr-34, npr-36, npr-37, npr-4, npr-41, npr-42, npr-43, npr-44, npr-5, npr-6, npr-7, npr-8, npr-9, nra-1, nrfl-1, nsy-4, ntr-1, ntr-2, num-1, oac-2, oac-30, obr-1, obr-2, ocr-1, ocr-2, ocr-3, ocr-4, octr-1, odr-1, odr-10, old-1, old-2, olrn-1, ooc-5, orai-1, osm-10, osm-11, osm-9, osta-1, osta-2, osta-3, otpl-1, otpl-2, otpl-3, otpl-4, otpl-5, otpl-6, otpl-7, otpl-8, otub-1, pac-1, pak-1, pan-1, paqr-1, paqr-2, par-6, pat-12, pat-3, pat-4, pbo-1, pbo-4, pbo-5, pbo-6, pcdr-1, pdfr-1, pef-1, pept-1, pept-2, pept-3, pezo-1, pgp-12, pgp-13, pgp-14, pgp-3, pgp-4, pgp-5, pgp-6, pgp-9, phb-2, phg-1, phka-1, phkb-1, pifk-1A, pik-1, piki-1, pinn-4, pipp-4P, pkc-3, pkd-2, plc-4, pld-1, plpp-1.1, plpp-1.2, plpp-1.3, plpr-1, plr-1, plx-1, plx-2, pmr-1, ppk-1, ppk-2, pry-1, psr-1, ptc-1, ptc-3, ptp-3, ptp-5.1, ptp-5.2, ptp-5.3, ptr-1, ptr-10, ptr-11, ptr-12, ptr-13, ptr-14, ptr-15, ptr-16, ptr-17, ptr-18, ptr-19, ptr-2, ptr-20, ptr-21, ptr-22, ptr-23, ptr-24, ptr-25, ptr-3, ptr-4, ptr-5, ptr-6, ptr-8, ptr-9, ptrn-1, pxf-1, pxl-1, rab-11.1, rab-28, rab-3, rab-33, rab-35, rab-39, rab-5, rab-6.1, rab-8, rabr-1, rac-2, ral-1, ram-5, rap-1, rap-2, rap-3, ras-1, ras-2, rbg-2, rft-1, rft-2, rga-8, rgef-1, rgl-1, rgs-5, rheb-1, rhgf-2, rho-1, rhr-1, rhr-2, ric-4, rig-3, rig-5, rig-6, rme-1, rme-2, rme-6, rnf-5, rocf-1, rol-3, rpi-1, rpm-1, rpn-2, rpy-1, rsd-3, sax-3, sax-7, scd-2, scrm-1, scrm-2, scrm-3, scrm-4, scrm-5, scrm-6, scrm-7, scrm-8, sdf-9, sdpn-1, seb-3, sec-3, sem-5, ser-1, ser-2, ser-3, ser-4, ser-5, ser-6, ser-7, sgk-1, shc-1, shk-1, sid-1, sid-2, sid-3, sinh-1, slc-28.1, slc-28.2, slc-5A12, slcf-1, sli-1, slo-1, slo-2, sma-1, sma-10, sma-6, smf-1, smf-2, smf-3, smp-1, smp-2, sms-1, sms-2, sms-3, sms-5, snap-29, snb-1, snb-2, snb-5, snb-6, snb-7, snf-1, snf-10, snf-11, snf-12, snf-2, snf-3, snf-5, snf-6, snf-7, snf-9, snt-1, snt-2, snt-3, snt-4, snt-5, snt-6, snt-7, sol-1, sol-2, sorb-1, sos-1, spc-1, spc-2, spe-12, spe-15, spe-41, spe-8, spe-9, spg-20, sphk-1, sphr-1, sprr-1, sprr-2, sprr-3, sqr-1, srb-12, srb-13, srb-16, srb-3, srb-5, srb-6, src-1, src-2, sre-2, srh-234, sro-1, srv-34, srx-43, srx-45, ssr-2, sssh-1, stau-1, sth-1, stim-1, stn-2, sto-1, sto-2, sto-3, sto-4, sto-5, sto-6, str-1, str-101, str-102, str-103, str-106, str-108, str-109, str-111, str-112, str-113, str-114, str-115, str-116, str-118, str-119, str-121, str-123, str-124, str-125, str-129, str-130, str-131, str-134, str-135, str-136, str-138, str-139, str-140, str-141, str-143, str-144, str-145, str-146, str-148, str-149, str-150, str-151, str-153, str-155, str-156, str-158, str-159, str-160, str-161, str-162, str-163, str-164, str-165, str-166, str-168, str-169, str-170, str-171, str-172, str-173, str-174, str-175, str-177, str-178, str-180, str-181, str-182, str-185, str-187, str-188, str-190, str-193, str-196, str-198, str-199, str-2, str-200, str-204, str-205, str-206, str-207, str-208, str-209, str-211, str-214, str-217, str-220, str-221, str-222, str-225, str-226, str-227, str-228, str-229, str-230, str-231, str-232, str-233, str-236, str-238, str-240, str-243, str-244, str-245, str-246, str-247, str-248, str-249, str-250, str-252, str-253, str-254, str-255, str-256, str-260, str-261, str-262, str-263, str-264, str-267, str-268, str-3, str-33, str-77, str-78, str-79, str-81, str-82, str-83, str-84, str-85, str-86, str-87, str-88, str-89, str-90, str-92, str-93, str-94, str-96, str-97, str-99, sue-1, sulp-1, sulp-2, sulp-3, sulp-4, sulp-5, sulp-6, sulp-7, sulp-8, sup-1, sup-10, sup-17, sup-18, sup-9, svh-2, swt-1, swt-2, swt-3, swt-4, swt-5, swt-6, syd-2, syg-1, syg-2, sym-1, syx-2, syx-3, syx-4, tag-273, tag-280, tag-281, tag-325, tag-89, tat-1, tat-2, tat-3, tat-4, tat-5, tat-6, tax-2, tax-4, tbc-10, tbc-19, tbc-2, ten-1, tkr-1, tkr-2, tkr-3, tln-1, tmc-1, tmc-2, tmem-231, tmem-24, toca-1, toca-2, tom-1, tpra-1, tra-2, trk-1, trp-1, trp-2, trpa-1, trpl-2, trpl-4, trpp-5, try-1, tsp-1, tsp-11, tsp-12, tsp-13, tsp-14, tsp-15, tsp-17, tsp-18, tsp-19, tsp-2, tsp-20, tsp-21, tsp-3, tsp-4, tsp-5, tsp-6, tsp-7, tsp-8, tsp-9, ttc-7, ttm-1, ttyh-1, twk-1, twk-10, twk-11, twk-12, twk-13, twk-14, twk-16, twk-17, twk-18, twk-2, twk-20, twk-21, twk-22, twk-23, twk-24, twk-25, twk-26, twk-28, twk-29, twk-3, twk-30, twk-31, twk-32, twk-33, twk-34, twk-35, twk-36, twk-37, twk-39, twk-4, twk-40, twk-42, twk-43, twk-44, twk-45, twk-46, twk-47, twk-48, twk-49, twk-5, twk-6, twk-7, twk-8, twk-9, tyra-2, tyra-3, unc-1, unc-103, unc-104, unc-105, unc-112, unc-115, unc-13, unc-17, unc-18, unc-24, unc-29, unc-32, unc-34, unc-36, unc-38, unc-40, unc-45, unc-49, unc-5, unc-58, unc-63, unc-64, unc-7, unc-70, unc-71, unc-77, unc-8, unc-9, unc-93, unc-95, uncp-18, vab-1, vab-10, vab-2, vamp-7, vang-1, ver-1, ver-3, ver-4, vha-17, vha-20, vha-5, vha-6, vha-7, vha-8, vpr-1, vps-33.1, wee-1.3, wht-1, wht-2, wht-3, wht-4, wht-5, wht-6, wht-7, wht-8, wrk-1, wrt-1, wrt-4, wrt-6, wrt-8, wts-1, xtr-1, ykt-6, yop-1, zig-1, zig-11, zig-3, zipt-1, zipt-11, zipt-15, zipt-16, zipt-2.1, zipt-2.2, zipt-2.3, zipt-2.4, zipt-3, zmp-1, zoo-1"
GO:0015179,22,"F13H10.3, Y51F10.4, aat-1, aat-2, aat-3, aat-4, aat-5, aat-6, aat-7, aat-8, aat-9, atgp-2, ctns-1, skat-1, slc-36.1, slc-36.2, slc-36.3, slc-36.4, slc-36.5, snf-1, snf-12, snf-6"
GO:0016020,6473,"AC3.12, AC3.5, AH10.2, AH6.3, AH9.1, AH9.4, AH9.6, B0024.15, B0024.3, B0025.5, B0034.5, B0035.18, B0041.5, B0198.2, B0198.3, B0205.4, B0207.10, B0207.2, B0207.9, B0222.1, B0222.15, B0228.6, B0238.15, B0244.10, B0244.15, B0244.16, B0244.17, B0244.4, B0244.5, B0244.6, B0244.7, B0244.9, B0252.1, B0252.11, B0252.3, B0261.5, B0273.115, B0285.6, B0303.11, B0303.16, B0310.1, B0310.3, B0348.1, B0348.2, B0361.11, B0379.2, B0393.5, B0393.7, B0403.6, B0410.3, B0416.3, B0432.1, B0432.11, B0454.5, B0454.6, B0464.6, B0478.3, B0495.7, B0495.9, B0496.6, B0511.12, B0511.19, B0524.2, B0546.5, B0554.5, B0554.7, B0563.6, BAH-4, BE0003N10.6, C01A2.1, C01A2.2, C01A2.9, C01B10.9, C01B4.7, C01B4.8, C01F1.6, C01F6.14, C01G10.1, C01G12.7, C01G12.9, C01G5.4, C01G6.2, C01H6.8, C02B10.3, C02D5.2, C02E7.10, C02F5.13, C02G6.3, C02H6.1, C02H6.3, C03A3.1, C03A3.2, C03A3.9, C03B1.13, C03B1.7, C03B8.3, C03D6.9, C03E10.1, C03E10.3, C03G5.14, C03G6.21, C03G6.6, C03H12.1, C03H5.7, C03H5.9, C04A11.1, C04C11.25, C04C3.6, C04C3.7, C04E12.4, C04E12.5, C04E6.4, C04F1.1, C04F12.7, C04F5.2, C04G6.11, C05A9.2, C05B5.16, C05B5.17, C05B5.2, C05C10.7, C05C12.4, C05C12.6, C05D12.1, C05D9.3, C05D9.7, C05E11.2, C05E11.3, C05G5.1, C05G5.3, C05G5.5, C06A12.19, C06A5.12, C06B3.1, C06B8.7, C06C6.7, C06C6.8, C06C6.9, C06E1.7, C06G4.6, C06H5.6, C07A12.18, C07A9.12, C07C7.1, C07E3.10, C07G1.15, C07H4.1, C07H6.9, C08A9.3, C08B6.11, C08D8.1, C08D8.7, C08E8.1, C08F1.10, C08F1.11, C08F1.12, C08F1.6, C08F1.8, C08F11.13, C08F11.3, C08G5.6, C08G5.7, C08G9.1, C08G9.2, C08H9.15, C09B7.2, C09B8.3, C09B8.8, C09B9.2, C09B9.7, C09B9.85, C09D4.1, C09D4.6, C09E7.10, C09E8.1, C09F12.2, C09F12.3, C09F5.1, C09F9.1, C09F9.2, C09G9.5, C09H10.4, C10A4.10, C10A4.2, C10A4.3, C10A4.4, C10A4.6, C10A4.7, C10A4.9, C10C6.7, C10E2.5, C10G11.1, C10G11.10, C11E4.8, C11G10.1, C12D12.3, C12D8.13, C12D8.20, C13A10.1, C13A2.10, C13A2.3, C13A2.4, C13A2.7, C13A2.9, C13B4.1, C13C4.6, C13C4.8, C13F10.1, C13F10.5, C14A4.12, C14A4.6, C14A4.7, C14A6.12, C14A6.13, C14A6.3, C14A6.6, C14A6.7, C14A6.8, C14B1.2, C14B9.10, C14C10.1, C14C11.4, C14C6.3, C14E2.5, C14E2.7, C15A11.4, C15A11.7, C15B12.2, C15C6.1, C15C7.6, C15C8.5, C15C8.6, C15H11.10, C15H11.11, C15H11.13, C15H9.3, C15H9.4, C15H9.5, C16A3.5, C16B8.4, C16C10.1, C16D9.6, C17A2.3, C17A2.4, C17B7.5, C17C3.1, C17E7.12, C17E7.13, C17E7.9, C17F3.1, C17G1.2, C17G10.7, C17H11.1, C17H11.6, C17H12.10, C17H12.2, C18A11.3, C18A3.10, C18B12.4, C18B2.2, C18D1.2, C18D11.1, C18E9.5, C18E9.9, C18F10.7, C18G1.1, C18G1.8, C18H2.5, C18H7.11, C18H7.12, C18H7.6, C18H9.5, C23G10.10, C23H3.2, C23H5.11, C23H5.12, C24A3.2, C24A8.6, C24D10.2, C24D10.4, C24D10.5, C24H12.1, C25A8.2, C25B8.8, C25D7.10, C25D7.5, C25E10.11, C25E10.4, C25E10.5, C25F9.10, C25F9.13, C25H3.16, C25H3.17, C26B2.7, C26B9.1, C26C6.4, C26C6.9, C26D10.7, C26G2.2, C27A7.3, C27C12.4, C27D6.3, C27D8.4, C27F2.6, C27H5.6, C28C12.1, C28C12.11, C29A12.22, C29E4.10, C29E4.15, C29E4.17, C29F4.3, C29F9.8, C29G2.6, C29H12.2, C30A5.10, C30B5.17, C30B5.2, C30E1.4, C30F12.3, C30F12.5, C30F2.5, C30G7.4, C30G7.5, C30H6.9, C31B8.1, C31B8.12, C31B8.16, C31B8.9, C31E10.6, C31G12.1, C31H1.2, C32A9.1, C32B5.7, C32C4.16, C32D5.11, C32F10.4, C33A11.2, C33C12.11, C33C12.4, C33E10.10, C33F10.11, C33F10.12, C33G8.13, C33H5.1, C34B2.11, C34B2.9, C34B4.3, C34B4.5, C34C12.7, C34D1.4, C34D10.1, C34D4.4, C34F6.10, C34F6.11, C34F6.12, C34F6.7, C34H4.1, C35A11.4, C35A5.3, C35B1.3, C35C5.10, C35D10.1, C35D10.10, C35D10.3, C35D10.8, C35D6.13, C36B1.13, C36B1.6, C36B7.3, C36B7.4, C36B7.6, C36C5.12, C36C9.6, C36E6.8, C36F7.5, C36H8.1, C37A5.11, C37C3.11, C37C3.12, C37E2.10, C37E2.2, C37E2.3, C38C3.6, C38H2.2, C38H2.3, C39B10.1, C39B10.7, C39E9.7, C39F7.1, C39H7.4, C40A11.8, C40H5.2, C41D11.9, C41G6.12, C41G7.8, C42C1.19, C42C1.8, C42D8.1, C43F9.4, C43H6.6, C44B7.11, C44B7.7, C44B9.3, C44C1.1, C44C10.10, C44C10.3, C44C10.9, C44H4.8, C44H9.5, C44H9.6, C44H9.7, C45B11.5, C45B11.6, C45B11.8, C45B11.9, C45H4.18, C46C11.3, C46C11.4, C46C2.2, C46F11.5, C46F11.6, C46G7.1, C46G7.2, C47A4.1, C47D12.5, C47E12.10, C47E12.12, C47E12.2, C47E12.3, C47E8.3, C47F8.3, C47F8.5, C47F8.6, C47G2.3, C47G2.4, C48B4.10, C48B4.8, C48B6.10, C48B6.9, C48D1.5, C48D1.9, C48E7.1, C48E7.6, C49A1.1, C49A1.10, C49C3.20, C49C3.21, C49C8.2, C49F5.3, C49G9.2, C50A2.3, C50B8.4, C50B8.5, C50B8.6, C50D2.2, C50E3.7, C50E3.9, C50F2.7, C50F7.9, C50H11.13, C50H2.13, C51E3.10, C51E3.6, C52B9.4, C52B9.8, C53A5.13, C53B4.3, C53C11.2, C53C11.5, C53D5.1, C53D5.5, C53D6.10, C53D6.11, C54C6.4, C54C8.3, C54C8.4, C54D10.4, C54D10.5, C54E10.3, C54E4.12, C54E4.4, C54F6.3, C54G4.5, C54G6.3, C55A1.1, C55A6.11, C55C2.3, C55C2.4, C55C3.1, C55C3.3, C55C3.6, C56A3.4, C56A3.8, CD4.1, D1005.4, D1007.10, D1007.15, D1007.3, D1014.2, D1022.9, D1046.16, D1046.18, D1046.4, D1053.4, D1054.1, D1069.3, D1079.1, D1081.11, D1086.7, D2005.6, D2023.1, D2024.5, D2030.12, D2062.4, D2062.5, D2092.4, DY3.8, E03H12.7, E03H4.11, E03H4.2, E03H4.3, E03H4.4, E04F6.10, E04F6.4, EGAP9.3, E_BE45912.2, F01D5.10, F01D5.6, F01E11.3, F01F1.14, F01G12.18, F01G4.6, F02A9.1, F02A9.7, F02C12.1, F02C9.1, F02C9.2, F02D10.6, F02D8.9, F02E11.7, F02E9.7, F07B10.4, F07B10.7, F07C3.16, F07C3.9, F07C6.2, F07C6.6, F07E5.8, F07F6.2, F07G11.1, F07H5.7, F08A7.1, F08A8.5, F08A8.8, F08C6.5, F08F1.3, F08F3.10, F08F3.8, F08F8.6, F08G12.5, F09A5.2, F09B12.5, F09B12.7, F09C6.16, F09E10.6, F09E5.11, F09F7.5, F09F9.1, F09F9.3, F09F9.5, F09G2.1, F09G2.8, F10A3.12, F10C2.5, F10C2.7, F10D2.16, F10D2.8, F10E7.2, F10E7.6, F10E7.9, F10E9.10, F10G2.1, F10G7.5, F11A10.5, F11A10.6, F11A5.13, F11A5.15, F11A5.5, F11A5.9, F11C1.7, F11D5.5, F11D5.7, F11E6.10, F11E6.11, F11E6.6, F11E6.8, F11G11.14, F11G11.15, F11G11.4, F11G11.5, F12A10.1, F13A7.12, F13B12.2, F13B12.3, F13B12.7, F13C5.5, F13D12.10, F13D12.5, F13D12.8, F13E9.11, F13G3.7, F13H10.3, F13H10.5, F13H10.8, F13H10.9, F13H6.5, F13H8.11, F14B4.1, F14B6.2, F14B6.4, F14B6.6, F14B8.5, F14B8.6, F14D7.6, F14D7.8, F14D7.9, F14E5.2, F14F7.4, F14F7.5, F14H12.17, F14H12.6, F14H12.7, F14H12.8, F15A4.5, F15A8.1, F15B9.10, F15B9.6, F15G9.5, F15H10.7, F15H10.8, F16B12.1, F16B3.3, F16B4.6, F16C3.1, F16D3.6, F16F9.1, F16F9.4, F17B5.10, F17B5.4, F17B5.6, F17C11.12, F17C11.13, F17C11.6, F17E5.2, F17E9.5, F17H10.2, F17H10.4, F18A1.1, F18A11.3, F18A12.2, F18C12.4, F18C5.10, F18E3.10, F18E9.8, F19C6.5, F20A1.2, F20A1.4, F20B6.4, F20C5.11, F20C5.7, F20D12.7, F20D6.10, F20D6.12, F20D6.15, F20G2.6, F21A3.2, F21C10.1, F21C10.13, F21C10.3, F21C10.4, F21C10.6, F21C10.9, F21C3.7, F21D12.3, F21D9.2, F21E9.2, F21F3.6, F21F3.7, F21G4.1, F21H7.12, F21H7.3, F22B3.5, F22B5.10, F22B5.4, F22B5.6, F22B8.3, F22E12.3, F22E5.1, F22E5.12, F22E5.9, F22F7.12, F22F7.2, F23A7.1, F23B12.4, F23B2.7, F23D12.1, F23F1.6, F23F12.13, F23F12.3, F23G4.1, F23H11.5, F23H12.3, F23H12.7, F25B4.7, F25B5.6, F25E2.2, F25E5.2, F25H5.2, F25H5.8, F26A1.7, F26A1.8, F26D2.10, F26D2.3, F26E4.2, F26E4.5, F26F12.4, F26F12.8, F26F2.7, F26F4.9, F27C1.2, F27D4.7, F27D4.8, F27D9.7, F27E5.3, F27E5.5, F27E5.8, F27E5.9, F28A10.7, F28B3.10, F28B3.6, F28B4.1, F28B4.4, F28C6.8, F28D1.6, F28D9.4, F28F9.2, F28G4.2, F28G4.4, F28H1.4, F29B9.11, F29B9.12, F29B9.7, F29B9.8, F29D10.1, F30A10.12, F30A10.15, F30F8.9, F31C3.6, F31D5.1, F31D5.2, F31E3.12, F31E3.6, F31E8.4, F31F4.1, F31F4.11, F31F4.17, F31F7.2, F32A11.1, F32A7.8, F32B4.1, F32B4.2, F32B5.3, F32D1.3, F32D8.14, F32D8.15, F32D8.2, F32D8.5, F32D8.7, F32D8.8, F32E10.8, F32G8.2, F32H2.8, F32H5.4, F33D4.4, F33G12.7, F33H2.8, F34D10.3, F35A5.8, F35B12.9, F35C11.4, F35C11.5, F35C8.5, F35D11.3, F35D2.3, F35E12.2, F35E2.1, F35E8.1, F35F10.14, F35G2.3, F35G2.5, F35H10.10, F35H12.6, F35H8.2, F35H8.4, F36A2.7, F36A2.9, F36D1.8, F36D3.5, F36D4.4, F36F2.7, F36G3.3, F36G9.13, F36G9.15, F36G9.3, F36G9.7, F36H12.17, F36H2.4, F36H2.6, F36H5.10, F36H5.18, F36H5.4, F36H9.10, F36H9.5, F37B12.1, F37B12.3, F37C4.4, F37C4.8, F37D6.4, F38A1.8, F38A5.8, F38B2.3, F38B6.3, F38B6.6, F38B7.10, F38B7.11, F38B7.2, F38B7.3, F38C2.4, F38E1.6, F38G1.3, F38H12.5, F39B3.7, F39F10.5, F39G3.4, F39G3.5, F40A3.2, F40A3.4, F40A3.7, F40B5.2, F40C5.1, F40F12.3, F40F12.9, F40F8.12, F40F8.3, F40G9.18, F40G9.19, F40G9.5, F40G9.6, F40G9.8, F40G9.9, F41C3.11, F41C3.2, F41C3.8, F41C6.7, F41D3.11, F41D3.6, F41D3.7, F41E6.1, F41E7.2, F41F3.1, F41F3.9, F41G3.18, F41H10.1, F41H10.5, F41H8.1, F41H8.2, F42A6.1, F42A9.3, F42A9.6, F42A9.9, F42C5.6, F42E11.3, F42G4.7, F42H11.1, F43C11.6, F43D2.6, F43D2.7, F43G9.13, F43G9.21, F43G9.8, F44B9.5, F44D12.2, F44D12.6, F44E2.10, F44E2.4, F44E7.7, F44E7.9, F44F4.15, F44F4.3, F44F4.9, F44G3.7, F44G4.3, F44G4.6, F45C12.17, F45E10.2, F45E4.6, F45G2.8, F45H10.2, F45H10.5, F46B3.23, F46B6.2, F46B6.9, F46C3.2, F46C5.1, F46C5.2, F46C5.7, F46C5.9, F46C8.1, F46C8.3, F46F5.10, F46F5.11, F46F5.14, F46F5.16, F46G10.2, F46G10.4, F47B10.3, F47B10.5, F47B10.8, F47B3.3, F47B3.4, F47B7.2, F47B8.1, F47B8.10, F47B8.2, F47D2.11, F47E1.2, F47E1.4, F47G6.3, F48B9.3, F48B9.8, F48C1.3, F48C1.6, F48E3.2, F48E3.6, F48F5.6, F48F7.3, F48G7.10, F48G7.9, F49B2.6, F49C12.1, F49C12.12, F49C12.4, F49C12.6, F49C5.9, F49D11.11, F49D11.14, F49D11.3, F49D11.6, F49E10.4, F49E11.2, F49E12.10, F49E12.12, F49E12.7, F49E8.8, F49F1.12, F49F1.14, F49F1.15, F49F1.2, F49F1.4, F49H12.4, F52A8.1, F52A8.3, F52B10.3, F52C9.3, F52D10.4, F52D2.5, F52F10.2, F52H2.15, F53A2.1, F53A3.1, F53B1.2, F53B1.3, F53B1.8, F53B3.5, F53B6.4, F53B7.4, F53C3.3, F53C3.4, F53C3.6, F53F10.8, F53F4.18, F53F8.6, F53G12.18, F53G12.8, F53H8.3, F54A3.5, F54B3.2, F54C1.1, F54C1.8, F54C8.6, F54C9.7, F54D1.6, F54D10.10, F54E2.5, F54E2.9, F54E4.2, F54F12.1, F54F12.2, F54F2.9, F54F7.14, F54F7.6, F54H12.10, F54H12.7, F54H12.8, F55A11.4, F55A11.7, F55A12.2, F55A4.3, F55B12.2, F55C12.19, F55C12.4, F55D10.4, F55D12.1, F55D12.6, F55E10.1, F55E10.2, F55E10.4, F55F10.3, F55G1.1, F55G1.15, F55G1.6, F55G11.1, F55G7.5, F55H12.3, F55H2.5, F56A11.4, F56A11.5, F56A11.6, F56A4.10, F56A4.12, F56A8.3, F56B3.11, F56B3.6, F56C11.5, F56C3.3, F56C3.4, F56C3.7, F56C4.2, F56C9.3, F56C9.8, F56D5.9, F56D6.11, F56D6.12, F56D6.13, F56D6.14, F56D6.18, F56D6.19, F56D6.20, F56D6.21, F56D6.22, F56D6.23, F56D6.6, F56F4.3, F56F4.8, F56H1.10, F56H11.2, F56H6.1, F56H6.13, F56H6.2, F56H6.4, F56H6.7, F56H6.9, F57A10.4, F57B1.1, F57B1.5, F57B1.6, F57B1.9, F57C7.4, F57C9.6, F57F5.3, F57G4.1, F57G9.3, F57G9.7, F58A6.2, F58A6.5, F58B4.2, F58D12.1, F58D2.2, F58D5.2, F58D5.3, F58D5.8, F58E2.5, F58E6.11, F58E6.4, F58E6.6, F58E6.8, F58F12.1, F58F6.5, F58F6.6, F58G1.7, F58G11.4, F58G6.3, F58G6.7, F58H1.5, F58H1.6, F58H1.8, F59A1.11, F59A1.12, F59A1.13, F59A1.15, F59A3.13, F59A3.7, F59A7.14, F59B1.4, F59B1.6, F59B10.3, F59B10.4, F59B10.6, F59C6.3, F59D12.2, F59D12.3, F59E11.5, F59E11.7, F59E12.8, F59F4.3, F59F5.3, F59F5.4, F59H6.15, H01G02.3, H02F09.3, H03E18.2, H03G16.6, H04M03.11, H04M03.12, H05C05.4, H05L14.2, H06H21.37, H09F14.1, H10E21.1, H10E21.5, H11E01.2, H12D21.11, H12D21.5, H12D21.9, H14E04.3, H14N18.2, H14N18.4, H20E11.1, H20J04.1, H20J04.6, H20J04.7, H23L24.1, H23N18.6, H27M09.5, H38K22.6, H38K22.9, H41C03.3, H43E16.1, JC8.16, K01A12.3, K01A2.4, K01A2.9, K01A6.6, K01D12.1, K02E10.4, K02E10.5, K02E2.1, K02E7.10, K02E7.11, K02F3.2, K02F6.3, K02F6.4, K02G10.5, K03A11.5, K03A11.6, K03B4.6, K03H1.12, K03H1.9, K03H6.1, K03H6.4, K03H6.5, K04A8.1, K04C2.7, K04D7.6, K04E7.1, K04G2.12, K04G2.9, K05C4.10, K05C4.2, K05D4.9, K05F1.1, K05F1.14, K05F1.6, K05F1.8, K05F6.12, K06A1.2, K06A4.10, K06A4.2, K06A5.2, K06A9.3, K06B4.15, K06B4.4, K06H6.1, K06H6.2, K06H6.5, K07A1.1, K07A1.13, K07A1.17, K07A1.5, K07A12.8, K07B1.4, K07E3.9, K07F5.12, K07F5.22, K07F5.6, K07G5.5, K07H8.2, K07H8.5, K07H8.7, K07H8.8, K08B5.1, K08C7.1, K08D10.11, K08D8.1, K08D8.10, K08D8.12, K08D8.2, K08D8.7, K08D8.9, K08F4.3, K08F8.7, K08F9.1, K08F9.3, K08H10.6, K09A9.6, K09C4.1, K09C4.2, K09C4.4, K09C4.5, K09C6.10, K09C8.2, K09D9.14, K09D9.3, K09E9.1, K09F5.4, K09F5.6, K09F6.3, K09G1.1, K09G1.2, K09H11.6, K09H9.8, K10B2.4, K10B4.3, K10C2.2, K10C3.4, K10C8.4, K10C9.4, K10D11.5, K10D3.6, K10G6.5, K10G6.9, K10H10.12, K10H10.5, K11C4.2, K11D12.8, K11D9.3, K11E4.6, K11G12.6, K11G9.5, K11H12.10, K11H12.8, K11H3.3, K12B6.4, K12C11.3, K12C11.6, K12C11.7, K12D12.4, K12H6.2, K12H6.6, M01A8.1, M01E11.1, M01F1.4, M01G12.15, M01G12.16, M01H9.10, M02A10.1, M02B1.3, M02B1.4, M03A1.3, M03A1.8, M03B6.4, M03B6.5, M03C11.9, M03E7.2, M03E7.3, M03F8.5, M03F8.6, M03F8.7, M04B2.7, M04C7.4, M04D5.3, M04D8.4, M04D8.5, M04D8.7, M04D8.8, M05B5.1, M05B5.3, M05B5.7, M05D6.5, M106.8, M110.10, M110.3, M110.8, M116.5, M117.1, M117.6, M162.5, M163.10, M163.22, M163.7, M163.9, M176.11, M176.4, M176.9, M199.134, M28.4, M28.8, M28.9, M60.4, M60.6, M70.1, M70.3, M79.2, PDB1.1, R01B10.3, R01H2.7, R01H2.8, R02D5.3, R02D5.6, R02D5.7, R02D5.9, R02E4.2, R02F11.10, R02F11.11, R02F11.2, R02F11.3, R02F11.9, R02F2.8, R03E9.2, R03G5.6, R03G8.1, R03G8.3, R03G8.6, R03H10.2, R04A9.1, R04A9.7, R04B5.1, R04F11.2, R05A10.7, R05A10.8, R05C11.4, R05D11.9, R05D7.1, R05D7.3, R05D7.7, R05F9.7, R05G6.9, R05G9.3, R06A10.1, R06A10.5, R06F6.8, R07A4.2, R07B1.11, R07B7.10, R07B7.6, R07B7.8, R07B7.9, R07C3.3, R07D5.2, R07E3.1, R07E3.4, R07E3.7, R07E4.3, R07E5.17, R07E5.19, R07E5.7, R07G3.8, R08C7.1, R08F11.1, R09A8.5, R09B5.11, R09D1.12, R09E10.5, R09F10.1, R09H10.7, R102.6, R10A10.1, R10D12.1, R10D12.6, R10D12.7, R10E11.9, R10E4.3, R10E4.6, R10E4.9, R10E8.5, R10E9.3, R10H10.4, R11.4, R11D1.7, R11E3.1, R11E3.2, R11F4.2, R11G10.3, R11H6.2, R12B2.7, R12B2.8, R12C12.6, R12C12.9, R12G8.1, R12H7.4, R13A5.15, R13D11.1, R13D11.3, R13H4.7, R13H7.2, R144.11, R144.12, R144.6, R148.4, R151.1, R155.3, R160.10, R160.13, R160.14, R160.2, R160.3, R160.4, R160.5, R160.6, R166.2, R186.3, R193.2, R31.2, R53.4, T01A4.9, T01B10.5, T01C3.11, T01C8.2, T01D1.5, T01D1.7, T01D3.6, T01G1.2, T01G5.6, T01H3.2, T01H3.3, T02B11.6, T02B11.9, T02C1.2, T02C5.1, T02D1.4, T02E1.6, T02E1.7, T02E1.8, T02G5.3, T02G6.4, T02G6.5, T02H6.11, T03D8.6, T03E6.8, T03E6.9, T03F1.12, T03F6.6, T03F6.9, T03F7.5, T03F7.6, T03G11.9, T04A6.1, T04A6.2, T04B2.8, T04B8.5, T04C12.1, T04C12.11, T04C12.33, T04C12.7, T04C12.8, T04C12.9, T04C9.2, T04F8.2, T04F8.9, T05A1.5, T05A8.2, T05A8.7, T05C12.11, T05C12.4, T05C12.9, T05C3.6, T05C7.4, T05E12.8, T05E7.4, T05F1.8, T05G5.1, T05G5.4, T05G5.5, T05H4.4, T06A10.106, T06A10.107, T06C10.3, T06C12.11, T06C12.12, T06C12.9, T06D8.9, T06E4.21, T06E4.5, T06E4.7, T06F4.1, T07A5.1, T07A9.12, T07D10.1, T07D3.4, T07E3.2, T07G12.2, T07G12.3, T07G12.4, T08B1.1, T08B6.4, T08D10.5, T08G2.2, T08H10.3, T09A5.15, T09B4.2, T09B4.5, T09B9.1, T09B9.3, T09B9.5, T09E11.10, T09E11.3, T09E11.6, T09E11.9, T09E8.4, T09F3.2, T09F5.1, T09F5.2, T09F5.20, T10B10.8, T10B5.3, T10C6.6, T10D4.14, T10E9.4, T10E9.5, T10E9.6, T10E9.8, T10F2.2, T10G3.2, T10G3.4, T10H9.1, T11F8.1, T11F8.12, T11F8.5, T11F9.1, T11F9.21, T11G6.2, T11G6.3, T11G6.4, T12A7.2, T12B3.2, T12B3.3, T12B5.14, T12F5.2, T12G3.4, T13A10.1, T13B5.9, T13C2.7, T13C5.6, T13F3.8, T13H5.8, T14B4.3, T14B4.5, T14B4.9, T14G11.1, T15B7.14, T15B7.8, T15D6.1, T15D6.5, T16A1.2, T16A9.5, T16G12.12, T16G12.13, T16G12.4, T16G12.8, T18D3.5, T18D3.9, T19A6.1, T19A6.4, T19B10.5, T19C3.4, T19C4.1, T19D12.1, T19D12.10, T19D12.4, T19D12.6, T19D12.9, T19D2.3, T19D7.5, T19D7.7, T19H12.6, T19H5.6, T20D3.6, T20F10.2, T20F5.5, T20F5.8, T21B10.4, T21C12.8, T21C9.11, T21C9.13, T21D9.2, T21E12.5, T21G5.12, T21G5.2, T21H3.5, T22B2.2, T22B2.5, T22C1.9, T22C8.1, T22D1.17, T22D1.18, T22D1.8, T22E5.6, T22F3.10, T22F3.11, T22F3.7, T22F3.8, T22F7.1, T22G5.1, T23B12.5, T23B3.2, T23B3.6, T23B7.2, T23D5.3, T23D5.8, T23E1.1, T23E7.6, T23F11.11, T23F2.3, T23F2.4, T23F2.5, T23G11.1, T23G11.10, T23G11.7, T23G7.2, T24A6.16, T24C12.1, T24C4.10, T24F1.4, T24F1.7, T25D10.1, T25D3.4, T25E12.16, T25E4.2, T25F10.3, T25F10.4, T25G12.11, T25G12.13, T25G12.6, T26C11.8, T26C12.1, T26C12.2, T26C12.3, T26C5.3, T26E3.10, T26E4.3, T26E4.4, T26H5.8, T26H8.4, T26H8.5, T27A1.3, T27A3.8, T27C5.10, T27C5.12, T27E7.3, T27E7.4, T27E7.5, T27E7.9, T27E9.2, T27F6.1, T27F6.10, T27F6.6, T27F6.7, T28A8.2, T28C12.1, T28C12.2, T28C6.3, T28C6.8, T28D6.5, T28D9.16, T28D9.4, T28F12.1, T28F2.1, T28F3.9, T28H11.8, VB0393L.2, VZK822L.2, W01A11.1, W01B11.1, W01B6.3, W01B6.8, W01D2.3, W01D2.6, W02A2.9, W02B3.4, W02B3.7, W02B8.1, W02C12.2, W02D3.4, W02D7.11, W02D7.8, W02D9.2, W02D9.8, W02D9.9, W02F12.2, W02H5.11, W02H5.16, W03A5.1, W03A5.2, W03C9.1, W03C9.6, W03C9.8, W03D8.3, W03D8.9, W03F11.4, W03F8.6, W03F9.4, W03G11.2, W03G9.10, W04A4.3, W04B5.6, W04C9.2, W04C9.6, W04E12.2, W04E12.3, W04E12.4, W04E12.5, W04E12.9, W04G5.10, W04G5.4, W04G5.5, W04H10.6, W05B10.6, W05E10.2, W05F2.3, W05H12.1, W05H5.1, W06A7.2, W06A7.4, W06F12.2, W06G6.15, W07E6.5, W07G4.2, W08A12.3, W08F4.3, W08G11.1, W08G11.5, W09C3.2, W09D10.5, W09G12.10, W09G12.9, W09G3.8, W10C4.1, W10C8.6, W10D9.1, W10G6.6, Y102A11A.1, Y105C5A.1269, Y105C5A.1270, Y105C5B.1, Y105C5B.1418, Y105C5B.17, Y105C5B.8, Y105E8A.27, Y106G6G.4, Y106G6H.16, Y106G6H.8, Y10G11A.1, Y110A2AR.1, Y110A7A.21, Y111B2A.2, Y113G7A.14, Y113G7B.11, Y113G7C.1, Y116A8C.23, Y116A8C.29, Y116A8C.30, Y116A8C.9, Y119C1B.1, Y119C1B.12, Y119C1B.3, Y11D7A.3, Y12A6A.1, Y14H12A.1, Y15E3A.4, Y17G9A.2, Y17G9A.4, Y18D10A.11, Y18D10A.23, Y18D10A.4, Y18H1A.15, Y19D10A.1, Y19D10A.11, Y19D10A.17, Y19D10A.2, Y19D10A.4, Y19D10A.5, Y19D10A.8, Y22D7AL.1, Y22D7AL.11, Y22D7AL.15, Y22D7AL.3, Y22D7AR.2, Y22D7AR.7, Y23H5B.12, Y24D9A.6, Y24D9A.7, Y25C1A.7, Y26D4A.17, Y26D4A.3, Y26D4A.5, Y26G10.1, Y26G10.4, Y26G10.5, Y27F2A.10, Y27F2A.11, Y27F2A.6, Y2H9A.4, Y2H9A.6, Y32B12B.1, Y32B12B.8, Y32F6A.4, Y32F6B.1, Y32G9B.1, Y32H12A.1, Y32H12A.6, Y34B4A.7, Y34D9A.8, Y36E3A.2, Y37A1A.2, Y37A1A.3, Y37B11A.3, Y37D8A.16, Y37D8A.26, Y37D8A.5, Y37D8A.6, Y37D8A.8, Y37E11AL.1, Y37E11AL.12, Y37E11AL.2, Y37E11AM.3, Y37E3.19, Y37F4.5, Y37F4.7, Y37H2A.10, Y37H2A.14, Y37H2C.4, Y38C1AA.1, Y38C1AA.7, Y38C1AB.1, Y38C1AB.5, Y38C1BA.1, Y38E10A.28, Y38E10A.34, Y38F1A.2, Y38F1A.4, Y38F1A.7, Y38F1A.8, Y38F2AR.3, Y38H6C.15, Y38H6C.16, Y38H6C.20, Y38H6C.21, Y38H6C.24, Y38H8A.1, Y39A1A.20, Y39A1A.22, Y39A3CL.3, Y39B6A.10, Y39B6A.27, Y39B6A.29, Y39B6A.30, Y39B6A.34, Y39B6A.41, Y39D8A.1, Y39E4A.1, Y39E4B.13, Y39E4B.5, Y39F10C.1, Y39G10AR.16, Y39H10B.2, Y40B10A.5, Y40B10A.9, Y40C5A.4, Y40H7A.11, Y40H7A.3, Y40H7A.4, Y41C4A.11, Y41C4A.18, Y41D4A.4, Y41D4B.1, Y41D4B.24, Y41E3.1, Y41E3.8, Y42A5A.1, Y42H9AR.1, Y42H9AR.2, Y43C5A.4, Y43C5B.3, Y43D4A.1, Y43D4A.3, Y43D4A.4, Y43F4A.1, Y43F8B.10, Y43F8B.20, Y43F8B.25, Y43F8C.11, Y43F8C.7, Y44A6D.6, Y44A6D.7, Y45F10B.13, Y45F10D.14, Y45F10D.15, Y45F10D.16, Y45G12B.2, Y45G12C.10, Y45G12C.6, Y46B2A.3, Y46B2A.4, Y46E12BL.2, Y46G5A.22, Y46G5A.29, Y46G5A.8, Y47C4A.1, Y47D3A.32, Y47D3A.34, Y47D9A.5, Y47G6A.18, Y47G6A.3, Y47G6A.31, Y47G6A.32, Y47G6A.5, Y47G6A.7, Y47G7B.2, Y47H9A.1, Y48B6A.10, Y48C3A.5, Y48E1B.17, Y48E1B.8, Y48G1BL.7, Y48G1BR.1, Y48G1C.5, Y48G8AL.13, Y49E10.10, Y49E10.29, Y49F6B.9, Y4C6A.3, Y4C6B.2, Y4C6B.3, Y4C6B.4, Y50D4A.10, Y50D4B.2, Y50D4B.4, Y50D4B.6, Y50E8A.10, Y50E8A.11, Y51A2B.16, Y51A2B.2, Y51A2D.13, Y51A2D.18, Y51A2D.21, Y51B9A.6, Y51B9A.7, Y51F10.15, Y51F10.3, Y51F10.4, Y51H4A.25, Y51H7BR.4, Y51H7BR.7, Y51H7BR.8, Y51H7C.10, Y51H7C.12, Y51H7C.41, Y52E8A.6, Y53C12A.3, Y53C12B.7, Y53F4B.12, Y53F4B.14, Y53F4B.18, Y53G8AM.4, Y53G8AM.7, Y53G8B.2, Y53H1C.3, Y54E10BL.3, Y54E2A.10, Y54E2A.4, Y54E2A.5, Y54E2A.7, Y54E5A.2, Y54E5A.8, Y54F10AL.1, Y54F10BM.3, Y54F10BM.6, Y54G11A.1, Y54G11A.14, Y54G11A.19, Y54G2A.11, Y54G2A.13, Y54G2A.16, Y54G2A.18, Y54G2A.36, Y54G2A.38, Y54G2A.49, Y54G2A.52, Y54G2A.77, Y54G9A.9, Y55B1BR.8, Y55D5A.3, Y55F3AR.2, Y55F3BL.6, Y55F3C.10, Y55F3C.9, Y55H10A.2, Y56A3A.2, Y56A3A.22, Y57A10A.14, Y57A10C.1, Y57A10C.10, Y57A10C.11, Y57A10C.8, Y57A10C.9, Y57E12AL.1, Y57E12B.11, Y57G11C.22, Y57G11C.23, Y57G11C.28, Y57G11C.30, Y57G11C.31, Y57G11C.33, Y57G11C.46, Y57G7A.3, Y57G7A.6, Y58A7A.1, Y59A8B.21, Y59A8B.8, Y59C2A.2, Y59E9AL.4, Y59H11AR.10, Y59H11AR.4, Y60A3A.19, Y60A3A.23, Y60C6A.1, Y61A9LA.1, Y62H9A.1, Y62H9A.10, Y62H9A.12, Y64G10A.7, Y65A5A.2, Y65B4A.2, Y65B4BL.3, Y65B4BL.4, Y65B4BL.7, Y66A7A.7, Y66D12A.11, Y66D12A.13, Y66D12A.21, Y66D12A.24, Y67A10A.3, Y67A10A.7, Y67D2.2, Y67D8B.3, Y67D8B.5, Y67D8C.22, Y67D8C.6, Y67D8C.9, Y69A2AR.12, Y69A2AR.18, Y69A2AR.19, Y69A2AR.23, Y69E1A.1, Y69H2.1, Y69H2.9, Y6B3B.7, Y6E2A.1, Y6G8.6, Y70C5A.2, Y70C5A.4, Y70C5B.2, Y70G10A.3, Y70G10A.4, Y71A12B.11, Y71A12C.2, Y71F9AL.10, Y71F9AL.25, Y71F9AL.6, Y71F9B.1, Y71F9B.15, Y71F9B.2, Y71G10AR.4, Y71G12A.4, Y71G12B.23, Y71G12B.25, Y71G12B.3, Y71G12B.31, Y71G12B.33, Y71H2AL.2, Y71H2AM.14, Y71H2AM.25, Y71H2AM.29, Y71H2AR.2, Y73B6BL.22, Y73B6BL.31, Y73E7A.3, Y73E7A.6, Y73F8A.35, Y73F8A.5, Y74C10AL.2, Y75B12A.2, Y75B12B.10, Y75B8A.33, Y75B8A.34, Y75B8A.44, Y76A2B.4, Y77E11A.12, Y77E11A.16, Y79H2A.12, Y79H2A.2, Y7A5A.1, Y7A5A.13, Y7A9A.1, Y80D3A.8, Y80D4G.2, Y81G3A.2, Y81G3A.6, Y82E9BL.1, Y82E9BL.3, Y82E9BL.5, Y82E9BL.6, Y82E9BR.3, Y87G2A.13, Y87G2A.16, Y87G2A.18, Y87G2A.19, Y87G2A.25, Y92H12BL.1, Y92H12BR.3, Y94A7B.11, Y94H6A.5, Y95B8A.4, Y95D11A.5, Y97E10AL.1, Y97E10AR.2, Y97E10C.2, Y9C12A.1, Y9C2UA.1, Y9C9A.5, ZC13.1, ZC13.10, ZC13.2, ZC132.11, ZC132.3, ZC132.9, ZC15.5, ZC155.4, ZC190.2, ZC190.5, ZC190.6, ZC190.7, ZC190.8, ZC196.5, ZC196.8, ZC196.9, ZC239.16, ZC239.17, ZC239.3, ZC239.5, ZC250.2, ZC262.10, ZC262.5, ZC266.1, ZC317.2, ZC328.3, ZC376.8, ZC404.15, ZC404.2, ZC443.7, ZC449.4, ZC449.5, ZC477.3, ZC487.2, ZC506.1, ZC513.3, ZC53.22, ZC581.3, ZC8.6, ZC84.7, ZK1010.8, ZK1025.2, ZK1025.3, ZK1025.8, ZK1037.6, ZK105.11, ZK105.8, ZK1053.1, ZK1053.2, ZK1053.6, ZK1055.2, ZK1055.4, ZK1067.4, ZK1073.2, ZK1086.2, ZK1098.12, ZK1098.9, ZK1225.2, ZK1236.1, ZK1248.20, ZK1251.3, ZK1290.13, ZK1290.7, ZK1307.7, ZK1320.11, ZK1320.5, ZK1321.1, ZK154.6, ZK177.2, ZK185.2, ZK185.4, ZK185.5, ZK218.4, ZK262.19, ZK285.2, ZK287.9, ZK353.10, ZK355.2, ZK381.62, ZK39.10, ZK418.13, ZK418.5, ZK418.6, ZK418.7, ZK470.1, ZK470.14, ZK512.1, ZK512.11, ZK54.3, ZK546.4, ZK563.2, ZK593.3, ZK6.6, ZK6.8, ZK632.10, ZK666.12, ZK666.14, ZK666.15, ZK669.5, ZK673.1, ZK673.11, ZK686.3, ZK688.10, ZK688.11, ZK697.1, ZK721.4, ZK757.1, ZK792.1, ZK792.12, ZK792.7, ZK795.2, ZK809.8, ZK809.9, ZK813.5, ZK816.1, ZK829.9, ZK836.3, ZK84.2, ZK84.4, ZK849.6, ZK856.14, ZK858.5, ZK858.6, ZK863.1, ZK863.8, ZK867.2, ZK892.3, ZK892.5, ZK899.2, ZK938.10, ZK970.8, ZK973.11, aagr-1, aagr-2, aat-1, aat-2, aat-3, aat-4, aat-5, aat-6, aat-7, aat-8, aat-9, abch-1, abcx-1, abhd-12, abhd-3.1, abl-1, abt-1, abt-2, abt-4, abt-5, abtm-1, abts-1, abts-2, abts-3, abts-4, acc-1, acc-2, acc-3, acc-4, acd-1, acd-2, acd-3, acd-4, acd-5, acdh-12, acds-10, ace-1, acl-1, acl-11, acl-12, acl-13, acl-14, acl-2, acl-4, acl-5, acl-6, acl-7, acl-8, acl-9, acn-1, acp-1, acp-3, acp-4, acp-5, acr-10, acr-11, acr-12, acr-14, acr-15, acr-16, acr-17, acr-18, acr-19, acr-2, acr-20, acr-21, acr-23, acr-24, acr-25, acr-3, acr-5, acr-6, acr-7, acr-8, acr-9, acs-13, acs-15, acs-17, acs-18, acs-20, acs-22, acs-3, acs-5, acy-1, acy-2, acy-3, acy-4, add-1, add-2, adm-2, adm-4, ador-1, aex-2, aex-3, aex-4, aex-6, aexr-1, aexr-2, aexr-3, aff-1, agef-1, agmo-1, ags-3, aho-3, ajm-1, akap-1, algn-1, algn-10, algn-11, algn-12, algn-14, algn-2, algn-3, algn-5, algn-6, algn-7, algn-8, algn-9, alh-4, aman-2, aman-3, amn-1, amph-1, amt-1, amt-2, amt-3, amt-4, anc-1, anoh-1, anoh-2, anp-1, ant-1.1, ant-1.2, ant-1.3, ant-1.4, apa-2, apb-1, apb-3, apd-3, apg-1, aph-1, aph-2, apl-1, apm-1, apm-3, aps-1, aps-2, aps-3, apx-1, apy-1, aqp-1, aqp-10, aqp-11, aqp-12, aqp-2, aqp-3, aqp-4, aqp-5, aqp-6, aqp-7, aqp-8, aqp-9, arf-1, arg-1, arl-13, arl-8, art-1, arv-1, asah-1, asah-2, asb-1, asb-2, asg-1, asg-2, asic-1, asic-2, asm-1, asm-2, asm-3, atad-3, atf-6, atg-16.2, atg-18, atg-2, atg-5, atg-9, atgl-1, atgp-1, atgp-2, atln-1, atln-2, atp-1, atp-2, atp-3, atp-4, atp-5, atp-6, atrn-1, avr-14, avr-15, bag-1, bah-1, bah-2, bam-2, bar-1, bath-37, bbs-2, bbs-4, bbs-5, bbs-9, bcs-1, best-1, best-10, best-11, best-12, best-13, best-14, best-15, best-16, best-17, best-18, best-19, best-2, best-20, best-21, best-22, best-23, best-24, best-25, best-26, best-3, best-4, best-5, best-6, best-7, best-8, best-9, bgal-1, bgnt-1.1, bgnt-1.4, bkip-1, bli-2, bli-3, bli-4, bli-6, blos-8, blos-9, bre-2, bre-3, bre-4, bre-5, brp-1, btb-22, btb-8, bug-1, bus-1, bus-12, bus-17, bus-18, bus-19, bus-2, bus-4, bus-8A, bus-8B, cTel55X.1, cab-1, cah-6, calf-1, cam-1, casy-1, cat-1, catp-1, catp-2, catp-3, catp-4, catp-5, catp-6, catp-7, catp-8, cav-1, cav-2, cca-1, ccar-1, ccdc-47, cchl-1, ccm-3, cdc-42, cdc-50.B, cdf-1, cdf-2, cdgs-1, cdh-1, cdh-10, cdh-12, cdh-3, cdh-4, cdh-5, cdh-7, cdh-8, cdh-9, cdr-1, cdr-2, cdr-3, cec-4, ced-1, ced-10, ced-11, ced-3, ced-4, ced-7, ced-8, ced-9, ceeh-1, cept-1, cept-2, cerk-1, cest-1.1, cest-1.2, cest-10, cest-16, cest-19, cest-2.1, cest-2.2, cest-2.3, cest-3, cest-33, cest-4, cest-5.1, cest-5.2, cest-6, cest-7, cest-8, cest-9.1, cest-9.2, cft-1, cfz-2, cgt-1, cgt-2, cgt-3, chat-1, chc-1, chca-1, chch-3, chdp-1, che-14, che-3, che-6, che-7, chil-1, chil-12, chil-13, chil-15, chil-16, chil-17, chil-18, chil-19, chil-21, chil-22, chil-23, chil-25, chil-26, chil-27, chil-3, chil-4, chil-5, chil-6, chil-7, chil-9, cho-1, chpf-1, chpf-2, chs-1, chs-2, chst-1, chtl-1, chup-1, cima-1, cisd-1, ckr-1, ckr-2, cla-1, clc-1, clc-10, clc-11, clc-12, clc-13, clc-14, clc-15, clc-17, clc-18, clc-19, clc-2, clc-20, clc-21, clc-23, clc-24, clc-25, clc-26, clc-27, clc-28, clc-29, clc-3, clc-31, clc-32, clc-33, clc-4, clc-5, clc-6, clc-7, clc-8, clc-9, clec-116, clec-167, clec-176, clec-203, clec-212, clec-22, clec-238, clec-24, clec-25, clec-266, clec-27, clec-28, clec-29, clec-31, clec-32, clec-33, clec-34, clec-35, clec-36, clec-37, clec-38, clec-39, clec-40, clec-47, clec-78, clec-90, clh-1, clh-2, clh-3, clh-4, clh-5, clh-6, clhm-1, clic-1, clk-1, cln-3.1, cln-3.2, cln-3.3, clr-1, cnc-1, cnc-11, cnc-2, cnc-4, cnc-7, cnep-1, cng-1, cng-2, cng-3, cni-1, cnk-1, cnnm-1, cnnm-2, cnnm-3, cnnm-4, cnnm-5, cnt-1, cnx-1, coa-3, cof-2, cogc-1, cogc-2, cogc-3, cogc-4, cogc-6, cogc-8, col-101, col-102, col-104, col-105, col-107, col-108, col-109, col-110, col-111, col-113, col-114, col-115, col-119, col-120, col-121, col-122, col-124, col-125, col-128, col-130, col-131, col-132, col-133, col-137, col-138, col-139, col-14, col-141, col-142, col-143, col-146, col-147, col-148, col-149, col-150, col-152, col-153, col-154, col-157, col-159, col-160, col-161, col-162, col-163, col-164, col-165, col-166, col-167, col-168, col-169, col-170, col-171, col-172, col-173, col-174, col-177, col-178, col-179, col-180, col-181, col-183, col-184, col-185, col-187, col-20, col-3, col-33, col-35, col-42, col-43, col-44, col-45, col-46, col-48, col-50, col-51, col-53, col-54, col-56, col-58, col-60, col-61, col-62, col-63, col-64, col-68, col-69, col-71, col-72, col-73, col-74, col-76, col-77, col-78, col-81, col-83, col-85, col-86, col-88, col-9, col-92, col-93, col-94, col-95, col-96, col-97, col-98, cone-1, copa-1, copb-1, copb-2, copd-1, cope-1, copg-1, copz-1, coq-2, coq-3, coq-4, coq-5, coq-6, cox-10, cox-11, cox-14, cox-15, cox-16, cox-18, cox-5A, cox-6A, cox-6B, cox-6C, cox-7C, cpd-1, cpna-1, cpt-1, cpt-3, cpt-4, cpt-5, cpt-6, crb-1, crb-3, crim-1, crld-1, crls-1, ctb-1, ctc-1, ctc-2, ctc-3, ctns-1, ctsa-4.2, cua-1, cup-15, cup-2, cup-4, cup-5, cut-1, cut-3, cut-4, cut-5, cut-6, cuti-1, cutl-1, cutl-10, cutl-11, cutl-12, cutl-13, cutl-15, cutl-16, cutl-17, cutl-18, cutl-21, cutl-22, cutl-24, cutl-25, cutl-26, cutl-27, cutl-28, cutl-29, cutl-3, cutl-4, cutl-5, cutl-6, cutl-7, cutl-8, cutl-9, cwn-1, cwp-5, cyc-1, cyp-13A10, cyp-14A1, cyp-23A1, cyp-25A1, cyp-25A3, cyp-25A4, cyp-25A6, cyp-29A2, cyp-31A3, cyp-33D3, cyp-36A1, cyp-37A1, cyp-37B1, cyp-42A1, cytb-5.1, cytb-5.2, dad-1, daf-1, daf-11, daf-18, daf-2, daf-36, daf-37, daf-38, daf-4, daf-6, daf-9, dagl-2, dat-1, dcar-1, dct-1, dct-11, dct-12, dct-15, dct-5, ddn-2, ddn-3, ddp-1, ddr-1, ddr-2, deb-1, dec-7, deg-1, deg-3, degl-1, degl-2, degt-1, del-1, del-10, del-3, del-4, del-5, del-6, del-7, del-8, del-9, delm-1, delm-2, dep-1, der-2, des-2, dex-1, dgat-2, dgk-1, dgk-2, dgn-1, dgn-2, dgn-3, dgs-1, dgtr-1, dhcr-24, dhcr-7, dhhc-1, dhhc-10, dhhc-11, dhhc-12, dhhc-13, dhhc-14, dhhc-2, dhhc-3, dhhc-4, dhhc-6, dhhc-7, dhhc-8, dhhc-9, dhod-1, dhrr-1, dhs-16, dhs-19, dhs-2, dhs-21, dhs-22, dhs-26, dhs-27, dhs-29, dhs-30, dhs-4, dhs-5, dif-1, dkf-1, dkf-2, dlg-1, dma-1, dmsr-1, dmsr-10, dmsr-11, dmsr-12, dmsr-13, dmsr-14, dmsr-15, dmsr-16, dmsr-2, dmsr-3, dmsr-4, dmsr-5, dmsr-6, dmsr-7, dmsr-8, dmsr-9, dnc-2, dnj-1, dnj-14, dnj-18, dnj-2, dnj-21, dnj-26, dnj-29, dnj-3, dnj-4, dnj-5, dnj-8, dnj-9, dod-3, dolk-1, dop-1, dop-2, dop-3, dop-4, dop-5, dop-6, doxa-1, dpf-1, dpf-2, dpf-6, dpm-3, dpy-1, dpy-11, dpy-14, dpy-19, dpy-23, dpy-3, dpy-4, dpy-8, dpy-9, drag-1, drd-1, drd-5, drl-1, drn-1, drp-1, drr-1, dsh-1, dsh-2, dsl-1, dsl-2, dsl-3, dsl-4, dsl-5, dsl-6, dsl-7, duox-2, dyf-7, dyn-1, dys-1, eak-4, eak-6, eak-7, eas-1, eat-16, eat-18, eat-2, eat-20, eat-3, eat-4, eat-5, eat-6, ech-1.1, ech-1.2, efa-6, eff-1, efn-2, efn-3, efn-4, egas-1, egas-2, egas-3, egas-4, egg-1, egg-2, egg-6, egl-15, egl-19, egl-2, egl-23, egl-26, egl-3, egl-36, egl-47, egl-6, egli-1, elo-1, elo-2, elo-3, elo-4, elo-5, elo-6, elo-7, elo-8, elo-9, emb-8, emc-1, emc-2, emc-3, emc-5, emc-6, emr-1, emre-1, enpp-1, ensh-1, ent-1, ent-2, ent-3, ent-4, ent-5, ent-6, ent-7, enu-3.1, enu-3.2, enu-3.3, enu-3.5, epg-3, epg-4, epg-5, epg-6, ept-1, eral-1, erd-2.1, erd-2.2, erg-28, ergi-1, ergi-2, ergi-3, erl-1, erm-1, ero-1, erp-44.3, esyt-2, eva-1, evl-20, exc-1, exc-12, exc-4, exl-1, exp-1, exp-2, faah-5, famk-1, fard-1, fat-1, fat-2, fat-3, fat-4, fat-5, fat-6, fat-7, fath-1, fbn-1, fbxa-138, fbxa-145, fbxa-199, fbxb-115, fbxb-96, fbxb-98, fce-1, fce-2, fdgt-1, fdgt-2, fer-1, fic-1, fig-1, figo-1, fipr-3, fis-1, fis-2, fitm-2, flcn-1, fld-1, flor-1, flr-1, flr-4, flwr-1, fmi-1, fmil-1, fmo-1, fmo-2, fmo-3, fmo-4, fmo-5, fndc-1, folr-1, folt-1, folt-2, folt-3, fpn-1.1, fpn-1.2, frk-1, frm-4, frpr-1, frpr-10, frpr-11, frpr-12, frpr-13, frpr-14, frpr-15, frpr-16, frpr-17, frpr-18, frpr-19, frpr-2, frpr-21, frpr-3, frpr-4, frpr-5, frpr-6, frpr-7, frpr-8, frpr-9, fshr-1, fut-1, fut-2, fut-3, fut-4, fut-5, fut-6, fut-8, fzo-1, gab-1, gad-2, gadr-3, gadr-5, galt-1, gar-1, gar-2, gar-3, gas-1, gbb-1, gbb-2, gck-1, gcp-2.1, gcp-2.2, gcy-1, gcy-11, gcy-12, gcy-13, gcy-14, gcy-15, gcy-17, gcy-18, gcy-19, gcy-20, gcy-21, gcy-22, gcy-23, gcy-25, gcy-27, gcy-28, gcy-29, gcy-3, gcy-35, gcy-4, gcy-5, gcy-6, gcy-7, gcy-8, gcy-9, gegf-1, gei-18, gem-1, gem-4, gfrl-1, gfrp-1, gip-1, glam-1, glam-2, glam-3, glam-5, glb-26, glb-33, glc-1, glc-2, glc-3, glc-4, glct-1, glct-2, glct-3, glct-4, glct-5, glct-6, gldi-10, gldi-2, gldi-7, glit-1, glo-1, glp-1, glr-1, glr-10, glr-2, glr-3, glr-4, glr-5, glr-6, glr-7, glr-8, glr-9, glt-1, glt-3, glt-4, glt-5, glt-6, glt-7, gly-1, gly-10, gly-11, gly-12, gly-13, gly-14, gly-15, gly-16, gly-17, gly-18, gly-19, gly-2, gly-20, gly-21, gly-3, gly-4, gly-5, gly-6, gly-7, gly-8, gly-9, gnrr-1, gnrr-2, gnrr-3, gnrr-4, gnrr-5, gnrr-6, gnrr-7, golg-5, gon-2, gop-3, gopc-1, gos-28, gpaa-1, gpap-1, gpc-1, gphr-1, gphr-2, gpn-1, gpr-158, gras-1, gtl-1, gtl-2, gtnt-1, gtnt-10, gtnt-11, gtnt-12, gtnt-13, gtnt-14, gtnt-15, gtnt-16, gtnt-17, gtnt-18, gtnt-19, gtnt-2, gtnt-20, gtnt-21, gtnt-22, gtnt-23, gtnt-24, gtnt-25, gtnt-26, gtnt-27, gtnt-28, gtnt-29, gtnt-3, gtnt-30, gtnt-31, gtnt-32, gtnt-33, gtnt-34, gtnt-35, gtnt-36, gtnt-37, gtnt-38, gtnt-39, gtnt-4, gtnt-40, gtnt-41, gtnt-42, gtnt-43, gtnt-44, gtnt-45, gtnt-46, gtnt-47, gtnt-48, gtnt-49, gtnt-5, gtnt-50, gtnt-51, gtnt-52, gtnt-53, gtnt-54, gtnt-55, gtnt-56, gtnt-57, gtnt-58, gtnt-6, gtnt-7, gtnt-8, gtnt-9, gtr-1, gur-3, gur-4, gur-5, hacd-1, haf-1, haf-2, haf-3, haf-4, haf-6, haf-7, haf-8, haf-9, hdl-2, hex-1, hex-3, hhat-1, hhat-2, hic-1, hid-1, him-4, hint-3, hir-1, hmit-1.1, hmit-1.2, hmit-1.3, hmr-1, hmt-1, hop-1, hot-6, hot-8, hot-9, hpa-1, hpo-12, hpo-13, hpo-19, hpo-25, hpo-27, hpo-28, hpo-30, hpo-36, hpo-8, hrdl-1, hrg-1, hrg-13, hrg-14, hrg-2, hrg-4, hrg-5, hrg-6, hsd-1, hsd-2, hse-5, hsp-3, hsp-4, hst-1, hst-2, hst-6, hum-10, hum-2, hum-4, hum-6, hut-1, hyl-1, hyl-2, icmt-1, ida-1, igcm-1, igcm-2, igcm-3, igcm-4, igdb-1, igdb-2, igeg-2, iglr-1, iglr-2, iglr-3, ilcr-1, ilcr-2, ile-1, ile-2, immp-1, immp-2, immt-1, immt-2, imp-1, imp-2, imp-3, ina-1, inpp-5K, ins-7, inx-1, inx-10, inx-11, inx-12, inx-13, inx-14, inx-15, inx-16, inx-17, inx-18, inx-19, inx-2, inx-20, inx-21, inx-22, inx-3, inx-5, inx-6, inx-7, inx-8, inx-9, ipla-6, ire-1, irk-1, irk-2, irk-3, irld-1, irld-14, irld-18, irld-19, irld-20, irld-3, irld-36, irld-4, irld-52, irld-6, irld-61, irld-7, irld-8, islo-1, isp-1, itm-2, itr-1, itx-1, jamp-1, jbts-14, jph-1, jtr-1, kcc-1, kcc-2, kcc-3, kcnl-1, kcnl-2, kcnl-3, kcnl-4, kdin-1, kdp-1, kin-15, kin-16, kin-2, kin-30, kin-36, kin-9, klp-6, kmo-1, kmo-2, kola-1, kpc-1, kqt-1, kqt-2, kqt-3, kvs-1, kvs-2, kvs-3, kvs-4, kvs-5, laat-1, lact-2, lad-2, laf-1, lag-2, lagr-1, lat-1, lat-2, latd-1, ldp-1, lec-12, lelo-2, lelo-4, lem-2, lem-4, let-23, let-268, let-4, let-413, let-522, let-60, let-653, let-721, let-756, let-805, letm-1, lev-1, lev-10, lev-8, lgc-1, lgc-10, lgc-11, lgc-12, lgc-13, lgc-14, lgc-15, lgc-16, lgc-17, lgc-18, lgc-19, lgc-20, lgc-21, lgc-22, lgc-23, lgc-24, lgc-25, lgc-26, lgc-27, lgc-28, lgc-29, lgc-30, lgc-31, lgc-32, lgc-33, lgc-34, lgc-35, lgc-36, lgc-37, lgc-38, lgc-39, lgc-4, lgc-40, lgc-41, lgc-42, lgc-43, lgc-44, lgc-45, lgc-46, lgc-47, lgc-48, lgc-49, lgc-5, lgc-50, lgc-51, lgc-52, lgc-53, lgc-54, lgc-55, lgc-56, lgc-57, lgc-58, lgc-6, lgc-7, lgc-8, lgc-9, lge-1, lgg-1, lgg-2, lgg-3, lhfp-4, lido-18, lin-10, lin-12, lin-17, lin-18, lin-3, lin-7, lip-1, lite-1, lmd-1, lmn-1, lmp-1, lmp-2, lnkn-1, lnp-1, lon-2, lov-1, lpd-3, lpd-5, lpd-6, lpd-9, lpr-6, lpr-7, lro-1, lron-1, lron-11, lron-12, lron-14, lron-2, lron-3, lron-5, lron-6, lron-7, lron-8, lron-9, lrp-1, lrp-2, lrpc-1, lrx-1, lsd-1, lst-4, lst-6, lurp-1, lyst-1, maa-1, mab-7, maco-1, magi-1, mam-1, mam-2, mam-5, mam-7, mam-8, mans-1, mans-2, mans-3, mans-4, mapk-15, marc-1, marc-2, marc-3, marc-4, marc-5, marc-6, mboa-1, mboa-2, mboa-3, mboa-4, mboa-6, mboa-7, mca-1, mca-2, mca-3, mct-2, mct-3, mct-4, mct-5, mct-6, mctp-1, mcu-1, mdss-1, mec-10, mec-18, mec-19, mec-2, mec-4, mec-6, mek-5, mel-26, mel-28, memb-1, memb-2, mes-1, mev-1, mff-1, mff-2, mfsc-1, mfsd-10, mfsd-11, mfsd-12, mfsd-13.1, mfsd-13.2, mfsd-6, mfsd-8.1, mfsd-8.2, mfsd-8.3, mfsd-8.4, mfsd-8.5, mgl-1, mgl-2, mgl-3, mics-1, micu-1, mig-1, mig-13, mig-14, mig-21, mig-22, mig-23, mig-5, miga-1, miro-1, misc-1, mjl-1, mks-2, mks-3, mlt-10, mltn-1, mltn-10, mltn-11, mltn-2, mltn-3, mltn-5, mltn-6, mltn-7, mltn-8, mnr-1, moa-1, mob-4, mod-1, mod-5, mogs-1, molo-1, mom-1, mom-5, moma-1, mpc-1, mpc-2, mpdu-1, mppe-1, mps-1, mps-2, mps-3, mpst-7, mpz-1, mrp-1, mrp-2, mrp-3, mrp-4, mrp-5, mrp-6, mrp-7, mrp-8, msa-1, mspn-1, msrp-5, mtch-1, mtd-1, mtg-1, mth-1, mth-2, mtig-1, mtm-1, mtm-10, mtm-3, mtm-5, mtm-6, mtm-9, mtp-18, mtx-1, mtx-2, mua-3, mup-4, mvb-12, myrf-1, myrf-2, nac-1, nac-2, nac-3, nbet-1, nca-2, ncam-1, ncap-1, nceh-1, ncr-1, ncr-2, ncs-1, ncx-1, ncx-10, ncx-2, ncx-3, ncx-4, ncx-5, ncx-6, ncx-7, ncx-8, ncx-9, ndfl-4, ndg-4, ndua-1, ndua-12, ndua-13, ndua-5, ndua-7, ndua-8, ndub-10, ndub-11, ndub-2, ndub-3, ndub-5, ndub-7, nduc-2, nduf-5, nduf-6, nduo-1, nduo-2, nduo-3, nduo-4, nduo-5, nduo-6, ndus-8, nduv-2, ndx-8, nemp-1, nep-1, nep-10, nep-11, nep-12, nep-13, nep-16, nep-17, nep-2, nep-20, nep-21, nep-22, nep-23, nep-26, nep-3, nep-5, nep-6, nep-8, nep-9, nepr-1, neto-1, nfm-1, ngat-1, nhr-137, nhr-233, nhx-1, nhx-2, nhx-3, nhx-4, nhx-5, nhx-6, nhx-8, nhx-9, nipa-1, nipi-4, nkb-1, nkb-2, nkb-3, nkcc-1, nlg-1, nlp-27, nlp-59, nlp-60, nlp-82, nlr-1, nmgp-1, nmr-1, nmr-2, nmur-1, nmur-2, nmur-3, nnt-1, noah-1, noah-2, noca-1, nono-1, npp-10, npp-12, npp-13, npp-14, npp-16, npp-18, npp-19, npp-2, npp-20, npp-22, npp-24, npp-25, npp-5, npr-1, npr-10, npr-11, npr-12, npr-13, npr-14, npr-15, npr-16, npr-17, npr-18, npr-19, npr-2, npr-20, npr-21, npr-22, npr-23, npr-24, npr-25, npr-26, npr-27, npr-28, npr-29, npr-3, npr-30, npr-31, npr-32, npr-33, npr-34, npr-35, npr-36, npr-37, npr-38, npr-39, npr-4, npr-40, npr-41, npr-42, npr-43, npr-44, npr-45, npr-5, npr-6, npr-7, npr-8, npr-9, nprl-3, nra-1, nra-2, nra-4, nrf-6, nrfl-1, nrsn-1, nrx-1, nspg-5, nssp-18, nssp-38, nssp-40, nssp-46, nssp-53, nssp-59, nssp-60, nssp-71, nssp-73, nssp-76, nssp-84, nstp-1, nstp-10, nstp-2, nstp-3, nstp-4, nstp-5, nstp-6, nstp-7, nstp-8, nstp-9, nsy-4, nte-1, nte-2, ntp-1, ntr-1, ntr-2, nucb-1, num-1, nuo-1, nuo-2, nuo-3, nuo-5, nuo-6, oac-1, oac-10, oac-11, oac-12, oac-13, oac-14, oac-15, oac-16, oac-17, oac-19, oac-2, oac-20, oac-21, oac-22, oac-23, oac-24, oac-26, oac-27, oac-28, oac-29, oac-3, oac-30, oac-31, oac-32, oac-34, oac-35, oac-36, oac-37, oac-38, oac-39, oac-4, oac-40, oac-41, oac-42, oac-43, oac-44, oac-45, oac-46, oac-48, oac-49, oac-5, oac-50, oac-51, oac-52, oac-53, oac-54, oac-55, oac-56, oac-57, oac-58, oac-59, oac-6, oac-7, oac-8, oac-9, oat-1, obr-3, obr-4, ocr-1, ocr-2, ocr-3, ocr-4, ocrl-1, oct-1, oct-2, octr-1, odr-1, odr-10, odr-2, odr-4, odr-8, oig-1, oig-8, old-1, old-2, olrn-1, ooc-3, ops-1, orai-1, osm-11, osm-12, osm-9, osp-1, osta-1, osta-2, osta-3, ostb-1, ostd-1, ostf-4, otpl-1, otpl-2, otpl-3, otpl-4, otpl-5, otpl-6, otpl-7, otpl-8, oxa-1, pacl-1, pak-1, pals-15, paml-1, paml-2, pamn-1, pan-1, paqr-1, paqr-2, paqr-3, par-3, par-6, pat-12, pat-2, pat-3, pat-4, pbo-1, pbo-4, pbo-5, pbo-6, pcdr-1, pcf-11, pde-4, pdfr-1, pdtf-1, pdzd-8, peel-1, pef-1, pek-1, pen-2, pept-1, pept-2, pept-3, perm-1, perm-3, pes-23, pes-5, pes-8, pezo-1, pgal-1, pgam-5, pgap-1, pgap-2, pgap-3, pges-2, pghm-1, pgl-1, pgp-1, pgp-10, pgp-11, pgp-12, pgp-13, pgp-14, pgp-2, pgp-3, pgp-4, pgp-5, pgp-6, pgp-7, pgp-8, pgp-9, phb-1, phb-2, phg-1, phka-1, phkb-1, pho-1, pifk-1B, piga-1, pigb-1, pigc-1, pigg-1, pigl-1, pigm-1, pign-1, pigo-1, pigq-1, pigs-1, pigt-1, pigu-1, pigv-1, pigw-1, pigx-1, piki-1, pipp-4P, pisy-1, pitr-1, pitr-2, pitr-3, pitr-4, pitr-5, pitr-6, pkc-1, pkc-2, pkc-3, pkd-2, plep-1, plpp-1.1, plpp-1.2, plpp-1.3, plpr-1, plr-1, plx-1, plx-2, pmp-1, pmp-2, pmp-3, pmp-4, pmp-5, pmpl-1, pmr-1, poml-1, poml-2, popl-7, ppgn-1, ppk-3, pqn-10, pqn-25, pqn-35, pqn-73, pqn-83, pqn-89, praf-3, prmn-1, prx-1, prx-10, prx-11, prx-12, prx-13, prx-14, prx-2, prx-6, pry-1, psd-1, pssy-1, pssy-2, pst-1, pst-2, ptc-1, ptc-3, ptd-2, ptp-3, ptp-5.1, ptp-5.2, ptp-5.3, ptr-1, ptr-10, ptr-11, ptr-12, ptr-13, ptr-14, ptr-15, ptr-16, ptr-17, ptr-18, ptr-19, ptr-2, ptr-20, ptr-21, ptr-22, ptr-23, ptr-24, ptr-25, ptr-3, ptr-4, ptr-5, ptr-6, ptr-8, ptrg-1, ptrn-1, pvf-1, pxd-1, pxl-1, pyt-1, rab-10, rab-11.1, rab-11.2, rab-14, rab-19, rab-21, rab-28, rab-3, rab-30, rab-33, rab-35, rab-39, rab-6.1, rab-8, rac-2, rad-54.L2, ral-1, ram-2, ram-5, rap-1, rap-2, rap-3, ras-1, ras-2, rbf-1, rcd-1, rdy-2, rei-1, rer-1, ret-1, rfip-1, rfp-1, rft-1, rft-2, rfth-1, rgl-1, rheb-1, rhgf-1, rhi-1, rho-1, rhr-1, rhr-2, rhy-1, rib-2, ribo-1, ric-19, ric-3, rig-1, rig-3, rig-4, rig-5, rig-6, ril-1, ril-2, rilp-1, rmd-2, rme-1, rme-2, rme-6, rnf-121, rnf-145, rnf-5, rocf-1, rog-1, rol-1, rol-3, rom-1, rom-2, rom-3, rom-4, rom-5, romo-1, rpi-1, rps-8, sacm-1L, sam-4, samp-1, samt-1, sand-1, sar-1, sax-3, sax-7, sbp-1, sca-1, scav-1, scav-2, scav-3, scav-4, scav-5, scav-6, scd-2, scl-23, scm-1, sco-1, scp-1, scpl-4, sdf-9, sdha-1, sdha-2, sdhb-1, sdhd-1, sdn-1, sdz-20, sdz-21, sdz-23, sdz-27, sdz-31, seb-3, sec-11, sec-12, sec-16A.2, sec-20, sec-22, sec-23, sec-61.A, sec-61.B, sec-61.G, sec-62, seip-1, sel-1, sel-11, sel-12, sel-2, sel-9, sem-5, ser-1, ser-2, ser-3, ser-4, ser-5, ser-6, ser-7, serp-1.1, serp-1.2, sft-1, sft-4, sftd-3, sfxn-1.1, sfxn-1.2, sfxn-1.3, sfxn-1.4, sfxn-1.5, sfxn-2, sfxn-5, sgca-1, sgcb-1, sgk-1, sgn-1, sgt-1, shc-1, shk-1, shl-1, shw-1, shw-3, sid-1, sid-2, sid-5, siss-1, skat-1, slc-17.1, slc-17.2, slc-17.3, slc-17.4, slc-17.5, slc-17.6, slc-17.7, slc-17.8, slc-17.9, slc-25A10, slc-25A18.1, slc-25A18.2, slc-25A21, slc-25A26, slc-25A29, slc-25A32, slc-25A37, slc-25A42, slc-25A46, slc-25A51, slc-28.1, slc-28.2, slc-30A5, slc-30A9, slc-36.1, slc-36.2, slc-36.3, slc-36.4, slc-36.5, slc-46A, slc-5A12, slc-9B.1, slc-9B.2, slcf-1, slcf-2, slcr-46.1, slcr-46.2, slcr-46.3, slfl-3, slfl-4, slo-1, slo-2, sma-1, sma-10, sma-6, smex-1, smex-2, smf-1, smf-2, smf-3, smp-1, smp-2, sms-1, sms-2, sms-3, sms-5, smvt-1, snap-1, snb-1, snb-2, snb-5, snb-6, snb-7, snf-1, snf-10, snf-11, snf-12, snf-2, snf-3, snf-5, snf-6, snf-7, snf-9, sng-1, snt-1, snt-2, snt-3, snt-4, snt-5, snt-6, snt-7, snx-1, snx-13, snx-14, snx-17, sod-4, sol-1, sol-2, sorb-1, spas-1, spcs-1, spcs-2, spcs-3, spd-3, spe-10, spe-12, spe-19, spe-21, spe-29, spe-38, spe-4, spe-40, spe-41, spe-42, spe-43, spe-45, spe-46, spe-49, spe-57, spe-8, spe-9, spg-20, spg-7, spgt-1, sph-1, sphk-1, sphr-1, spin-1, spin-2, spin-3, spin-4, spl-1, spl-2, spl-3, spp-10, spp-19, sprr-1, sprr-2, sprr-3, sptl-1, sptl-2, sptl-3, sqr-1, sqt-2, sqv-1, sqv-2, sqv-3, sqv-5, sqv-6, sqv-7, sqv-8, sra-1, sra-10, sra-11, sra-12, sra-13, sra-14, sra-17, sra-18, sra-2, sra-20, sra-21, sra-22, sra-23, sra-24, sra-25, sra-26, sra-27, sra-28, sra-29, sra-3, sra-30, sra-31, sra-32, sra-33, sra-34, sra-35, sra-36, sra-37, sra-38, sra-39, sra-4, sra-6, sra-7, sra-8, sra-9, srab-1, srab-10, srab-11, srab-12, srab-13, srab-14, srab-16, srab-17, srab-18, srab-2, srab-20, srab-21, srab-22, srab-23, srab-24, srab-25, srab-26, srab-3, srab-4, srab-6, srab-7, srab-8, srab-9, srb-1, srb-11, srb-12, srb-13, srb-15, srb-16, srb-17, srb-18, srb-19, srb-3, srb-5, srb-6, srbc-1, srbc-10, srbc-11, srbc-12, srbc-13, srbc-14, srbc-16, srbc-17, srbc-19, srbc-2, srbc-20, srbc-21, srbc-22, srbc-23, srbc-24, srbc-25, srbc-26, srbc-27, srbc-29, srbc-3, srbc-30, srbc-31, srbc-32, srbc-33, srbc-34, srbc-36, srbc-37, srbc-38, srbc-39, srbc-40, srbc-41, srbc-42, srbc-43, srbc-44, srbc-45, srbc-48, srbc-49, srbc-5, srbc-50, srbc-51, srbc-54, srbc-55, srbc-56, srbc-57, srbc-58, srbc-59, srbc-6, srbc-60, srbc-61, srbc-62, srbc-63, srbc-64, srbc-65, srbc-66, srbc-67, srbc-68, srbc-7, srbc-70, srbc-71, srbc-75, srbc-76, srbc-77, srbc-78, srbc-79, srbc-8, srbc-82, srbc-83, srbc-84, srbc-9, src-1, srd-1, srd-10, srd-11, srd-12, srd-13, srd-15, srd-16, srd-17, srd-18, srd-19, srd-2, srd-20, srd-21, srd-23, srd-25, srd-26, srd-27, srd-28, srd-29, srd-3, srd-30, srd-31, srd-32, srd-33, srd-34, srd-35, srd-36, srd-38, srd-39, srd-4, srd-40, srd-41, srd-42, srd-43, srd-44, srd-45, srd-46, srd-47, srd-48, srd-49, srd-5, srd-50, srd-51, srd-53, srd-54, srd-55, srd-56, srd-58, srd-59, srd-63, srd-64, srd-65, srd-66, srd-67, srd-68, srd-69, srd-7, srd-70, srd-71, srd-72, srd-73, srd-74, srd-75, srd-8, srd-9, srdf-2.1, srdf-2.2, srdf-3, sre-1, sre-10, sre-11, sre-12, sre-13, sre-14, sre-15, sre-16, sre-18, sre-19, sre-2, sre-20, sre-21, sre-22, sre-23, sre-24, sre-26, sre-27, sre-28, sre-29, sre-3, sre-30, sre-31, sre-32, sre-33, sre-34, sre-35, sre-36, sre-37, sre-38, sre-39, sre-4, sre-40, sre-41, sre-42, sre-43, sre-44, sre-45, sre-46, sre-47, sre-48, sre-49, sre-5, sre-50, sre-51, sre-52, sre-53, sre-54, sre-55, sre-56, sre-6, sre-7, sre-8, sre-9, srf-2, srf-3, srg-1, srg-10, srg-11, srg-13, srg-14, srg-15, srg-16, srg-17, srg-2, srg-20, srg-21, srg-22, srg-23, srg-24, srg-25, srg-26, srg-27, srg-28, srg-29, srg-3, srg-30, srg-31, srg-32, srg-33, srg-34, srg-36, srg-37, srg-38, srg-39, srg-4, srg-40, srg-41, srg-42, srg-44, srg-45, srg-46, srg-47, srg-48, srg-5, srg-50, srg-51, srg-53, srg-54, srg-55, srg-56, srg-57, srg-58, srg-59, srg-6, srg-60, srg-61, srg-62, srg-64, srg-65, srg-66, srg-67, srg-68, srg-69, srg-7, srg-8, srg-9, srh-1, srh-10, srh-100, srh-102, srh-104, srh-105, srh-109, srh-11, srh-111, srh-112, srh-113, srh-115, srh-116, srh-118, srh-119, srh-120, srh-122, srh-123, srh-125, srh-127, srh-128, srh-129, srh-130, srh-131, srh-132, srh-133, srh-134, srh-135, srh-136, srh-137, srh-138, srh-139, srh-140, srh-141, srh-142, srh-145, srh-146, srh-147, srh-148, srh-149, srh-15, srh-154, srh-159, srh-16, srh-166, srh-167, srh-169, srh-17, srh-170, srh-171, srh-172, srh-173, srh-174, srh-177, srh-178, srh-179, srh-18, srh-180, srh-181, srh-182, srh-183, srh-184, srh-185, srh-186, srh-187, srh-19, srh-190, srh-192, srh-193, srh-194, srh-195, srh-199, srh-2, srh-20, srh-200, srh-201, srh-203, srh-204, srh-206, srh-207, srh-208, srh-209, srh-21, srh-211, srh-212, srh-213, srh-214, srh-215, srh-216, srh-217, srh-218, srh-219, srh-22, srh-220, srh-222, srh-223, srh-228, srh-229, srh-23, srh-231, srh-233, srh-234, srh-235, srh-236, srh-237, srh-239, srh-24, srh-240, srh-241, srh-243, srh-244, srh-245, srh-246, srh-247, srh-248, srh-25, srh-250, srh-251, srh-252, srh-255, srh-257, srh-258, srh-264, srh-265, srh-266, srh-268, srh-269, srh-27, srh-270, srh-271, srh-272, srh-274, srh-275, srh-276, srh-277, srh-279, srh-28, srh-281, srh-282, srh-283, srh-284, srh-286, srh-287, srh-288, srh-289, srh-290, srh-291, srh-292, srh-293, srh-295, srh-296, srh-297, srh-298, srh-299, srh-3, srh-30, srh-300, srh-301, srh-303, srh-304, srh-308, srh-31, srh-32, srh-33, srh-34, srh-35, srh-36, srh-37, srh-38, srh-39, srh-4, srh-40, srh-41, srh-42, srh-44, srh-45, srh-46, srh-47, srh-48, srh-49, srh-5, srh-50, srh-51, srh-52, srh-55, srh-56, srh-57, srh-59, srh-60, srh-61, srh-62, srh-63, srh-67, srh-68, srh-69, srh-7, srh-70, srh-71, srh-72, srh-73, srh-74, srh-75, srh-76, srh-78, srh-79, srh-8, srh-80, srh-82, srh-83, srh-85, srh-87, srh-88, srh-89, srh-92, srh-95, srh-97, srh-98, srh-99, sri-1, sri-10, sri-11, sri-12, sri-13, sri-14, sri-15, sri-16, sri-17, sri-18, sri-19, sri-2, sri-20, sri-21, sri-24, sri-25, sri-26, sri-27, sri-28, sri-29, sri-30, sri-31, sri-32, sri-33, sri-34, sri-36, sri-37, sri-38, sri-39, sri-4, sri-40, sri-42, sri-43, sri-45, sri-46, sri-47, sri-48, sri-5, sri-50, sri-51, sri-53, sri-54, sri-57, sri-6, sri-60, sri-61, sri-62, sri-63, sri-65, sri-66, sri-67, sri-69, sri-7, sri-70, sri-71, sri-72, sri-73, sri-74, sri-77, sri-78, sri-9, srj-1, srj-10, srj-11, srj-13, srj-14, srj-15, srj-18, srj-19, srj-20, srj-21, srj-22, srj-23, srj-24, srj-25, srj-26, srj-27, srj-29, srj-32, srj-33, srj-37, srj-38, srj-39, srj-4, srj-40, srj-42, srj-44, srj-45, srj-49, srj-5, srj-50, srj-52, srj-53, srj-54, srj-55, srj-57, srj-6, srj-7, srj-8, srj-9, srm-1, srm-2, srm-3, srm-4, srm-5, srm-6, srn-1, sro-1, srr-1, srr-10, srr-2, srr-3, srr-4, srr-6, srr-7, srr-8, srr-9, srsx-1, srsx-10, srsx-11, srsx-12, srsx-13, srsx-14, srsx-15, srsx-16, srsx-17, srsx-18, srsx-19, srsx-2, srsx-21, srsx-22, srsx-24, srsx-25, srsx-26, srsx-27, srsx-28, srsx-29, srsx-3, srsx-30, srsx-31, srsx-32, srsx-33, srsx-34, srsx-35, srsx-36, srsx-37, srsx-38, srsx-39, srsx-40, srsx-5, srsx-6, srsx-7, srsx-8, srsx-9, srsy-1, srsy-2, srt-11, srt-12, srt-13, srt-14, srt-15, srt-16, srt-17, srt-18, srt-19, srt-2, srt-20, srt-22, srt-23, srt-24, srt-27, srt-28, srt-29, srt-3, srt-30, srt-31, srt-32, srt-33, srt-34, srt-35, srt-36, srt-37, srt-38, srt-39, srt-4, srt-40, srt-41, srt-42, srt-43, srt-44, srt-45, srt-47, srt-48, srt-49, srt-5, srt-50, srt-52, srt-53, srt-54, srt-55, srt-56, srt-59, srt-6, srt-61, srt-62, srt-63, srt-64, srt-65, srt-67, srt-68, srt-69, srt-7, srt-70, srt-73, srt-74, srt-8, srtx-1, sru-1, sru-11, sru-12, sru-15, sru-16, sru-17, sru-18, sru-19, sru-2, sru-20, sru-21, sru-22, sru-23, sru-24, sru-25, sru-26, sru-27, sru-28, sru-29, sru-3, sru-30, sru-31, sru-35, sru-36, sru-37, sru-38, sru-39, sru-4, sru-40, sru-42, sru-44, sru-45, sru-47, sru-48, sru-6, sru-7, sru-8, srv-1, srv-10, srv-11, srv-12, srv-13, srv-14, srv-15, srv-16, srv-17, srv-19, srv-2, srv-21, srv-22, srv-24, srv-25, srv-26, srv-27, srv-28, srv-29, srv-3, srv-30, srv-31, srv-32, srv-34, srv-4, srv-5, srv-6, srv-7, srv-8, srv-9, srw-1, srw-10, srw-100, srw-101, srw-102, srw-103, srw-107, srw-108, srw-109, srw-11, srw-111, srw-112, srw-113, srw-115, srw-117, srw-118, srw-119, srw-12, srw-120, srw-121, srw-122, srw-123, srw-124, srw-127, srw-129, srw-13, srw-130, srw-133, srw-134, srw-136, srw-137, srw-138, srw-139, srw-14, srw-140, srw-141, srw-142, srw-143, srw-144, srw-145, srw-15, srw-16, srw-17, srw-19, srw-2, srw-20, srw-21, srw-22, srw-23, srw-24, srw-26, srw-29, srw-3, srw-31, srw-32, srw-33, srw-34, srw-35, srw-36, srw-38, srw-39, srw-4, srw-40, srw-41, srw-42, srw-43, srw-44, srw-48, srw-51, srw-53, srw-54, srw-55, srw-56, srw-57, srw-59, srw-6, srw-60, srw-61, srw-62, srw-63, srw-66, srw-67, srw-68, srw-69, srw-7, srw-71, srw-72, srw-73, srw-76, srw-77, srw-79, srw-8, srw-82, srw-83, srw-84, srw-87, srw-88, srw-89, srw-9, srw-90, srw-91, srw-94, srw-95, srw-97, srw-98, srw-99, srx-1, srx-10, srx-101, srx-102, srx-104, srx-105, srx-108, srx-110, srx-111, srx-112, srx-113, srx-114, srx-115, srx-116, srx-117, srx-118, srx-119, srx-12, srx-120, srx-121, srx-122, srx-125, srx-128, srx-129, srx-13, srx-130, srx-131, srx-133, srx-134, srx-135, srx-136, srx-137, srx-14, srx-16, srx-17, srx-18, srx-19, srx-2, srx-20, srx-21, srx-22, srx-23, srx-24, srx-26, srx-28, srx-29, srx-3, srx-31, srx-32, srx-33, srx-34, srx-36, srx-38, srx-39, srx-4, srx-41, srx-42, srx-43, srx-44, srx-45, srx-46, srx-47, srx-48, srx-5, srx-50, srx-51, srx-54, srx-56, srx-58, srx-59, srx-6, srx-60, srx-62, srx-63, srx-64, srx-65, srx-66, srx-67, srx-68, srx-7, srx-73, srx-76, srx-77, srx-78, srx-8, srx-80, srx-82, srx-84, srx-85, srx-86, srx-87, srx-88, srx-9, srx-90, srx-92, srx-93, srx-95, srx-96, srx-97, srx-98, srxa-1, srxa-10, srxa-11, srxa-12, srxa-13, srxa-14, srxa-15, srxa-16, srxa-18, srxa-19, srxa-2, srxa-4, srxa-5, srxa-6, srxa-7, srxa-8, srxa-9, srz-1, srz-10, srz-100, srz-101, srz-102, srz-103, srz-104, srz-105, srz-11, srz-12, srz-13, srz-14, srz-15, srz-16, srz-18, srz-19, srz-20, srz-23, srz-24, srz-25, srz-29, srz-3, srz-31, srz-32, srz-37, srz-38, srz-4, srz-42, srz-44, srz-47, srz-48, srz-5, srz-54, srz-56, srz-58, srz-59, srz-6, srz-60, srz-61, srz-62, srz-63, srz-64, srz-66, srz-67, srz-69, srz-70, srz-71, srz-72, srz-74, srz-75, srz-78, srz-79, srz-82, srz-83, srz-85, srz-9, srz-90, srz-91, srz-94, srz-95, srz-96, srz-97, srz-99, ssr-2, sst-20, ssu-1, stdh-4, stg-1, stg-2, stim-1, stl-1, stn-1, stn-2, sto-1, sto-2, sto-3, sto-4, sto-5, sto-6, str-1, str-10, str-101, str-102, str-103, str-106, str-108, str-109, str-111, str-112, str-113, str-114, str-115, str-116, str-118, str-119, str-12, str-121, str-123, str-124, str-125, str-129, str-13, str-130, str-131, str-134, str-135, str-136, str-138, str-139, str-14, str-140, str-141, str-143, str-144, str-145, str-146, str-148, str-149, str-15, str-150, str-151, str-153, str-154, str-155, str-156, str-158, str-159, str-16, str-160, str-161, str-162, str-163, str-164, str-165, str-166, str-168, str-169, str-170, str-171, str-172, str-173, str-174, str-175, str-176, str-177, str-178, str-18, str-180, str-181, str-182, str-185, str-187, str-188, str-19, str-190, str-193, str-196, str-198, str-199, str-2, str-20, str-200, str-204, str-205, str-206, str-207, str-208, str-209, str-211, str-214, str-217, str-220, str-221, str-222, str-225, str-226, str-227, str-228, str-229, str-23, str-230, str-231, str-232, str-233, str-236, str-238, str-240, str-243, str-244, str-245, str-246, str-247, str-248, str-249, str-25, str-250, str-252, str-253, str-254, str-255, str-256, str-260, str-261, str-262, str-263, str-264, str-265, str-267, str-268, str-27, str-28, str-3, str-30, str-31, str-32, str-33, str-37, str-38, str-39, str-4, str-40, str-41, str-43, str-44, str-45, str-46, str-47, str-48, str-5, str-52, str-55, str-56, str-57, str-6, str-60, str-61, str-63, str-64, str-66, str-67, str-68, str-69, str-7, str-71, str-73, str-74, str-76, str-77, str-78, str-79, str-8, str-81, str-82, str-83, str-84, str-85, str-86, str-87, str-88, str-89, str-9, str-90, str-92, str-93, str-94, str-96, str-97, str-99, strt-10, stt-3, subs-4, suco-1, suex-2, sulp-1, sulp-2, sulp-3, sulp-4, sulp-5, sulp-6, sulp-7, sulp-8, sun-1, sup-1, sup-10, sup-17, sup-18, sup-9, sur-7, svct-1, svh-1, svh-11, svh-2, svop-1, swt-1, swt-2, swt-3, swt-4, swt-5, swt-6, swt-7, syg-1, syg-2, sym-1, syx-16, syx-17, syx-18, syx-2, syx-3, syx-4, syx-5, syx-6, syx-7, taap-1, tag-120, tag-123, tag-131, tag-164, tag-180, tag-266, tag-275, tag-314, tag-321, tag-340, tag-343, tag-353, tag-89, tat-1, tat-2, tat-3, tat-4, tat-5, tat-6, tax-2, tax-4, tbc-13, tbc-20, tbc-7, tbc-8, tbh-1, tcc-1, tctn-1, ten-1, tex-2, tgn-38, timm-17B.1, timm-17B.2, timm-23, tin-10, tin-13, tin-44, tin-9.1, tin-9.2, tkr-1, tkr-2, tkr-3, tmbi-4, tmc-1, tmc-2, tmed-1, tmed-10, tmed-12, tmed-13, tmed-3, tmed-4, tmem-107, tmem-120, tmem-131, tmem-132, tmem-135, tmem-138, tmem-145, tmem-17, tmem-184, tmem-189, tmem-208, tmem-218, tmem-231, tmem-24, tmem-258, tmem-39, tmie-1, tmyb-1, toc-1, toca-1, toca-2, tol-1, tomm-20, tomm-22, tomm-40, tomm-7, tomm-70, tpra-1, tpst-1, tra-2, tra-3, tram-1, trap-1, trap-2, trap-3, trap-4, trcs-1, tre-4, trhr-1, tric-1B.1, tric-1B.2, trk-1, trp-1, trp-2, trp-4, trpa-1, trpa-2, trpl-2, trpl-3, trpl-4, trpl-5, try-10, tsp-1, tsp-10, tsp-11, tsp-12, tsp-13, tsp-14, tsp-15, tsp-16, tsp-17, tsp-18, tsp-19, tsp-2, tsp-20, tsp-21, tsp-3, tsp-4, tsp-5, tsp-6, tsp-7, tsp-8, tsp-9, tspo-1, ttm-1, ttm-5, ttn-1, ttr-59, ttyh-1, twk-1, twk-10, twk-11, twk-12, twk-13, twk-14, twk-16, twk-17, twk-18, twk-2, twk-20, twk-21, twk-22, twk-23, twk-24, twk-25, twk-26, twk-28, twk-29, twk-3, twk-30, twk-31, twk-32, twk-33, twk-34, twk-35, twk-36, twk-37, twk-39, twk-4, twk-40, twk-42, twk-43, twk-44, twk-45, twk-46, twk-47, twk-48, twk-49, twk-5, twk-6, twk-7, twk-8, twk-9, txdc-15, txt-10, txt-13, txt-19, txt-5, txt-9, tyra-2, tyra-3, ubc-15, ubc-26, ubc-6, ubr-1, ubxn-4, ucp-4, ucr-2.1, ucr-2.2, ucr-2.3, uda-1, ufbp-1, ufd-2, ugt-1, ugt-10, ugt-11, ugt-12, ugt-13, ugt-14, ugt-15, ugt-16, ugt-17, ugt-18, ugt-19, ugt-2, ugt-20, ugt-21, ugt-22, ugt-23, ugt-24, ugt-25, ugt-26, ugt-27, ugt-28, ugt-29, ugt-3, ugt-30, ugt-31, ugt-32, ugt-33, ugt-34, ugt-35, ugt-36, ugt-37, ugt-38, ugt-39, ugt-4, ugt-40, ugt-41, ugt-42, ugt-43, ugt-44, ugt-45, ugt-46, ugt-47, ugt-48, ugt-49, ugt-5, ugt-50, ugt-51, ugt-52, ugt-53, ugt-54, ugt-55, ugt-56, ugt-57, ugt-58, ugt-6, ugt-60, ugt-61, ugt-62, ugt-63, ugt-64, ugt-65, ugt-66, ugt-67, ugt-7, ugt-8, ugt-9, ugtp-1, unc-1, unc-10, unc-101, unc-103, unc-105, unc-108, unc-11, unc-112, unc-122, unc-17, unc-18, unc-2, unc-24, unc-26, unc-29, unc-31, unc-32, unc-36, unc-38, unc-40, unc-44, unc-47, unc-49, unc-5, unc-50, unc-52, unc-57, unc-58, unc-61, unc-63, unc-64, unc-68, unc-69, unc-7, unc-70, unc-71, unc-77, unc-8, unc-80, unc-83, unc-84, unc-9, unc-93, unc-95, use-1, vab-1, vab-10, vab-2, vab-9, vacl-14, vamp-7, vamp-8, vang-1, vap-2, vdac-1, vem-1, vep-2, ver-1, ver-3, ver-4, vglu-2, vglu-3, vha-1, vha-11, vha-15, vha-17, vha-19, vha-2, vha-20, vha-4, vha-5, vha-6, vha-7, vha-8, vha-9, vnut-1, vpat-1, vpr-1, vps-11, vps-16, vps-18, vps-20, vps-33.1, vps-33.2, vps-34, vps-35, vps-39, vps-4, vps-41, vps-51, vps-53, vti-1, wah-1, warf-1, wee-1.3, wht-1, wht-2, wht-3, wht-4, wht-5, wht-6, wht-7, wht-8, wrb-1, wrt-1, wrt-4, wrt-6, wrt-8, wts-1, xbx-3, xbx-5, xbx-6, xbx-9, yif-1, ykt-6, ymel-1, yop-1, zeel-1, zfp-3, zig-1, zig-10, zig-11, zig-13, zig-5, zig-6, zipt-1, zipt-11, zipt-13, zipt-15, zipt-16, zipt-17, zipt-2.1, zipt-2.2, zipt-2.3, zipt-2.4, zipt-3, zipt-7.1, zipt-7.2, zipt-9, zmp-1, zmp-5, zyg-12, zzz-1"
GO:0022857,236,"B0252.3, B0285.6, B0303.11, B0361.11, B0454.6, C01B4.7, C01B4.8, C03B1.13, C05G5.1, C06H5.6, C09D4.1, C13C4.6, C18D1.2, C18H9.5, C25E10.4, C25E10.5, C35A11.4, C35A5.3, C39E9.7, C42C1.19, C42C1.8, C44C10.3, C46C2.2, C50D2.2, C51E3.6, C53B4.3, D1046.4, F10C2.7, F10G7.5, F11A5.9, F11D5.5, F11D5.7, F13B12.2, F14D7.6, F17C11.12, F23F1.6, F23F12.13, F23F12.3, F32H5.4, F41C3.2, F44E7.7, F45E10.2, F47B8.10, F48E3.2, F52F10.2, F53H8.3, F56A4.10, F56A4.12, F58G11.4, F59A1.13, H11E01.2, K05F1.6, K08C7.1, K08F9.1, K08H10.6, K09C4.1, K09C4.2, K09C4.4, K09C4.5, K09E9.1, K11D9.3, K11G9.5, M117.1, M162.5, R07B7.10, R09B5.11, R10D12.1, R11E3.2, T01H3.3, T02B11.6, T04B8.5, T05A1.5, T07G12.2, T07G12.4, T08B1.1, T10C6.6, T11G6.2, T11G6.3, T11G6.4, T12B3.2, T19D12.10, T19D12.9, T22F3.10, T22F3.11, T22F3.7, T22F3.8, T22F7.1, T25D3.4, T28C12.1, T28C12.2, T28H11.8, W01B6.3, W03C9.6, W04C9.6, Y15E3A.4, Y19D10A.11, Y19D10A.4, Y19D10A.5, Y19D10A.8, Y37A1A.3, Y39B6A.41, Y39E4B.5, Y43D4A.4, Y4C6B.3, Y4C6B.4, Y51A2D.18, Y51B9A.6, Y53F4B.12, Y57G11C.23, Y59A8B.21, Y59E9AL.4, Y61A9LA.1, Y66D12A.13, Y71G12B.25, Y73E7A.3, ZK829.9, ZK892.3, aat-1, aat-2, aat-3, aat-4, aat-5, aat-6, aat-7, aat-8, aat-9, abts-2, abts-3, abts-4, cat-1, ced-7, cho-1, chtl-1, cima-1, cnnm-1, cnnm-2, cnnm-3, cnnm-4, cnnm-5, eat-4, ent-1, ent-2, ent-3, ent-4, ent-5, ent-6, ent-7, fdgt-1, fdgt-2, gem-1, hmit-1.1, hmit-1.2, hmit-1.3, hrg-13, hrg-14, kcc-1, kcc-2, kcc-3, lelo-2, letm-1, mct-1, mct-2, mct-3, mct-4, mct-5, mct-6, mfsc-1, mfsd-10, mfsd-8.1, mfsd-8.2, mfsd-8.3, mfsd-8.4, mfsd-8.5, misc-1, mrp-1, mrp-2, mrp-4, mrp-7, nac-1, nac-2, nac-3, nkcc-1, oat-1, oct-1, oct-2, osta-1, osta-2, osta-3, pept-1, pept-2, pept-3, pes-23, ptr-14, ptr-2, sfxn-1.1, sfxn-1.2, sfxn-1.3, sfxn-1.4, sfxn-1.5, sfxn-2, sfxn-5, slc-17.1, slc-17.2, slc-17.3, slc-17.4, slc-17.5, slc-17.6, slc-17.7, slc-17.8, slc-17.9, slc-46A, slc-5A12, slcf-1, slcf-2, slcr-46.1, slcr-46.2, slcr-46.3, smvt-1, spin-1, spin-2, spin-3, spin-4, srsx-34, str-176, suex-2, svct-1, svop-1, timm-23, tmem-184, trpa-2, ucp-4, unc-17, vglu-2, vglu-3, vnut-1, vpat-1"
GO:0055085,470,"B0252.3, B0285.6, B0361.11, B0454.6, C01B4.7, C01B4.8, C03B1.13, C05G5.1, C06H5.6, C09B9.85, C09D4.1, C13C4.6, C18D1.2, C18H9.5, C25E10.4, C25E10.5, C35A11.4, C35A5.3, C39E9.7, C42C1.19, C42C1.8, C44C10.3, C46C2.2, C47E12.2, C50D2.2, C51E3.6, C53B4.3, D1046.4, F10C2.7, F10E7.9, F10G7.5, F11A5.9, F11D5.5, F11D5.7, F13B12.2, F14D7.6, F17C11.12, F17E5.2, F21G4.1, F23F1.6, F23F12.13, F23F12.3, F25B4.7, F32H5.4, F41C3.2, F41C6.7, F41E7.2, F44E7.7, F45E10.2, F47B8.10, F47E1.2, F47E1.4, F48E3.2, F52F10.2, F53B1.8, F53H8.3, F55A11.4, F56A4.10, F56A4.12, F56C9.3, F58G11.4, F59A1.13, H11E01.2, K02F3.2, K02G10.5, K05F1.6, K07G5.5, K08C7.1, K08F9.1, K08H10.6, K09C4.1, K09C4.2, K09C4.4, K09C4.5, K09E9.1, K11D9.3, K11G9.5, M117.1, M162.5, PDB1.1, R02F11.3, R07B7.10, R07E3.4, R09B5.11, R10D12.1, R11E3.2, T01H3.3, T02B11.6, T04B8.5, T05A1.5, T07G12.2, T07G12.4, T08B1.1, T09F3.2, T10C6.6, T11G6.2, T11G6.3, T11G6.4, T12B3.2, T18D3.9, T19D12.10, T19D12.9, T22F3.10, T22F3.11, T22F3.7, T22F3.8, T22F7.1, T25D3.4, T28C12.1, T28C12.2, T28H11.8, W01B6.3, W03C9.6, W04C9.6, Y15E3A.4, Y19D10A.11, Y19D10A.4, Y19D10A.5, Y19D10A.8, Y32F6B.1, Y37A1A.3, Y39B6A.41, Y39E4B.5, Y43D4A.1, Y43D4A.4, Y4C6B.3, Y4C6B.4, Y51A2D.18, Y51B9A.6, Y53F4B.12, Y57G11C.23, Y59A8B.21, Y59E9AL.4, Y61A9LA.1, Y66D12A.13, Y70G10A.3, Y71G10AR.4, Y71G12B.25, Y73E7A.3, ZK185.5, ZK829.9, ZK892.3, aat-1, aat-2, aat-3, aat-4, aat-5, aat-6, aat-7, aat-8, aat-9, abch-1, abcx-1, abt-1, abt-2, abt-4, abt-5, abtm-1, abts-1, abts-2, abts-3, abts-4, ant-1.1, ant-1.2, ant-1.3, ant-1.4, aqp-1, aqp-10, aqp-11, aqp-12, aqp-2, aqp-3, aqp-4, aqp-5, aqp-6, aqp-7, aqp-8, aqp-9, best-1, best-10, best-11, best-12, best-13, best-14, best-15, best-16, best-17, best-18, best-19, best-2, best-20, best-21, best-22, best-23, best-24, best-25, best-26, best-3, best-4, best-5, best-6, best-7, best-8, best-9, bus-12, cat-1, catp-5, catp-6, catp-7, catp-8, cca-1, cdf-1, cdf-2, ced-7, ced-9, cft-1, che-6, cho-1, chtl-1, cima-1, clh-1, clh-2, clh-3, clh-4, clh-5, clh-6, cng-2, cng-3, cnnm-1, cnnm-2, cnnm-3, cnnm-4, cnnm-5, ctns-1, eat-4, egl-19, egl-2, egl-36, emc-5, exp-2, fdgt-1, fdgt-2, folt-1, folt-2, folt-3, fpn-1.1, fpn-1.2, gem-1, gon-2, gtl-2, haf-1, haf-2, haf-3, haf-4, haf-6, haf-7, haf-8, haf-9, hmit-1.1, hmit-1.2, hmit-1.3, hmt-1, hpo-12, hrg-13, hrg-14, hut-1, itr-1, kcc-1, kcc-2, kcc-3, kqt-1, kqt-2, kqt-3, kvs-1, kvs-2, kvs-3, kvs-4, kvs-5, lelo-2, mct-1, mct-2, mct-3, mct-4, mct-5, mct-6, mfsc-1, mfsd-10, mfsd-8.1, mfsd-8.2, mfsd-8.3, mfsd-8.4, mfsd-8.5, misc-1, mrp-1, mrp-2, mrp-3, mrp-4, mrp-5, mrp-6, mrp-7, mrp-8, nac-1, nac-2, nac-3, nca-2, ncx-1, ncx-10, ncx-2, ncx-3, ncx-4, ncx-5, ncx-6, ncx-7, ncx-8, ncx-9, nhx-1, nhx-2, nhx-3, nhx-4, nhx-5, nhx-6, nhx-8, nhx-9, nkcc-1, nlr-1, nstp-1, nstp-2, nstp-4, oat-1, ocr-1, ocr-2, ocr-3, ocr-4, oct-1, oct-2, osm-9, osta-1, osta-2, osta-3, pbo-4, pept-1, pept-2, pept-3, pes-23, pgp-1, pgp-10, pgp-11, pgp-12, pgp-13, pgp-14, pgp-2, pgp-3, pgp-4, pgp-5, pgp-6, pgp-7, pgp-8, pgp-9, pmp-1, pmp-2, pmp-3, pmp-4, pmp-5, pst-1, pst-2, ptr-14, ptr-2, sfxn-1.1, sfxn-1.2, sfxn-1.3, sfxn-1.4, sfxn-1.5, sfxn-2, sfxn-5, shk-1, shl-1, shw-1, shw-3, slc-17.1, slc-17.2, slc-17.3, slc-17.4, slc-17.5, slc-17.6, slc-17.7, slc-17.8, slc-17.9, slc-25A10, slc-25A18.1, slc-25A18.2, slc-25A21, slc-25A32, slc-25A42, slc-30A5, slc-30A9, slc-46A, slc-5A12, slc-9B.1, slc-9B.2, slcf-1, slcf-2, slcr-46.1, slcr-46.2, slcr-46.3, slo-1, smvt-1, spin-1, spin-2, spin-3, spin-4, spp-5, srsx-34, str-176, suex-2, sulp-1, sulp-2, sulp-3, sulp-4, sulp-5, sulp-6, sulp-7, sulp-8, svct-1, svop-1, tax-2, tax-4, tmem-184, toc-1, tomm-40, trp-1, trp-2, trp-4, trpa-1, trpl-3, trpl-4, ttm-1, ucp-4, unc-103, unc-17, unc-2, unc-68, unc-77, vdac-1, vglu-2, vglu-3, vha-17, vnut-1, vpat-1, wht-1, wht-2, wht-3, wht-4, wht-5, wht-6, wht-7, wht-8, zipt-1, zipt-11, zipt-13, zipt-15, zipt-16, zipt-17, zipt-2.1, zipt-2.2, zipt-2.3, zipt-2.4, zipt-3, zipt-7.1, zipt-7.2, zipt-9"
GO:1902475,26,"F13H10.3, Y51F10.4, aat-1, aat-2, aat-3, aat-4, aat-5, aat-6, aat-7, aat-8, aat-9, atgp-2, ctns-1, glt-3, glt-4, glt-6, glt-7, skat-1, slc-36.1, slc-36.2, slc-36.3, slc-36.4, slc-36.5, snf-1, snf-12, snf-6"
GO:1990184,5,"aat-1, aat-3, aat-6, atgp-2, nrfl-1"
GO:0005515,1169,"B0261.7, B0281.5, B0303.7, B0507.3, C02F12.8, C05C10.5, C05D10.4, C06A5.8, C06E1.1, C07E3.3, C09G1.4, C11E4.6, C13F10.7, C14B1.3, C14F11.4, C15H9.2, C16B8.3, C17E4.10, C17E7.4, C18A3.3, C18B2.3, C18E9.8, C24A3.2, C24D10.2, C27B7.2, C35E7.2, C36B1.11, C39D10.7, C40A11.7, C53C7.3, D2063.1, DH11.5, F08F8.9, F08G2.5, F09C8.2, F09E5.7, F09F7.5, F11G11.4, F13A2.4, F17E9.5, F20B10.3, F20C5.6, F23H11.4, F25H2.4, F26E4.2, F26F2.3, F35G12.12, F37C4.5, F41B4.1, F42A9.8, F42G2.5, F43B10.1, F44A2.5, F44E2.7, F46G10.1, F47G4.4, F47G4.5, F49C12.9, F49E8.7, F52E10.4, F53A10.2, F53B3.3, F53F10.1, F53G12.4, F54D10.7, F54D5.9, F57C9.4, K01A6.4, K05C4.5, K08E7.5, K09E4.1, K10H10.4, M01F1.4, M04F3.5, M57.1, R02D5.1, R02F2.5, R06F6.12, R07G3.8, R09H10.3, T04C9.1, T07C4.3, T07D4.2, T11B7.1, T14G10.8, T14G8.2, T25B6.4, T26A8.4, W03F9.2, W09D6.5, Y105C5A.1, Y38C1AA.7, Y38H6C.8, Y39A1A.3, Y43F8B.2, Y46G5A.20, Y47G6A.14, Y48E1B.3, Y50D4A.4, Y52E8A.2, Y53F4B.11, Y56A3A.7, Y57A10B.6, Y69H2.3, ZK1053.3, ZK1053.4, ZK1055.7, ZK1128.7, ZK121.2, ZK1240.1, ZK1307.9, ZK632.12, ZK829.7, aak-2, aakb-2, aat-6, abcf-3, abi-1, abl-1, abu-10, abu-11, abu-7, acox-1.1, acox-1.2, acox-1.3, actl-1, adk-1, afd-1, age-1, agns-1, ags-3, aha-1, ahr-1, ain-1, air-1, air-2, ajm-1, akir-1, akt-1, akt-2, allo-1, alp-1, alx-1, ama-1, amph-1, anc-1, ant-1.1, apa-2, apb-1, apc-11, apc-2, apg-1, apr-1, apt-9, aptf-2, aptf-3, apy-1, arl-3, arrd-24, arrd-7, asd-1, asd-2, asna-1, atf-2, atf-4, atf-8, atfs-1, atg-13, atg-16.1, atg-16.2, atg-2, atg-4.1, atg-5, athp-1, atn-1, atp-2, atx-2, atx-3, atz-1, axl-1, baf-1, bag-1, bar-1, bath-40, bath-41, bath-42, baz-2, bec-1, bet-1, bicd-1, blmp-1, blos-1, blos-4, bmk-1, bra-1, brc-1, brc-2, brd-1, brp-1, bub-1, bub-3, cam-1, cand-1, capg-2, car-1, cat-4, cbpl-1, ccar-1, ccdc-47, ccep-135, cct-2, ccz-1, cdc-25.1, cdc-25.2, cdc-42, cdc-48.1, cdc-48.2, cdd-2, cdk-2, cdk-4, cdt-1, cebp-1, cebp-2, ced-1, ced-10, ced-12, ced-2, ced-3, ced-4, ced-5, ced-6, ced-9, cee-1, ceh-14, ceh-17, ceh-20, ceh-32, ceh-34, ceh-40, ceh-6, ceh-60, ceh-93, ces-1, ces-2, cgh-1, chc-1, ciao-1, ciao-2B, cif-1, cir-1, cit-1.1, cky-1, cla-1, clh-3, clip-1, cls-2, cmd-1, cnp-2, cnt-1, cnt-2, col-129, cpb-1, cpl-1, cpna-1, cri-3, crim-1, crmb-1, crn-1, csc-1, csn-1, csn-2, csn-3, csn-4, csn-5, csp-3, csq-1, cst-1, ctn-1, cul-2, cul-3, cup-2, cutl-19, cya-1, cyb-1, cyd-1, cye-1, cyk-1, cyk-4, cyn-12, cyn-13, cyn-3, cyn-4, cysl-1, cyy-1, czw-1, daf-1, daf-12, daf-16, daf-18, daf-2, daf-3, daf-4, daf-5, dcn-1, dcr-1, dct-1, ddb-1, ddl-1, ddl-2, ddr-2, deb-1, dhps-1, dlat-1, dlc-1, dlg-1, dli-1, dlk-1, dnbp-1, dnc-2, dop-2, dot-1.1, dpl-1, dpy-23, dpy-27, dre-1, drh-1, drh-3, dsbn-1, dsh-1, dsh-2, dss-1, dve-1, dyb-1, dyc-1, dyci-1, dyn-1, dyrb-1, dys-1, eat-17, ebax-1, ebp-1, ect-2, edc-3, edg-1, eel-1, efa-6, efl-1, efn-4, egal-1, egg-3, egg-4, egl-1, egl-27, egl-9, ehbp-1, ehs-1, eif-3.D, ekl-1, elb-1, elc-1, emb-30, emc-2, epg-6, epg-7, epg-8, epg-9, eps-8, erh-2, eri-1, eri-12, eri-3, eri-5, erm-1, etc-1, eva-1, exc-6, exc-7, exc-9, eya-1, famh-161, fan-1, fath-1, fbf-1, fbf-2, fbxa-101, fbxa-164, fbxa-166, fbxa-167, fbxa-196, fbxc-20, fbxc-53, fem-1, fem-2, fem-3, figl-1, fln-1, fnta-1, fntb-1, fog-2, fos-1, frm-1, frm-3, fsn-1, ftn-1, ftn-2, ftt-2, fubl-1, fzy-1, gad-1, gbas-1, gck-1, gck-3, gclm-1, gcn-1, gcna-1, gcs-1, gei-1, gei-13, gei-18, gei-4, gei-8, gex-2, gex-3, gex-4, gfat-1, gkow-1, gla-3, gld-1, gld-2, gld-3, gldi-4, glh-1, glh-2, glh-3, glo-2, glr-1, gls-1, gmeb-3, gmn-1, goa-1, gop-2, gopc-1, gpa-13, gpa-14, gpa-16, gpa-6, gpa-7, gpch-1, gpr-1, grd-7, gsk-3, gsp-1, gsp-2, gst-1, gst-19, gst-23, gst-39, gtbp-1, hcf-1, hcp-1, hcp-2, hcp-4, hda-1, hif-1, him-10, him-14, him-18, him-6, his-24, his-9, hlh-2, hmbx-1, hmg-1.2, hmp-1, hmp-2, hmr-1, hpl-1, hpl-2, hpo-34, hrpc-1, hrpk-1, hsb-1, hsf-1, hsp-1, hsp-90, hum-10, hum-2, hus-1, hxk-1, hyls-1, icd-1, icd-2, icp-1, idpp-12, idpp-3, ifa-4, ifb-1, ifb-2, ifbp-1, ife-1, ife-2, ife-3, ifet-1, iff-1, ift-74, ift-81, ify-1, ikb-1, ikke-1, ilcr-1, ilcr-2, ima-1, ima-2, ima-3, ina-1, inso-1, itr-1, itsn-1, jac-1, jnk-1, jun-1, kbp-1, kbp-2, kbp-3, kbp-4, kbp-5, kca-1, kgb-1, kin-10, kin-29, kin-3, klc-1, klc-2, kle-2, klp-3, knl-1, knl-3, ksr-2, kvs-1, kxd-1, lab-1, lad-2, lap-1, lbp-6, lec-1, lec-3, lect-2, lelo-1, lem-2, lem-4, let-418, let-49, let-60, let-756, let-92, let-99, lgg-1, lgg-2, lim-7, lim-9, lin-1, lin-10, lin-12, lin-15A, lin-2, lin-28, lin-29, lin-35, lin-36, lin-37, lin-40, lin-5, lin-52, lin-53, lin-54, lin-56, lin-7, lin-9, lip-1, lir-1, lis-1, lit-1, lmn-1, lntl-1, lon-1, lov-1, lrp-1, lrp-2, lrr-1, lsm-5, lsm-7, lst-4, lsy-22, lys-8, mab-10, mab-3, mac-1, madd-2, mag-1, magi-1, magu-1, magu-2, magu-4, mau-8, mbk-1, mbk-2, mcm-4, mcm-6, mdf-1, mdf-2, mdl-1, mdt-15, mdt-21, mdt-29, mdt-6, mec-3, mec-8, meg-1, meg-2, meg-3, meg-4, mei-1, mei-2, mel-26, mep-1, mes-2, mes-3, mes-6, metl-13, mex-3, mig-10, mig-2, mig-5, mix-1, mksr-1, mksr-2, mlh-1, mml-1, mnr-1, mog-1, mog-2, mog-3, mog-4, mog-5, mom-4, mpk-1, mppa-1, mppb-1, mps-1, mps-3, mpz-1, mrg-1, mrpl-12, mrt-2, msh-5, mtm-1, mtss-1, mtx-1, mup-4, mus-81, mut-7, mxl-1, mxl-2, mxt-1, myrf-1, myrf-2, nasp-1, nck-1, ndc-80, ndk-1, ned-8, nfm-1, nfya-1, nfyb-1, nfyc-1, nhl-1, nhr-111, nhr-114, nhr-13, nhr-17, nhr-181, nhr-19, nhr-20, nhr-22, nhr-234, nhr-25, nhr-47, nhr-49, nhr-66, nhr-67, nhr-69, nhr-76, nhr-91, nmad-1, nob-1, nos-3, nova-1, npl-4.1, npl-4.2, npp-1, npp-11, npp-13, npp-3, npp-4, npp-5, npp-9, nra-2, nra-4, nrde-2, nrde-3, nrf-5, nrfl-1, nsf-1, ntl-2.1, ntl-3, ntl-4, nud-2, num-1, numr-2, nxf-2, nxt-1, oma-1, oma-2, otub-1, paa-1, pab-1, pac-1, pah-1, pak-1, pal-1, par-1, par-2, par-3, par-4, par-5, par-6, pas-1, pas-2, pas-4, pas-5, pas-6, pas-7, pat-12, pat-3, pat-4, pat-6, pax-3, paxt-1, pbs-2, pbs-3, pbs-6, pcn-1, pct-1, pcyt-2.1, pdl-1, pfkb-1.1, pgl-1, pgl-3, phaf-1, phm-2, picc-1, pid-1, pid-3, pie-1, pik-1, piki-1, pkc-3, plk-1, plk-2, plx-1, plx-2, pms-2, pole-3, pole-4, polh-1, pop-1, ppfr-1, ppfr-4, pph-4.1, pptr-1, pptr-2, pqm-1, pqn-54, pqn-59, pqn-71, praf-3, prp-21, prp-9, prx-19, prx-5, pry-1, psmd-9, psr-1, ptpn-22, puf-3, pup-2, pxf-1, pxl-1, rab-10, rab-19, rab-3, rab-35, rab-39, rab-5, rab-6.1, rab-6.2, rab-8, rabi-1, rabs-5, rabx-5, rac-2, rack-1, rad-51, ran-1, rba-1, rbg-2, rbm-3.2, rcan-1, rde-1, rde-12, rde-2, rde-4, rei-1, repo-1, rfc-3, rfc-4, rfp-1, rfs-1, rga-2, rgs-7, rhgf-2, rho-1, rib-2, ric-19, ric-8, rimb-1, rip-1, rle-1, rme-4, rme-6, rme-8, rmh-1, rmif-2, rnf-1, rnf-5, rnp-3, rnp-4, rod-1, rpa-1, rpa-2, rpb-8, rpl-36, rpl-6, rpm-1, rpn-11, rpn-12, rpn-3, rpn-8, rpn-9, rps-10, rps-16, rps-21, rpsa-1, rpt-1, rpt-4, rpt-5, rpy-1, rrc-1, rrf-1, rrf-3, rsa-1, rsa-2, rsf-1, rsp-3, rsu-1, rsy-1, rund-1, ruvb-1, ruvb-2, sad-1, sams-1, sams-3, sams-4, san-1, sand-1, sao-1, sap-49, sas-5, sas-6, sax-3, sax-7, sbp-1, scpl-1, scrm-1, scrm-5, scrm-6, scrm-8, sdn-1, sec-16A.1, sec-3, secs-1, sedl-1, sel-10, sel-12, sel-7, sem-4, sem-5, sep-1, sepa-1, set-6, sftb-2, sgk-1, sgt-1, shc-1, shn-1, siah-1, sin-3, sipa-1, sir-2.1, sir-2.4, skn-1, skp-1, skr-1, skr-2, skr-20, slfl-5, sli-1, slo-1, sma-6, smc-4, smg-2, smg-5, smg-7, smi-1, smn-1, smo-1, smu-1, smu-2, snf-6, snfc-5, snn-1, snpn-1, snr-4, snr-5, snx-1, snx-6, sol-1, sol-2, sop-2, sop-3, sor-1, sorb-1, sorf-1, sorf-2, sox-2, spat-1, spd-2, spd-5, spdl-1, spe-39, spe-4, spe-44, spe-47, spk-1, spn-4, spr-5, sptf-2, sqst-1, sqst-2, src-1, srlf-35, srlf-4, srp-6, ssp-31, sta-1, sta-2, stam-1, sti-1, stn-1, sun-1, sup-12, sup-17, sup-26, sup-36, sup-46, sut-1, sut-2, svh-2, swan-1, swsn-1, syd-2, syd-9, syf-1, syg-1, syg-2, syp-1, syp-2, syp-3, syp-4, sys-1, syx-16, syx-4, syx-5, szy-20, szy-4, tac-1, taf-4, tag-250, tag-343, tat-1, tax-6, tbc-2, tbc-8, tbx-38, tbx-39, tdp-1, teg-1, tfg-1, tir-1, tlk-1, tmem-132, tns-1, toca-1, toca-2, toe-2, tofu-1, tofu-2, tofu-6, tomm-20, top-2, top-3A, tost-1, tpxl-1, tra-1, tra-2, tra-4, trap-4, trpp-3, trpp-4, trpp-5, tsg-101, tsp-12, tsp-14, tsp-21, ttr-52, ttx-1, txbp-3, tyr-1, uaf-1, ubc-1, ubc-13, ubc-18, ubc-9, ubh-4, ubxn-1, ubxn-2, ubxn-3, ubxn-4, ubxn-5, ubxn-6, ufd-1, ufd-2, ufd-3, ule-3, ulp-4, unc-10, unc-104, unc-108, unc-11, unc-112, unc-115, unc-116, unc-119, unc-130, unc-14, unc-16, unc-18, unc-33, unc-34, unc-37, unc-39, unc-40, unc-41, unc-43, unc-45, unc-49, unc-50, unc-51, unc-53, unc-54, unc-59, unc-61, unc-62, unc-64, unc-68, unc-69, unc-76, unc-83, unc-84, unc-87, unc-89, unc-95, unc-96, unc-97, unc-98, uso-1, usp-46, utp-14, vab-1, vab-10, vab-19, vab-3, vab-8, vab-9, vet-6, vpr-1, vps-33.1, vps-33.2, vps-34, vps-37, vps-39, vps-45, vps-51, vps-52, vps-53, vps-54, vrk-1, wbp-2, wdfy-2, wdr-20, wdr-23, wdr-48, wdr-5.1, wdr-83, wnk-1, wrm-1, wrn-1, wsp-1, wve-1, wwp-1, xpf-1, xrep-4, xrn-2, zen-4, zer-1, zfp-1, zfp-3, zhp-1, zhp-2, zif-1, zip-11, zip-2, zip-3, zip-4, zip-5, zip-7, zip-9, zipt-7.1, znf-782, ztf-11, ztf-17, ztf-2, zwl-1, zyg-1, zyg-11, zyg-12, zyg-8, zyg-9, zyx-1"
GO:0006865,27,"B0454.6, C09E8.1, C50D2.2, F13H10.3, F23F1.6, F56F4.3, Y51F10.4, Y53F4B.12, aat-6, dat-1, glt-4, laat-1, mod-5, sfxn-1.1, sfxn-1.2, sfxn-1.3, sfxn-1.4, sfxn-1.5, sfxn-2, sfxn-5, skat-1, snf-11, snf-2, snf-3, snf-5, snf-7, snf-9"
GO:0015807,4,"aat-6, nrfl-1, pept-1, slc-36.4"
GO:0016324,91,"Y46G5A.29, ZK563.2, aat-6, aex-6, aff-1, ajm-1, amn-1, aqp-4, catp-5, cav-2, ccm-3, chc-1, che-14, cnt-1, csq-1, cutl-20, cutl-24, cutl-26, cutl-29, dcar-1, dlg-1, egg-6, egl-26, erm-1, exc-4, exl-1, gck-1, grl-7, hmit-1.1, hmit-1.2, hmit-1.3, ifb-1, kcc-3, kri-1, let-23, let-4, let-653, lin-12, lnkn-1, lrp-1, mtm-1, mtm-6, mtm-9, myrf-1, myrf-2, nekl-3, nhx-2, noca-1, nrfl-1, orai-1, osm-11, pan-1, par-3, pat-12, pept-1, pept-2, pept-3, pgp-1, pgp-14, pgp-3, pkc-3, ptc-3, ptr-18, pxf-1, rab-11.1, rab-8, rhr-2, sgk-1, sid-2, sma-1, smf-1, smf-2, smf-3, snap-29, spv-1, sulp-4, sulp-5, tat-1, toca-1, trx-3, tsp-14, ttm-1, vab-10, vang-1, vha-17, vha-20, vha-5, vha-6, vha-8, vps-33.1, wts-1"
GO:0030165,4,"aat-6, elks-1, snf-6, vang-1"
GO:0080144,4,"aat-6, laat-1, nrfl-1, pept-1"
GO:0009986,91,"C03H12.1, C14B9.2, C27D9.2, F26G1.11, F26G1.3, F38A5.22, F58E6.13, aat-9, aqp-5, aqp-8, casy-1, ced-1, eat-20, glr-1, gpn-1, ina-1, kal-1, lect-2, lon-2, mab-20, nep-2, nlg-1, nlp-4, pat-2, pat-3, phb-2, plx-2, sdn-1, spe-9, sul-1, ttr-1, ttr-10, ttr-11, ttr-12, ttr-13, ttr-14, ttr-15, ttr-16, ttr-17, ttr-18, ttr-19, ttr-2, ttr-20, ttr-21, ttr-22, ttr-23, ttr-24, ttr-25, ttr-26, ttr-27, ttr-28, ttr-29, ttr-3, ttr-30, ttr-31, ttr-32, ttr-33, ttr-34, ttr-35, ttr-36, ttr-37, ttr-38, ttr-39, ttr-40, ttr-41, ttr-43, ttr-44, ttr-45, ttr-46, ttr-47, ttr-48, ttr-49, ttr-5, ttr-50, ttr-51, ttr-52, ttr-53, ttr-54, ttr-55, ttr-56, ttr-58, ttr-59, ttr-6, ttr-7, ttr-8, ttr-9, wrt-1, wrt-4, wrt-6, wrt-8, zmp-1"
GO:0005576,459,"B0393.5, B0403.3, C03H5.4, C07E3.9, C07G3.10, C08F11.12, C08F11.17, C08G9.2, C27B7.7, C27D9.2, C31H1.5, C35A5.6, C39D10.7, C40H5.2, C44B12.6, C44B7.5, C49H3.16, C50D2.7, E02H4.4, EGAP4.1, F07A5.4, F07F6.7, F07F6.8, F09B12.3, F14F9.5, F22E12.1, F23H12.5, F25D1.3, F26C11.3, F26E4.3, F26G1.11, F26G1.3, F29G6.1, F32A5.4, F35B12.10, F35C11.5, F37H8.5, F38A5.22, F46C5.4, F48C5.2, F54E2.2, H10E21.4, H27A22.1, K07D4.5, K10C3.4, R01E6.2, R02F2.4, R05A10.4, R08F11.7, R12A1.3, T01D3.3, T28C12.6, W01A8.8, Y32F6A.5, Y37D8A.2, Y45F10C.2, Y45F10C.4, Y48G1C.13, Y52B11A.8, Y54F10AM.8, Y59C2A.1, Y64G10A.7, Y69A2AL.2, Y73F4A.1, Y73F4A.2, ZC412.3, ZC84.1, ZK669.3, ZK813.6, ZK856.5, aaim-1, abf-1, abf-2, ace-1, adt-1, adt-2, adt-3, aex-5, asah-1, asm-1, asm-2, asm-3, asp-1, asp-12, asp-13, asp-15, asp-16, asp-17, asp-18, asp-2, asp-3, asp-4, asp-5, asp-6, asp-7, asp-8, asp-9, bgal-1, btb-14, cah-1, cah-2, cah-5, casy-1, cbd-1, cbn-1, cht-1, cht-3, cht-4, chtb-1, cle-1, clec-160, clec-161, clec-162, clec-180, clec-205, clec-49, clec-91, cof-2, col-14, col-19, col-34, col-40, cpg-1, cpg-2, cpi-2, cpl-1, cpr-4, cpz-1, crb-1, cri-2, crim-1, cubn-1, cut-1, cut-2, cutl-28, cwn-1, cwn-2, daf-28, daf-7, dao-4, dbl-1, ddo-3, dex-1, dgn-1, dig-1, dpy-10, dpy-11, dpy-17, dpy-31, dsl-1, dyf-4, dyf-7, egl-20, egl-3, emb-9, endu-1, epi-1, exc-13, famk-1, far-1, far-2, far-3, far-4, far-5, far-6, far-7, far-8, fbl-1, fbn-1, flp-1, flp-11, flp-13, flp-14, flp-16, flp-17, flp-18, flp-19, flp-21, flp-22, flp-23, flp-24, flp-25, flp-26, flp-27, flp-3, flp-4, flp-5, flp-6, flp-7, flp-8, flp-9, gars-1, gon-1, gplb-1, gpx-3, gpx-4, gpx-5, grd-2, grd-3, grd-5, grd-7, hch-1, heh-1, her-1, him-4, hpx-2, hrg-7, hse-5, ilc-17.1, ilys-3, ins-1, ins-11, ins-13, ins-15, ins-17, ins-19, ins-2, ins-20, ins-21, ins-22, ins-23, ins-24, ins-25, ins-26, ins-27, ins-28, ins-29, ins-3, ins-30, ins-31, ins-32, ins-33, ins-37, ins-4, ins-5, ins-6, ins-7, ins-8, ins-9, irg-7, kal-1, lam-1, lam-3, lbp-1, lbp-2, lbp-3, lea-1, lect-2, let-2, let-268, let-653, lev-9, lin-44, lipl-1, lipl-3, lipl-5, lmd-4, lmd-5, lon-8, lpr-1, lpr-2, lpr-3, lpr-4, lpr-6, lrpc-1, lury-1, mab-20, madd-4, manf-1, mec-9, mif-1, mig-17, mig-18, mig-6, mihp-1, mlt-10, mnr-1, mom-2, mua-3, mup-4, nas-1, nas-11, nas-12, nas-13, nas-14, nas-15, nas-16, nas-17, nas-18, nas-19, nas-2, nas-20, nas-21, nas-22, nas-23, nas-24, nas-25, nas-27, nas-28, nas-29, nas-3, nas-31, nas-32, nas-33, nas-36, nas-37, nas-38, nas-39, nas-4, nas-5, nas-6, nas-7, nas-8, nas-9, ndnf-1, nid-1, nlp-13, nlp-28, nlp-29, nlp-30, nlp-31, nlp-32, nlp-33, nlp-4, nlp-40, nlp-68, nlp-8, nrf-5, ntc-1, nucb-1, oig-1, oig-4, osm-8, ost-1, pam-1, pamn-1, pdf-1, perm-5, pgal-1, pghm-1, pgrn-1, ppt-1, pqn-74, pxn-1, pxn-2, qua-1, rnst-2, sbt-1, sfrp-1, slt-1, smoc-1, snet-1, sod-4, spi-1, spon-1, sqt-3, suro-1, svh-1, swm-1, tag-131, tep-1, test-1, thn-1, thn-2, thn-4, thn-5, thn-6, tig-2, tig-3, timp-1, toh-1, try-5, ttr-1, ttr-10, ttr-11, ttr-12, ttr-13, ttr-14, ttr-15, ttr-16, ttr-17, ttr-18, ttr-19, ttr-2, ttr-20, ttr-21, ttr-22, ttr-23, ttr-24, ttr-25, ttr-26, ttr-27, ttr-28, ttr-29, ttr-3, ttr-30, ttr-31, ttr-32, ttr-33, ttr-34, ttr-35, ttr-36, ttr-37, ttr-38, ttr-39, ttr-40, ttr-41, ttr-43, ttr-44, ttr-45, ttr-46, ttr-47, ttr-48, ttr-49, ttr-5, ttr-50, ttr-51, ttr-52, ttr-53, ttr-54, ttr-55, ttr-56, ttr-58, ttr-59, ttr-6, ttr-7, ttr-8, ttr-9, txt-8, ule-1, ule-4, unc-122, unc-129, unc-52, unc-6, vit-1, vit-2, vit-3, vit-4, vit-5, vit-6, wrt-1, wrt-2, wrt-3, wrt-4, wrt-5, wrt-6, wrt-7, wrt-8, wrt-9, zig-2, zig-3, zig-4, zig-5, zig-6, zig-7, zig-8, zmp-2, zmp-3"
GO:0098542,7,"abf-1, abf-2, arid-1, fkh-9, hcf-1, mpk-1, sin-3"
GO:0003674,123,"B0024.3, B0361.4, B0495.5, C02F12.5, C10A4.3, C50C3.5, F01D5.5, F21H7.12, F26C11.3, F26F2.1, F54C8.6, F54H12.5, K01A12.2, M01A8.1, M106.2, R07E5.7, T28A11.16, W10G11.1, ZK1320.7, ZK177.1, ZK353.4, abf-2, abf-3, abu-1, aex-1, aph-1, bbs-1, bbs-8, bca-1, bir-1, bir-2, cdkr-3, cdr-1, che-13, che-2, clec-160, clec-180, cln-3.1, cln-3.2, cln-3.3, cnc-2, col-145, coq-4, ctf-8, cup-16, cwp-5, cyk-7, der-2, dnj-11, dod-24, dpy-23, dss-1, dyf-3, ego-2, elli-1, era-1, eri-3, farl-11, fog-3, gcna-1, hid-1, him-17, him-5, irg-1, irg-2, kle-2, let-99, lin-13, lin-65, lin-66, lir-2, lon-8, ltd-1, maco-1, mask-1, mbug-1, mfsd-6, mig-13, mig-39, mks-6, mut-16, ncr-1, nhr-5, nlp-29, noca-1, nop-1, nphp-1, nphp-2, odr-2, ooc-3, osm-1, osm-5, osm-6, pals-5, prde-1, qui-1, rec-1, rer-1, ric-7, scl-5, semi-1, soap-1, spe-11, spe-4, srd-2, srf-2, sysm-1, tcl-2, ten-1, thn-1, thn-2, thn-4, thn-5, thn-6, tipn-1, tmem-231, tram-1, tsct-1, ttc-39B, ttr-5, unc-122, xol-1, yap-1"
GO:0031640,13,"F23H12.5, Y43C5A.3, abf-2, ilys-1, ilys-2, ilys-3, ilys-4, ilys-5, ilys-6, lys-5, nlp-29, nlp-31, nlp-33"
GO:0042742,19,"abf-2, bli-3, ced-1, duox-2, egl-5, grh-1, ilys-1, ilys-2, ilys-3, ilys-4, ilys-5, ilys-6, lys-5, nlp-29, nlp-31, pmk-1, skn-1, smk-1, tir-1"
GO:0050829,122,"B0024.4, C23G10.1, C49C3.9, C55A6.7, F17E9.3, F20G2.5, F26F12.5, F32G8.3, F41C3.8, F45E4.5, F59A7.2, T19D12.4, T25B9.9, Y43C5A.3, abf-2, abf-3, abl-1, acdh-1, aqp-1, atf-7, atfs-1, atp-2, bpnt-1, cebp-1, cebp-2, ced-3, ced-4, ced-9, clec-174, cnc-2, col-179, col-54, crh-2, daf-1, daf-16, daf-19, daf-2, daf-3, daf-7, daf-8, dbl-1, dct-17, dct-5, decr-1.1, dkf-2, dod-22, dod-24, eef-2, egl-1, elt-2, elt-7, endu-2, fic-1, fmo-2, fshr-1, gcy-35, goa-1, gpa-2, gpa-3, grd-3, gst-1, his-67, his-7, hlh-30, hrg-3, hsf-1, hsp-16.11, hsp-16.41, hsp-90, ikb-1, irg-1, irg-2, irg-4, kgb-1, lipl-5, lys-1, lys-2, lys-7, maoc-1, mbug-1, mev-1, mlk-1, nhr-112, nhr-14, nhr-23, nipi-3, nlp-27, nlp-31, nlp-62, nsy-1, pax-1, pgp-1, pgp-3, pgp-5, pmk-1, pqm-1, prx-11, rad-8, sca-1, sek-1, skn-1, skr-3, smf-3, spg-7, spp-1, spp-3, spp-5, ssp-37, swt-7, thn-1, thn-2, tir-1, tol-1, trf-1, ttr-21, vab-9, wwp-1, xbp-1, zip-11, zip-2, zip-4, zmp-2"
GO:0050830,76,"C50F4.8, F43C11.7, F53A9.8, R08F11.7, abf-2, adh-1, atg-16.2, bar-1, bli-3, cebp-1, clc-1, clec-172, clec-218, clec-264, clec-52, clec-60, clec-61, clec-7, clec-70, clec-71, clec-78, clec-82, cyp-37B1, daf-16, dbl-1, dcr-1, dkf-1, dkf-2, drd-50, egl-30, ftn-2, gale-1, his-24, hlh-30, hpx-2, hsf-1, ilys-1, ilys-2, ilys-3, ilys-5, ilys-6, irg-5, ksr-1, lec-8, lgg-1, lgg-2, lin-25, lin-45, lys-1, lys-2, lys-4, lys-5, lys-7, math-38, mek-2, mpk-1, nasp-1, nipi-3, nsy-1, pgp-5, plc-1, pmk-1, sek-1, skpo-1, sma-6, spl-2, spp-1, spp-12, spp-2, spp-3, spp-5, srb-6, sur-2, thn-2, unc-32, wwp-1"
GO:0050832,30,"abf-2, abl-1, bli-3, cnc-1, cnc-11, cnc-2, cnc-4, cnc-5, cnc-6, daf-4, dbl-1, dcar-1, gpa-12, lys-7, nipi-3, nipi-4, nlp-29, nlp-31, nlp-33, nsy-1, pkc-3, pmk-1, rack-1, rga-6, sek-1, sma-3, sma-6, sta-2, tir-1, tpa-1"
GO:0045087,317,"C08E8.4, C09E7.7, C09E7.8, C14C11.4, C14C6.5, C16A11.5, C17H12.6, C17H12.8, C18D11.10, C18D11.6, C18D11.9, C18E9.9, C25D7.5, C29F3.7, C32H11.3, C32H11.4, C33H5.13, C34H4.1, C37A5.3, C37A5.5, C37A5.6, C39H7.4, C42D8.1, C49C3.9, C49G7.10, C49G7.13, C50F4.9, C55A6.7, D2007.1, E04D5.4, F01D5.1, F01D5.2, F01D5.3, F01D5.5, F07C4.10, F07C4.11, F07C4.6, F08F3.4, F08G2.5, F10A3.4, F11D11.3, F13A7.11, F16H6.10, F16H6.3, F18G5.6, F18H3.4, F19B10.10, F20G2.5, F22H10.2, F26D2.13, F26D2.14, F26F2.1, F31F7.1, F35E12.10, F35E12.2, F35E12.6, F35E12.9, F35E8.1, F35E8.13, F35E8.2, F35E8.6, F35E8.7, F35E8.9, F39G3.5, F40A3.1, F41C3.8, F46B3.1, F47B8.4, F49F1.5, F49F1.7, F52E1.5, F52G3.5, F53A9.6, F54B11.11, F54B8.4, F54D5.4, F55G11.2, F55G11.6, F55G11.7, F55G11.8, F56D2.5, F56F10.1, F59B1.8, H20E11.1, H20E11.2, H20E11.3, K03A11.6, K04A8.1, K05F1.10, K08D8.4, K08D8.5, K09D9.1, K10D11.2, K12H4.7, M01H9.2, M04C3.2, M04G7.1, M05D6.8, M163.11, PDB1.1, R02D3.8, R12E2.13, T05B4.10, T05B4.12, T05B4.13, T05B4.8, T05B4.9, T06C12.14, T19D12.4, T22B2.1, T25D10.1, Y105C5B.11, Y17G7B.8, Y17G9B.5, Y39G8B.10, Y39G8B.7, Y39G8B.9, Y41C4A.8, Y43F8B.2, Y45F3A.8, Y46H3D.8, Y47G6A.14, Y73C8C.3, Y73C8C.8, ZK1055.7, ZK1320.2, ZK218.1, ZK218.11, ZK218.3, ZK218.5, ZK218.7, ZK228.4, ZK673.1, abf-3, acdh-1, akir-1, akt-1, akt-2, apm-1, aqp-1, aqp-10, argn-1, asp-12, asp-14, atfs-1, cdc-50.B, cdr-4, cebp-2, clc-1, clc-11, clc-19, cld-9, clec-186, clec-187, clec-41, clec-62, clec-66, clec-68, clec-86, cnc-1, cnc-11, cnc-2, cnc-4, cnc-5, cnc-6, cnnm-3, col-179, comt-2, cpr-3, crn-2, cyp-35A5, daf-16, daf-2, daf-4, dapk-1, dbl-1, dct-17, dct-19, decr-1.1, dkf-2, dod-17, dod-19, dod-22, dod-24, drd-50, drh-1, drh-3, elt-2, endu-2, fat-2, fat-6, fbxa-105, fbxa-116, fbxa-150, fbxa-30, fbxa-59, fbxa-60, fbxa-78, fbxc-58, fdr-1, fipr-22, fipr-23, fipr-24, fos-1, fshr-1, gpx-1, gst-1, gst-13, gst-24, gst-38, gst-5, gst-6, gst-7, gstk-1, his-41, his-44, his-66, his-67, his-7, his-8, hsf-1, ins-11, irg-1, irg-2, irg-3, irg-4, irg-5, irg-7, irg-8, klf-3, lec-11, lys-1, lys-10, lys-2, lys-3, lys-4, lys-5, lys-6, lys-7, lys-8, lys-9, maoc-1, mbug-1, mev-1, mig-2, mul-1, nasp-1, nhr-107, nhr-112, nhr-115, nhr-139, nhr-140, nhr-150, nhr-161, nhr-162, nhr-163, nhr-271, nhr-50, nhr-57, nhr-63, nhr-94, nlp-33, nspg-10, nsy-1, orai-1, pals-23, pals-5, pgp-1, pgp-3, phat-3, phat-4, phat-5, phat-7, pik-1, pkc-3, pmk-1, pnp-1, pqm-1, prx-11, pyp-1, rad-8, rpc-2, rsu-1, sek-1, set-11, sir-2.2, skpo-1, skr-3, sma-3, sma-6, sox-4, spp-1, spp-18, spp-3, srdf-2.2, swt-7, sysm-1, tag-244, tag-293, thn-1, tir-1, tli-1, trf-1, try-10, try-3, try-4, try-5, try-9, tsp-1, txt-9, ugt-44, ulp-4, vab-9, valv-1, vem-1, zip-10, zip-2"
GO:0000077,17,"D1053.2, abl-1, atl-1, clk-2, dot-1.1, dot-1.2, dot-1.3, dot-1.4, dot-1.5, gen-1, him-6, hpr-17, hpr-9, hsr-9, hus-1, mrt-2, uri-1"
GO:0000166,1089,"B0001.4, B0198.3, B0207.6, B0207.7, B0218.5, B0511.6, C01C4.3, C02F5.3, C02H6.1, C03B1.5, C03C10.2, C05C10.2, C05C12.1, C08F8.2, C08F8.6, C09D4.3, C10G11.8, C11G6.2, C14A4.13, C16A11.10, C16D9.6, C17A2.3, C18H7.4, C23H4.6, C24H12.4, C25A8.5, C25F9.2, C25H3.1, C26D10.4, C26E6.12, C27D6.11, C27D8.1, C28H8.3, C29F7.3, C30F12.2, C34F11.5, C35E7.10, C37C3.2, C37H5.14, C38H2.2, C39B5.6, C44C10.7, C44H4.6, C46F11.4, C53H9.2, C55B7.10, C55C3.4, C56A3.8, C56C10.6, C56G2.5, D2024.1, D2030.2, D2045.5, D2045.7, E02H1.6, E03H4.3, F07A11.5, F07H5.10, F09A5.2, F09C12.2, F11E6.8, F11F1.1, F11G11.13, F14H3.12, F19B6.1, F21D5.7, F21F3.2, F22B3.8, F22F1.2, F23C8.7, F23C8.8, F25B5.3, F25B5.6, F25D1.5, F26D11.1, F26E4.5, F28C10.3, F31E3.2, F32B5.1, F32D8.13, F33D11.10, F36H12.9, F38A1.8, F38B2.4, F38B6.4, F38E1.3, F39F10.2, F39F10.3, F40F8.1, F44B9.8, F44E5.5, F46B6.4, F46B6.6, F46F11.1, F46H5.3, F47F2.1, F49H6.5, F52C12.6, F53C3.1, F53H4.6, F54E12.2, F54H5.2, F55F10.1, F55F8.2, F56F11.4, F56H6.1, F57B9.3, F57B9.8, F59A3.8, F59A6.4, F59E12.15, F59F5.3, H05L14.1, H12I13.1, H20J04.4, K02F3.12, K03H1.13, K06H7.8, K07A3.3, K07E3.4, K08H2.5, K09B11.5, K10C3.5, M01E5.2, M01G12.14, M01G12.7, M01G12.9, M03C11.1, M106.7, M176.9, R02C2.1, R03D7.2, R04A9.7, R05D3.12, R05H5.4, R06A10.4, R09D1.12, R107.2, R11E3.1, R11F4.1, R13H9.6, R151.1, R186.3, T05A12.4, T05A7.6, T05G5.5, T06C10.3, T07F12.4, T14G8.3, T15B12.2, T19C9.10, T19D12.5, T21G5.1, T22D1.3, T23H2.3, T24H7.2, T25B9.4, T25B9.5, T26G10.1, T28D6.6, T28F3.5, VY10G11R.1, W01B6.5, W02B12.12, W02H5.8, W03A5.1, W04B5.5, W04G5.10, W06F12.3, W09C3.1, W09D10.5, W10C8.5, Y105C5A.24, Y106G6D.4, Y106G6D.5, Y106G6E.1, Y106G6E.4, Y10G11A.1, Y111B2A.1, Y116A8C.10, Y116A8C.24, Y116A8C.38, Y116F11A.1, Y119D3B.14, Y18D10A.3, Y19D2B.1, Y38C1AB.5, Y38E10A.8, Y38H6C.20, Y38H8A.4, Y39G8C.2, Y41D4A.6, Y43C5B.2, Y43D4A.6, Y47G6A.5, Y47H10A.3, Y47H10A.4, Y47H10A.5, Y48B6A.13, Y52D5A.2, Y52E8A.1, Y53F4B.1, Y54E10BR.2, Y54E2A.4, Y54G11A.3, Y55F3BR.1, Y57G11C.43, Y60A3A.16, Y61A9LA.10, Y65B4A.8, Y66D12A.7, Y69E1A.3, Y69F12A.1, Y73B6A.1, Y94H6A.5, ZC250.2, ZC434.8, ZC487.1, ZC581.2, ZC581.7, ZC8.6, ZK1236.1, ZK354.6, ZK507.1, ZK512.2, ZK524.4, ZK596.2, ZK622.1, ZK666.8, ZK673.2, ZK686.2, aak-1, aak-2, aars-1, aars-2, abce-1, abcf-1, abcf-2, abcf-3, abl-1, abt-2, abt-4, abt-5, abtm-1, acdh-11, acly-1, acly-2, acox-1.1, acox-1.2, acox-1.3, acox-1.4, acox-1.5, acox-1.6, acs-13, acs-18, acs-19, acs-22, acs-3, acs-5, acs-7, act-1, act-2, act-3, act-4, act-5, acy-4, adk-1, adss-1, aex-6, age-1, air-1, air-2, akt-1, akt-2, alh-13, arc-1, arf-1, arf-5, arf-6, argk-1, ark-1, arl-1, arl-13, arl-3, arl-5, arl-6, arl-8, arp-1, arx-1, arx-2, asna-1, asns-1, asns-2, atad-3, atl-1, atln-1, atm-1, atp-1, atp-2, bcs-1, ben-1, bmk-1, btf-1, bub-1, bus-4, cam-1, cars-1, cat-4, cat-6, catp-1, catp-2, catp-3, catp-4, catp-5, catp-6, catp-7, catp-8, cct-1, cct-2, cct-3, cct-4, cct-5, cct-6, cct-7, cct-8, cdc-42, cdc-48.1, cdc-48.2, cdc-48.3, cdc-7, cdk-1, cdk-11.1, cdk-11.2, cdk-12, cdk-14, cdk-2, cdk-4, cdk-5, cdk-7, cdk-8, cdk-9, cdkl-1, ced-10, ced-4, ced-7, cel-1, cerk-1, cft-1, cgh-1, cgp-1, chd-1, chd-3, chd-7, che-3, chk-1, chk-2, chkr-2, chl-1, cka-2, ckb-1, ckb-2, ckb-3, ckk-1, cku-70, cku-80, clpf-1, cmk-1, cnt-2, coq-8, crn-3, csb-1, csk-1, csnk-1, cst-1, cst-2, ctps-1, cua-1, daf-1, daf-11, daf-2, daf-4, dapk-1, dars-1, dars-2, dcr-1, ddr-1, ddr-2, ddx-10, ddx-15, ddx-17, ddx-19, ddx-23, ddx-27, ddx-35, ddx-46, ddx-52, dgk-1, dgk-2, dgk-3, dgk-4, dgk-5, dhc-1, dhsl-4, dkf-1, dkf-2, dli-1, dlk-1, dna-2, dog-1, dom-3, dph-6, dpy-27, dpyd-1, drh-1, drh-3, drn-1, drp-1, dtmk-1, dyf-5, dyn-1, ears-1, ears-2, eat-3, eat-6, eef-1A.2, eef-2, efk-1, eftu-2, egl-15, egl-30, egl-4, eif-2gamma, eif-4A3, enpl-1, eol-1, eral-1, erfa-3, eri-7, evl-20, famk-1, fars-1, fars-2, fars-3, fic-1, figl-1, flad-1, flr-4, frk-1, fzo-1, gars-1, gck-1, gck-2, gck-3, gcn-2, gcs-1, gcy-1, gcy-11, gcy-12, gcy-13, gcy-14, gcy-15, gcy-17, gcy-18, gcy-19, gcy-20, gcy-21, gcy-22, gcy-23, gcy-25, gcy-27, gcy-28, gcy-29, gcy-3, gcy-31, gcy-32, gcy-33, gcy-34, gcy-35, gcy-36, gcy-37, gcy-4, gcy-5, gcy-6, gcy-7, gcy-8, gcy-9, gdh-1, gex-4, gfm-1, gld-2, gld-4, glh-1, glh-2, glh-3, glh-4, gln-1, gln-2, gln-3, gln-5, gln-6, glo-1, glp-4, gmps-1, goa-1, gop-2, gpa-1, gpa-10, gpa-11, gpa-12, gpa-13, gpa-14, gpa-15, gpa-16, gpa-17, gpa-18, gpa-2, gpa-3, gpa-4, gpa-5, gpa-6, gpa-7, gpa-8, gpa-9, grk-1, grk-2, gro-1, gsa-1, gsk-3, gskl-1, gskl-2, gss-1, guk-1, haf-1, haf-2, haf-3, haf-4, haf-6, haf-7, haf-8, haf-9, hap-1, hars-1, hasp-1, hasp-2, hbs-1, hel-1, helq-1, him-14, him-6, hmt-1, hpk-1, hpo-31, hpr-17, hprt-1, hsp-1, hsp-110, hsp-3, hsp-4, hsp-6, hsp-60, hsp-70, hsp-75, hsp-90, hum-1, hum-2, hum-4, hum-5, hum-6, hum-7, hum-8, hxk-1, hxk-2, hxk-3, hzl-1, iars-1, iars-2, iffb-1, ifta-2, igcm-4, ikke-1, inf-1, ippk-1, ire-1, isw-1, jkk-1, jnk-1, kars-1, kbrl-1, kgb-1, kgb-2, kin-1, kin-14, kin-15, kin-16, kin-18, kin-19, kin-2, kin-20, kin-21, kin-24, kin-26, kin-29, kin-3, kin-32, kin-33, kin-34, kin-35, kin-5, kin-9, klp-11, klp-12, klp-13, klp-15, klp-16, klp-17, klp-18, klp-19, klp-20, klp-3, klp-4, klp-6, klp-7, ksr-1, laf-1, lars-1, lars-2, let-23, let-355, let-363, let-418, let-502, let-60, let-70, let-754, lex-1, lfe-2, lig-1, lin-18, lin-45, lit-1, lonp-1, lonp-2, lrk-1, mac-1, madd-3, mak-1, mak-2, mapk-15, mars-1, mars-2, max-2, mbk-1, mbk-2, mca-1, mca-2, mca-3, mccc-1, mccc-2, mcm-2, mcm-3, mcm-4, mcm-5, mcm-6, mcm-7, mcp-1, mec-12, mec-7, mei-1, mek-1, mek-2, mek-5, mekk-3, mel-46, mes-1, mig-15, mig-2, miro-1, mix-1, mkk-4, mlck-1, mlk-1, mmaa-1, mmab-1, mnk-1, moc-3, moc-5, moc-6, mog-1, mog-4, mog-5, mom-4, morc-1, mpk-1, mpk-2, mrck-1, mrp-1, mrp-2, mrp-3, mrp-4, mrp-5, mrp-6, mrp-7, mrp-8, mrpl-39, msh-2, msh-5, msh-6, mspn-1, mtcu-1, mtg-1, mtk-1, mtr-4, mttu-1, mut-14, myo-1, myo-2, myo-3, myo-5, myo-6, nadk-2, nars-1, nars-2, nath-10, ndk-1, ndx-4, nekl-1, nekl-2, nekl-3, nekl-4, nft-1, ngp-1, nimk-1, nipi-3, nipi-4, nmat-1, nmat-2, nmy-1, nmy-2, nmy-3, nnt-1, nog-1, nol-9, nsf-1, nst-1, nsy-1, nubp-1, odr-3, ola-1, old-1, old-2, ooc-5, orc-1, osm-3, paic-1, pak-1, pak-2, panl-3, pap-1, pap-2, pap-3, par-1, par-4, pars-1, pars-2, pcca-1, pch-2, pck-1, pck-2, pck-3, pct-1, pdhk-2, pdk-1, pdxk-1, pek-1, pfas-1, pfk-1.1, pfk-1.2, pfkb-1.1, pfkb-1.2, pgk-1, pgp-1, pgp-10, pgp-11, pgp-12, pgp-13, pgp-14, pgp-2, pgp-3, pgp-4, pgp-5, pgp-6, pgp-7, pgp-8, pgp-9, pgs-1, phkg-1, pif-1, pig-1, pik-1, pink-1, pkc-1, pkc-2, pkc-3, pkg-2, pkn-1, plk-1, plk-2, plk-3, pmk-1, pmk-2, pmk-3, pmp-1, pmp-2, pmp-3, pmp-4, pmr-1, pnk-1, pnk-4, pod-2, pola-1, pold-1, pole-1, polq-1, ppgn-1, ppk-1, ppk-2, ppk-3, pps-1, pqn-15, prk-1, prk-2, prpf-4, prx-1, prx-10, prx-6, pstk-1, pyc-1, pyk-1, pyk-2, pyr-1, qars-1, qns-1, rab-1, rab-10, rab-11.1, rab-11.2, rab-14, rab-18, rab-19, rab-21, rab-28, rab-3, rab-30, rab-33, rab-35, rab-37, rab-39, rab-5, rab-6.1, rab-6.2, rab-7, rab-8, rabr-1, rac-2, rad-50, rad-51, rad-54.B, rad-54.L, rad-54.L2, raga-1, ragc-1, ral-1, ran-1, rap-1, rap-2, rap-3, rars-1, rars-2, ras-1, ras-2, rcq-5, rde-12, rei-1, rei-2, rev-3, rfc-1, rfc-2, rfc-4, rfk-1, rfl-1, rha-1, rha-2, rheb-1, rho-1, riok-1, riok-2, riok-3, rme-1, rmh-2, rnr-1, rol-3, rpb-4, rpi-2, rpt-1, rpt-2, rpt-3, rpt-4, rpt-5, rpt-6, rsef-1, rskn-1, rskn-2, rsks-1, rtcb-1, rtel-1, ruvb-1, ruvb-2, sacy-1, sad-1, sahd-1, sams-1, sams-3, sams-4, sams-5, sar-1, sars-1, sars-2, sax-1, sca-1, scd-2, sek-1, sek-3, sek-4, sek-5, sek-6, sel-15, sel-5, seld-1, sgk-1, sid-3, skih-2, slfl-5, sma-5, sma-6, smc-4, smc-5, smc-6, smcl-1, smg-1, smg-2, smgl-2, smrd-1, snn-1, snrp-200, spas-1, spe-15, spe-5, spe-6, spe-8, spg-7, sphk-1, spk-1, src-1, src-2, ssl-1, stc-1, strd-1, suca-1, sucg-1, sucl-1, sucl-2, sur-5, svh-2, swsn-4, tag-191, tag-335, tag-344, tag-96, tars-1, tat-1, tat-2, tat-3, tat-4, tat-5, tat-6, tax-4, tba-1, tba-2, tba-4, tba-5, tba-6, tba-7, tba-8, tba-9, tbb-1, tbb-2, tbb-4, tbb-6, tbg-1, thk-1, tlk-1, top-2, tor-1, tor-2, tpa-1, tpk-1, trk-1, ttbk-3, ttbk-4, ttbk-5, ttbk-7, ttbk-8.1, ttbk-8.2, ttll-11, ttll-12, ttll-15, ttll-4, ttll-5, ttll-9, ttn-1, tufm-1, tufm-2, txt-2, uba-1, uba-2, uba-5, ubc-1, ubc-12, ubc-14, ubc-15, ubc-20, ubc-21, ubc-22, ubc-25, ubc-26, ubc-3, ubc-7, ubc-8, ubc-9, unc-104, unc-108, unc-116, unc-22, unc-43, unc-51, unc-54, unc-59, unc-61, unc-82, vab-1, vab-8, vars-1, vbh-1, ver-1, ver-3, ver-4, vha-12, vha-13, vps-15, vps-34, vps-4, vrk-1, warf-1, wars-1, wee-1.1, wee-1.3, wht-1, wht-2, wht-3, wht-4, wht-5, wht-6, wht-7, wht-8, wnk-1, wrn-1, wts-1, xnp-1, xpb-1, xpd-1, yars-1, yars-2, ymel-1, ythc-2, zak-1, zen-4, znfx-1, zyg-1, zyg-8"
GO:0004672,400,"B0198.3, B0207.7, B0218.5, B0252.1, C01C4.3, C03B1.5, C03C10.2, C05C12.1, C08F8.6, C09D4.3, C14A4.13, C16A11.10, C18H7.4, C25A8.5, C25H3.1, C27D6.11, C27D8.1, C28A5.6, C34B2.3, C34F11.5, C35E7.10, C36B7.1, C36B7.2, C38C3.4, C44C10.7, C44H4.6, C49C3.10, C49C8.1, C50F4.10, C55B7.10, C55C3.4, C56C10.6, C56G2.5, D2024.1, D2045.5, D2045.7, E02H4.6, F09A5.2, F09C12.2, F09G2.1, F11E6.8, F16B12.7, F21F3.2, F22B3.8, F22F1.2, F22H10.1, F23C8.7, F23C8.8, F25F2.1, F26A1.3, F26A1.4, F26E4.5, F28C10.3, F31E3.2, F33D11.7, F35C11.3, F36H12.9, F38E1.3, F39F10.2, F39F10.3, F41G3.5, F47F2.1, F52B5.2, F53C3.1, F54H5.2, F57B9.8, F59A3.8, F59A6.4, F59E12.15, F59F5.3, H05L14.1, H12I13.1, K02E10.7, K04C1.5, K06H7.8, K08H2.5, K09B11.5, K09C6.2, K11C4.1, K11H12.9, M03C11.1, M05D6.1, M176.9, M7.7, R02C2.1, R04A9.7, R05H5.4, R06A10.4, R09D1.12, R09D1.13, R10D12.10, R11E3.1, R13H9.6, R151.1, T05A7.6, T05C12.1, T06C10.3, T07F12.4, T11F8.4, T15B12.2, T19D12.5, T21G5.1, T24D5.4, T25B9.4, T25B9.5, VY10G11R.1, W01B6.5, W02B12.12, W03A5.1, W03G9.5, W04B5.5, W04G5.10, W06F12.3, W09C3.1, Y105C5A.24, Y106G6D.4, Y106G6E.1, Y111B2A.1, Y116A8C.24, Y116A8C.38, Y38E10A.8, Y38H6C.20, Y38H8A.4, Y39G8B.5, Y39G8C.2, Y43C5B.2, Y43D4A.6, Y47G6A.13, Y47G6A.5, Y50D4B.6, Y51B9A.9, Y52D5A.2, Y53F4B.1, Y65B4A.9, Y69E1A.3, Y69F12A.1, Y71F9AL.2, Y73B6A.1, ZC373.3, ZC581.2, ZC581.7, ZC581.9, ZK354.2, ZK354.6, ZK507.1, ZK524.4, ZK596.2, ZK622.1, ZK666.8, aak-1, aak-2, abl-1, air-1, air-2, akt-1, akt-2, ark-1, bub-1, cam-1, cat-6, cdc-7, cdk-1, cdk-11.1, cdk-11.2, cdk-12, cdk-14, cdk-2, cdk-4, cdk-5, cdk-7, cdk-8, cdk-9, cdkl-1, chk-1, chk-2, chkr-2, ckk-1, cmk-1, csk-1, csnk-1, cst-1, cst-2, daf-1, daf-11, daf-2, daf-4, dapk-1, ddr-1, ddr-2, dkf-1, dkf-2, dlk-1, drl-1, dyf-18, dyf-5, egl-15, egl-4, flor-1, flr-4, frk-1, gakh-1, gck-1, gck-2, gck-3, gck-4, gcn-2, gcy-1, gcy-11, gcy-12, gcy-13, gcy-14, gcy-15, gcy-17, gcy-18, gcy-19, gcy-20, gcy-21, gcy-22, gcy-23, gcy-25, gcy-27, gcy-28, gcy-29, gcy-3, gcy-4, gcy-5, gcy-6, gcy-7, gcy-8, gcy-9, grk-1, grk-2, gsk-3, gskl-1, gskl-2, heri-1, hir-1, hpk-1, hpo-11, ikke-1, ire-1, jkk-1, jnk-1, kgb-1, kgb-2, kin-1, kin-14, kin-15, kin-16, kin-18, kin-19, kin-20, kin-21, kin-24, kin-26, kin-29, kin-3, kin-30, kin-32, kin-33, kin-34, kin-35, kin-36, kin-4, kin-5, kin-9, ksr-1, ksr-2, let-23, let-502, lin-18, lin-2, lin-45, lit-1, lrk-1, madd-3, mak-1, mak-2, mapk-15, max-2, mbk-1, mbk-2, mek-1, mek-2, mek-5, mekk-3, mes-1, mig-15, mkk-4, mlck-1, mlk-1, mnk-1, mom-4, mpk-1, mpk-2, mrck-1, mtk-1, nekl-1, nekl-2, nekl-3, nekl-4, nimk-1, nipi-3, nipi-4, nsy-1, odr-1, old-1, old-2, pak-1, pak-2, par-1, par-4, pat-4, pct-1, pdhk-2, pdk-1, pek-1, phkg-1, pig-1, pik-1, pink-1, pkc-1, pkc-2, pkc-3, pkg-2, pkn-1, plk-1, plk-2, plk-3, pmk-1, pmk-2, pmk-3, prk-1, prk-2, prpf-4, riok-2, rol-3, rskd-1, rskn-1, rskn-2, rsks-1, sad-1, san-1, sax-1, scd-2, sek-1, sek-3, sek-4, sek-5, sek-6, sel-15, sel-5, sgk-1, sid-3, sma-5, sma-6, spe-55, spe-6, spe-8, spk-1, src-1, src-2, strd-1, svh-2, tag-191, tag-344, tbck-1, tlk-1, tpa-1, trk-1, ttbk-2.1, ttbk-2.2, ttbk-3, ttbk-4, ttbk-5, ttbk-6, ttbk-7, ttbk-8.1, ttbk-8.2, ttn-1, txt-2, unc-22, unc-43, unc-51, unc-82, unc-89, vab-1, ver-1, ver-3, ver-4, vps-15, vrk-1, wee-1.1, wee-1.3, wnk-1, wrm-1, wts-1, zak-1, zyg-1, zyg-8"
GO:0004713,86,"C03B1.5, C18H7.4, C25A8.5, C34F11.5, C35E7.10, C55C3.4, F09A5.2, F09G2.1, F11E6.8, F22B3.8, F23C8.7, F26E4.5, F57B9.8, F59A3.8, F59F5.3, K09B11.5, M176.9, R05H5.4, R09D1.12, R11E3.1, R151.1, T06C10.3, T21G5.1, T25B9.4, T25B9.5, W01B6.5, W04G5.10, Y116A8C.24, Y116A8C.38, Y38H6C.20, Y43C5B.2, Y47G6A.5, Y50D4B.6, Y52D5A.2, Y69E1A.3, ZC581.7, ZK622.1, abl-1, ark-1, cam-1, csk-1, daf-2, ddr-2, egl-15, frk-1, hir-1, hpk-1, igcm-4, jkk-1, kin-14, kin-15, kin-16, kin-21, kin-24, kin-26, kin-30, kin-32, kin-5, kin-9, ksr-1, ksr-2, let-23, lin-2, madd-3, mbk-1, mbk-2, mek-1, mek-2, mes-1, mkk-4, nipi-4, old-1, old-2, rol-3, scd-2, sek-1, sid-3, spe-8, src-1, src-2, svh-2, trk-1, vab-1, ver-3, ver-4, wee-1.1"
GO:0004715,45,"C03B1.5, C18H7.4, C25A8.5, C34F11.5, C35E7.10, C55C3.4, F22B3.8, F23C8.7, F26E4.5, F57B9.8, F59A3.8, K09B11.5, M176.9, R05H5.4, R11E3.1, T06C10.3, T21G5.1, T25B9.4, T25B9.5, W01B6.5, Y116A8C.24, Y116A8C.38, Y38H6C.20, Y43C5B.2, Y47G6A.5, Y52D5A.2, Y69E1A.3, ZC581.7, ZK622.1, abl-1, ark-1, csk-1, ddr-1, frk-1, kin-14, kin-21, kin-24, kin-26, kin-32, kin-5, pig-1, sid-3, spe-8, src-1, src-2"
GO:0005524,968,"B0001.4, B0198.3, B0207.7, B0218.5, B0511.6, C01C4.3, C03B1.5, C03C10.2, C05C10.2, C05C12.1, C08F8.2, C08F8.6, C09D4.3, C10G11.8, C11G6.2, C14A4.13, C16A11.10, C18H7.4, C23H4.6, C24H12.4, C25A8.5, C25F9.4, C25F9.5, C25H3.1, C26D10.4, C27D6.11, C27D8.1, C28A5.6, C28H8.3, C29F7.3, C30F12.2, C34B2.3, C34F11.5, C35E7.10, C36B7.1, C36B7.2, C38C3.4, C39B5.6, C44C10.7, C44H4.6, C46F11.4, C49C3.10, C49C8.1, C50F4.10, C55B7.10, C55C3.4, C56A3.8, C56C10.6, C56G2.5, D2024.1, D2030.2, D2045.5, D2045.7, E02H1.6, E02H4.6, F07A11.5, F09A5.2, F09C12.2, F11E6.8, F11F1.1, F11G11.13, F13E6.2, F14H3.12, F16B12.7, F19B2.5, F19B2.7, F19B6.1, F21F3.2, F22B3.8, F22F1.2, F22H10.1, F23C8.7, F23C8.8, F25B5.6, F25F2.1, F26A1.3, F26A1.4, F26D11.1, F26E4.5, F28C10.3, F31E3.2, F32B5.1, F32D8.13, F33D11.10, F33D11.7, F35C11.3, F36H12.9, F38B2.4, F38B6.4, F38E1.3, F38E11.6, F39F10.2, F39F10.3, F40F8.1, F41G3.5, F44B9.8, F44E5.4, F44E5.5, F46F11.1, F46H5.3, F47F2.1, F52B5.2, F52C12.6, F53C3.1, F53H4.6, F54E12.2, F54H5.2, F55F10.1, F55F8.2, F56F11.4, F57B9.3, F57B9.8, F59A3.8, F59A6.4, F59E12.15, F59F5.3, H05L14.1, H12I13.1, H20J04.4, K02E10.7, K02F3.12, K04C1.5, K06H7.8, K07A3.3, K07E3.4, K08H2.5, K09B11.5, K09C6.2, K11C4.1, K11H12.9, M03C11.1, M04C3.1, M04C3.2, M05D6.1, M176.9, M7.7, R02C2.1, R03D7.2, R04A9.7, R05D3.12, R05H5.4, R06A10.4, R09D1.12, R107.2, R10D12.10, R11E3.1, R11F4.1, R13H4.6, R13H9.6, R151.1, T05A12.4, T05A7.6, T05C12.1, T05G5.5, T06C10.3, T07F12.4, T11F8.4, T14G8.3, T15B12.2, T19C9.10, T19D12.5, T21C9.6, T21G5.1, T23H2.3, T24D5.4, T24H7.2, T25B9.4, T25B9.5, T26E3.7, T26G10.1, T28F3.5, VY10G11R.1, W01B6.5, W02B12.12, W02H5.8, W03A5.1, W03G9.5, W04B5.5, W04G5.10, W06F12.3, W09C3.1, W10C8.5, Y105C5A.24, Y106G6D.4, Y106G6D.5, Y106G6E.1, Y106G6E.4, Y111B2A.1, Y116A8C.24, Y116A8C.38, Y116F11A.1, Y22D7AL.10, Y38E10A.8, Y38H6C.20, Y38H8A.4, Y39G8B.5, Y39G8C.2, Y41D4A.6, Y43C5B.2, Y43D4A.6, Y43F8B.14, Y43F8B.15, Y47C4A.1, Y47G6A.13, Y47G6A.5, Y48B6A.13, Y51B9A.9, Y51H7C.9, Y52D5A.2, Y52E8A.1, Y53F4B.1, Y54E2A.4, Y54G11A.3, Y55F3BR.1, Y57G11C.43, Y60A3A.16, Y61A9LA.10, Y65B4A.8, Y65B4A.9, Y66D12A.7, Y69E1A.3, Y69F12A.1, Y71F9AL.2, Y73B6A.1, Y94H6A.5, ZC373.3, ZC434.8, ZC487.1, ZC581.2, ZC581.7, ZC581.9, ZC8.6, ZK354.2, ZK354.6, ZK470.4, ZK507.1, ZK512.2, ZK524.4, ZK596.2, ZK622.1, ZK666.8, ZK673.2, ZK686.2, ZK938.3, aak-1, aak-2, aars-1, aars-2, abce-1, abcf-1, abcf-2, abcf-3, abch-1, abl-1, abt-1, abt-2, abt-4, abt-5, abtm-1, acly-1, acly-2, acox-1.1, acox-1.2, acox-1.3, acox-1.4, acox-1.5, acox-1.6, acox-3, acs-13, acs-18, acs-19, acs-22, acs-3, acs-5, acs-7, act-1, act-2, act-3, act-4, act-5, acy-1, acy-2, acy-3, acy-4, adk-1, age-1, air-1, air-2, akt-1, akt-2, alh-13, argk-1, ark-1, arp-1, arx-1, arx-2, asna-1, asns-1, asns-2, atad-3, atl-1, atm-1, atp-1, atp-2, bcs-1, bmk-1, btf-1, bub-1, cam-1, cars-1, cat-6, catp-1, catp-2, catp-3, catp-4, catp-5, catp-6, catp-7, catp-8, cct-1, cct-2, cct-3, cct-4, cct-5, cct-6, cct-7, cct-8, cdc-48.1, cdc-48.2, cdc-48.3, cdc-6, cdc-7, cdk-1, cdk-11.1, cdk-11.2, cdk-12, cdk-14, cdk-2, cdk-4, cdk-5, cdk-7, cdk-8, cdk-9, cdkl-1, ced-4, ced-7, cel-1, cerk-1, cft-1, cgh-1, chd-1, chd-3, chd-7, che-3, chk-1, chk-2, chkr-2, chl-1, cin-4, cka-2, ckb-1, ckb-2, ckb-3, ckk-1, cku-70, cku-80, clpf-1, cmk-1, coq-8, csb-1, csk-1, csnk-1, cst-1, cst-2, ctf-18, ctps-1, cua-1, daf-1, daf-11, daf-2, daf-4, dapk-1, dars-1, dars-2, dcr-1, ddr-1, ddr-2, ddx-10, ddx-15, ddx-17, ddx-19, ddx-23, ddx-27, ddx-35, ddx-46, ddx-52, dgk-1, dgk-2, dgk-3, dgk-4, dgk-5, dhc-1, dkf-1, dkf-2, dli-1, dlk-1, dna-2, dog-1, dph-6, dpy-27, drh-1, drh-3, drl-1, dtmk-1, dyf-18, dyf-5, ears-1, ears-2, eat-6, efk-1, egl-15, egl-4, eif-4A3, enpl-1, eri-7, famk-1, fars-1, fars-2, fars-3, fic-1, figl-1, flad-1, flr-4, frk-1, gakh-1, gars-1, gck-1, gck-2, gck-3, gck-4, gcn-2, gcs-1, gcy-12, gcy-14, gcy-15, gcy-20, gcy-21, gcy-25, gcy-27, gcy-28, gcy-29, gcy-3, gcy-6, gcy-7, gcy-8, gcy-9, gld-2, gld-4, glh-1, glh-2, glh-3, glh-4, gln-1, gln-2, gln-3, gln-5, gln-6, glp-4, gmps-1, grk-1, grk-2, gro-1, gsk-3, gskl-1, gskl-2, gss-1, guk-1, haf-1, haf-2, haf-3, haf-4, haf-6, haf-7, haf-8, haf-9, hars-1, hasp-1, hasp-2, hel-1, helq-1, heri-1, him-1, him-14, him-6, hmt-1, hpk-1, hpr-17, hsp-1, hsp-110, hsp-3, hsp-4, hsp-6, hsp-60, hsp-70, hsp-75, hsp-90, hum-1, hum-10, hum-2, hum-4, hum-5, hum-6, hum-7, hum-8, hxk-1, hxk-2, hxk-3, hzl-1, iars-1, iars-2, igcm-4, ikke-1, inf-1, ippk-1, ire-1, isw-1, jkk-1, jnk-1, kars-1, kgb-1, kgb-2, kin-1, kin-14, kin-15, kin-16, kin-18, kin-19, kin-20, kin-21, kin-24, kin-26, kin-29, kin-3, kin-32, kin-33, kin-34, kin-35, kin-4, kin-5, kin-9, klp-11, klp-12, klp-13, klp-15, klp-16, klp-17, klp-18, klp-19, klp-20, klp-3, klp-4, klp-6, klp-7, ksr-1, laf-1, lars-1, lars-2, let-23, let-355, let-363, let-418, let-502, let-70, let-754, lex-1, lfe-2, lig-1, lig-4, lin-18, lin-2, lin-45, lin-46, lit-1, lonp-1, lonp-2, lrk-1, mac-1, madd-3, magi-1, mak-1, mak-2, mapk-15, mars-1, mars-2, max-2, mbk-1, mbk-2, mca-1, mca-2, mca-3, mccc-1, mccc-2, mcm-2, mcm-3, mcm-4, mcm-5, mcm-6, mcm-7, mei-1, mek-1, mek-2, mek-5, mekk-3, mel-46, mes-1, mig-15, mix-1, mkk-4, mlck-1, mlh-1, mlk-1, mmaa-1, mmab-1, mnk-1, moc-1, moc-3, mog-1, mog-4, mog-5, mom-4, morc-1, mpk-1, mpk-2, mrck-1, mrp-1, mrp-2, mrp-3, mrp-4, mrp-5, mrp-6, mrp-7, mrp-8, msh-2, msh-5, msh-6, mspn-1, mtk-1, mtr-4, mttu-1, mut-14, mvk-1, myo-1, myo-2, myo-3, myo-5, myo-6, nadk-2, nars-1, nars-2, nath-10, ndk-1, ndx-4, nekl-1, nekl-2, nekl-3, nekl-4, nimk-1, nipi-3, nipi-4, nmat-1, nmat-2, nmy-1, nmy-2, nmy-3, nol-9, nsf-1, nsy-1, nubp-1, odr-1, ola-1, old-1, old-2, ooc-5, orc-1, osm-3, paic-1, pak-1, pak-2, panl-3, pap-1, pap-2, pap-3, par-1, par-2, par-4, pars-1, pars-2, pcca-1, pch-2, pct-1, pdhk-2, pdk-1, pdxk-1, pek-1, pfas-1, pfk-1.1, pfk-1.2, pfkb-1.1, pfkb-1.2, pgk-1, pgp-1, pgp-10, pgp-11, pgp-12, pgp-13, pgp-14, pgp-2, pgp-3, pgp-4, pgp-5, pgp-6, pgp-7, pgp-8, pgp-9, pgs-1, phkg-1, pif-1, pig-1, pik-1, pink-1, pkc-1, pkc-2, pkc-3, pkg-2, pkn-1, plk-1, plk-2, plk-3, pmk-1, pmk-2, pmk-3, pmp-1, pmp-2, pmp-3, pmp-4, pmp-5, pmr-1, pms-2, pnk-1, pnk-4, pod-2, polq-1, ppgn-1, ppk-1, ppk-2, ppk-3, pps-1, pqn-15, prk-1, prk-2, prpf-4, prps-1, prx-1, prx-10, prx-6, pstk-1, pyc-1, pyk-1, pyk-2, pyr-1, qars-1, qns-1, rad-50, rad-51, rad-54.B, rad-54.L, rad-54.L2, rars-1, rars-2, rcq-5, rde-12, rfc-1, rfc-2, rfc-4, rfk-1, rfl-1, rha-1, rha-2, riok-1, riok-2, riok-3, rme-1, rnr-1, rnt-1, rol-3, rpt-1, rpt-2, rpt-3, rpt-4, rpt-5, rpt-6, rskd-1, rskn-1, rskn-2, rsks-1, rtel-1, ruvb-1, ruvb-2, sacy-1, sad-1, sams-1, sams-3, sams-4, sams-5, sars-1, sars-2, sax-1, sca-1, scd-2, sek-1, sek-3, sek-4, sek-5, sek-6, sel-15, sel-5, seld-1, serr-1, sgk-1, sid-3, skih-2, sma-5, sma-6, smc-3, smc-4, smc-5, smc-6, smcl-1, smg-1, smg-2, smgl-2, smrc-1, smrd-1, smut-1, snn-1, snrp-200, spas-1, spe-15, spe-5, spe-55, spe-6, spe-8, spg-7, sphk-1, spk-1, spo-11, src-1, src-2, ssl-1, stc-1, strd-1, suca-1, sucg-1, sur-5, svh-2, swsn-4, tag-191, tag-344, tag-96, tars-1, tat-1, tat-2, tat-3, tat-4, tat-5, tat-6, tbck-1, thk-1, tlk-1, top-2, tor-1, tor-2, tpa-1, tpk-1, trk-1, ttbk-2.1, ttbk-2.2, ttbk-3, ttbk-4, ttbk-5, ttbk-6, ttbk-7, ttbk-8.1, ttbk-8.2, ttll-11, ttll-12, ttll-15, ttll-4, ttll-5, ttll-9, ttn-1, twnk-1, txt-2, uba-1, uba-2, uba-5, ubc-1, ubc-12, ubc-14, ubc-15, ubc-20, ubc-21, ubc-22, ubc-25, ubc-26, ubc-3, ubc-7, ubc-8, ubc-9, unc-104, unc-116, unc-22, unc-43, unc-51, unc-54, unc-82, unc-89, vab-1, vab-8, vars-1, vbh-1, ver-1, ver-3, ver-4, vha-12, vha-13, vps-15, vps-34, vps-4, vrk-1, vwa-8, wars-1, wee-1.1, wee-1.3, wht-1, wht-2, wht-3, wht-4, wht-5, wht-6, wht-7, wht-8, wnk-1, wrn-1, wts-1, xnp-1, xol-1, xpb-1, xpd-1, yars-1, yars-2, ymel-1, ythc-2, zak-1, zen-4, znfx-1, zyg-1, zyg-8"
GO:0005737,2630,"B0001.4, B0207.7, B0218.5, B0228.7, B0280.2, B0524.2, B0563.7, C01C4.3, C01F1.6, C01G10.9, C02B8.6, C02D5.4, C02F5.3, C02G6.2, C03C10.2, C03H5.5, C04B4.1, C04B4.2, C04B4.4, C04E12.4, C04E12.5, C04G2.10, C04G6.4, C04H5.1, C05C12.1, C06A1.3, C06A12.3, C06A6.4, C06A8.6, C06E4.5, C08F8.6, C09D4.3, C09H5.7, C10C5.3, C10C5.4, C10C5.5, C10G11.8, C11D2.7, C13B9.2, C14A4.13, C14B1.3, C16C2.4, C16C8.14, C16C8.16, C16C8.18, C16C8.20, C16C8.4, C16D2.1, C17B7.5, C17D12.3, C17G10.1, C17H11.6, C18B12.4, C18C4.7, C18F10.7, C23G10.1, C23G10.7, C24H11.1, C24H11.2, C25A6.1, C25G4.2, C25H3.1, C25H3.14, C25H3.3, C25H3.7, C26B9.6, C26E6.1, C27B7.6, C27D8.1, C27F2.4, C27H6.8, C28A5.6, C28H8.3, C29F7.3, C30F12.2, C30G12.2, C31C9.6, C34B2.3, C34C12.6, C34D10.1, C34D4.2, C35D10.12, C35E7.2, C35E7.3, C35E7.4, C35E7.5, C35E7.6, C36A4.4, C36B1.14, C36B7.1, C36B7.2, C36H8.1, C37C3.12, C38C3.4, C43E11.9, C44C10.7, C44E4.5, C44H4.6, C45E5.1, C46H11.3, C47A4.3, C47B2.2, C49C3.10, C49C8.1, C50F4.10, C50F4.16, C53A5.11, C53A5.17, C53A5.9, C53H9.2, C54E4.5, C54G6.2, C55A6.1, C55A6.10, C55A6.3, C55A6.4, C55A6.6, C55A6.7, C55B7.10, C55C3.8, C56C10.6, C56G2.15, D1005.2, D1007.4, D1054.1, D1069.3, D2005.1, D2024.1, D2045.5, D2045.7, D2063.1, D2096.11, E02A10.3, E02H1.6, E02H4.6, F07A11.5, F07C6.4, F07E5.5, F08F1.9, F09C12.2, F09E5.3, F09E5.8, F10D7.3, F10D7.5, F10E7.5, F10G7.10, F11F1.1, F11G11.5, F12F6.1, F13B12.4, F13B12.6, F13E6.1, F13E6.2, F14D2.11, F16A11.1, F16B12.7, F19B6.1, F19C7.8, F20D6.6, F20G2.1, F20G2.2, F21C10.7, F21D5.7, F21F3.2, F22B5.10, F22B7.9, F22B8.7, F22D6.9, F22F1.2, F22F7.7, F22H10.1, F23B12.1, F23F1.5, F23H11.4, F25B3.4, F25B5.3, F25B5.6, F25F2.1, F25G6.8, F25H2.12, F25H2.4, F26A1.3, F26A3.4, F26B1.5, F26E4.5, F26H9.5, F27C1.13, F27D4.7, F28C10.3, F28C6.8, F29B9.1, F30A10.3, F32D8.13, F32D8.4, F33A8.4, F33D11.7, F33H2.6, F35A5.1, F35A5.8, F35B3.7, F35C11.3, F35F10.1, F35H10.6, F36D4.5, F36F2.1, F36H12.9, F37F2.2, F37H8.5, F38A5.6, F38B2.4, F38E1.3, F38E11.6, F39C12.1, F39F10.2, F39F10.3, F40E3.5, F40F12.9, F40F8.1, F40F9.10, F41G3.5, F42A10.5, F42F12.4, F42G8.8, F42H10.3, F44A2.5, F44B9.9, F44E2.6, F44E5.5, F44E7.4, F44F1.4, F44F1.6, F45F2.10, F46B6.4, F46B6.5, F46B6.6, F46F11.1, F46H5.7, F47D12.7, F47F2.1, F48E8.3, F48G7.10, F48G7.9, F49C12.15, F49E10.4, F49E11.7, F52B11.2, F52B5.2, F52C12.2, F52C6.2, F52C6.3, F52C6.4, F52C9.3, F52H3.6, F53A10.2, F53B6.5, F53C3.1, F53E2.2, F53E4.1, F53G12.9, F54C8.7, F54G2.1, F54H5.2, F55C10.5, F56C9.10, F56D2.2, F56D2.5, F56F11.4, F58A6.1, F58G1.3, F58H1.3, F59A2.5, F59A6.4, F59A7.7, F59E12.15, H05L14.1, H10E21.5, K02F3.12, K02F6.1, K03A1.4, K04C1.5, K04F10.2, K06H7.8, K07E1.1, K07E8.6, K07F5.16, K08B12.3, K08D12.3, K08E4.2, K08H2.5, K09C6.2, K09C6.7, K09C6.8, K09E4.1, K09E9.4, K10B3.1, K11C4.1, K11H12.9, M01B2.10, M01B2.12, M01B2.13, M01E5.4, M04C9.3, M04F3.4, M05D6.1, M106.3, M116.5, M117.3, M142.8, M176.9, M18.3, M57.2, M7.7, M79.2, R02C2.1, R02D1.2, R02E12.4, R02F2.1, R04A9.7, R04B3.2, R04E5.8, R05G6.4, R06A10.4, R08A2.2, R08C7.8, R10D12.10, R10H10.7, R119.5, R11D1.1, R11E3.1, R12G8.1, R13A5.11, R13H9.6, R148.3, R186.3, R53.5, R74.7, T01D1.4, T03F6.3, T03F7.7, T04A11.4, T04A11.5, T04A8.7, T04C9.1, T04D3.1, T05A7.6, T05C12.1, T05H10.1, T06C10.3, T07D4.5, T07F10.5, T07F12.1, T07F12.4, T09B4.4, T10B10.8, T10D4.6, T10F2.5, T10H4.13, T10H4.4, T11F8.4, T12C9.7, T12G3.2, T13B5.9, T15B12.2, T16G12.6, T16G12.7, T18D3.9, T19D12.5, T20B12.7, T20D3.6, T20D4.3, T20F7.3, T20G5.9, T22D1.3, T22F3.12, T23G11.7, T23G5.2, T24A6.1, T24C12.3, T25B9.2, T25D3.3, T25G3.3, T26A5.6, T26E3.6, T27A8.3, T27C10.9, T28B8.3, T28B8.4, T28D6.6, VY10G11R.1, W01A8.2, W01G7.4, W02F12.4, W03C9.2, W03D8.2, W03F9.1, W03F9.4, W03G9.5, W04G3.5, W04G5.4, W04G5.5, W04G5.9, W06D4.3, W06F12.3, W09B6.4, W09C3.1, W09C3.4, W09G12.8, W09G3.6, W09H1.1, Y105C5A.24, Y105E8A.1, Y105E8A.14, Y106G6D.4, Y106G6E.1, Y106G6E.4, Y106G6H.14, Y10G11A.1, Y110A7A.9, Y116A8A.2, Y116A8A.7, Y17G7B.17, Y17G9B.4, Y17G9B.5, Y18H1A.4, Y22D7AR.6, Y25C1A.13, Y37E3.17, Y38A10A.7, Y38E10A.8, Y39B6A.3, Y39E4B.6, Y39G8C.2, Y40H4A.2, Y41C4A.8, Y43F4A.1, Y43F4B.10, Y43F8B.2, Y45F3A.9, Y45G5AM.6, Y46G5A.28, Y47D3A.14, Y47D9A.1, Y47G6A.13, Y47H9A.1, Y48B6A.10, Y48B6A.5, Y48C3A.18, Y48G10A.1, Y49F6B.9, Y50D4B.4, Y50D7A.10, Y50E8A.2, Y51B9A.9, Y51H7C.7, Y52B11A.3, Y53C10A.15, Y53C12A.3, Y53F4B.1, Y53G8B.1, Y54E10A.11, Y54F10AR.1, Y54F10BM.13, Y54F10BM.3, Y55F3BR.6, Y56A3A.2, Y56A3A.6, Y57A10A.13, Y57E12AL.6, Y57G11C.1147, Y57G11C.22, Y59E9AR.7, Y59H11AM.1, Y62E10A.13, Y62E10A.24, Y65B4A.9, Y66D12A.8, Y69A2AR.16, Y69E1A.4, Y69F12A.1, Y70C5C.1, Y71F9AL.1, Y71F9AL.10, Y71F9AL.2, Y71G12B.17, Y71G12B.30, Y71H2AM.1, Y71H2AM.20, Y71H2AM.6, Y71H2B.2, Y71H2B.5, Y73B6A.1, Y73C8B.5, Y7A5A.1, Y82E9BR.14, Y82E9BR.18, Y92H12A.2, Y92H12BL.5, Y92H12BR.7, Y94H6A.7, Y97E10AR.6, ZC190.4, ZC250.5, ZC373.3, ZC373.5, ZC477.2, ZC581.2, ZK1053.3, ZK1053.4, ZK1058.3, ZK1098.3, ZK1128.7, ZK1248.17, ZK1248.4, ZK1321.4, ZK177.2, ZK354.2, ZK354.6, ZK354.9, ZK430.5, ZK470.1, ZK484.6, ZK507.1, ZK512.4, ZK546.2, ZK596.2, ZK632.4, ZK643.2, ZK666.8, ZK673.2, ZK697.14, ZK938.1, ZK938.11, aak-1, aak-2, aakb-1, aakb-2, aakg-1, aakg-2, aakg-3, aakg-4, aars-1, aars-2, aass-1, abce-1, abhd-14, abi-1, abl-1, acbp-3, acbp-4, acdh-10, acdh-5, acdh-6, acdh-7, acdh-8, acds-10, acly-1, acly-2, aco-1, acsd-1, act-1, act-2, act-3, act-4, act-5, add-1, add-2, adh-1, adh-5, adpr-1, adr-1, adr-2, adss-1, aex-3, aex-6, afmd-1, afmd-2, age-1, agef-1, agl-1, ags-3, aha-1, aho-3, ain-1, aip-1, aipr-1, air-2, aldo-1, aldo-2, alg-1, alg-2, alg-3, alg-4, alg-5, alh-13, alh-3, alh-4, alh-5, alkb-1, alkb-8, allo-1, alp-1, amdh-1, amph-1, amx-3, anc-1, ani-1, ani-2, aos-1, apb-1, apd-3, ape-1, app-1, apr-1, aprt-1, aptf-2, apx-1, aqp-10, aqp-11, aqp-4, aqp-9, arc-1, arf-1, arf-5, arf-6, argn-1, ari-1.1, ari-1.2, ari-1.3, ari-1.4, ari-2, arl-1, arl-3, arl-5, arl-6, arp-1, arp-6, arr-1, arrd-1, arrd-10, arrd-11, arrd-13, arrd-14, arrd-15, arrd-16, arrd-17, arrd-18, arrd-19, arrd-2, arrd-22, arrd-23, arrd-24, arrd-25, arrd-26, arrd-28, arrd-3, arrd-4, arrd-5, arrd-6, arrd-7, arrd-8, arrd-9, arx-1, arx-2, arx-3, arx-4, arx-5, arx-6, arx-7, asd-1, asna-1, asp-1, asp-3, asp-4, aspm-1, asps-1, ate-1, atfs-1, atg-13, atg-16.1, atg-16.2, atg-18, atg-2, atg-3, atg-4.1, atg-4.2, atg-5, atg-7, atg-9, atgl-1, ath-1, atic-1, atx-2, atx-3, azin-1, baf-1, bag-1, bah-2, bar-1, bas-1, basl-1, bath-40, bath-41, bath-42, bath-44, bbln-1, bbs-1, bbs-2, bbs-4, bbs-5, bbs-8, bcat-1, bcc-1, bec-1, bed-2, ben-1, bir-1, bir-2, blmp-1, blos-1, bmk-1, bpl-1, brap-2, brc-1, brd-1, bre-3, bris-1, bro-1, btbd-10, bub-1, byn-1, cacn-1, cah-3, cah-4, cah-5, cah-6, cal-1, cal-2, cal-3, cal-4, cal-8, cap-1, cap-2, capg-1, car-1, cas-1, cas-2, casc-3, cash-1, cat-2, cat-4, cat-6, cbl-1, cblc-1, cbp-1, cbpl-1, cbs-1, cbs-2, ccar-1, ccdc-55, ccep-97, ccf-1, ccm-3, ccpp-1, ccpp-6, ccr-4, cct-1, cct-2, cct-3, cct-4, cct-5, cct-6, cct-7, cct-8, cdc-14, cdc-25.1, cdc-25.2, cdc-25.3, cdc-25.4, cdc-37, cdc-42, cdc-48.1, cdc-48.2, cdc-48.3, cdc-6, cdc-7, cdd-1, cdd-2, cdh-3, cdk-1, cdk-11.1, cdk-11.2, cdk-14, cdk-2, cdk-4, cdk-5, cdk-7, cdka-1, cdl-1, cdr-1, cdr-2, cdr-3, cdr-4, cdr-6, cdr-7, cdt-1, cebp-1, ced-12, ced-2, ced-3, ced-4, ced-5, ced-6, ced-9, ceh-13, ceh-16, ceh-6, ceh-86, ceph-41, cept-1, cept-2, cert-1, cest-33, cfap-20, cfap-36, cfim-1, cgef-1, cgh-1, cgr-1, cha-1, chc-1, chdp-1, che-10, che-13, che-3, chk-1, chk-2, chkr-2, chn-1, chpf-1, chpf-2, cid-1, cif-1, cisd-3.1, cisd-3.2, citk-1, citk-2, cka-1, cka-2, ckb-1, ckb-2, ckb-3, ckb-4, ckc-1, ckk-1, clk-2, cln-3.1, clp-1, clp-10, clp-3, clp-4, clp-6, clp-7, clp-8, clp-9, cls-1, cls-2, cls-3, clu-1, cmd-1, cmk-1, cmtr-1, cmtr-2, cnb-1, cnep-1, cnk-1, cnt-1, cnx-1, coel-1, copa-1, copb-1, copb-2, copd-1, cope-1, copg-1, copz-1, cor-1, cox-17, cox-19, cpb-1, cpb-2, cpb-3, cpi-1, cpi-2, cpl-1, cpna-1, cpsf-4, cpt-3, cpt-4, cpt-5, cpt-6, cpx-1, cra-1, crb-1, crn-2, crn-4, crn-5, crt-1, crtc-1, csc-1, csn-1, csn-2, csn-3, csn-4, csn-5, csn-6, csnk-1, csp-2, csp-3, csq-1, csr-1, cst-1, cst-2, ctg-1, ctg-2, cth-1, cth-2, ctl-1, ctl-2, ctl-3, ctn-1, ctps-1, cul-1, cul-2, cul-3, cutc-1, cuti-1, cwn-1, cya-1, cya-2, cyb-1, cyb-2.1, cyb-2.2, cyb-3, cyd-1, cye-1, cyk-3, cyld-1, cyn-1, cyn-11, cyn-13, cyn-2, cyn-3, cyn-5, cyn-6, cyn-7, cyn-8, cyn-9, cyp-23A1, cyp-33A1, cyp-33B1, cyp-33C1, cyp-33C11, cyp-33C12, cyp-33C2, cyp-33C3, cyp-33C4, cyp-33C5, cyp-33C6, cyp-33C7, cyp-33C8, cyp-33C9, cyp-33D1, cyp-33D3, cyp-33E1, cyp-33E2, cyp-33E3, cyp-34A1, cyp-34A10, cyp-34A2, cyp-34A5, cyp-34A6, cyp-34A7, cyp-34A8, cyp-34A9, cyp-35A1, cyp-35A2, cyp-35A3, cyp-35A4, cyp-35A5, cyp-35B1, cyp-35B2, cyp-35B3, cyp-35C1, cyp-35D1, cyp-36A1, cysl-1, cysl-2, cysl-3, cysl-4, cyts-1, cyy-1, czw-1, daao-1, dab-1, dach-1, daf-15, daf-16, daf-18, daf-2, daf-3, daf-36, daf-5, daf-8, daf-9, dapk-1, dars-1, dars-2, daz-1, dbt-1, dcap-1, dcap-2, dcn-1, dcr-1, dcs-1, ddb-1, ddi-1, ddl-1, ddo-1, ddo-2, ddo-3, ddx-17, deb-1, denn-4, deps-1, dgk-4, dhc-1, dhcr-24, dhod-1, dhp-1, dhp-2, dhps-1, dhs-12, dhs-28, dhs-31, dhs-6, dhs-7, did-2, dim-1, disl-2, djr-1.1, djr-1.2, dkf-1, dkf-2, dlc-1, dlc-2, dlc-3, dlc-4, dld-1, dlg-1, dli-1, dlk-1, dna-2, dnbp-1, dnc-1, dnc-2, dnc-4, dnc-6, dnj-11, dnj-12, dnj-14, dnj-17, dnj-19, dnj-22, dnj-23, dnj-24, dnj-25, dnpp-1, dohh-1, dpf-5, dpff-1, dph-7, dpt-1, dpy-19, dpyd-1, dre-1, drh-1, drh-3, drl-1, drp-1, dsc-1, dsh-1, dsh-2, dss-1, dtmk-1, dus-2, dve-1, dyb-1, dyci-1, dyf-11, dyf-5, dyf-6, dyla-1, dylt-1, dylt-2, dylt-3, dyn-1, dyrb-1, dys-1, eak-6, eak-7, ears-1, ears-2, eas-1, eat-16, eat-3, ebp-2, ecps-1, ect-2, edc-4, eef-1A.2, eef-1B.1, eef-1B.2, eef-1G, eef-2, eel-1, efa-6, eff-1, efhc-1, egc-2, egg-3, egg-4, egg-5, egl-10, egl-17, egl-30, egl-4, egl-45, egl-9, ego-1, ego-2, egrh-1, egrh-2, egrh-3, ehs-1, eif-1.A, eif-2Balpha, eif-2Bdelta, eif-2Bepsilon, eif-2Bgamma, eif-2beta, eif-3.B, eif-3.C, eif-3.D, eif-3.E, eif-3.F, eif-3.G, eif-3.H, eif-3.I, eif-3.J, eif-3.K, eif-3.L, eif-6, eipr-1, ekl-1, elc-1, elks-1, elli-1, elp-1, elpc-1, elpc-2, elpc-3, elpc-4, emb-27, emb-8, emc-5, eng-1, enol-1, ensa-1, epg-2, epg-3, epg-4, epg-5, epg-6, epg-7, epg-8, epn-1, eps-8, era-1, erfa-1, erfa-3, ergo-1, erh-2, eri-1, eri-12, eri-5, etr-1, evl-20, exc-4, exc-5, exc-6, exc-9, exl-1, exos-1, exos-2, exos-3, exos-4.1, exos-7, exos-8, exos-9, famh-136, famh-161, far-7, fars-1, fars-2, fars-3, fax-1, faxc-1, faxc-2, fbf-1, fbf-2, fbp-1, fcho-1, fdps-1, feh-1, fem-1, fem-3, fhod-1, fic-1, figl-1, fkh-8, flcn-1, fli-1, flr-4, fmo-2, fnip-2, fnta-1, fog-1, fog-2, fog-3, fox-1, fre-1, frg-1, frk-1, frm-2, ftn-1, ftn-2, ftt-2, fubl-1, fubl-2, fubl-3, fubl-4, fum-1, fzr-1, fzy-1, gakh-1, galt-1, gana-1, gap-1, gap-2, gap-3, gars-1, gcc-1, gck-1, gck-2, gck-3, gck-4, gcn-2, gcy-31, gcy-32, gcy-33, gcy-34, gcy-35, gcy-36, gcy-37, gdi-1, gen-1, gex-2, gex-3, gfi-2, gfm-1, gfrp-1, gid-2, gid-8, gip-1, gla-3, glb-1, glb-26, gld-1, gld-2, gld-3, gld-4, gldi-9, glf-1, glh-1, glh-3, glh-4, gln-1, gln-2, gln-3, gln-5, gln-6, glo-1, glo-2, glo-4, glp-1, glrx-3, gls-1, gly-13, gmn-1, goa-1, gob-1, gon-1, gop-2, gopc-1, got-1.2, gpa-1, gpa-10, gpa-11, gpa-12, gpa-13, gpa-14, gpa-15, gpa-16, gpa-17, gpa-18, gpa-2, gpa-3, gpa-4, gpa-5, gpa-6, gpa-7, gpa-8, gpb-1, gpb-2, gpd-1, gpd-2, gpd-3, gpd-4, gpdh-2, gplb-1, gpr-1, gpr-2, gpx-1, gpx-2, gpx-7, gras-1, grdn-1, grk-1, grl-25, gro-1, gsa-1, gsk-3, gskl-1, gskl-2, gsnl-1, gsp-1, gsp-2, gsp-3, gsp-4, gspd-1, gsr-1, gst-12, gst-13, gst-14, gst-15, gst-16, gst-17, gst-18, gst-19, gst-2, gst-20, gst-21, gst-22, gst-24, gst-26, gst-27, gst-28, gst-29, gst-3, gst-30, gst-31, gst-32, gst-33, gst-34, gst-35, gst-37, gst-38, gst-39, gst-4, gst-42, gst-43, gst-44, gst-5, gst-6, gst-7, gst-8, gst-9, gstk-1, gstk-2, gsto-1, gsto-2, gsto-3, gsy-1, gtbp-1, gtnt-1, gtnt-12, gtnt-16, gtnt-17, gtnt-18, gtnt-2, gtnt-24, gtnt-27, gtnt-29, gtnt-3, gtnt-31, gtnt-34, gtnt-35, gtnt-37, gtnt-39, gtnt-40, gtnt-41, gtnt-42, gtnt-43, gtnt-45, gtnt-48, gtnt-51, gtnt-56, gtnt-57, gtnt-7, gtnt-8, gtnt-9, gtsf-1, gut-2, gyg-1, gyg-2, haao-1, haly-1, ham-1, hap-1, har-1, hars-1, hasp-1, hasp-2, hbs-1, hcp-2, hcp-4, hda-1, hda-10, hda-4, hda-5, hda-6, hdl-1, hdl-2, hecw-1, henn-1, herc-1, heri-1, hgap-1, hgo-1, hgrs-1, him-6, hint-1, hipr-1, his-24, hizr-1, hlh-10, hlh-13, hlh-2, hlh-30, hmp-1, hmp-2, homt-1, hpk-1, hpo-11, hpo-15, hpo-27, hpo-29, hpo-40, hpo-9, hprt-1, hrde-1, hrg-2, hrpk-1, hrpk-2, hrpr-1, hsf-1, hsp-1, hsp-12.1, hsp-12.2, hsp-12.3, hsp-12.6, hsp-16.11, hsp-16.2, hsp-16.20, hsp-16.21, hsp-16.41, hsp-16.49, hsp-17, hsp-25, hsp-3, hsp-4, hsp-43, hsp-6, hsp-70, hsp-90, htip-2, hum-1, hum-10, hum-2, hum-4, hum-5, hum-6, hum-7, hum-8, hyls-1, iars-1, icd-1, icd-2, icln-1, icp-1, idi-1, ifa-1, ifa-3, ifa-4, ifb-1, ifb-2, ifc-1, ifc-2, ifd-1, ifd-2, ife-1, ife-3, ifet-1, iff-1, iff-2, iffb-1, ifp-1, ift-139, ift-20, ift-81, ifta-1, ifta-2, ify-1, ikb-1, ikke-1, ima-1, ima-2, ima-3, imb-1, imb-2, imb-3, immt-1, immt-2, imph-1, impt-1, inos-1, inpp-1, inpp-4B, inpp-5K, inso-1, ints-11, ints-13, ints-3, ints-9, inx-3, ipgm-1, ipla-1, ipla-2, ipla-3, ipmk-1, iscu-1, itsn-1, ivns-1, jac-1, jip-1, jkk-1, jmjd-4, jnk-1, jtr-1, kars-1, kcmf-1, kdp-1, kel-1, kel-10, kel-20, kel-3, kel-8, ketn-1, kgb-1, kgb-2, kin-10, kin-18, kin-19, kin-2, kin-20, kin-29, kin-35, kin-4, klc-1, klc-2, klf-1, klp-11, klp-12, klp-13, klp-15, klp-16, klp-18, klp-19, klp-20, klp-3, klp-4, klp-6, klp-7, knl-1, ksr-1, ksr-2, kynu-1, laf-1, lap-1, lap-2, larp-1, lars-2, ldh-1, lec-10, lec-11, lec-6, lec-9, lelo-1, lem-3, leo-1, lep-2, let-363, let-502, let-70, let-711, let-754, let-756, let-92, let-99, lev-11, lfe-2, lgc-26, lgg-1, lgg-2, lgg-3, lgl-1, lhpp-1, lin-10, lin-18, lin-23, lin-25, lin-28, lin-41, lin-42, lin-45, lin-46, lin-5, lin-66, lip-1, lipl-4, lipt-1, lis-1, lit-1, lmp-2, lmtr-2, lmtr-5, lpin-1, lrk-1, lrp-2, lsm-1, lsm-3, lsm-4, lsm-5, lsm-6, lsm-7, lsm-8, lst-4, ltah-1.1, ltah-1.2, ltd-1, maa-1, madd-2, madd-3, maea-1, maf-1, mafr-1, magi-1, mai-1, mai-2, mak-1, mak-2, map-1, map-2, maph-1.1, maph-9, mapk-15, marb-1, marc-4, marc-5, mars-1, mask-1, mat-1, math-33, mau-2, max-2, mbk-2, mbl-1, mccc-2, mcm-3AP, mcm-5, mcp-1, mdh-1, mdh-2, mdt-28, mec-12, mec-7, meg-3, mei-1, mei-2, meic-1, mek-1, mekk-3, mel-11, mel-26, memb-1, memb-2, met-2, metl-18, metl-2, mex-1, mex-3, mex-5, mex-6, mfb-1, mff-2, mgrn-1, mib-1, mig-15, mig-2, mig-23, mig-38, mig-39, mig-5, mina-1, mkk-4, mks-1, mksr-1, mksr-2, mlc-1, mlc-2, mlc-4, mlc-5, mlck-1, mlk-1, mlp-1, mlst-8, mmaa-1, mmcm-1, mml-1, mms-19, mnk-1, moag-4, mob-1, mob-2, mob-3, mob-4, moc-1, moc-3, moc-6, mom-4, mop-25.2, mpk-1, mpk-2, mrck-1, mrpl-12, mrpl-21, mrps-14, mrps-6, msi-1, msp-152, msp-3, msp-32, msp-33, msp-38, msp-49, msp-57, msp-58, msp-63, msp-65, msp-76, msp-78, msp-79, msra-1, mtcu-1, mtcu-2, mtk-1, mtl-1, mtm-1, mtm-10, mtm-3, mtm-5, mtm-6, mtm-9, mtpn-1, mtrf-1L, mup-4, mut-16, mut-7, mvb-12, mvk-1, mxl-2, mxl-3, mxt-1, myo-1, myo-2, myo-3, myo-5, myo-6, myrf-1, myrf-2, nab-1, nap-1, nape-1, nape-2, nars-1, natc-1, natc-2, natc-3, nck-1, ncl-1, ndc-80, ndrr-1, ndrr-2, ned-8, nekl-1, nekl-2, nekl-3, nepr-1, nex-1, nex-2, nex-3, nex-4, nfyb-1, nfyc-1, nhr-49, nish-1, nkat-1, nkat-3, nmrk-1, nmt-1, nmy-1, nmy-2, nmy-3, nobh-1, noca-1, noca-2, nop-1, nos-1, nos-2, nos-3, nova-1, nphp-1, npl-4.1, npl-4.2, npp-10, npp-9, nrde-3, nrps-1, nsf-1, nsun-2, nsy-1, ntl-11, ntl-3, ntl-4, nubp-1, nucb-1, nud-1, num-1, nuo-4, nxf-1, nxt-1, oatr-1, oaz-1, ocrl-1, odc-1, odr-3, odr-7, odr-8, ogt-1, ola-1, oma-1, oma-2, ooc-5, osg-1, osm-10, osm-12, osm-3, osm-6, otub-2, paa-1, pab-1, pab-2, pac-1, pah-1, pak-1, pak-2, pam-1, pan-1, panl-3, par-1, par-3, par-4, par-5, par-6, parg-1, parg-2, parn-1, pars-1, pars-2, pas-1, pas-2, pas-3, pas-4, pas-5, pas-6, pas-7, pat-10, pat-12, pat-3, pat-4, pat-6, patr-1, pbo-1, pbs-1, pbs-2, pbs-3, pbs-4, pbs-5, pbs-6, pbs-7, pcf-11, pcm-1, pct-1, pcyt-2.1, pcyt-2.2, pdcd-2, pdhk-2, pdk-1, pdl-1, pdpr-1, pdr-1, pek-1, pelo-1, pes-1, pes-10, pes-4, pfas-1, pfd-1, pfd-2, pfd-3, pfd-4, pfd-5, pfd-6, pfk-1.1, pfk-1.2, pfn-1, pfn-2, pfn-3, pgk-1, pgph-1, pgph-2, pgph-3, pgs-1, pha-1, phaf-1, phf-5, phkg-1, pid-1, pid-2, pid-3, pid-4, pid-5, pie-1, pifk-1A, pifk-1B, pig-1, pik-1, piki-1, pin-2, pink-1, pinn-4, pir-1, pitp-1, pix-1, pkc-1, pkc-3, pkn-1, plc-4, plk-1, plk-2, plk-3, pll-1, pmk-1, pmk-2, pmk-3, pmr-1, pnc-1, png-1, pnk-1, pnp-1, pod-1, pop-1, popl-4, pos-1, ppfr-1, ppfr-2, pph-1, pph-4.1, pph-4.2, pph-5, pph-6, ppk-2, ppk-3, pptr-1, pptr-2, ppw-1, ppw-2, pqbp-1.1, pqm-1, pqn-41, pqn-59, pqn-68, prde-1, prdx-2, prg-1, prk-1, prk-2, prmt-1, prp-19, prps-1, prx-1, pry-1, psmd-9, psme-3, psme-4, psr-1, ptl-1, ptp-1, ptp-2, ptp-4A2, ptp-5.1, ptp-5.2, ptp-5.3, ptp-8, ptrn-1, puf-11, puf-3, puf-5, puf-6, puf-7, puf-8, puf-9, pxl-1, pyc-1, pycr-1, pygl-1, pyk-1, pyk-2, pyp-1, pyr-1, qars-1, qdpr-1, qns-1, qui-1, rab-10, rab-11.1, rab-28, rab-30, rab-6.1, rab-8, rack-1, rad-23, ran-1, ran-3, ran-4, rars-1, rbc-2, rbg-1, rbg-2, rbg-3, rbpl-1, rbx-1, rbx-2, rcan-1, rcq-5, rde-1, rde-12, rde-4, rde-8, rec-8, ref-2, rege-1, rei-1, rei-2, rep-1, rer-1, rfgp-1, rfl-1, rga-1, rgef-1, rha-1, rhgf-1, rhgf-3, rhi-1, rho-1, ric-19, ric-8, rig-6, rike-1, rilp-1, rin-1, riok-1, rmd-1, rmd-2, rmd-3, rmd-6, rme-1, rme-6, rml-1, rnf-5, rnp-4, rnp-5, rod-1, rog-1, rop-1, rpap-2, rpi-1, rpia-1, rpl-11.1, rpl-11.2, rpl-13, rpl-18, rpl-27, rpl-3, rpl-36, rpl-5, rpl-6, rpl-8, rpn-10, rpn-13, rpn-2, rpn-5, rps-10, rps-13, rps-14, rps-18, rps-21, rps-23, rps-26, rps-27A, rps-28, rps-3A, rps-5, rps-6, rps-8, rps-9, rpsa-1, rpt-1, rpt-2, rpt-3, rpt-4, rpt-5, rpt-6, rpy-1, rrf-1, rsa-1, rsa-2, rsbp-1, rsd-3, rsd-6, rsef-1, rsf-1, rskn-1, rskn-2, rsks-1, rtcb-1, ruvb-1, ruvb-2, sacy-1, sago-1, sago-2, sam-10, sand-1, sao-1, saps-1, sar-1, sars-1, sas-4, sas-5, sas-6, sas-7, sax-1, sbds-1, scc-1, scpl-1, sde-2, sdf-9, sdn-1, sdpn-1, sds-22, sdz-30, sdz-8, sea-2, sec-10, sec-22, sec-23, secs-1, sedl-1, sek-4, sek-6, sel-10, sel-2, sel-5, seld-1, selt-1.2, sem-5, sep-1, sepa-1, sesn-1, sfa-1, sftd-3, sgk-1, shc-1, shq-1, siah-1, sid-2, sid-3, simr-1, sinh-1, sip-1, sipa-1, sir-2.1, ska-1, skih-2, skn-1, skr-1, skr-10, skr-12, skr-13, skr-14, skr-15, skr-16, skr-17, skr-18, skr-19, skr-2, skr-20, skr-21, skr-3, skr-4, skr-5, skr-6, skr-7, skr-8, skr-9, sluh-7, sma-1, sma-2, sma-3, sma-4, sma-5, smap-1, smcr-8, smg-1, smg-2, smg-3, smg-4, smg-5, smg-6, smg-7, smg-8, smi-1, smo-1, snap-29, snf-12, snr-1, snr-2, snr-3, snr-4, snr-5, snr-6, snr-7, snx-1, snx-17, snx-3, sod-1, sodh-2, sor-3, sorf-1, sorf-2, spas-1, spat-1, spc-1, spd-1, spd-2, spd-5, spdl-1, spe-11, spe-15, spe-26, spe-39, spe-47, spe-5, spe-55, spe-57, spe-6, spe-8, spe-9, sphk-1, spk-1, spn-4, spop-1, spot-1, spr-5, spsb-1, sqst-1, sqv-1, sqv-4, sqv-5, sqv-7, srpa-68, srpa-72, ssu-1, sta-1, sta-2, sti-1, stim-1, stn-1, stn-2, strd-1, strt-10, strt-7, suca-1, sucg-1, suco-1, sumv-1, sup-12, sup-26, sup-35, sup-46, supr-1, sur-5, sur-6, suro-1, sut-1, sut-2, swan-1, syd-2, sys-1, szy-20, tac-1, taco-1, taf-4, tag-115, tag-124, tag-191, tag-250, tag-296, tag-30, tag-314, tag-325, tag-335, tag-52, tag-68, tag-77, tag-96, tald-1, tars-1, tasp-1, tat-1, tat-5, tat-6, tax-6, tba-1, tba-2, tba-4, tba-5, tba-6, tba-7, tba-8, tba-9, tbb-1, tbb-2, tbb-4, tbb-6, tbc-13, tbc-14, tbc-19, tbc-2, tbca-1, tbcb-1, tbcc-1, tbce-1, tbg-1, tbx-2, tcl-2, tct-1, tdc-1, tdp-1, tdpt-1, tdrd-3, teg-1, tes-1, tfg-1, tgs-1, tgt-1, tgt-2, thum-3, tiar-1, tiar-2, tipn-1, tir-1, tkt-1, tli-1, tln-1, tmem-135, tmem-258, tmie-1, tnc-2, toca-1, toca-2, toe-2, tofu-1, tofu-2, tofu-6, tofu-7, tom-1, top-2, tor-1, tor-2, tost-1, tph-1, tpi-1, tra-1, tra-2, tra-3, trd-1, trf-1, trim-21, trpp-11, trx-1, trx-3, trx-4, trxr-1, trxr-2, tsen-2, tsn-1, tsr-1, ttbk-2.1, ttbk-2.2, ttbk-3, ttbk-4, ttbk-5, ttbk-6, ttbk-7, ttbk-8.1, ttbk-8.2, ttc-17, tth-1, ttll-12, ttm-2, ttn-1, ttx-7, tub-1, tub-2, tufm-2, tut-1, tut-2, twf-2, txdc-17, txdc-9, txt-11, uba-1, uba-2, uba-5, ubc-12, ubc-25, ubh-1, ubh-2, ubh-3, ubh-4, ubl-5, ubq-1, ubq-2, ubr-1, ubr-5, ubxn-1, ubxn-2, ubxn-3, ubxn-6, uev-1, uev-3, ufc-1, ufd-1, ufd-2, ufd-3, ufm-1, ula-1, ulp-2, ulp-4, umps-1, unc-104, unc-108, unc-112, unc-115, unc-116, unc-15, unc-16, unc-18, unc-22, unc-23, unc-25, unc-26, unc-34, unc-41, unc-43, unc-44, unc-45, unc-51, unc-52, unc-53, unc-54, unc-57, unc-6, unc-60, unc-61, unc-69, unc-70, unc-73, unc-75, unc-76, unc-78, unc-84, unc-87, unc-89, unc-94, unc-95, unc-96, unc-97, unc-98, unk-1, upp-1, urm-1, uso-1, usp-3, usp-46, vab-10, vab-19, vab-3, vab-8, valv-1, vamp-7, vav-1, vbh-1, vet-2, vet-6, vha-11, vha-20, vha-8, vhp-1, vig-1, viln-1, viro-2, vms-1, vps-16, vps-18, vps-2, vps-25, vps-34, vps-36, vps-39, vps-4, vps-41, vps-52, vps-53, vrk-1, vsra-1, vti-1, vwa-8, wago-1, wago-10, wago-4, wago-5, warf-1, wars-1, wdr-23, wdr-5.1, wdr-83, wee-1.1, wee-1.3, wnk-1, wrm-1, wrn-1, wsp-1, wts-1, wve-1, wwp-1, xbx-1, xpc-1, xpo-1, xpo-2, xpo-3, xpo-7, xrn-1, yap-1, yars-1, zak-1, zen-4, znf-593, znf-598, znf-622, znf-706, znfx-1, ztf-7, zwl-1, zyg-1, zyg-12, zyg-8, zyg-9, zyx-1"
GO:0006468,400,"B0198.3, B0207.7, B0218.5, B0252.1, C01C4.3, C03B1.5, C03C10.2, C05C12.1, C08F8.6, C09D4.3, C14A4.13, C16A11.10, C18H7.4, C25A8.5, C25H3.1, C27D6.11, C27D8.1, C28A5.6, C34B2.3, C34F11.5, C35E7.10, C36B7.1, C36B7.2, C38C3.4, C44C10.7, C44H4.6, C49C3.10, C49C8.1, C50F4.10, C55B7.10, C55C3.4, C56C10.6, C56G2.5, D2024.1, D2045.5, D2045.7, E02H4.6, F09A5.2, F09C12.2, F09G2.1, F11E6.8, F16B12.7, F21F3.2, F22B3.8, F22F1.2, F22H10.1, F23C8.7, F23C8.8, F25F2.1, F26A1.3, F26A1.4, F26E4.5, F28C10.3, F31E3.2, F33D11.7, F35C11.3, F36H12.9, F38E1.3, F39F10.2, F39F10.3, F41G3.5, F47F2.1, F52B5.2, F53C3.1, F54H5.2, F57B9.8, F59A3.8, F59A6.4, F59E12.15, F59F5.3, H05L14.1, H12I13.1, K02E10.7, K04C1.5, K06H7.8, K08H2.5, K09B11.5, K09C6.2, K11C4.1, K11H12.9, M03C11.1, M05D6.1, M176.9, M7.7, R02C2.1, R04A9.7, R05H5.4, R06A10.4, R09D1.12, R09D1.13, R10D12.10, R11E3.1, R13H9.6, R151.1, T05A7.6, T05C12.1, T06C10.3, T07F12.4, T11F8.4, T15B12.2, T19D12.5, T21G5.1, T24D5.4, T25B9.4, T25B9.5, VY10G11R.1, W01B6.5, W02B12.12, W03A5.1, W03G9.5, W04B5.5, W04G5.10, W06F12.3, W09C3.1, Y105C5A.24, Y106G6D.4, Y106G6E.1, Y111B2A.1, Y116A8C.24, Y116A8C.38, Y38E10A.8, Y38H6C.20, Y38H8A.4, Y39G8B.5, Y39G8C.2, Y43C5B.2, Y43D4A.6, Y47G6A.13, Y47G6A.5, Y50D4B.6, Y51B9A.9, Y52D5A.2, Y53F4B.1, Y65B4A.9, Y69E1A.3, Y69F12A.1, Y71F9AL.2, Y73B6A.1, ZC373.3, ZC581.2, ZC581.7, ZC581.9, ZK354.2, ZK354.6, ZK507.1, ZK524.4, ZK596.2, ZK622.1, ZK666.8, aak-1, aak-2, abl-1, air-1, air-2, akt-1, akt-2, ark-1, bub-1, cam-1, cat-6, cdc-7, cdk-1, cdk-11.1, cdk-11.2, cdk-12, cdk-14, cdk-2, cdk-4, cdk-5, cdk-7, cdk-8, cdk-9, cdkl-1, chk-1, chk-2, chkr-2, ckk-1, cmk-1, csk-1, csnk-1, cst-1, cst-2, daf-1, daf-11, daf-2, daf-4, dapk-1, ddr-1, ddr-2, dkf-1, dkf-2, dlk-1, drl-1, dyf-18, dyf-5, efk-1, egl-15, egl-4, famk-1, flor-1, flr-4, frk-1, gakh-1, gck-1, gck-2, gck-3, gck-4, gcn-2, gcy-1, gcy-11, gcy-12, gcy-13, gcy-14, gcy-15, gcy-17, gcy-18, gcy-19, gcy-20, gcy-21, gcy-22, gcy-23, gcy-25, gcy-27, gcy-28, gcy-29, gcy-3, gcy-4, gcy-5, gcy-6, gcy-7, gcy-8, gcy-9, grk-1, grk-2, gsk-3, gskl-1, gskl-2, heri-1, hir-1, hpk-1, hpo-11, ikke-1, ire-1, jkk-1, jnk-1, kgb-1, kgb-2, kin-1, kin-14, kin-15, kin-16, kin-18, kin-19, kin-20, kin-21, kin-24, kin-26, kin-29, kin-3, kin-30, kin-32, kin-33, kin-34, kin-35, kin-36, kin-4, kin-5, kin-9, ksr-1, ksr-2, let-23, let-502, lin-18, lin-2, lin-45, lit-1, lrk-1, madd-3, mak-1, mak-2, mapk-15, max-2, mbk-1, mbk-2, mek-1, mek-2, mek-5, mekk-3, mes-1, mig-15, mkk-4, mlck-1, mlk-1, mnk-1, mom-4, mpk-1, mpk-2, mrck-1, mtk-1, nekl-1, nekl-2, nekl-3, nekl-4, nimk-1, nipi-3, nipi-4, nsy-1, odr-1, old-1, old-2, pak-1, pak-2, par-1, par-4, pat-4, pct-1, pdk-1, pek-1, phkg-1, pig-1, pik-1, pink-1, pkc-1, pkc-2, pkc-3, pkg-2, pkn-1, plk-1, plk-2, plk-3, pmk-1, pmk-2, pmk-3, prk-1, prk-2, prpf-4, riok-2, riok-3, rol-3, rskd-1, rskn-1, rskn-2, rsks-1, sad-1, sax-1, scd-2, sek-1, sek-3, sek-4, sek-5, sek-6, sel-15, sel-5, sgk-1, sid-3, sma-5, sma-6, spe-55, spe-6, spe-8, spk-1, src-1, src-2, strd-1, svh-2, tag-191, tag-344, tbck-1, tlk-1, tpa-1, trk-1, ttbk-2.1, ttbk-2.2, ttbk-3, ttbk-4, ttbk-5, ttbk-6, ttbk-7, ttbk-8.1, ttbk-8.2, ttn-1, txt-2, unc-22, unc-43, unc-51, unc-82, unc-89, vab-1, ver-1, ver-3, ver-4, vps-15, vrk-1, wee-1.1, wee-1.3, wnk-1, wts-1, zak-1, zyg-1, zyg-8"
GO:0007154,32,"abl-1, apx-1, arg-1, dsl-1, dsl-2, dsl-3, dsl-4, dsl-5, dsl-6, dsl-7, grd-5, grd-7, lag-2, lis-1, ncx-1, ncx-2, ncx-3, npr-1, npr-10, npr-11, npr-12, npr-13, npr-2, npr-3, npr-4, npr-5, npr-6, npr-7, npr-8, pde-4, unc-43, wrt-5"
GO:0007283,71,"C09H5.7, F25B3.4, F26E4.5, F52H3.6, T16G12.7, ZK354.9, abl-1, alg-3, alg-4, asfl-1, atx-2, cbp-1, cgh-1, cpb-1, cpb-2, ego-1, elpc-1, elpc-3, elt-1, eri-3, fem-3, fer-1, fog-1, fog-2, fog-3, gck-3, gld-3, gsp-3, gsp-4, ife-1, ift-81, kgb-1, nhr-23, phb-1, phb-2, pph-1, prg-1, puf-8, rnp-1, rpn-10, rrf-3, rsp-1, rsp-2, simr-1, spe-10, spe-11, spe-15, spe-17, spe-27, spe-39, spe-4, spe-44, spe-5, spe-6, spe-8, swm-1, tag-250, tra-1, tra-2, trr-1, try-5, tut-1, uba-1, ubxn-1, ubxn-2, ubxn-3, unc-13, vps-33.2, wee-1.3, ythc-2, zipt-7.1"
GO:0010212,6,"abl-1, atm-1, fsn-1, nabp-1, tres-1, wrn-1"
GO:0016740,1144,"B0001.4, B0024.15, B0205.4, B0228.7, B0395.3, BAH-4, C01C4.3, C01G10.10, C01G10.7, C02D5.4, C03A7.13, C03B1.5, C03C10.2, C05C10.3, C06B8.2, C06E1.7, C14C6.3, C17A2.4, C17E4.11, C17H11.6, C18G1.8, C18H7.4, C23G10.7, C25A8.5, C25F9.2, C26C6.4, C27C7.7, C27F2.4, C29F7.3, C29F9.5, C29F9.6, C32D5.11, C32F10.8, C34F11.5, C35E7.10, C36A4.4, C37A5.7, C38H2.2, C44H4.6, C47F8.3, C47F8.5, C47F8.6, C49F5.5, C50D2.7, C53A5.17, C53D5.5, C54C8.3, C54C8.4, C55C3.4, C56A3.8, C56C10.6, C56G2.5, D1005.2, D1044.1, D1053.2, D2023.4, D2045.7, D2045.9, E02H1.1, E02H1.6, E03H4.11, EGAP9.3, F07A11.5, F08A8.5, F09A5.2, F09C12.2, F10D2.8, F10D7.5, F10G7.10, F10G8.9, F11A5.5, F11G11.13, F13E6.2, F14B6.4, F14B6.6, F17B5.6, F19B6.1, F21F3.2, F22B3.8, F22B8.7, F23C8.7, F25B5.5, F25H2.7, F26D11.1, F26D2.3, F26E4.5, F26H9.5, F28C10.3, F28G4.2, F28G4.3, F28G4.4, F29B9.1, F30A10.3, F30F8.10, F31E3.2, F31F4.1, F31F4.11, F31F4.17, F32B4.1, F32B5.1, F32D8.13, F32H2.11, F32H2.8, F33A8.4, F35H8.2, F38B2.4, F38B6.6, F38E11.6, F40F4.7, F40F8.1, F40F9.10, F41C3.11, F41D3.11, F41D3.6, F43H9.4, F45G2.9, F46F11.1, F46F5.14, F46H5.11, F46H5.3, F47F2.1, F48F7.3, F49C12.1, F49C12.3, F52C12.2, F52C12.6, F53B1.2, F53E10.1, F53F4.7, F54C1.1, F54H5.2, F56A11.5, F56D2.2, F56D2.5, F57B9.8, F59A3.8, F59A7.7, H06I04.3, H12D21.10, H14N18.4, H27A22.1, H41C03.3, K02E10.7, K03H1.13, K06H7.8, K07B1.4, K09B11.5, M01E11.1, M03C11.1, M142.8, M176.9, M57.2, M79.2, R04A9.7, R05H5.4, R07B7.6, R07C3.3, R08D7.7, R11E3.1, R11F4.1, R12E2.11, R74.7, T01G1.4, T02C1.2, T02G5.7, T03D8.6, T04A8.7, T04G9.4, T06C10.3, T09B4.8, T09E11.10, T09E11.6, T09E11.9, T09F5.1, T10B10.4, T10B10.8, T13G4.4, T14B4.9, T15B12.2, T15B7.8, T15D6.5, T20F7.3, T21E8.6, T21G5.1, T24C12.3, T24C4.5, T25B9.1, T25B9.4, T25B9.5, T26E4.3, T26E4.4, T26E4.7, T26H5.8, T27F6.1, T28A8.2, T28F2.1, T28F3.9, T28H10.1, W01B6.5, W02H5.8, W03F9.4, W07G4.2, W10C8.5, Y105C5A.24, Y105E8A.14, Y106G6D.4, Y106G6E.1, Y116A8C.24, Y116A8C.25, Y116A8C.38, Y15E3A.3, Y17G7B.18, Y22D7AR.6, Y34F4.3, Y38A10A.7, Y38E10A.8, Y39A1A.21, Y43C5B.2, Y43D4A.2, Y43D4A.6, Y44A6D.5, Y45F3A.9, Y47D9A.1, Y47G6A.5, Y48C3A.18, Y48E1B.3, Y48E1B.8, Y48E1C.2, Y48G10A.2, Y48G8AL.15, Y49A3A.3, Y49F6B.9, Y51H4A.25, Y51H7C.12, Y52D5A.2, Y53C12A.10, Y53G8B.2, Y54E10A.11, Y57A10A.31, Y57G11C.31, Y67D2.5, Y69E1A.3, Y71F9AL.1, Y71F9AL.10, Y71F9B.2, Y71H2AM.1, Y71H2AM.14, Y75B8A.19, Y7A9A.1, Y92H12A.2, Y92H12BL.1, ZC434.8, ZC581.7, ZC8.6, ZK1010.10, ZK1055.2, ZK1055.4, ZK1058.3, ZK1225.2, ZK507.1, ZK524.4, ZK622.1, ZK673.2, ZK892.4, aak-1, aak-2, abl-1, acaa-2, acer-1, acl-1, acl-11, acl-12, acl-13, acl-14, acl-2, acl-4, acl-5, acl-6, acl-7, acl-8, acl-9, acly-1, acly-2, adk-1, ads-1, age-1, agl-1, agt-1, agxt-1, air-1, air-2, akt-1, akt-2, algn-1, algn-10, algn-11, algn-12, algn-13, algn-14, algn-2, algn-5, algn-6, algn-7, algn-8, algn-9, alh-13, ama-1, anmt-1, anmt-2, anmt-3, aprt-1, arc-1, argk-1, ari-1.1, ari-1.2, ari-1.3, ari-1.4, ari-2, ark-1, atat-2, ate-1, atg-10, atic-1, atl-1, atm-1, bah-1, bah-2, bcat-1, brap-2, brc-1, brd-1, bre-2, bre-3, bre-4, bre-5, bub-1, bus-17, bus-18, bus-2, bus-8B, cam-1, cbp-1, cbp-2, cbp-3, cdc-7, cdgs-1, cdk-1, cdk-11.1, cdk-11.2, cdk-12, cdk-2, cdk-4, cdk-5, cdk-7, cdk-8, cdk-9, cdkl-1, cel-1, cept-1, cept-2, cerk-1, cgt-1, cgt-2, cgt-3, cha-1, chk-1, chk-2, chkr-2, chs-1, chs-2, chst-1, cid-1, cka-2, ckb-1, ckb-2, ckb-3, ckk-1, cmk-1, cmtr-1, cmtr-2, comt-1, comt-2, comt-3, comt-4, comt-5, coq-1, coq-2, coq-3, coq-5, coq-8, cox-10, cpt-1, cpt-3, cpt-4, cpt-5, cpt-6, crls-1, csk-1, csnk-1, cst-1, cst-2, cts-1, cyn-4, cysl-1, cysl-2, cysl-3, cysl-4, daf-1, daf-2, daf-22, daf-31, daf-4, damt-1, dapk-1, dbt-1, ddr-2, dgat-2, dgk-1, dgk-2, dgk-3, dgk-4, dgk-5, dgtr-1, dhhc-1, dhhc-10, dhhc-11, dhhc-12, dhhc-13, dhhc-14, dhhc-2, dhhc-3, dhhc-4, dhhc-6, dhhc-7, dhhc-8, dhhc-9, dhps-1, dkf-1, dkf-2, dlat-1, dlk-1, dlst-1, dolk-1, dot-1.1, dot-1.2, dot-1.3, dot-1.4, dot-1.5, dph-1, dph-5, dpm-1, dpy-19, dtmk-1, dyf-5, ech-1.1, ech-1.2, eco-1, eel-1, efk-1, egl-15, egl-26, egl-4, ego-1, elo-1, elo-2, elo-3, elo-4, elo-5, elo-6, elo-7, elo-8, elo-9, elpc-3, emg-1, etc-1, etfm-1, famk-1, fasn-1, fcmt-1, fdps-1, fib-1, fic-1, flad-1, flr-4, fntb-1, frk-1, fut-1, fut-2, fut-3, fut-4, fut-5, fut-6, fut-8, galt-1, gars-1, gck-1, gck-2, gck-3, gcn-2, gcst-1, gei-17, gfat-1, gfat-2, ggtb-1, glam-5, glct-1, glct-2, glct-3, glct-4, glct-5, glct-6, gld-2, gld-4, gldr-2, gly-1, gly-10, gly-11, gly-12, gly-13, gly-14, gly-15, gly-16, gly-17, gly-18, gly-19, gly-2, gly-20, gly-21, gly-3, gly-4, gly-5, gly-6, gly-7, gly-8, gly-9, gna-1, gna-2, got-1.2, got-2.1, got-2.2, grk-1, grk-2, gro-1, gsk-3, gskl-1, gskl-2, gst-1, gst-10, gst-11, gst-14, gst-2, gst-20, gst-23, gst-25, gst-3, gst-30, gst-35, gst-36, gst-38, gst-4, gst-41, gst-44, gst-5, gst-6, gst-7, gst-8, gst-9, gstk-1, gstk-2, gsto-1, gsto-2, gsy-1, gta-1, gtnt-1, gtnt-10, gtnt-11, gtnt-12, gtnt-13, gtnt-14, gtnt-15, gtnt-16, gtnt-17, gtnt-18, gtnt-19, gtnt-2, gtnt-20, gtnt-21, gtnt-22, gtnt-23, gtnt-24, gtnt-25, gtnt-26, gtnt-27, gtnt-28, gtnt-29, gtnt-3, gtnt-30, gtnt-31, gtnt-32, gtnt-33, gtnt-34, gtnt-35, gtnt-36, gtnt-37, gtnt-38, gtnt-39, gtnt-4, gtnt-40, gtnt-41, gtnt-42, gtnt-43, gtnt-44, gtnt-45, gtnt-46, gtnt-47, gtnt-48, gtnt-49, gtnt-5, gtnt-50, gtnt-51, gtnt-52, gtnt-53, gtnt-54, gtnt-55, gtnt-56, gtnt-57, gtnt-58, gtnt-6, gtnt-7, gtnt-8, gtnt-9, guk-1, gyg-1, gyg-2, hadb-1, hasp-1, hasp-2, hat-1, hecd-1, hecw-1, henn-1, herc-1, hmgs-1, homt-1, hpk-1, hpo-31, hprt-1, hst-1, hst-2, hst-6, hxk-1, hxk-2, hxk-3, hyl-1, hyl-2, icl-1, icmt-1, igcm-4, ikke-1, ipmk-1, ippk-1, ire-1, jkk-1, jnk-1, kat-1, kcmf-1, kgb-1, kgb-2, kin-1, kin-14, kin-15, kin-16, kin-18, kin-19, kin-20, kin-21, kin-24, kin-26, kin-29, kin-3, kin-4, kin-5, kin-9, ksr-1, lagr-1, lcmt-1, lep-2, let-23, let-268, let-363, let-502, let-70, let-754, lfe-2, lge-1, lias-1, lin-45, lin-46, lin-59, lit-1, lpl-1, lrk-1, lsy-12, madd-3, maea-1, magi-1, mak-1, mak-2, mapk-15, marc-3, marc-6, max-2, mbk-1, mbk-2, mboa-1, mboa-2, mboa-3, mboa-4, mboa-6, mboa-7, mcat-1, mcp-1, mec-17, mek-1, mek-2, mek-5, mekk-3, mel-32, mes-2, mes-4, met-1, met-2, metl-1, metl-13, metl-2, metl-5, metl-6, metr-1, mett-10, mgrn-1, mib-1, mig-15, mig-22, mkk-4, mlck-1, mlk-1, mmab-1, mnk-1, moc-1, moc-3, mocs-1, mom-1, mom-4, mpk-1, mpk-2, mpst-1, mpst-3, mpst-4, mpst-6, mrck-1, mtk-1, mtq-2, mttu-1, mys-1, mys-2, mys-4, nadk-1, nadk-2, natb-1, natc-2, nath-10, ncl-1, ndk-1, nekl-2, nekl-3, nekl-4, nemt-1, nfs-1, ngat-1, nhl-2, nimk-1, nkat-1, nkat-3, nmat-1, nmat-2, nmrk-1, nmt-1, nol-9, nprt-1, nsun-1, nsun-2, nsun-4, nsun-5, nsy-1, ntl-4, nuaf-7, oatr-1, ogt-1, old-1, oxi-1, pad-2, pak-1, pak-2, pap-1, pap-2, pap-3, par-1, par-4, parp-1, parp-2, pcm-1, pcs-1, pct-1, pcyt-1, pcyt-2.1, pdhk-2, pdk-1, pdr-1, pdxk-1, pek-1, pfk-1.1, pfk-1.2, pfkb-1.2, pfut-1, pgk-1, pgs-1, phkg-1, pifk-1A, pifk-1B, pig-1, piga-1, pigb-1, pigg-1, pigm-1, pign-1, pigo-1, pigv-1, pigw-1, pik-1, piki-1, pink-1, pisy-1, pkc-1, pkc-2, pkc-3, pkg-2, pkn-1, pks-1, plk-1, plk-2, plk-3, plr-1, pmk-1, pmk-2, pmk-3, pmt-1, pmt-2, pnk-1, pnp-1, pnpt-1, pola-1, pold-1, pold-2, pole-1, polg-1, polh-1, polk-1, polq-1, ppat-1, ppk-1, ppk-2, ppk-3, pps-1, pri-1, prk-1, prk-2, prmt-1, prmt-5, prmt-6, prmt-7, prp-19, prpf-4, prps-1, prx-10, prx-2, pssy-1, pssy-2, pup-2, pup-3, pygl-1, pyk-1, pyk-2, pyr-1, rbx-2, rde-3, rev-1, rev-3, rfk-1, rfp-1, rib-2, riok-1, riok-2, riok-3, rle-1, rml-1, rnf-113, rnf-121, rnf-126, rnf-145, rnf-5, rpb-2, rpc-1, rpc-2, rpm-1, rpoa-1, rpoa-2, rpom-1, rrf-1, rrf-2, rrf-3, rrp-8, rskn-1, rskn-2, rsks-1, sad-1, sams-1, sams-3, sams-4, sams-5, sax-1, scd-2, secs-1, sek-1, sek-3, sek-4, sek-5, sek-6, sel-11, sel-5, seld-1, set-1, set-12, set-16, set-17, set-18, set-2, set-23, set-25, set-26, set-27, set-3, set-4, set-6, set-8, set-9, sgk-1, siah-1, sid-3, sir-2.1, sir-2.2, sir-2.3, sir-2.4, sli-1, sma-5, sma-6, smg-1, sms-1, sms-2, sms-3, sms-5, spat-3, spds-1, spe-10, spe-21, spe-6, spe-8, sphk-1, spk-1, spot-1, sptl-1, sptl-2, sptl-3, sqv-2, sqv-3, sqv-5, sqv-6, sqv-8, src-1, src-2, srf-2, ssu-1, strm-1, stt-3, subs-4, svh-11, svh-2, tag-191, tag-335, tag-72, tag-96, tald-1, tank-1, tatn-1, tfbm-1, tgs-1, tgt-1, thk-1, tkt-1, tlk-1, toe-2, tpa-1, tpk-1, tps-1, tps-2, tpst-1, tpst-2, trim-21, trm-1, trm-2A, trm-61A, trmt-10A, trmt-10C.1, trmt-10C.2, trt-1, trul-1, ttbk-4, ttbk-5, ttbk-7, ttn-1, tut-1, tyms-1, uba-2, ubc-1, ubc-12, ubc-13, ubc-14, ubc-15, ubc-16, ubc-17, ubc-18, ubc-20, ubc-21, ubc-25, ubc-26, ubc-3, ubc-7, ubc-8, ubc-9, ubr-1, ufd-2, ufl-1, uggt-1, uggt-2, ugt-1, ugt-10, ugt-11, ugt-12, ugt-13, ugt-14, ugt-15, ugt-16, ugt-17, ugt-18, ugt-19, ugt-2, ugt-20, ugt-21, ugt-22, ugt-23, ugt-24, ugt-25, ugt-26, ugt-27, ugt-28, ugt-29, ugt-3, ugt-30, ugt-31, ugt-32, ugt-33, ugt-34, ugt-35, ugt-36, ugt-37, ugt-38, ugt-39, ugt-4, ugt-40, ugt-41, ugt-42, ugt-43, ugt-44, ugt-45, ugt-46, ugt-47, ugt-48, ugt-49, ugt-5, ugt-50, ugt-51, ugt-52, ugt-53, ugt-54, ugt-55, ugt-56, ugt-57, ugt-58, ugt-59, ugt-6, ugt-60, ugt-61, ugt-62, ugt-63, ugt-64, ugt-65, ugt-66, ugt-67, ugt-7, ugt-8, ugt-9, umps-1, unc-22, unc-43, unc-51, unc-82, upp-1, usip-1, vab-1, ver-3, ver-4, vkmt-1, vps-13D, vps-15, vps-34, vrk-1, wee-1.1, wee-1.3, wnk-1, wts-1, wwp-1, zak-1, znf-598, zyg-1, zyg-8"
GO:0023052,17,"abl-1, dlgr-1, lis-1, npr-1, npr-10, npr-11, npr-12, npr-13, npr-2, npr-3, npr-4, npr-5, npr-6, npr-7, npr-8, pde-4, unc-43"
GO:0030336,8,"D1081.12, D1081.4, abl-1, pdr-1, rap-2, rap-3, srgp-1, swan-1"
GO:0043066,36,"C44B11.1, F13G3.10, abl-1, akt-1, akt-2, ape-1, bir-1, bir-2, ced-4, ced-9, ceh-30, cgh-1, csp-2, csp-3, cul-1, dad-1, eya-1, fsn-1, gck-1, hif-1, him-6, icd-1, let-23, lmtr-5, mac-1, mina-1, natc-1, ned-8, pag-3, prk-1, prk-2, rad-51, tfg-1, tyr-2, ubc-17, vps-41"
GO:0043518,10,"abl-1, cul-1, fsn-1, ned-8, prmt-5, rbx-1, rfl-1, skr-1, ubc-12, ula-1"
GO:0051129,6,"abl-1, gba-1, gba-2, gba-3, gba-4, goa-1"
GO:1901075,4,"abl-1, mtm-1, mtm-3, pdr-1"
GO:0005319,13,"abt-1, abt-2, abt-4, abt-5, cav-2, ced-7, mlt-8, vit-1, vit-2, vit-3, vit-4, vit-5, vit-6"
GO:0006869,50,"F07F6.7, F07F6.8, K02D3.2, abt-1, abt-2, abt-4, abt-5, acs-22, arv-1, atg-2, atg-9, cav-2, ced-7, cert-1, daf-22, dsc-4, esyt-2, lbp-8, lea-1, lpr-1, lpr-2, lpr-3, lpr-4, lpr-6, misc-1, mlt-8, ncr-1, ncr-2, nrf-5, nrf-6, obr-1, obr-2, obr-3, obr-4, pdzd-8, slc-25A10, strt-10, strt-7, tat-5, tat-6, tex-2, vit-1, vit-2, vit-3, vit-4, vit-5, vit-6, vps-13A, vps-13D, vps-51"
GO:0016887,233,"B0511.6, C08F8.2, C10G11.8, C11G6.2, C30F12.2, C44C10.10, D2030.2, E02H1.6, F11F1.1, F44B9.8, F44E5.4, F44E5.5, F55F10.1, F56F11.4, K02F3.12, K07A3.3, T14G8.3, T19C9.10, T24H7.2, T26G10.1, Y116F11A.1, Y47C4A.1, Y94H6A.5, ZK512.2, ZK686.2, ZK938.3, abce-1, abcf-1, abcf-2, abcf-3, abch-1, abt-1, abt-2, abt-4, abt-5, abtm-1, asna-1, atad-3, bcs-1, btf-1, catp-1, catp-2, catp-3, catp-4, catp-5, catp-6, catp-7, catp-8, cct-1, cct-2, cct-3, cct-4, cct-6, cct-7, cct-8, cdc-48.1, cdc-48.2, cdc-48.3, cdc-6, ced-7, cft-1, cgh-1, chd-1, chd-3, chd-7, chl-1, cku-80, ctf-18, cua-1, ddx-10, ddx-15, ddx-35, dna-2, dpy-27, drh-3, eat-6, enpl-1, figl-1, glh-1, glh-2, glh-3, glh-4, haf-1, haf-2, haf-3, haf-4, haf-6, haf-7, haf-8, haf-9, hel-1, him-1, him-6, hmt-1, hsp-1, hsp-110, hsp-3, hsp-4, hsp-6, hsp-70, hsp-75, hsp-90, inf-1, klp-11, klp-12, klp-13, klp-15, klp-16, klp-18, klp-19, klp-20, klp-4, klp-6, klp-7, laf-1, let-418, lex-1, lonp-1, lonp-2, mac-1, mca-1, mca-2, mca-3, mcm-4, mcm-5, mcm-6, mcm-7, mei-1, mix-1, mlh-1, mog-1, mog-4, mog-5, morc-1, mrp-1, mrp-2, mrp-3, mrp-4, mrp-5, mrp-6, mrp-7, mrp-8, mspn-1, nsf-1, ntp-1, ola-1, ooc-5, orc-1, osm-3, pch-2, pgp-1, pgp-10, pgp-11, pgp-12, pgp-13, pgp-14, pgp-2, pgp-3, pgp-4, pgp-5, pgp-6, pgp-7, pgp-8, pgp-9, pif-1, pmp-1, pmp-2, pmp-3, pmp-4, pmp-5, pmr-1, pms-2, ppgn-1, prx-1, prx-6, rad-50, rad-51, rad-54.L2, rcq-5, rde-12, rfc-1, rfc-2, rfc-4, rha-1, rha-2, rme-1, rpt-1, rpt-2, rpt-3, rpt-4, rpt-5, rpt-6, rtel-1, ruvb-1, ruvb-2, sca-1, smc-3, smc-4, smg-2, smrc-1, smrd-1, snrp-200, spas-1, spg-7, ssl-1, stc-1, tat-1, tat-2, tat-3, tat-4, tat-5, tat-6, tor-1, tor-2, unc-104, unc-116, vha-10, vha-13, vps-4, vwa-8, wht-1, wht-2, wht-3, wht-4, wht-5, wht-6, wht-7, wht-8, wrn-1, xnp-1, ymel-1, zen-4, znfx-1"
GO:0035194,50,"Y43F8C.11, abt-1, alg-1, alg-2, alg-3, alg-4, alg-5, csr-1, drh-1, drh-3, ego-1, ergo-1, eri-1, gfl-1, haf-2, haf-6, haf-9, hrde-1, mrp-1, mut-14, mut-16, mut-7, nrde-1, nrde-2, nrde-3, nrde-4, pgp-11, pgp-4, ppw-1, ppw-2, rde-1, rde-2, rde-3, rde-4, sago-1, sago-2, sid-1, sid-2, sid-3, sid-5, smg-2, smg-5, smg-6, vsra-1, wago-1, wago-10, wago-4, wago-5, wht-1, zfp-1"
GO:0042626,43,"abch-1, abcx-1, abt-1, abt-2, abt-4, abt-5, abtm-1, ced-7, haf-1, haf-2, haf-3, haf-4, haf-6, haf-7, haf-8, haf-9, pgp-1, pgp-10, pgp-11, pgp-12, pgp-13, pgp-14, pgp-2, pgp-3, pgp-4, pgp-5, pgp-6, pgp-7, pgp-8, pgp-9, pmp-1, pmp-2, pmp-3, pmp-4, pmp-5, wht-1, wht-2, wht-3, wht-4, wht-5, wht-6, wht-7, wht-8"
GO:0140359,51,"abcx-1, abt-2, abt-4, abt-5, abtm-1, ced-7, cft-1, haf-1, haf-2, haf-3, haf-4, haf-6, haf-7, haf-8, haf-9, hmt-1, mrp-1, mrp-2, mrp-3, mrp-4, mrp-5, mrp-6, mrp-7, mrp-8, pgp-1, pgp-10, pgp-11, pgp-12, pgp-13, pgp-14, pgp-2, pgp-3, pgp-4, pgp-5, pgp-6, pgp-7, pgp-8, pgp-9, pmp-1, pmp-2, pmp-3, pmp-4, pmp-5, wht-1, wht-2, wht-3, wht-4, wht-5, wht-6, wht-7, wht-8"
GO:0005789,339,"B0495.7, C01F1.6, C14A4.8, C14B9.3, C31H2.4, C35D10.10, C42C1.19, C44B7.11, C45B11.6, C47A4.1, C47E12.3, D1007.15, D2023.1, F09E5.11, F13H10.8, F22B5.10, F26F2.7, F26F4.9, F32D1.3, F35C8.5, F36H9.5, F37B12.3, F38A1.8, F42G2.5, F44B9.5, F44E2.10, F44E7.9, F47B8.10, F49E12.10, F49E12.12, F49E8.8, F53B1.2, F54H5.3, F58E6.5, K05C4.2, K07B1.4, K08F4.3, K10B2.4, K10C3.4, K11G12.6, M01E11.1, R03E9.2, R07E5.19, R07E5.7, R10E4.9, R186.3, T06D8.9, T09D3.3, T10C6.6, T11G6.2, T11G6.3, T11G6.4, T19C3.4, T23B12.5, T24H7.9, T26C12.1, W01A11.1, W08F4.3, W09G3.8, Y37E11AM.3, Y38F1A.2, Y38F1A.8, Y38F2AR.10, Y41E3.8, Y43F8C.7, Y53G8B.2, Y54G2A.18, Y57G11C.33, Y5H2A.4, Y7A5A.1, ZC196.2, ZC328.3, ZK185.4, ZK418.5, ZK686.3, ZK973.11, abhd-12, abu-1, abu-10, abu-11, abu-15, abu-2, abu-4, abu-5, abu-6, abu-7, abu-8, acs-20, acs-22, agmo-1, algn-1, algn-10, algn-11, algn-12, algn-14, algn-2, algn-3, algn-5, algn-6, algn-7, algn-8, algn-9, appg-2, art-1, arv-1, atg-2, atln-1, bus-18, bus-8B, calf-1, catp-8, cdc-48.1, cdc-48.2, cdgs-1, ceh-93, cept-1, cept-2, cisd-1, cnep-1, cni-1, cnx-1, crld-1, crt-1, cup-2, cyp-42A1, cyp-43A1, cytb-5.1, dad-1, der-2, dgat-2, dgtr-1, dhcr-24, dhcr-7, dnj-1, dnj-2, dnj-26, dnj-27, dnj-29, dnj-8, dolk-1, doxa-1, dpm-1, dpm-3, dpy-11, dpy-19, drd-1, egli-1, elo-1, elo-2, elo-3, elo-4, elo-5, elo-6, elo-7, elo-8, elo-9, emb-8, emc-1, emc-2, emc-5, emc-6, ept-1, erd-2.1, erd-2.2, erg-28, ergi-1, ergi-3, erl-1, ero-1, erp-44.1, erp-44.2, erp-44.3, esyt-2, fat-5, fat-6, fat-7, fath-1, fce-1, fce-2, fic-1, fitm-2, fmo-1, fmo-2, fmo-3, fmo-4, fmo-5, hmgr-1, hop-1, hpd-1, hpo-8, hut-1, hyl-1, icmt-1, idpp-9, ile-1, ile-2, imp-1, imp-2, ire-1, itr-1, jamp-1, jph-1, let-268, lnp-1, mans-3, marc-6, mboa-1, mboa-2, mboa-6, memb-1, memb-2, mig-14, mogs-1, mom-1, myrf-1, myrf-2, nbet-1, npp-20, nra-2, nra-4, nstp-1, nstp-2, odr-4, odr-8, osm-10, ostb-1, ostd-1, ostf-4, paf-1, paf-2, pek-1, pen-2, perm-3, pgap-1, pgap-2, pgap-3, pigb-1, pigg-1, pigm-1, pign-1, pigo-1, pigs-1, pigu-1, pigv-1, pigw-1, pkd-2, pod-2, pqn-16, pqn-2, pqn-54, pqn-57, pqn-71, pqn-78, pqn-79, pqn-90, pqn-91, pssy-1, pssy-2, pst-1, pst-2, ret-1, rfth-1, rhy-1, rib-2, ribo-1, ric-3, rnf-121, rom-3, rom-4, rtcb-1, sar-1, sbp-1, scp-1, sec-11, sec-12, sec-20, sec-22, sec-23, sec-24.1, sec-24.2, sec-61.A, sec-61.B, sec-61.G, sec-62, seip-1, sel-1, sel-11, sel-12, selt-1.1, selt-1.2, serp-1.1, serp-1.2, sft-4, sms-1, sms-2, sms-3, sms-5, spcs-1, spcs-2, spcs-3, spe-4, spl-1, spl-2, spl-3, sqv-6, srdf-2.1, srdf-2.2, srdf-3, strl-1, stt-3, sur-7, tag-340, tat-3, tbc-20, tcc-1, tex-2, tmem-131, tmem-189, tmem-208, tmem-258, tram-1, trap-1, trap-2, trap-3, trap-4, tric-1B.1, tric-1B.2, ubc-15, ubc-26, ubxn-4, ufbp-1, ufl-1, unc-36, use-1, vha-20, vpr-1, vti-1, wrb-1, yif-1"
GO:0030968,73,"C14B9.2, D2096.6, F10C2.5, F38B6.6, F41B4.3, F46C5.9, F48E8.4, T09D3.3, T14G8.3, Y105E8A.2, Y41C4A.11, Y5H2A.4, ZC506.1, abu-1, abu-10, abu-11, abu-15, abu-2, abu-4, abu-5, abu-6, abu-7, abu-8, appg-2, apy-1, atf-6, bre-1, bus-5, cdr-4, ckb-2, cnx-1, col-109, crt-1, cup-2, der-2, dnj-7, dsc-4, gad-3, hrdl-1, hsp-16.11, hsp-16.41, hsp-16.49, hsp-3, hsp-4, hsp-70, idpc-2, idpc-5, idpp-9, ire-1, lec-8, pdi-2, pdi-6, pek-1, pqn-16, pqn-2, pqn-54, pqn-57, pqn-71, pqn-74, pqn-78, pqn-79, pqn-90, pqn-91, sca-1, serp-1.1, serp-1.2, srp-7, tag-353, tmbi-4, uggt-1, uggt-2, warf-1, xbp-1"
GO:0160094,39,"abu-14, abu-15, abu-6, abu-7, abu-8, aph-1, aph-2, apy-1, ceh-51, hil-1, hlh-6, hmg-3, hmg-4, lam-1, let-502, lim-7, med-1, med-2, nas-5, nas-6, nas-7, pen-2, pha-4, pyr-1, rib-1, rib-2, sma-1, sma-2, sma-3, spt-16, sqv-1, sqv-8, src-2, tbx-35, tbx-37, tbx-38, ten-1, tnt-4, unc-52"
GO:0001507,3,"ace-1, ace-2, ace-3"
GO:0003990,4,"ace-1, ace-2, ace-3, ace-4"
GO:0004104,4,"ace-1, ace-2, ace-3, ace-4"
GO:0005615,282,"C05C9.1, C06E8.5, C06G1.1, C07A4.2, C07A4.3, C08G9.2, C28G1.2, C32B5.13, C32B5.7, C47A10.12, C49H3.16, C50B6.7, C55C3.1, D2062.1, F01G10.10, F02D8.4, F07A5.4, F09B9.5, F10D11.6, F15D3.4, F15D4.4, F22E12.1, F23H12.5, F26E4.3, F26E4.7, F28A10.8, F32A11.1, F32B5.1, F32H5.1, F35B12.10, F35G2.1, F44A2.3, F44G3.7, F46F5.13, F46H5.3, F47B7.2, F54D1.6, F57B7.2, F58E2.5, F58E6.13, K02E7.10, R07E3.1, R09E10.5, R09F10.1, R105.1, R105.5, R12A1.3, T02H6.4, T02H6.7, T02H6.9, T06A4.1, T06A4.3, T10H10.2, T12E12.6, T15B7.1, T19C3.5, W01A8.6, W01A8.8, W07B8.4, W09H1.3, W10C8.5, Y105E8B.9, Y113G7B.15, Y18H1A.9, Y19D10A.6, Y39F10C.1, Y40B10B.1, Y40H7A.10, Y43C5A.2, Y46B2A.3, Y47G6A.19, Y50D7A.13, Y51A2D.1, Y51A2D.8, Y53F4B.20, Y54E2A.9, Y57G11A.2, Y59C2A.1, Y65B4A.2, Y71H2AM.25, Y71H2AR.2, ZC434.8, ZC434.9, ZC513.2, ZK856.5, aaim-1, ace-1, ace-2, ace-3, ace-4, aex-5, agr-1, anp-1, argk-1, asm-1, asm-2, asm-3, asp-6, casy-1, cnc-2, cof-2, col-99, cpd-1, cpd-2, cpi-1, cpi-2, cpl-1, cpr-1, cpr-2, cpr-3, cpr-4, cpr-5, cpr-6, cpr-8, cpr-9, cpz-1, cpz-2, cri-2, cwn-1, cwn-2, daf-28, daf-7, dbl-1, dec-7, dex-1, dos-1, dos-3, dpy-31, egl-17, egl-20, egl-21, egl-3, ensh-1, famp-1, fdr-1, flp-18, flp-21, flp-7, gplb-1, gpx-3, gpx-4, gpx-5, gpx-6, hch-1, hrg-3, ins-35, ins-39, ins-6, let-268, let-653, let-756, lev-9, lin-17, lin-3, lin-44, lon-1, madd-4, manf-1, mec-1, mif-1, mif-2, mif-3, mif-4, mig-17, mlt-10, mlt-11, mlt-7, mnp-1, mnr-1, mom-2, nas-1, nas-10, nas-11, nas-12, nas-13, nas-14, nas-15, nas-16, nas-17, nas-18, nas-19, nas-2, nas-20, nas-21, nas-22, nas-23, nas-24, nas-25, nas-27, nas-28, nas-29, nas-3, nas-30, nas-31, nas-32, nas-33, nas-36, nas-37, nas-38, nas-39, nas-4, nas-5, nas-6, nas-7, nas-8, nas-9, nlp-12, nlp-29, nlp-40, nrf-5, oig-4, osm-11, osm-7, osm-8, ost-1, pnc-1, pvf-1, pxn-1, pxn-2, scl-1, scl-10, scl-11, scl-12, scl-13, scl-14, scl-15, scl-17, scl-18, scl-19, scl-2, scl-20, scl-21, scl-23, scl-24, scl-25, scl-26, scl-27, scl-3, scl-5, scl-6, scl-7, scl-8, scl-9, sfrp-1, skpo-1, skpo-2, skpo-3, sod-4, spp-10, spp-8, srp-1, srp-2, srp-3, srp-6, srp-7, srp-8, suro-1, svh-1, swm-1, sym-1, tag-196, tag-329, tbh-1, tep-1, tig-2, tig-3, timp-1, toh-1, try-10, try-3, try-4, try-5, try-9, txt-3, unc-122, unc-129, vap-1, vap-2, vmo-1, zmp-2, zmp-3, zmp-5"
GO:0006581,3,"ace-1, ace-2, ace-3"
GO:0016787,1023,"B0207.6, B0280.11, B0464.9, B0495.7, B0511.6, B0524.2, C01B10.9, C01G10.7, C02G6.2, C03H5.4, C04E12.4, C04E12.5, C04E6.5, C04F12.8, C05C10.2, C05C8.5, C05G5.5, C06A1.3, C06A6.4, C07E3.9, C08B6.14, C08B6.8, C08E8.2, C08F8.2, C09H5.7, C10C5.3, C10C5.4, C10C5.5, C11D2.4, C11G6.2, C15H7.3, C16A3.2, C17C3.1, C17C3.3, C23G10.1, C24F3.2, C24G6.8, C24H11.1, C24H11.2, C24H12.4, C25A6.1, C25E10.12, C25G4.2, C25H3.14, C25H3.3, C26B9.5, C27A7.3, C27A7.5, C27B7.6, C27H6.9, C28H8.3, C29E4.10, C31H5.1, C31H5.6, C32E12.4, C33G3.4, C34D1.4, C34D4.2, C37H5.13, C37H5.14, C41G11.1, C44B7.11, C44E12.1, C45B11.6, C45B2.6, C45E5.1, C46F11.4, C47A4.3, C47E12.3, C50B6.7, C50B6.9, C50F4.16, C53D5.5, C54G4.7, D1022.3, D1022.4, D1022.5, D1054.1, F02E9.7, F07A11.4, F07H5.10, F09B12.3, F09C8.1, F09G2.8, F10C2.5, F10D2.10, F11C1.4, F13A7.11, F13H8.11, F13H8.3, F16F9.4, F16H6.4, F16H6.7, F19C7.2, F19C7.4, F20D6.6, F21A3.11, F21D5.7, F22D6.9, F23B12.1, F25B3.4, F25B5.3, F25E2.3, F26A3.1, F26A3.4, F26B1.5, F26C11.1, F28C6.8, F31D4.2, F32H5.1, F33D11.10, F35F10.6, F35F10.7, F35H12.5, F36A2.9, F36D4.5, F37A4.5, F40B5.2, F40E3.5, F42G8.8, F42H10.6, F44B9.9, F44E7.4, F49B2.6, F49E11.7, F52H3.6, F53H4.6, F54E12.2, F55F8.2, F56F10.1, F57B9.3, F57C2.5, F57F4.1, F58G1.3, F58H1.3, F59B2.3, F59E12.6, H12I13.1, H14N18.4, H20J04.4, H25K10.1, K01A2.5, K02A2.1, K02D10.1, K02F3.12, K07A1.3, K07C11.7, K08B12.3, K08D9.4, K10C3.5, K12C11.1, K12H4.7, M01G12.14, M01G12.7, M01G12.9, M04C9.1, M04C9.2, M04C9.3, M176.4, R03D7.2, R03E9.2, R03G8.6, R04B3.2, R06C7.6, R07B7.8, R07B7.9, R07E3.1, R08A2.2, R08C7.8, R08F11.1, R09F10.1, R09H10.3, R10D12.15, R13A5.11, T02E9.6, T03D8.6, T03F6.3, T05A12.4, T05C7.8, T05H10.1, T06A4.1, T06A4.3, T07D3.9, T07D4.2, T07F12.1, T09B9.1, T12E12.6, T12G3.4, T13B5.9, T16G1.9, T16G12.1, T16G12.7, T19C9.10, T19D7.7, T22B7.7, T22F3.2, T23G7.2, T23H2.3, T24C12.3, T25B9.2, T26F2.1, T26G10.1, T27A8.3, T27F6.6, T28D6.6, W01A11.1, W02B12.1, W02F12.2, W03D8.2, W03D8.8, W03G11.3, W04A8.1, W04E12.7, W04G5.5, W07B8.4, W09D10.4, Y105C5B.15, Y105C5B.3, Y105E8B.9, Y106G6D.5, Y10G11A.1, Y113G7B.15, Y116F11A.1, Y16B4A.2, Y17D7C.2, Y17G7B.12, Y17G7B.3, Y18H1A.9, Y19D10A.6, Y19D2B.1, Y32F6A.5, Y37D8A.2, Y38F2AR.12, Y39B6A.7, Y40B10A.9, Y40H4A.2, Y40H7A.10, Y42A5A.1, Y43F4A.1, Y43F8C.13, Y44E3A.1, Y47C4A.1, Y47G6A.19, Y47H10A.3, Y47H10A.4, Y47H10A.5, Y48G10A.1, Y50D7A.13, Y52E8A.1, Y53F4B.39, Y54E2A.4, Y54F10AM.8, Y54F10BM.13, Y54G11A.3, Y55D5A.3, Y55F3AM.9, Y55F3BR.1, Y56A3A.33, Y57G11C.3, Y59C2A.1, Y61A9LA.10, Y62E10A.13, Y65B4BR.1, Y67D2.2, Y67D8C.9, Y67H2A.7, Y69A2AL.2, Y69E1A.4, Y70C5C.1, Y71G12A.4, Y71G12B.30, Y71H2AM.11, Y73B6BL.37, Y73C8B.1, Y73C8B.2, Y73C8B.3, Y73F8A.1159, Y7A9A.1, Y87G2A.2, Y92H12BL.5, Y94H6A.12, Y94H6A.5, Y94H6A.7, ZC434.9, ZC477.2, ZC506.1, ZK1098.3, ZK1236.1, ZK1320.9, ZK354.9, ZK430.5, ZK512.2, ZK563.7, ZK643.2, ZK686.2, ZK697.8, ZK757.2, ZK856.5, ZK909.3, ZK938.1, aagr-1, aagr-2, aagr-3, aagr-4, abhd-11.1, abhd-11.2, abhd-14, abhd-3.1, abhd-3.2, abhd-5.2, ace-1, ace-2, ace-3, ace-4, acer-1, acp-1, acsd-1, act-1, act-2, act-3, act-4, act-5, adal-1, adm-2, adm-4, adr-2, adt-1, adt-2, aex-5, aex-6, afmd-1, afmd-2, agl-1, ahcy-1, aho-3, aman-1, aman-2, aman-3, amdh-1, ampd-1, anp-1, apn-1, app-1, apy-1, arf-1, argn-1, asah-1, asah-2, asm-1, asm-2, asm-3, asna-1, asp-1, asp-12, asp-13, asp-15, asp-16, asp-17, asp-18, asp-2, asp-3, asp-4, asp-5, asp-6, asp-7, asp-8, asp-9, atg-4.1, atg-4.2, atgl-1, atgp-2, ath-1, atic-1, atln-1, atx-3, bcs-1, bgal-1, bgal-2, bli-4, bpnt-1, btf-1, cat-4, ccar-1, ccf-1, ccpp-1, ccpp-6, ccr-4, cdc-14, cdc-25.1, cdc-25.2, cdc-25.3, cdc-25.4, cdc-48.1, cdc-48.2, cdc-48.3, cdd-1, cdd-2, ced-3, ceeh-1, ceeh-2, cel-1, cest-1.1, cest-1.2, cest-13, cest-17, cest-24, cest-26, cest-27, cest-28, cest-3, cest-30, cest-31, cest-32, cest-33, cest-34, cest-35.1, cest-35.2, cest-7, cest-8, cest-9.2, cgh-1, chd-1, chd-3, chd-7, chhy-1, chl-1, cht-1, cht-2, cht-3, cht-4, cht-5, cht-6, cku-70, cku-80, clp-1, clp-10, clp-2, clp-3, clp-4, clp-6, clp-7, clp-8, clp-9, clpp-1, clr-1, cnep-1, cpd-1, cpd-2, cpin-1, cpl-1, cpr-1, cpr-2, cpr-3, cpr-4, cpr-5, cpr-6, cpr-8, cpr-9, cps-6, cpsf-3, cpz-1, crn-1, crn-2, crn-3, crn-4, crn-6, crn-7, csb-1, csn-5, csp-1, ctsa-1.1, ctsa-1.2, ctsa-2, ctsa-3.1, ctsa-3.2, ctsa-4.1, ctsa-4.2, cyk-3, cyld-1, daf-18, dao-3, dbr-1, dcap-2, dcr-1, dcs-1, ddi-1, ddx-10, ddx-15, ddx-17, ddx-19, ddx-23, ddx-27, ddx-35, ddx-46, ddx-52, dep-1, dhp-1, dhp-2, dis-3, disl-2, dlhd-1, dna-2, dnpp-1, dog-1, dom-3, dpf-1, dpf-2, dpf-6, dph-7, dpt-1, dpy-31, drp-1, drsh-1, duo-1, duo-3, dut-1, dvc-1, dyn-1, eak-6, eat-3, eef-2, eelo-2, egl-21, egl-3, egl-8, eif-2gamma, eif-4A3, elac-2, endu-1, endu-2, eng-1, enpp-1, eol-1, eri-1, eri-7, exo-1, eya-1, faah-1, faah-2, faah-3, faah-4, faah-5, fah-1, fan-1, fasn-1, fbp-1, fce-1, fce-2, fcp-1, fem-2, fic-1, figl-1, fil-1, fil-2, fitm-2, fzo-1, gana-1, gba-1, gba-2, gba-3, gba-4, gcp-2.1, gda-1, gda-2, gen-1, ges-1, gex-4, gfm-1, glh-1, glh-2, glh-3, glh-4, glna-1, glna-2, glna-3, gob-1, gon-1, gop-2, gpa-1, gpa-2, gpap-1, gpcp-1, gpcp-2, gsp-1, gsp-2, gsp-3, gsp-4, hach-1, hap-1, hbs-1, hch-1, hda-1, hda-11, hda-2, hda-3, hda-4, hda-6, hel-1, helq-1, hex-1, hex-2, hex-3, hex-4, hex-5, him-6, hint-1, hosl-1, hpo-13, hrg-7, hsp-4, hst-1, hzl-1, icpp-55, iffb-1, ilkp-1, ilys-1, ilys-2, ilys-3, ilys-4, ilys-5, ilys-6, imp-1, imp-2, inf-1, inpp-5K, ints-11, ipla-1, ipla-2, ipla-3, ipla-4, ipla-5, ipla-6, ipla-7, ipp-5, ire-1, isw-1, josd-1, klo-1, klo-2, klp-12, kpc-1, kynu-1, laf-1, lap-1, lap-2, lem-3, let-355, let-418, let-60, let-92, lgmn-1, lhpp-1, lid-1, lip-1, lipl-1, lipl-2, lipl-3, lipl-4, lipl-5, lipl-7, lipl-8, lips-1, lips-10, lips-11, lips-12, lips-13, lips-15, lips-17, lips-2, lips-3, lips-5, lips-6, lips-7, lips-8, lips-9, lmd-4, lmd-5, lonp-1, lonp-2, ltah-1.1, ltah-1.2, lys-5, lys-9, mans-1, mans-2, mans-3, mans-4, map-1, map-2, math-33, mcm-2, mcm-3, mcm-4, mcm-5, mcm-6, mcm-7, mcp-1, mec-12, mec-6, mel-46, mig-17, mig-23, miro-1, mmaa-1, mog-1, mog-4, mog-5, mogs-1, morc-1, mppb-1, mppe-1, mre-11, mrt-2, mtm-1, mtm-3, mtm-6, mtr-4, mus-81, mut-14, mut-7, myrf-1, myrf-2, nape-1, nape-2, nas-1, nas-10, nas-11, nas-12, nas-13, nas-14, nas-15, nas-16, nas-17, nas-18, nas-19, nas-2, nas-20, nas-22, nas-23, nas-24, nas-25, nas-27, nas-28, nas-29, nas-3, nas-30, nas-31, nas-32, nas-33, nas-36, nas-37, nas-38, nas-39, nas-4, nas-5, nas-6, nas-7, nas-8, nas-9, nceh-1, ndx-1, ndx-2, ndx-3, ndx-4, ndx-6, ndx-7, ndx-8, ndx-9, nep-1, nep-10, nep-11, nep-12, nep-13, nep-17, nep-18, nep-2, nep-20, nep-21, nep-22, nep-23, nep-24, nep-26, nep-3, nep-5, nep-6, nep-8, nep-9, nft-1, nit-1, nobh-1, npp-10, nsf-1, nte-1, nte-2, ntfc-1, nth-1, ntp-1, nuc-1, odr-8, oga-1, ola-1, otub-1, otub-2, otub-4, paf-1, paf-2, pam-1, papl-1, parg-1, parg-2, parn-1, pbs-1, pbs-5, pcp-1, pcp-2, pcp-3, pcp-4, pcp-5, pde-1, pde-2, pde-3, pde-4, pde-5, pde-6, pdp-1, pef-1, pes-9, pfkb-1.1, pfkb-1.2, pgam-5, pgap-1, pgl-1, pgl-3, pgph-1, pgph-2, pgph-3, phlp-2, pho-1, pho-10, pho-11, pho-5, pif-1, pigk-1, pipp-4P, pir-1, pir-2, pks-1, plc-1, plc-2, plc-3, plc-4, pld-1, pll-1, plpp-1.2, pmp-4, pnc-2, png-1, pnpt-1, pold-1, poml-1, poml-2, poml-4, popl-1, popl-4, ppgn-1, pph-1, pph-4.1, pph-4.2, pph-5, pph-6, ppm-1.A, ppm-1.D, ppm-1.G, ppm-1.H, ppm-2, ppt-1, pqe-1, pqn-15, pqn-68, prg-1, prx-6, ptp-1, ptp-2, ptp-3, ptp-8, ptrg-1, pyp-1, pyr-1, rab-10, rab-14, rab-18, rab-35, rab-5, rad-50, rad-54.B, rad-54.L, rad-54.L2, ral-1, rap-1, rap-2, rap-3, rcq-5, rde-12, rege-1, rha-1, rha-2, rheb-1, riok-1, rnh-1.0, rnh-2, rnst-2, rom-1, rom-5, rpap-2, rpn-11, rtel-1, ruvb-1, ruvb-2, sacy-1, sahd-1, sar-1, scpl-1, scpl-3, sec-11, sep-1, skih-2, slx-1, smg-2, smgl-2, smrc-1, smrd-1, snrp-200, spe-57, spg-7, ssl-1, ssup-72, sul-1, sul-2, sup-17, suro-1, svh-1, swsn-4, tag-196, tasp-1, tax-6, tba-1, tba-2, tba-4, tba-5, tba-6, tba-7, tba-8, tba-9, tdpo-1, tdpt-1, tir-1, tns-1, tofu-2, toh-1, tpp-2, tra-3, trcs-1, tre-1, tre-2, tre-3, tre-4, tre-5, try-1, try-3, try-5, ttx-7, tufm-2, txt-8, ubh-1, ubh-2, ubh-3, ubh-4, uda-1, ulp-1, ulp-2, ulp-3, ulp-4, unc-26, unc-33, ung-1, upb-1, usp-14, usp-3, usp-33, usp-39, usp-4, usp-46, usp-48, usp-5, usp-50, usp28, vbh-1, vha-11, vhp-1, vms-1, vps-4, warf-1, wrn-1, wrt-1, wrt-4, wrt-6, wrt-8, xnp-1, xpb-1, xpd-1, xpf-1, xpg-1, xrn-1, xrn-2, ymel-1, ythc-2, zmp-1, zmp-2, zmp-3, zmp-4, zmp-5, zmp-6, znfx-1"
GO:0019695,3,"ace-1, ace-2, ace-3"
GO:0040012,47,"ace-1, ace-2, acr-2, ain-1, cat-2, ced-3, clhm-1, ctn-1, dcap-1, dcap-2, dgk-1, dop-1, dop-3, eat-16, egl-8, gbb-1, gbb-2, goa-1, gpb-2, hyl-1, kin-20, lev-1, mod-1, nfi-1, pkc-1, plp-1, rab-3, rhgf-2, sep-1, ser-4, sma-1, sol-1, sol-2, spc-1, sphk-1, ssup-72, sup-12, tiar-1, tpst-1, unc-104, unc-17, unc-29, unc-30, unc-63, unc-70, unc-73, unc-78"
GO:0042802,93,"C13F10.7, F42H10.6, F52C6.3, F54D10.7, K02F3.2, R09H10.3, T03F6.3, Y71A12B.10, ace-1, ace-2, ace-3, aldo-1, baf-1, bmy-1, cdc-48.1, cdc-48.2, cdd-1, cdd-2, ced-3, ced-4, ces-1, ces-2, cfim-1, crh-1, ctps-1, dct-1, dnpp-1, eff-1, eif-2Balpha, ercc-1, erh-1, fos-1, ftn-1, ftn-2, gcl-1, gcy-14, glc-1, gopc-1, gst-42, him-18, hprt-1, hsf-1, hsp-12.6, hsp-90, ipla-1, laf-1, lap-1, lmn-1, maoc-1, mcu-1, mei-1, mel-26, mep-1, ndk-1, oatr-1, paic-1, pas-2, pas-7, pash-1, pgl-1, pgl-3, psr-1, ptps-1, rad-51, rme-8, rpt-4, sas-6, secs-1, sel-7, slfl-5, smo-1, smu-1, sop-2, spas-1, spd-5, spp-3, sqv-4, stim-1, swsn-1, tax-4, tdpt-1, tfg-1, thk-1, tir-1, tric-1B.1, tric-1B.2, tsp-21, unc-3, unc-43, unc-45, zen-4, zip-7, zyg-1"
GO:0043083,4,"ace-1, ace-2, ace-3, casy-1"
GO:0045202,233,"C16C2.4, T27E4.1, Y57G11C.22, abts-1, acc-4, ace-1, ace-2, acr-10, acr-11, acr-12, acr-14, acr-15, acr-16, acr-17, acr-18, acr-19, acr-2, acr-20, acr-21, acr-23, acr-24, acr-25, acr-3, acr-5, acr-6, acr-7, acr-8, acr-9, aex-3, apa-2, asic-1, atx-3, cab-1, cam-1, casy-1, cat-2, ccb-2, cdk-5, cdka-1, cebp-1, ced-3, ced-9, cha-1, cho-1, cla-1, cle-1, clr-1, cni-1, cpb-1, cpb-3, cpx-1, cup-4, daf-28, deg-3, des-2, dgk-1, dgn-1, dhc-1, dkf-1, dlk-1, dop-1, dop-2, dop-5, dop-6, dpy-23, dyb-1, dyn-1, dys-1, eat-18, eat-2, eat-4, egl-1, egl-3, egl-8, ehs-1, elks-1, emb-27, exp-1, fog-1, fsn-1, gab-1, gar-1, gar-2, gar-3, gex-2, git-1, glc-1, glc-2, glo-4, glr-1, glr-2, glr-3, glr-4, glr-5, glr-6, glr-7, goa-1, gopc-1, gpa-5, gpb-2, ida-1, ins-1, kcc-1, kcc-2, kcc-3, kcmf-1, kel-8, kqt-1, kqt-3, lev-1, lev-10, lev-8, lev-9, lgc-1, lgc-10, lgc-11, lgc-12, lgc-13, lgc-14, lgc-15, lgc-16, lgc-17, lgc-18, lgc-19, lgc-20, lgc-21, lgc-22, lgc-25, lgc-26, lgc-27, lgc-29, lgc-30, lgc-31, lgc-34, lgc-35, lgc-36, lgc-38, lgc-4, lgc-43, lgc-46, lgc-5, lgc-50, lgc-57, lgc-6, lgc-7, lgc-8, lgc-9, lin-10, lin-7, lis-1, lon-2, madd-4, magi-1, mak-2, maph-1.1, maph-1.2, maph-1.3, mod-5, nab-1, nid-1, nlg-1, nmr-1, nmr-2, nud-1, nud-2, octr-1, oig-4, oxi-1, pbo-5, pbo-6, pde-4, pitp-1, ppm-1.A, ptp-3, ptrg-1, rae-1, rbf-1, ric-3, ric-4, ric-7, rig-1, rig-3, rig-4, rig-6, rimb-1, rpm-1, rpy-1, sad-1, sec-8, ser-1, ser-3, ser-4, ser-6, ser-7, shn-1, slc-17.1, slo-1, snap-29, snb-1, snf-6, snn-1, snt-1, snt-4, snt-6, sol-1, sphk-1, strd-1, sup-1, syd-1, syd-2, syg-1, syg-2, tag-89, tbc-7, tbh-1, tyra-3, unc-10, unc-116, unc-13, unc-17, unc-18, unc-26, unc-29, unc-31, unc-32, unc-37, unc-38, unc-41, unc-49, unc-57, unc-63, unc-64, unc-75"
GO:0052689,38,"B0464.9, F16F9.4, T09B9.1, Y48G10A.1, abhd-11.1, abhd-11.2, abhd-3.1, abhd-3.2, abhd-5.1, abhd-5.2, ace-1, ace-2, ace-3, ace-4, cest-1.1, cest-1.2, cest-13, cest-17, cest-24, cest-26, cest-27, cest-28, cest-3, cest-30, cest-31, cest-32, cest-33, cest-34, cest-35.1, cest-35.2, cest-7, cest-8, cest-9.2, faah-4, ges-1, lid-1, nceh-1, trcs-1"
GO:0007271,25,"abts-1, ace-2, acr-11, acr-15, cle-1, cup-4, dgk-1, dyb-1, dys-1, gar-1, lev-1, nid-1, rab-3, ric-3, ric-4, rpy-1, snb-1, unc-10, unc-104, unc-17, unc-18, unc-32, unc-63, unc-64, unc-75"
GO:0042803,34,"C34C12.8, ace-2, ace-3, allo-1, app-1, cep-1, cps-6, dct-1, dkf-2, glo-2, golg-5, gpdh-1, gpdh-2, hlh-1, hlh-2, lin-32, madd-2, nadk-2, pde-2, phb-2, rde-4, sahd-1, sel-10, smu-1, sod-1, sod-2, sod-3, sop-2, ssp-19, syd-2, syg-2, ttr-52, unc-33, vps-25"
GO:0002119,211,"H06A10.1, ace-3, act-5, acy-1, acy-2, alg-1, alg-2, apl-1, apr-1, aps-2, atp-2, bcat-1, bli-3, catp-1, ccdc-55, ccnk-1, cdk-12, cdk-2, cdk-4, cdk-9, ced-10, cgt-1, cgt-2, cgt-3, coq-3, csk-1, cul-1, cyd-1, dab-1, daf-15, daf-16, daf-31, daf-4, dbl-1, dcap-1, dcap-2, dcr-1, ddx-23, dnj-10, dre-1, dss-1, eat-16, eat-3, egl-15, egl-18, egl-26, egl-27, egl-30, egl-38, elac-2, elt-2, emb-9, eor-1, eor-2, eps-8, erm-1, exo-3, eya-1, feh-1, fkh-2, flh-1, flh-2, gale-1, gld-3, glp-1, gon-14, gpn-1, hars-1, hbl-1, hlh-14, hlh-2, hpl-1, hpl-2, hsd-1, hsf-1, hsp-60, hsp-90, hut-1, iff-2, ima-3, ina-1, ire-1, klc-2, ksr-1, ksr-2, lag-1, lag-2, lep-2, let-23, let-363, let-381, let-4, let-502, let-526, let-60, let-711, let-756, lim-7, lin-12, lin-25, lin-28, lin-3, lin-35, lin-45, lin-59, lpin-1, lpr-1, lrp-1, lsy-2, mboa-6, mboa-7, mca-3, mcd-1, mdt-15, mec-8, mep-1, mig-15, mig-6, mlc-1, mlc-2, mlc-4, mls-2, mlt-7, mrck-1, mtm-6, myrf-1, nhx-2, nmy-1, nmy-2, noca-1, npp-5, nst-1, nuo-1, pab-1, pak-1, pak-2, pek-1, pept-1, pes-1, pha-1, pha-2, piki-1, plx-2, pmt-1, pod-2, prx-12, prx-13, prx-19, prx-5, prx-6, ptp-2, ptrn-1, pxl-1, pyr-1, qua-1, rbd-1, ref-2, riok-1, riok-2, rme-8, rpn-1, rsks-1, rsp-2, ruvb-1, sand-1, sca-1, sdn-1, sft-4, sgk-1, sig-7, skp-1, sma-1, sma-3, sma-4, smn-1, smo-1, smu-1, smu-2, snb-1, sop-2, sor-3, spc-1, sptf-3, sur-6, swsn-1, tbx-2, tiar-1, tiar-2, tnt-4, uaf-1, uba-1, uba-2, ubc-9, umps-1, unc-101, unc-104, unc-108, unc-17, unc-32, unc-52, unc-70, unc-73, unc-94, vha-20, vha-5, vha-6, vhp-1, vps-34, wee-1.3, wts-1, ztf-11"
GO:0035188,2,"ace-3, hch-1"
GO:0043058,11,"ace-3, bar-1, egl-3, fax-1, glr-1, lin-10, pag-3, stn-1, ubr-1, unc-26, unc-49"
GO:0050879,2,"ace-3, sym-2"
GO:0005575,46,"B0361.4, B0495.5, C02F12.5, C50C3.5, F26C11.3, F26F2.1, F54C8.6, F54H12.5, K01A12.2, M01A8.1, T28A11.16, W10G11.1, ZK1320.7, ZK177.1, ZK353.4, acn-1, akap-1, bca-1, cest-24, clec-160, clec-180, col-145, cup-16, cyp-13A10, cyp-13B1, dpy-20, gst-2, gst-3, gst-8, gst-9, irg-1, lir-2, lys-5, mask-1, mbug-1, nhr-5, pals-5, rec-1, semi-1, srd-2, srf-2, stau-1, tsct-1, ttc-39B, ttr-5, xol-1"
GO:0006508,350,"AC3.5, B0495.7, C02G6.2, C04E6.5, C05G5.5, C26B9.5, C32B5.13, C32B5.7, C44B7.11, C53D5.5, D2030.2, F02D8.4, F07A11.4, F12D9.2, F15D4.4, F16H6.4, F16H6.7, F19B2.7, F19C7.2, F19C7.4, F26E4.3, F27D9.7, F32H5.1, F35F10.6, F35F10.7, F36D4.5, F37A4.5, F41C6.4, F44E7.4, F46F5.5, F48C5.2, F49B2.6, F53B6.5, F56F10.1, F59E12.6, H12I13.1, H14N18.4, K02E7.10, K07A1.3, K07A3.3, K12C11.1, K12H4.7, M04C9.1, M04C9.2, M04C9.3, R03G8.6, R04B3.2, R07E3.1, R09F10.1, R13H4.6, T03D8.6, T05C1.2, T05H10.1, T06A4.1, T06A4.3, T12E12.6, T13B5.9, T16G12.1, T23G4.2, T27A8.3, W01A8.6, W04E12.7, W07B8.4, Y113G7B.15, Y16B4A.2, Y18H1A.9, Y19D10A.6, Y19D10B.6, Y32F6A.5, Y39A3B.1, Y40H7A.10, Y42A5A.1, Y43F4A.1, Y47C4A.1, Y47G6A.19, Y50D7A.13, Y51A2D.1, Y51A2D.8, Y51H7C.1, Y53F4B.20, Y55F3AM.9, Y56A3A.2, Y57A10B.7, Y59C2A.1, Y65B4A.2, Y67D2.2, Y67D8C.9, Y67H2A.7, Y70C5C.1, Y71H2AM.11, Y71H2AM.25, Y71H2AR.2, Y7A9A.1, Y94H6A.10, ZC434.9, ZK430.5, ZK930.6, acn-1, adm-2, adm-4, adt-1, adt-2, adt-3, aex-5, anp-1, app-1, asp-1, asp-12, asp-13, asp-14, asp-15, asp-16, asp-17, asp-18, asp-19, asp-2, asp-3, asp-4, asp-5, asp-6, asp-7, asp-8, asp-9, atg-4.1, atg-4.2, atx-3, bli-4, ccpp-1, ccpp-6, ced-3, clp-1, clp-10, clp-2, clp-3, clp-4, clp-6, clp-7, clp-8, clp-9, clpp-1, clpr-1, clpr-2, clpr-3, clpr-4, cpd-1, cpd-2, cpl-1, cpr-1, cpr-2, cpr-3, cpr-4, cpr-5, cpr-6, cpr-8, cpr-9, cpz-1, cpz-2, csn-5, csp-1, csp-2, csp-3, ctsa-1.1, ctsa-1.2, ctsa-2, ctsa-3.1, ctsa-3.2, ctsa-4.1, ctsa-4.2, cutl-28, cyk-3, ddi-1, dnpp-1, dpf-1, dpf-2, dpf-3, dpf-4, dpf-5, dpf-6, dpt-1, dpy-31, duo-1, duo-3, dvc-1, eelo-2, egl-21, egl-3, fce-1, fce-2, gcp-2.1, gon-1, hch-1, hrg-7, icpp-55, immp-1, immp-2, imp-1, imp-2, imp-3, josd-1, kpc-1, lact-9, lap-1, lap-2, lgmn-1, lido-17, lin-23, lonp-1, lonp-2, ltah-1.1, ltah-1.2, malt-1, map-1, map-2, math-33, mig-17, mnp-1, mppa-1, mppb-1, myrf-1, myrf-2, nas-1, nas-10, nas-11, nas-12, nas-13, nas-14, nas-15, nas-16, nas-17, nas-18, nas-19, nas-2, nas-20, nas-21, nas-22, nas-23, nas-24, nas-25, nas-27, nas-28, nas-29, nas-3, nas-30, nas-31, nas-32, nas-33, nas-36, nas-37, nas-38, nas-39, nas-4, nas-5, nas-6, nas-7, nas-8, nas-9, nep-1, nep-10, nep-11, nep-12, nep-13, nep-15, nep-16, nep-17, nep-18, nep-2, nep-20, nep-21, nep-22, nep-23, nep-24, nep-25, nep-26, nep-3, nep-4, nep-5, nep-6, nep-8, nep-9, npp-10, odr-8, otub-1, otub-4, pam-1, pbs-1, pbs-5, pcp-1, pcp-2, pcp-3, pcp-4, pcp-5, pes-9, pigk-1, ppgn-1, rom-1, rom-5, rpn-11, rpn-12, sec-11, sep-1, spg-7, sup-17, suro-1, svh-1, tag-196, tag-275, tag-329, toh-1, tpp-2, tra-3, try-1, try-10, try-14, try-15, try-3, try-4, try-5, try-6, try-7, try-8, try-9, ubh-1, ubh-2, ubh-3, ubh-4, ulp-1, ulp-2, ulp-3, ulp-4, ulp-5, unc-71, usp-14, usp-3, usp-33, usp-4, usp-46, usp-48, usp-5, usp28, wrt-1, wrt-4, wrt-6, wrt-8, ymel-1, zmp-1, zmp-2, zmp-3, zmp-4, zmp-5, zmp-6"
GO:0008237,138,"AC3.5, B0495.7, C01F1.5, C02G6.2, C05G5.5, C44B7.11, F27D9.7, F37A4.5, F42G10.1, F44E7.4, F49B2.6, K12C11.1, R03G8.6, T06A4.1, T06A4.3, T12E12.6, T13B5.9, T16G12.1, Y18H1A.9, Y19D10A.6, Y19D10B.6, Y42A5A.1, Y43F4A.1, Y47C4A.1, Y47G6A.19, Y50D7A.13, Y59C2A.1, Y67D8C.9, Y67H2A.7, Y70C5C.1, Y71H2AM.11, ZC434.9, acn-1, adm-2, adm-4, adt-1, adt-2, adt-3, anp-1, ccpp-1, ccpp-6, csn-5, csn-6, dnpp-1, dpt-1, dpy-31, dvc-1, eelo-2, egl-21, eif-3.F, eif-3.H, fce-1, gcp-2.1, gon-1, hch-1, ltah-1.1, ltah-1.2, mig-17, mppb-1, nas-1, nas-10, nas-11, nas-12, nas-13, nas-14, nas-15, nas-16, nas-17, nas-18, nas-19, nas-2, nas-20, nas-21, nas-22, nas-23, nas-24, nas-25, nas-27, nas-28, nas-29, nas-3, nas-30, nas-31, nas-32, nas-33, nas-36, nas-37, nas-38, nas-39, nas-4, nas-5, nas-6, nas-7, nas-8, nas-9, nep-1, nep-10, nep-11, nep-12, nep-13, nep-15, nep-16, nep-17, nep-18, nep-2, nep-20, nep-21, nep-22, nep-23, nep-24, nep-25, nep-26, nep-3, nep-4, nep-5, nep-6, nep-8, nep-9, pam-1, pes-9, ppgn-1, prp-8, rpn-11, rpn-8, spg-7, sup-17, suro-1, taf-2, tag-275, toh-1, unc-71, ymel-1, zmp-1, zmp-2, zmp-3, zmp-4, zmp-5, zmp-6"
GO:0008241,1,acn-1
GO:0042395,16,"acn-1, apl-1, cpz-1, dab-1, grh-1, gsr-1, imp-2, lrp-1, mlt-2, mlt-3, mlt-4, myrf-1, nas-37, trxr-1, vps-34, zmp-2"
GO:0045026,2,"acn-1, unc-71"
GO:0045138,86,"R09D1.12, W04G5.10, Y50D4B.6, acn-1, ani-1, bec-1, bro-1, cdc-25.2, cdh-3, cdk-1, ced-10, cyb-3, cyd-1, cyl-1, dbl-1, dmd-3, dpy-30, eff-1, efn-4, egl-27, egl-38, egl-5, eor-1, eor-2, exc-9, fem-2, hda-1, hda-2, hlh-2, iff-2, ina-1, kal-1, kin-15, kin-16, kin-30, ksr-2, let-765, lin-17, lin-22, lin-32, lin-41, lin-44, lin-48, lin-53, lin-59, lin-9, lon-8, mab-20, mab-3, mab-31, mab-9, mig-2, mig-32, nob-1, old-1, old-2, pdi-3, plx-1, plx-2, pvf-1, ram-2, ram-5, rba-1, ref-1, rnt-1, sma-2, sma-3, sma-4, sma-6, sma-9, spat-3, sup-17, tsp-12, tsp-14, uba-1, unc-129, unc-130, unc-40, unc-5, unc-51, unc-6, vab-3, ver-1, ver-3, ver-4, wee-1.3"
GO:0003723,487,"B0024.11, B0205.8, B0280.17, B0511.6, C02B10.4, C05C10.2, C11D2.7, C27F2.10, C37H5.14, C43E11.9, C47B2.9, C48B6.2, D1037.1, D2005.1, E02D9.1, E02H1.1, E02H1.5, EEED8.12, EEED8.4, F07H5.10, F19G12.3, F21D5.7, F23F1.5, F25G6.8, F25H8.2, F33D11.10, F37D6.3, F37F2.2, F40F8.11, F44A2.5, F46B6.5, F49D11.10, F54D1.1, F55F8.2, F57B10.8, F57B9.3, F58B3.4, H35B03.2, K04F10.1, K07E8.7, K07F5.14, K07H8.9, K12H4.3, M01G12.14, M01G12.7, M01G12.9, R05D3.8, R06C1.4, T07F10.3, T10E9.14, T14B4.1, T16G12.6, T20G5.9, T26A8.4, T26G10.1, Y106G6D.5, Y25C1A.8, Y34D9A.7, Y43B11AR.3, Y45F3A.9, Y47H10A.3, Y47H10A.4, Y47H10A.5, Y48A6B.3, Y48C3A.20, Y51H7C.7, Y52B11A.10, Y53G8AR.9, Y54E10A.6, Y57G11A.5, Y57G11C.36, Y59E9AL.36, Y69A2AR.32, Y71F9AL.1, Y71H2B.2, Y71H2B.5, Y73B6BL.29, Y94H6A.5, ZC190.4, ZK287.7, ZK512.2, ZK512.4, ZK616.1, ZK632.11, ZK632.14, ZK686.2, ZK792.5, ZK856.11, aars-1, aars-2, acin-1, aco-1, adr-1, adr-2, akap-1, alg-1, alg-2, alg-3, alg-4, alg-5, alkb-8, aly-1, aly-2, aly-3, ascc-1, asd-1, asd-2, atx-2, bcc-1, cacn-1, car-1, casc-3, ccar-1, ccf-1, ccr-4, cdd-1, cdd-2, cdl-1, cfim-1, cgh-1, cid-1, cpb-1, cpb-2, cpb-3, cpf-2, cpsf-1, cpsf-2, cpsf-3, cpsf-4, crn-5, csr-1, cus-2, cwc-15, cyn-13, dars-1, daz-1, dcap-1, dcap-2, dcr-1, ddx-10, ddx-15, ddx-19, ddx-35, din-1, dis-3, disl-2, dkc-1, dna-2, dom-3, drr-2, drsh-1, egl-45, ego-1, eif-1, eif-1.A, eif-2D, eif-2alpha, eif-3.B, eif-3.C, eif-3.D, eif-3.G, eif-3.I, eif-3.K, eif-4A3, elpc-3, emg-1, endu-1, endu-2, eol-1, eral-1, ergo-1, eri-1, eri-7, etr-1, exc-7, exos-2, exos-3, exos-4.1, exos-4.2, exos-8, fars-3, fask-1, fbf-1, fbf-2, fbxl-3, fib-1, fog-1, fox-1, frg-1, fubl-1, fubl-2, fubl-3, fubl-4, fust-1, garr-1, gld-1, gld-3, gldi-11, glh-1, glh-2, glh-3, glh-4, gpch-1, grld-1, gtbp-1, gut-2, hars-1, hel-1, henn-1, hpo-31, hrde-1, hrpa-1, hrpa-2, hrpc-1, hrpf-1, hrpf-2, hrpk-1, hrpk-2, hrpl-1, hrpr-1, hrpu-1, hzl-1, ife-1, ife-2, ife-3, ife-4, ife-5, iff-1, iff-2, ifg-1, imph-1, inf-1, klp-6, krr-1, laf-1, larp-1, larp-5, lep-2, let-630, let-716, let-858, lin-41, lpd-7, lsm-1, lsm-3, lsm-4, lsm-5, lsm-6, lsm-7, lsm-8, mars-1, mask-1, mbl-1, mec-8, melo-1, mep-1, metl-1, mex-1, mex-3, mex-5, mina-1, mog-1, mog-2, mog-4, mog-5, mrpl-2, mrps-17, mrps-5, mrps-9, msi-1, mtr-4, mttu-1, mxt-1, ncbp-1, ncbp-2, nifk-1, nog-1, nol-6, nono-1, nos-1, nos-2, nos-3, nova-1, npp-10, nrd-1, nrde-3, nsun-1, nsun-2, nsun-4, nsun-5, ntl-4, nucl-1, nxf-1, nxf-2, oma-1, oma-2, pab-1, pab-2, pabp-2, panl-3, pap-1, pap-2, pap-3, parn-1, pash-1, patr-1, pes-4, pgl-1, pgl-3, phm-2, pir-1, pno-1, pnpt-1, popl-1, popl-4, pos-1, ppw-1, ppw-2, pqn-68, prg-1, prp-21, prp-31, prp-40, prp-8, prp-9, ptb-1, puf-11, puf-12, puf-3, puf-5, puf-6, puf-7, puf-8, puf-9, pus-1, rae-1, rbd-1, rbm-12, rbm-17, rbm-22, rbm-25, rbm-26, rbm-28, rbm-3.1, rbm-3.2, rbm-34, rbm-39, rbm-42, rbm-5, rbm-7, rbmx-2, rde-4, rege-1, rha-1, rha-2, rnh-2, rnp-1, rnp-2, rnp-3, rnp-4, rnp-5, rnp-6, rnp-7, rnp-8, rnp-9, rnst-2, rop-1, rpl-10a, rpl-11.1, rpl-11.2, rpl-12, rpl-13, rpl-14, rpl-15, rpl-18, rpl-19, rpl-22, rpl-23A.1, rpl-23A.2, rpl-26, rpl-3, rpl-30, rpl-37.1, rpl-37.2, rpl-4, rpl-5, rpl-6, rpl-7, rpl-7A, rpl-8, rps-10, rps-16, rps-18, rps-19, rps-2, rps-27, rps-3, rps-4, rps-9, rrf-1, rrf-2, rrf-3, rsp-1, rsp-2, rsp-3, rsp-4, rsp-5, rsp-6, rsp-7, rsp-8, rsr-1, sacy-1, sago-1, sago-2, sap-140, sap-49, sart-3, sea-2, secs-1, set-1, set-2, sfa-1, sftb-6, sgnh-1, sid-1, sig-7, skih-2, slrp-1, smg-2, smg-3, smgl-2, snr-1, snr-2, snr-3, snr-5, snr-6, snr-7, snrp-3, snu-13, sop-2, sor-1, sosi-1, spn-4, sqd-1, srpa-68, ssb-1, stau-1, sup-12, sup-26, sup-46, swp-1, sym-2, szy-20, tag-124, tag-72, tcab-1, tdp-1, tdrd-3, tfbm-1, thum-1, thum-3, tiar-1, tiar-2, tofu-2, tofu-6, tofu-7, trm-1, trm-2A, tsn-1, tut-1, uaf-1, uaf-2, unc-75, vgln-1, vig-1, wago-1, wago-10, wago-4, wago-5, wbp-4, xpo-3, xrn-1, xrn-2, yars-2, ythc-2, zak-1, znfx-1"
GO:0003994,2,"aco-1, aco-2"
GO:0005829,533,"B0228.7, C01G5.5, C01H6.4, C02G6.2, C05C8.7, C07D8.6, C16A3.2, C23G10.2, C24G6.8, C25H3.14, C25H3.3, C32E8.9, C34F6.9, C35D6.4, C37C3.2, C37H5.14, C44H4.6, C46H11.2, C52B9.4, C53H9.2, C56G3.2, D1069.3, D2005.3, F07A11.5, F07D3.3, F07H5.10, F08F8.7, F08G12.1, F11F1.1, F21D5.7, F25B5.5, F25B5.6, F27D4.4, F32D8.13, F38B2.4, F38B6.4, F38C2.7, F39B2.3, F42A10.9, F42A6.6, F44A2.5, F44E5.5, F44E7.4, F46C5.6, F46F11.1, F47F2.1, F49C12.9, F52B11.2, F52C12.6, F53F1.2, F53F1.3, F54H12.2, F56A4.3, K07C5.2, K08E4.2, K10C3.5, M01F1.9, M01G12.14, M01G12.7, M01G12.9, R06C7.6, R06F6.8, R08D7.7, R102.4, R74.7, T03F1.12, T03F6.3, T04G9.4, T05H10.1, T07F10.3, T07F12.1, T07F12.4, T12D8.10, T19A6.1, T22F3.2, T23D8.3, T24B8.7, T25B9.9, T28B8.3, T28B8.4, T28F4.4, T28H10.1, W02H5.8, W03F8.4, Y105C5A.24, Y105E8A.14, Y116A8C.19, Y116A8C.20, Y38F2AR.12, Y39G8B.1, Y39G8B.2, Y45G12C.3, Y47G6A.18, Y47H10A.3, Y47H10A.4, Y47H10A.5, Y48B6A.13, Y48E1C.2, Y48G10A.1, Y54E10A.11, Y55F3AR.2, Y57G11C.3, Y60A9.3, Y70C5C.1, Y71H2AM.3, Y82E9BR.14, ZC443.1, ZK1290.5, ZK512.4, ZK632.4, ZK688.9, ZK970.8, abce-1, acly-1, acly-2, aco-1, aco-2, acsd-1, adah-1, adh-5, adk-1, adsl-1, aex-3, ahcy-1, ahsa-1, aldo-1, aldo-2, ampd-1, anmt-1, anmt-2, anmt-3, argn-1, arl-6, asns-1, asns-2, atg-13, atg-18, atg-3, atg-5, atic-1, bag-1, bar-1, bicd-1, blos-1, bpnt-1, ccch-1, ccch-2, ccch-5, cct-2, cdc-42, cdc-48.1, cdc-48.2, cdd-1, cdd-2, cdk-14, ced-4, cee-1, ceh-6, cha-1, clk-2, cpin-1, cpx-1, crtc-1, ctg-1, cuc-1, cup-15, cyld-1, cyn-9, daf-16, daf-18, daf-41, daf-8, dao-3, dapk-1, dars-1, dbt-1, dcr-1, dct-13, ddl-2, dgk-1, dhp-1, dhp-2, dkf-1, dkf-2, dnj-11, dnj-12, dnj-13, dnj-19, dnpp-1, dom-3, dpyd-1, drp-1, dsh-1, dsh-2, dve-1, ears-1, eas-1, ebax-1, eef-1B.1, eef-1B.2, eef-2, eftu-2, egl-1, egl-4, eif-2Balpha, eif-2Bbeta, eif-2Bdelta, eif-2Bgamma, eif-2beta, eif-6, elpc-1, emb-8, eng-1, eol-1, epg-6, erfa-1, exc-15, exc-7, farl-11, fau-1, fbp-1, flcn-1, fozi-1, fre-1, frl-1, gale-1, gcn-1, gcn-2, gdi-1, gfrp-1, gla-3, gld-1, glp-4, glrx-3, gmps-1, got-1.2, gpa-7, gpd-1, gpd-2, gpd-3, gpd-4, gpdh-1, gpdh-2, gpi-1, gpx-1, gpx-7, gsk-3, gskl-1, gspd-1, gsr-1, gss-1, gst-1, gst-10, gst-23, gst-25, gst-41, gtbp-1, guk-1, gyf-1, hars-1, hid-1, hosl-1, hprt-1, hrdl-1, hsb-1, hsp-1, hsp-110, hsp-70, hsp-90, hxk-1, hxk-2, hxk-3, icd-1, icln-1, idh-1, ifg-1, imph-1, ipla-1, kin-1, kin-2, kin-3, larp-1, larp-5, lbp-5, lbp-6, lbp-7, lbp-8, lbp-9, lcmt-1, let-754, let-92, lgg-3, lhpp-1, lin-23, lin-46, lin-65, lip-1, ltah-1.1, ltah-1.2, lyst-1, map-1, maph-1.1, maph-1.2, maph-1.3, mars-1, math-33, mcm-5, mdh-1, mel-26, metr-1, mex-1, mex-5, mex-6, mig-5, moag-4, moc-1, moc-2, moc-3, moc-6, moe-3, mtcu-2, mthf-1, mtm-1, mtm-6, mtm-9, mtrr-1, mut-7, mvb-12, mvk-1, nfs-1, nhr-22, nlt-1, nmrk-1, nmt-1, nprt-1, ntl-4, nubp-1, obr-1, obr-2, obr-3, obr-4, oma-1, oma-2, paa-1, pab-1, pab-2, pad-1, paf-1, paf-2, pak-1, pas-1, pas-3, pas-5, pbs-1, pbs-2, pbs-3, pbs-4, pbs-5, pbs-6, pbs-7, pck-1, pck-2, pck-3, pcm-1, pde-2, pdr-1, pdxk-1, pef-1, pfkb-1.1, pfkb-1.2, pgk-1, pgm-1, phip-1, pie-1, pinn-1, pkc-2, pkc-3, pmk-1, pmt-1, png-1, pnk-1, pnk-4, pnpt-1, pos-1, ppfr-4, pph-5, ppm-1.A, pptr-1, pptr-2, prdx-2, prdx-3, prdx-6, prmt-5, prx-1, prx-5, prx-6, psme-4, ptrn-1, pyr-1, qars-1, qui-1, rab-11.1, rab-14, rab-6.1, rab-6.2, rabx-5, rack-1, rad-23, ran-2, rars-1, rbg-3, rbx-2, rde-2, rep-1, rga-5, rhi-1, rho-1, rin-1, riok-1, riok-2, riok-3, rme-4, rme-6, rme-8, rml-3, rnp-9, rnr-2, rpc-2, rpl-13, rpl-27, rpl-36, rpl-6, rpn-10, rpn-9, rps-18, rps-21, rps-23, rps-26, rps-28, rps-29, rps-3A, rsd-2, sams-1, sams-3, sams-4, sams-5, saps-1, sar-1, sars-1, sav-1, scly-1, sel-2, shpk-1, sip-1, smd-1, snr-1, snr-2, snr-3, snr-4, snr-5, snr-6, snr-7, snx-1, soap-1, sod-1, sorf-1, sorf-2, spds-1, ssb-1, ssu-1, strt-10, strt-7, sup-26, sur-6, swip-10, tag-296, tag-30, tag-96, tbc-1, tbc-10, tbc-8, tbcb-1, tph-1, tpi-1, tpp-2, trpp-10, trpp-3, trxr-1, trxr-2, tsn-1, tth-1, tut-1, tut-2, txdc-17, txl-1, tyms-1, uba-5, ubc-14, ubc-25, ubl-5, ubql-1, ubxn-2, uev-1, ulp-2, unc-18, unc-33, unc-51, unc-69, unc-70, upp-1, urm-1, usp-33, usp-46, usp-48, usp-5, usp28, vars-1, vps-26, vps-29, vps-35, vps-37, vps-41, vps-50, vps-51, vps-52, vps-53, vps-54, vti-1, wah-1, wdr-4, xpo-2, yars-2, zyg-1"
GO:0006099,25,"Y57A10A.29, aco-1, aco-2, cts-1, dlst-1, fum-1, icl-1, idh-1, idh-2, idha-1, idhb-1, idhg-1, idhg-2, mdh-1, mdh-2, mev-1, ogdh-1, sdha-1, sdha-2, sdhb-1, sdhd-1, suca-1, sucg-1, sucl-1, sucl-2"
GO:0006879,12,"T12D8.10, abtm-1, aco-1, cisd-1, frh-1, ftn-1, ftn-2, glrx-3, iscu-1, smf-1, smf-2, smf-3"
GO:0016829,121,"C01G10.7, C44B7.7, F09E5.3, F49H6.5, R102.4, R107.2, R10E4.9, T24C12.3, T26C12.1, Y32H12A.6, Y48B6A.13, Y51H7C.9, Y71G12B.10, ZC373.5, aco-1, aco-2, acsd-1, acy-1, acy-2, acy-3, acy-4, adsl-1, aldo-1, aldo-2, bas-1, basl-1, bca-1, bca-2, bre-1, cah-3, cah-5, cah-6, cbs-1, cbs-2, cchl-1, coq-4, cth-2, cysl-2, daf-11, djr-1.1, djr-1.2, ech-1.1, ech-1.2, ech-5, ech-6, ech-7, endu-1, enol-1, eppl-1, fum-1, gcy-1, gcy-11, gcy-12, gcy-13, gcy-14, gcy-15, gcy-17, gcy-18, gcy-19, gcy-20, gcy-21, gcy-22, gcy-23, gcy-25, gcy-27, gcy-28, gcy-29, gcy-3, gcy-31, gcy-32, gcy-33, gcy-34, gcy-35, gcy-36, gcy-37, gcy-4, gcy-5, gcy-6, gcy-7, gcy-8, gcy-9, gmd-2, hacl-1, haly-1, hdl-1, hdl-2, hpo-8, icl-1, maoc-1, moc-5, mocs-1, nth-1, odc-1, odr-1, paic-1, pamn-1, pcbd-1, pck-1, pck-2, pck-3, pgal-1, pgl-1, pgl-3, psd-1, ptps-1, rnst-2, scly-1, serr-1, smd-1, spl-1, spl-2, spl-3, sqv-1, srdh-1, tdc-1, tpi-1, tsen-2, tsen-34, umps-1, unc-25, uroc-1"
GO:0046872,1870,"B0281.3, B0310.2, B0348.1, B0348.2, B0416.10, B0416.4, B0432.8, B0495.7, B0546.4, B0563.7, B0564.2, C01G10.10, C01G10.7, C01G6.4, C02B8.6, C02F5.12, C02G6.2, C03H5.4, C05C8.7, C05D11.1, C05G5.5, C06A1.3, C06A5.8, C06A6.4, C07A9.5, C07E3.9, C08B6.14, C08E8.1, C09F5.3, C09H5.7, C10C5.3, C10C5.4, C10C5.5, C10E2.2, C14E2.4, C15F1.5, C16C10.8, C17G10.1, C17H11.6, C18B12.4, C23G10.1, C23G10.7, C26B9.6, C26C6.6, C27A2.7, C27A7.3, C27B7.6, C28G1.6, C29F9.5, C29F9.6, C31H2.4, C32D5.10, C32D5.11, C32E8.1, C34B2.4, C35D6.4, C36B1.9, C37H5.14, C38H2.2, C44B7.11, C44E12.1, C45E5.1, C45G7.4, C46A5.4, C47E12.3, C49F5.5, C50B6.7, C50C3.1, C50C3.5, C50D2.7, C54E4.5, C55A6.1, D2023.1, D2063.1, E02A10.3, F01D4.5, F02C12.1, F07A11.4, F07A11.5, F07H5.10, F08F8.7, F08G12.5, F10C2.5, F10D7.3, F10D7.5, F10E7.11, F10G7.10, F10G7.9, F11E6.8, F13H10.3, F14F9.3, F14F9.4, F15E6.6, F16A11.1, F16F9.1, F17E5.2, F19G12.1, F20D6.11, F20H11.1, F21A3.11, F22G12.4, F23H11.2, F25B3.4, F25B4.8, F25B5.3, F25B5.5, F25B5.6, F26F12.3, F27D4.4, F27D9.7, F31D4.2, F33D11.1, F35C8.5, F36G3.3, F37A4.5, F37A8.5, F38B6.4, F38C2.7, F40B5.2, F40G9.12, F40G9.14, F41B5.1, F42F12.4, F42G2.5, F42H10.3, F43B10.1, F43C11.8, F43G6.8, F44E2.6, F44E2.7, F44E7.4, F46B6.12, F46B6.4, F47E1.20, F47G3.1, F47G9.4, F48G7.10, F48G7.9, F49B2.6, F49E10.2, F49H6.5, F52B11.2, F52H3.6, F53A3.7, F53F8.3, F53H1.4, F54B11.5, F55A11.4, F55H2.5, F56D1.1, F56D2.2, F56D2.5, F56F4.3, F57C9.4, F58B4.2, F58G1.2, F58H1.3, F58H1.7, F59B2.3, F59F5.3, H10E21.5, H25K10.1, H27A22.1, JC8.4, K02D10.1, K02F3.12, K02F3.2, K07A3.3, K07C5.3, K09A11.1, K09F6.7, K11C4.2, K11D2.4, K12C11.1, M01G12.14, M01G12.7, M01G12.9, M03D4.4, M04F3.4, M110.3, R02E12.12, R03G8.6, R04B5.5, R04B5.6, R05D3.12, R05D3.3, R06A10.4, R08F11.7, R12G8.1, T01C3.3, T01D3.3, T01G5.7, T02C1.1, T02C1.2, T05H10.1, T06A4.1, T06A4.3, T06D8.10, T07F8.4, T08D2.4, T10B5.10, T12E12.6, T13A10.2, T13B5.9, T13G4.4, T16G12.1, T16G12.7, T20B12.7, T20F5.6, T22B7.8, T22C1.1, T22D1.3, T24C12.3, T24C4.5, T24H10.1, T26A8.4, T26C12.1, T27F6.6, T28D6.6, W02F12.2, W03F9.1, W07E11.1, W09D10.4, Y105C5A.15, Y105C5B.15, Y105C5B.3, Y105C5B.9, Y105E8A.14, Y106G6E.4, Y10G11A.1, Y116A8C.19, Y116A8C.20, Y119C1A.1, Y17G7B.3, Y18D10A.3, Y18H1A.9, Y19D10A.6, Y1A5A.1, Y22D7AL.10, Y22D7AL.15, Y25C1A.8, Y37D8A.26, Y37D8A.6, Y37D8A.8, Y37E11B.1, Y37E11B.5, Y38F1A.2, Y38H8A.2, Y40H7A.11, Y41C4A.11, Y42A5A.1, Y43D4A.1, Y43E12A.2, Y43F4A.1, Y43F8B.19, Y43F8C.13, Y43H11AL.1, Y45F10B.8, Y45F10B.9, Y45G12B.2, Y47G6A.14, Y47G6A.19, Y47G6A.31, Y47H10A.3, Y47H10A.4, Y47H10A.5, Y48G8AR.2, Y49A3A.3, Y49E10.27, Y49F6B.9, Y4C6A.3, Y50D4C.6, Y50D7A.13, Y52B11A.3, Y52E8A.2, Y53F4B.39, Y53G8AR.9, Y54E10A.11, Y54F10BM.6, Y57A10A.31, Y57G11C.22, Y58A7A.3, Y58A7A.4, Y59C2A.1, Y60A9.3, Y62E10A.13, Y65B4A.7, Y67D8B.1, Y67D8C.9, Y67H2A.10, Y67H2A.7, Y6D1A.2, Y70C5C.1, Y71F9AL.10, Y71G12B.10, Y71H2AM.1, Y71H2AM.11, Y71H2B.5, Y73B3B.1, Y75B8A.10, Y75B8A.6, Y87G2A.18, Y87G2A.19, Y92H12BL.1, Y92H12BL.4, ZC13.1, ZC373.5, ZC434.9, ZC506.1, ZK1010.10, ZK1058.3, ZK1240.1, ZK1240.3, ZK1240.6, ZK1240.8, ZK1240.9, ZK1248.11, ZK1321.4, ZK354.9, ZK524.4, ZK550.6, ZK563.7, ZK622.4, ZK632.12, ZK632.4, ZK637.14, ZK643.2, ZK673.4, ZK686.5, ZK856.5, ZK945.4, ZK993.5, aars-1, aars-2, acly-1, acly-2, aco-1, aco-2, acsd-1, acy-1, acy-2, acy-3, acy-4, ada-2, adal-1, adh-1, adh-5, adm-2, adm-4, adr-2, adss-1, adt-1, adt-2, adt-3, aip-1, ajm-1, aka-1, akt-1, akt-2, alkb-1, alp-1, ama-1, aman-1, aman-2, aman-3, amdh-1, ampd-1, anp-1, apc-11, apn-1, app-1, apy-1, arc-1, arch-1, argn-1, ari-1.1, ari-1.2, ari-1.3, ari-1.4, ari-2, ark-1, ash-2, asm-1, asm-2, asm-3, asna-1, athp-1, athp-2, athp-3, atn-1, baz-2, bca-1, bca-2, bckd-1A, bcl-11, bcmo-1, bcmo-2, bed-1, bed-2, bed-3, ben-1, best-1, bir-1, bir-2, bli-4, blmp-1, bnc-1, bpnt-1, bra-1, bra-2, brap-2, brc-1, brd-1, bre-4, cah-3, cah-5, cah-6, cal-1, cal-2, calm-1, calu-1, cam-1, cars-1, cat-2, cat-4, cat-6, catp-4, catp-5, catp-6, catp-7, catp-8, cbp-1, cbp-2, cbp-3, cca-1, ccch-1, ccch-2, ccch-3, ccch-5, ccf-1, cchl-1, ccpp-1, ccpp-6, ccr-4, cdd-1, cdd-2, cdh-3, cdh-4, cdk-2, cdk-4, cdk-5, cdo-1, ced-4, ceh-14, cep-1, ces-1, cex-1, cex-2, cfp-1, chd-3, che-1, chin-1, chk-2, chl-1, chp-1, chpf-1, chpf-2, cisd-1, cisd-3.1, cisd-3.2, citk-1, citk-2, cka-2, ckk-1, clk-1, clp-10, clp-9, cmd-1, cmk-1, cnb-1, cnt-1, cnt-2, cnx-1, coq-1, coq-4, cox-15, cox-17, cox-5A, cox-5B, cpd-1, cpd-2, cps-6, cpsf-4, cri-2, crn-1, crn-2, crn-4, crt-1, csk-1, csn-5, ctb-1, ctbp-1, ctc-1, ctc-2, ctl-1, ctl-2, ctl-3, cua-1, cuc-1, cup-14, cyc-1, cyc-2.1, cyc-2.2, cyk-3, cyk-4, cyld-1, cyp-13A1, cyp-13A10, cyp-13A11, cyp-13A12, cyp-13A2, cyp-13A3, cyp-13A4, cyp-13A5, cyp-13A6, cyp-13A7, cyp-13A8, cyp-13B1, cyp-13B2, cyp-14A1, cyp-14A2, cyp-14A3, cyp-14A4, cyp-14A5, cyp-23A1, cyp-25A1, cyp-25A2, cyp-25A3, cyp-25A4, cyp-25A6, cyp-29A2, cyp-29A3, cyp-29A4, cyp-31A2, cyp-31A3, cyp-32A1, cyp-32B1, cyp-33A1, cyp-33B1, cyp-33C1, cyp-33C11, cyp-33C2, cyp-33C3, cyp-33C4, cyp-33C5, cyp-33C6, cyp-33C7, cyp-33C8, cyp-33C9, cyp-33D1, cyp-33D3, cyp-33E1, cyp-33E2, cyp-34A1, cyp-34A10, cyp-34A2, cyp-34A5, cyp-34A6, cyp-34A7, cyp-34A8, cyp-34A9, cyp-35A1, cyp-35A2, cyp-35A3, cyp-35A4, cyp-35A5, cyp-35B1, cyp-35B2, cyp-35B3, cyp-35C1, cyp-35D1, cyp-36A1, cyp-37A1, cyp-37B1, cyp-42A1, cyp-43A1, cyp-44A1, cytb-5.1, cytb-5.2, dach-1, daf-11, daf-12, daf-2, daf-25, daf-3, daf-36, daf-4, daf-8, daf-9, dapk-1, dat-1, dbr-1, dcap-2, dcr-1, dct-13, ddp-1, dgk-1, dgk-2, dgk-3, dgk-4, dhp-1, dhp-2, disl-2, dkf-1, dkf-2, dlk-1, dmd-10, dmd-3, dmd-4, dmd-5, dmd-6, dmd-7, dmd-8, dmd-9, dna-2, dnj-10, dnj-12, dnj-17, dnj-19, dnpp-1, dog-1, dohh-1, dom-3, dpff-1, dph-1, dph-2, dph-3, dpr-1, dpt-1, dpy-18, dpy-20, dpy-21, dpy-31, dpyd-1, dre-1, drh-3, drsh-1, duox-2, dvc-1, dxbp-1, dyb-1, dyf-5, dys-1, eat-6, ech-9, eco-1, eea-1, eelo-2, egl-15, egl-18, egl-19, egl-21, egl-27, egl-30, egl-4, egl-43, egl-46, egl-8, egl-9, egrh-1, egrh-2, egrh-3, ehn-3, eif-2beta, elac-2, elof-1, elpc-3, elt-1, elt-2, elt-3, elt-4, elt-6, elt-7, end-1, end-3, endu-1, endu-2, enol-1, eol-1, eor-1, esyt-2, ethe-1, exc-14, exc-5, exc-9, exo-1, exo-3, eya-1, fah-1, fahd-1, famk-1, fan-1, fars-1, fars-3, fath-1, fax-1, fbp-1, fbxo-11.2, fce-1, fdx-2, fem-2, fezf-1, figl-1, fkh-7, flh-1, flh-2, flh-3, fntb-1, frk-1, ftn-1, ftn-2, fust-1, fut-1, fut-5, fut-8, gad-3, galt-1, gas-1, gbh-1, gbh-2, gck-1, gcp-2.1, gcy-11, gcy-12, gcy-18, gcy-23, gcy-28, gcy-29, gcy-31, gcy-32, gcy-33, gcy-34, gcy-35, gcy-36, gcy-37, gcy-8, gcy-9, gda-1, gda-2, gei-13, gei-17, gem-4, gen-1, gex-5, ggtb-1, gid-2, git-1, gla-3, glb-1, glb-12, glb-13, glb-26, glb-6, glb-9, glct-1, glct-2, glct-3, glct-4, glct-5, glct-6, gld-2, gld-4, gldi-4, glh-1, glh-2, glh-3, glh-4, glrx-3, glrx-5, glt-4, gly-10, gly-11, gly-12, gly-13, gly-14, gly-2, gly-20, gly-3, gly-4, gly-5, gly-6, gly-7, gly-8, gly-9, gmeb-1, gmeb-2, gmeb-3, gmpr-1, goa-1, gob-1, gon-1, gpa-1, gpa-10, gpa-11, gpa-12, gpa-13, gpa-14, gpa-15, gpa-16, gpa-17, gpa-18, gpa-2, gpa-3, gpa-4, gpa-5, gpa-6, gpa-7, gpa-8, gpap-1, gpdh-3, grif-1, gsa-1, gsp-1, gsp-2, gsp-3, gsp-4, gss-1, gtf-2H2C, gtf-2H3, gtsf-1, gyg-1, gyg-2, haao-1, hacl-1, ham-2, hap-1, hbl-1, hch-1, hda-3, hda-6, hecd-1, henn-1, hgo-1, hgrs-1, him-6, him-8, hinf-1, hizr-1, hpd-1, hphd-1, hprt-1, hpx-2, hrdl-1, hsp-16.2, hum-7, idh-1, idh-2, idha-1, idhb-1, iffb-1, ile-2, ilkp-1, ing-3, ints-11, ipgm-1, ipla-1, isp-1, jhdm-1, jkk-1, jmjc-1, jmjd-1.1, jmjd-1.2, jmjd-2, jmjd-3.1, jmjd-3.3, jmjd-5, jnk-1, kars-1, kat-1, kcmf-1, kin-18, kin-29, klf-1, klf-2, klf-3, klp-6, klu-1, klu-2, kpc-1, ksr-1, ksr-2, lap-1, lap-2, lect-2, lep-2, let-268, let-391, let-418, let-502, let-721, let-92, lias-1, lig-1, lim-4, lim-6, lim-7, lim-8, lim-9, lin-11, lin-13, lin-15B, lin-26, lin-28, lin-29, lin-36, lin-40, lin-41, lin-45, lin-46, lin-48, lin-49, lin-54, lin-59, lir-1, lir-3, lit-1, lnp-1, lrk-1, lsl-1, lst-2, lst-5, lsy-12, lsy-13, lsy-2, lsy-27, ltah-1.1, ltah-1.2, ltd-1, mab-23, mab-3, madd-2, mak-1, mak-2, mans-1, mans-2, mans-3, mans-4, map-1, map-2, marc-3, marc-6, max-2, mbl-1, mca-1, mca-2, mca-3, mcd-1, mce-1, mcm-10, mcm-2, mcm-4, mctp-1, mcu-1, mec-12, mec-3, mec-7, mek-1, men-1, mep-1, mes-4, met-2, metl-17, metr-1, mev-1, mex-1, mex-5, mex-6, micu-1, mig-17, mig-32, mig-39, miro-1, mlc-1, mlc-2, mlc-4, mlk-1, mlp-1, mlt-7, mmcm-1, mnat-1, mnk-1, mnm-2, mob-4, moc-1, moc-3, moc-5, mod-5, moe-3, mom-4, morc-1, mpk-1, mppa-1, mppb-1, mppe-1, mrck-1, mre-11, mrpl-32, mstr-1, mstr-2, mtl-1, mtl-2, mtm-3, mtm-5, mtm-6, mus-81, mut-7, mys-1, mys-4, nap-1, nape-1, nape-2, nas-1, nas-10, nas-11, nas-12, nas-13, nas-14, nas-15, nas-16, nas-17, nas-18, nas-19, nas-2, nas-20, nas-22, nas-23, nas-24, nas-25, nas-27, nas-28, nas-29, nas-3, nas-30, nas-31, nas-32, nas-33, nas-36, nas-37, nas-38, nas-39, nas-4, nas-5, nas-6, nas-7, nas-8, nas-9, ncl-1, ncs-1, ncs-2, ncs-3, ncx-1, ncx-2, ncx-3, nduf-7, ndus-8, nduv-2, ndx-1, ndx-2, ndx-3, ndx-6, ndx-7, ndx-8, ndx-9, nekl-1, nekl-2, nekl-3, nekl-4, nep-1, nep-10, nep-11, nep-12, nep-13, nep-17, nep-18, nep-2, nep-20, nep-21, nep-22, nep-23, nep-24, nep-26, nep-3, nep-5, nep-6, nep-8, nep-9, nfs-1, nfx-1, ngat-1, nhl-1, nhl-2, nhl-3, nhr-1, nhr-10, nhr-100, nhr-101, nhr-102, nhr-103, nhr-104, nhr-105, nhr-106, nhr-107, nhr-108, nhr-109, nhr-11, nhr-110, nhr-111, nhr-112, nhr-113, nhr-114, nhr-115, nhr-116, nhr-117, nhr-118, nhr-119, nhr-12, nhr-120, nhr-121, nhr-122, nhr-123, nhr-124, nhr-125, nhr-126, nhr-127, nhr-128, nhr-129, nhr-13, nhr-130, nhr-131, nhr-132, nhr-133, nhr-134, nhr-135, nhr-136, nhr-137, nhr-138, nhr-139, nhr-14, nhr-140, nhr-141, nhr-142, nhr-143, nhr-145, nhr-146, nhr-147, nhr-148, nhr-149, nhr-15, nhr-150, nhr-152, nhr-153, nhr-154, nhr-155, nhr-156, nhr-157, nhr-158, nhr-159, nhr-16, nhr-161, nhr-162, nhr-163, nhr-164, nhr-165, nhr-166, nhr-167, nhr-168, nhr-169, nhr-17, nhr-170, nhr-171, nhr-172, nhr-173, nhr-174, nhr-175, nhr-176, nhr-177, nhr-178, nhr-179, nhr-18, nhr-180, nhr-181, nhr-182, nhr-183, nhr-184, nhr-185, nhr-186, nhr-187, nhr-188, nhr-189, nhr-19, nhr-190, nhr-192, nhr-193, nhr-195, nhr-196, nhr-197, nhr-198, nhr-199, nhr-2, nhr-20, nhr-201, nhr-202, nhr-203, nhr-204, nhr-205, nhr-206, nhr-207, nhr-208, nhr-209, nhr-21, nhr-210, nhr-211, nhr-212, nhr-213, nhr-214, nhr-216, nhr-217, nhr-218, nhr-219, nhr-22, nhr-221, nhr-222, nhr-223, nhr-225, nhr-226, nhr-227, nhr-228, nhr-229, nhr-23, nhr-230, nhr-231, nhr-232, nhr-233, nhr-234, nhr-236, nhr-237, nhr-238, nhr-239, nhr-241, nhr-242, nhr-243, nhr-247, nhr-248, nhr-25, nhr-251, nhr-252, nhr-253, nhr-254, nhr-255, nhr-256, nhr-257, nhr-258, nhr-26, nhr-260, nhr-261, nhr-262, nhr-264, nhr-265, nhr-267, nhr-268, nhr-269, nhr-27, nhr-270, nhr-271, nhr-272, nhr-273, nhr-274, nhr-275, nhr-276, nhr-277, nhr-28, nhr-281, nhr-283, nhr-285, nhr-286, nhr-290, nhr-291, nhr-3, nhr-30, nhr-31, nhr-32, nhr-34, nhr-35, nhr-36, nhr-37, nhr-38, nhr-39, nhr-4, nhr-40, nhr-41, nhr-42, nhr-43, nhr-44, nhr-45, nhr-46, nhr-47, nhr-48, nhr-49, nhr-5, nhr-50, nhr-51, nhr-52, nhr-53, nhr-54, nhr-55, nhr-56, nhr-57, nhr-58, nhr-59, nhr-6, nhr-60, nhr-61, nhr-62, nhr-63, nhr-64, nhr-65, nhr-66, nhr-67, nhr-68, nhr-69, nhr-7, nhr-70, nhr-71, nhr-72, nhr-73, nhr-74, nhr-76, nhr-77, nhr-78, nhr-79, nhr-8, nhr-80, nhr-81, nhr-82, nhr-84, nhr-85, nhr-86, nhr-87, nhr-88, nhr-89, nhr-9, nhr-90, nhr-91, nhr-92, nhr-93, nhr-94, nhr-95, nhr-96, nhr-97, nhr-98, nhr-99, nimk-1, nmad-1, nobh-1, nos-1, npl-4.1, npl-4.2, npp-7, npp-9, nprt-1, nra-1, nra-3, nse-1, nsf-1, nsy-1, ntfc-1, nth-1, ntl-4, nubp-1, nucb-1, nuo-1, nuo-5, nurf-1, odd-1, odd-2, odr-3, odr-7, ogdh-1, ola-1, oma-1, oma-2, orc-1, ost-1, otub-2, oxy-4, pag-3, pah-1, pak-2, pam-1, pamn-1, pap-1, pap-2, pap-3, papl-1, paqr-1, paqr-2, paqr-3, par-1, par-2, par-4, parn-1, parn-2, parp-1, pat-9, pbo-1, pcca-1, pck-1, pck-2, pck-3, pcs-1, pct-1, pdcd-2, pde-1, pde-2, pde-3, pde-4, pde-5, pde-6, pdha-1, pdhb-1, pdp-1, pdr-1, pdxk-1, pdzd-8, peb-1, pef-1, pelo-1, pes-9, pfas-1, pfk-1.1, pfk-1.2, pgal-1, pghm-1, pgk-1, pgm-1, pgm-2, pgm-3, pgph-1, pgph-2, pgph-3, phf-10, phf-14, phf-15, phf-30, phf-31, phf-32, phf-33, phf-34, phkg-1, phlp-2, phy-2, phy-3, phy-4, phyh-1, pie-1, pin-2, pink-1, pisy-1, pitp-1, pkc-1, pkc-2, pkc-3, pkg-2, plc-1, plc-3, plr-1, plst-1, pmk-1, pmr-1, pnc-1, pnc-2, png-1, pola-1, pold-1, pole-1, polh-1, polk-1, poml-1, poml-2, poml-4, pos-1, ppat-1, pph-1, pph-4.1, pph-4.2, pph-5, pph-6, ppk-3, ppm-1.A, ppm-1.D, ppm-1.G, ppm-1.H, ppm-2, pqm-1, pri-1, pri-2, prkl-1, prps-1, prx-10, prx-12, prx-2, psr-1, ptps-1, pxl-1, pxn-1, pxn-2, pyc-1, pyk-1, pyk-2, pyp-1, pyr-1, pzf-1, rab-35, rabn-5, rabs-5, rabx-5, rad-50, rbf-1, rbm-22, rbm-26, rbm-5, rbpl-1, rbr-2, rbx-1, rbx-2, rcor-1, rcq-5, rcs-1, rde-11, ref-2, rege-1, repo-1, rev-1, rev-3, rfgp-1, rfgp-2, rfp-1, rgef-1, rha-1, rheb-1, rhgf-1, rib-2, riok-1, riok-2, riok-3, rle-1, rme-1, rnf-1, rnf-113, rnf-121, rnf-126, rnf-145, rnf-5, rnh-1.0, rnh-2, rnp-1, rnr-2, rom-2, rop-1, rpa-1, rpap-2, rpb-10, rpb-12, rpb-2, rpb-9, rpc-1, rpc-11, rpc-2, rpl-37.1, rpl-37.2, rpl-37A, rpm-1, rpn-11, rpoa-12, rps-27, rps-27A, rpy-1, rsef-1, rsf-1, rsks-1, rtcb-1, rtel-1, sacy-1, sad-1, saeg-1, sahd-1, sams-1, sams-3, sams-4, sams-5, sar-1, sax-1, scly-1, sco-1, scpl-1, scrt-1, sdc-1, sdc-3, sdhb-1, sdhd-1, sdz-12, sea-2, sec-23, sek-1, sel-11, sel-13, sel-5, seld-1, sem-4, set-10, set-14, set-16, set-18, set-23, set-25, set-26, set-30, set-8, set-9, sex-1, sfa-1, sgk-1, siah-1, sir-2.1, sir-2.2, sir-2.3, sir-2.4, skpo-1, skpo-2, skpo-3, slc-30A5, sli-1, slo-1, sluh-7, slx-1, sma-2, sma-3, sma-4, sma-9, smap-1, smg-1, smg-2, snai-1, snf-1, snf-10, snf-11, snf-2, snf-5, snf-7, snf-9, snrp-3, snt-1, snt-2, snu-23, sod-1, sod-2, sod-3, sod-4, sod-5, sodh-2, somi-1, spat-3, spc-1, spc-2, spe-44, spg-7, spo-11, spon-1, spr-1, spr-3, spr-4, sprp-4, spt-4, sptf-1, sptf-2, sptf-3, spv-1, sqst-1, sqst-2, sqst-3, sqst-4, sqst-5, sqv-3, sqv-5, sqv-6, sqv-8, src-1, src-2, stim-1, stt-3, suca-1, sucg-1, sul-1, suox-1, sup-17, suro-1, sut-2, syd-9, szy-5, taf-3, tag-273, tag-275, tag-294, tag-314, tag-335, tag-68, tag-77, tam-1, tat-1, tat-2, tat-3, tat-4, tat-5, tat-6, tax-6, tba-2, tba-5, tba-6, tba-8, tbb-1, tbb-2, tbb-4, tbh-1, tdo-2, tdpt-1, tes-1, tgt-1, tgt-2, thk-1, timp-1, tin-10, tin-13, tin-9.1, tin-9.2, tlp-1, tmem-24, tnc-2, toe-4, toh-1, top-2, top-3A, tpa-1, tph-1, tra-1, tra-4, trf-1, trim-21, trm-1, trt-1, trul-1, ttb-1, ttll-4, ttn-1, ttx-3, ttx-7, tufm-2, twk-14, tyr-1, tyr-2, tyr-3, tyr-4, tyr-5, tyr-6, uaf-2, uba-2, uba-5, ubr-1, ubr-4, ubr-5, ucr-1, ucr-2.1, ucr-2.2, ucr-2.3, uda-1, unc-10, unc-115, unc-13, unc-2, unc-22, unc-3, unc-31, unc-43, unc-51, unc-55, unc-95, unc-97, unc-98, unk-1, usip-1, usp-3, usp-39, usp-5, utx-1, uvs-1, valv-1, vav-1, vms-1, vps-11, vps-18, vps-41, wdfy-2, wdfy-3, wee-1.1, wee-1.3, wrn-1, wts-1, xdh-1, xpa-1, xpd-1, xpg-1, xrn-2, yju-2, ymel-1, zag-1, zak-1, zchc-1A, zfh-2, zfp-1, zfp-2, zfp-3, zfyv-19, zgpa-1, zhit-3, zhp-1, zhp-2, zhp-3, zhp-4, zim-1, zim-2, zmp-1, zmp-2, zmp-3, zmp-4, zmp-5, zmp-6, znf-207, znf-236, znf-474, znf-593, znf-598, znf-622, znf-782, znfx-1, ztf-1, ztf-11, ztf-14, ztf-15, ztf-16, ztf-17, ztf-2, ztf-23, ztf-25, ztf-26, ztf-28, ztf-29, ztf-3, ztf-30, ztf-6, ztf-7, zyx-1"
GO:0051536,56,"F10D7.3, F15E6.6, F20D6.11, F25B5.5, F49H6.5, T12D8.10, T20B12.7, W07E11.1, Y39B6A.3, Y54G11A.9, Y92H12BL.1, Y92H12BL.4, aco-1, aco-2, chl-1, cisd-1, cisd-3.1, cisd-3.2, daf-36, dna-2, dog-1, dph-1, dph-2, dpyd-1, elpc-3, fdx-2, gad-3, gas-1, glrx-3, glrx-5, iscu-1, isp-1, let-721, lias-1, metl-17, moc-5, nduf-7, ndus-8, nduv-2, nfs-1, nfu-1, nth-1, nubp-1, nuo-1, nuo-5, oxy-4, pold-1, pole-1, ppat-1, pri-2, rev-3, rtel-1, scly-1, sdhb-1, xdh-1, xpd-1"
GO:0051539,32,"F25B5.5, F49H6.5, T20B12.7, Y32H12A.6, Y54G11A.9, Y92H12BL.1, Y92H12BL.4, aco-1, aco-2, dna-2, dph-1, dph-2, dpyd-1, elpc-3, gas-1, let-721, lias-1, moc-5, nduf-7, ndus-8, nfu-1, nth-1, nubp-1, nuo-1, nuo-5, oxy-4, pold-1, pole-1, pri-2, rtel-1, sdhb-1, xpd-1"
GO:0072350,1,aco-1
GO:0005739,715,"B0035.15, B0035.18, B0250.5, B0272.3, C01G10.10, C01G10.7, C02G6.2, C03B8.3, C05C10.3, C06A5.3, C08F8.2, C09E9.1, C14B9.10, C14C10.1, C16A3.5, C16C10.1, C16C8.18, C23G10.2, C24A3.4, C24D10.6, C25H3.14, C25H3.3, C26E6.12, C27H6.9, C29E4.12, C30F12.2, C33F10.12, C34C12.8, C34E10.12, C35B8.3, C35D10.10, C35D10.17, C35D10.5, C39B5.6, C45B2.6, C47B2.9, C47E12.2, C47G2.3, C50F4.12, C52D10.3, C53A5.17, C55B6.1, F01F1.2, F01G4.6, F10G8.9, F11C1.1, F11C1.7, F13E6.2, F13E9.13, F13G3.7, F17E5.2, F20D6.11, F21C10.10, F25B4.7, F25B5.5, F25B5.6, F25H9.7, F28D9.4, F30F8.9, F32B4.2, F32D8.12, F33H2.6, F37C4.5, F39H2.3, F40A3.3, F43E2.11, F43H9.4, F44E2.3, F44E7.4, F44E7.9, F45E12.5, F45G2.8, F45G2.9, F45H10.2, F46B6.4, F46B6.5, F46B6.6, F49E10.4, F52C9.3, F53A3.7, F53F10.1, F53G2.12, F54A3.5, F54C8.1, F54C8.7, F54D5.7, F55A11.4, F56B3.11, F56C11.3, F57F4.1, F58A6.1, F58F12.1, H32C10.1, H43I07.1, K02D10.1, K02F3.2, K03B4.1, K07A1.10, K11H12.1, K11H3.3, M01E5.2, M04B2.4, M05D6.5, R04F11.2, R05D3.12, R07B7.10, R07E3.4, R07E4.3, R119.3, R11F4.1, R144.13, R144.3, R53.4, T02G5.7, T02H6.11, T05F1.8, T05G5.5, T05H4.4, T07D3.9, T07E3.3, T09A5.5, T09B4.8, T09F3.2, T10B10.4, T10B11.6, T10F2.2, T15B12.1, T18D3.9, T20B12.7, T20D3.6, T22B7.7, T23B5.4, T25B9.1, T27E9.2, T28F3.5, W02D3.12, W03F9.4, W04C9.2, W09D10.4, Y106G6E.4, Y111B2A.2, Y116A8C.27, Y116A8C.30, Y119D3B.14, Y17G9B.5, Y18D10A.3, Y22D7AL.10, Y25C1A.13, Y32H12A.7, Y37B11A.3, Y37E3.17, Y38F2AR.3, Y39A1A.21, Y39B6A.3, Y39B6A.34, Y41D4A.6, Y43C5B.3, Y43E12A.2, Y44A6D.5, Y45F3A.9, Y47C4A.1, Y50E8A.6, Y53F4B.14, Y53G8AR.8, Y53G8B.1, Y54G11A.9, Y54G9A.7, Y56A3A.22, Y57A10A.29, Y62E10A.6, Y66D12A.7, Y67A10A.7, Y67H2A.7, Y69A2AR.18, Y70C5C.1, Y71F9B.2, Y82E9BR.3, Y9C9A.16, ZC262.5, ZC334.7, ZK1010.2, ZK1055.6, ZK1055.7, ZK1236.1, ZK1320.9, ZK470.1, ZK892.4, aars-1, abhd-11.1, abhd-11.2, abtm-1, acaa-2, acdh-1, acdh-10, acdh-12, acdh-13, acdh-2, acdh-3, acdh-4, acdh-7, acdh-8, acer-1, acl-11, acl-3, acl-6, aco-2, acs-2, agxt-1, akap-1, alh-13, alh-7, alh-8, ant-1.1, ant-1.2, ant-1.3, ant-1.4, apn-1, ard-1, asb-1, asb-2, asg-1, asg-2, atad-3, atfs-1, atp-1, atp-2, atp-3, atp-4, atp-5, atp-6, bcat-1, bckd-1A, bckd-1B, bcs-1, blos-1, cchl-1, ced-3, ced-4, ced-9, chch-3, cisd-1, cisd-3.1, cisd-3.2, clk-1, clpp-1, coa-3, coa-5, coa-6, cope-1, coq-1, coq-2, coq-3, coq-4, coq-5, coq-6, coq-8, cox-10, cox-11, cox-16, cox-17, cox-4, cox-5A, cox-5B, cox-6A, cox-6B, cox-6C, cox-7C, cps-6, cpt-1, cpt-2, cpt-3, cpt-4, cpt-5, cpt-6, cri-3, crls-1, crn-1, ctb-1, ctc-1, ctc-2, ctc-3, ctl-1, ctl-2, ctl-3, cts-1, cyc-1, cyc-2.1, cyc-2.2, cyn-1, dap-3, dars-2, dbt-1, dct-1, ddl-3, ddp-1, decr-1.1, decr-1.2, decr-1.3, dhfr-1, dhgd-1, dhod-1, dhs-11, dhs-18, dhs-25, dhs-6, dif-1, djr-1.1, djr-1.2, dlat-1, dlat-2, dld-1, dlst-1, dnj-10, dnj-15, dnj-18, dnj-21, dnj-9, dpy-11, drp-1, dtmk-1, ears-2, eat-3, ech-1.1, ech-1.2, ech-2, ech-5, ech-6, ech-7, egl-1, elac-2, emre-1, eral-1, etfa-1, etfb-1, etfr-1, ethe-1, fahd-1, fars-2, fdx-2, fecl-1, fis-1, fis-2, fndc-1, frh-1, fum-1, fzo-1, gars-1, gas-1, gbh-1, gbh-2, gcsh-1, gcsh-2, gcst-1, gdh-1, gfm-1, gldc-1, glna-1, glna-2, glo-1, glrx-21, glrx-22, glrx-5, gop-3, got-2.1, got-2.2, gpdh-3, gro-1, gsr-1, gst-42, gst-43, gstk-1, gstk-2, gta-1, hacd-1, hach-1, hadb-1, haf-6, har-1, hars-1, hmg-5, hphd-1, hpo-19, hpo-31, hsp-6, hsp-60, hsp-75, hxk-1, hxk-2, hxk-3, iars-2, icd-1, icl-1, icpp-55, idh-1, idh-2, idha-1, idhb-1, idhg-1, idhg-2, immp-1, immp-2, immt-1, immt-2, ipla-7, isp-1, ivd-1, jtr-1, kars-1, kat-1, kdp-1, klp-6, kmo-1, lact-9, lars-2, ldh-1, let-630, let-721, let-754, letm-1, lgg-1, lhgd-1, lias-1, lipt-1, lmd-3, lonp-1, lpd-5, lpl-1, lrpr-1, mai-1, mai-2, mals-1, mars-2, mcat-1, mccc-1, mccc-2, mce-1, mcu-1, mdh-2, mecr-1, mecr-2, mel-32, men-1, metl-17, mev-1, mff-1, mff-2, micu-1, micu-3, miga-1, miro-1, misc-1, mma-1, mmaa-1, mmad-1, mmcm-1, mml-1, moma-1, mpc-1, mpc-2, mppa-1, mppb-1, mpst-1, mpst-2, mpst-3, mpst-4, mpst-6, mpst-7, mrpl-11, mrpl-18, mrpl-19, mrpl-23, mrpl-24, mrpl-30, mrpl-32, mrpl-34, mrpl-35, mrpl-36, mrpl-37, mrpl-38, mrpl-39, mrpl-4, mrpl-40, mrpl-41, mrpl-42, mrpl-44, mrpl-45, mrpl-46, mrpl-47, mrpl-49, mrpl-50, mrpl-51, mrpl-54, mrpl-55, mrpl-9, mrps-10, mrps-14, mrps-15, mrps-16, mrps-17, mrps-18B, mrps-18C, mrps-2, mrps-23, mrps-24, mrps-25, mrps-26, mrps-27, mrps-30, mrps-31, mrps-33, mrps-34, mrps-35, mrps-5, mrps-7, mrps-9, mrrf-1, mspn-1, mtch-1, mtcu-1, mtcu-2, mtg-1, mtp-18, mtrf-1L, mtss-1, mttu-1, mtx-1, mtx-2, mxl-2, nadk-1, nadk-2, nars-2, ncx-9, ndab-1, ndab-2, ndfl-4, ndua-1, ndua-12, ndua-13, ndua-2, ndua-5, ndua-7, ndua-8, ndub-10, ndub-11, ndub-2, ndub-3, ndub-5, ndub-6, ndub-7, ndub-8, nduc-2, nduf-2.2, nduf-5, nduf-6, nduf-7, nduf-9, nduo-1, nduo-2, nduo-3, nduo-4, nduo-5, nduo-6, ndus-8, nduv-2, nduv-3, nfs-1, nfu-1, nkat-1, nkat-3, nnt-1, nsun-4, nth-1, nuaf-1, nuaf-3, nuaf-5, nuaf-7, nuo-1, nuo-2, nuo-3, nuo-4, nuo-6, oatr-1, ogdh-1, ogdh-2, oxa-1, oxy-5, pars-2, pcca-1, pccb-1, pck-2, pde-12, pdha-1, pdhb-1, pdhk-2, pdp-1, pdpr-1, pdr-1, pdzd-8, pgam-5, pges-2, pgs-1, phb-1, phb-2, pif-1, pink-1, pnpt-1, pod-2, polg-1, ppgn-1, ppm-1.H, pqn-24, prdh-1, prdx-3, prmt-4, prmt-6, prx-10, psd-1, ptps-1, pyc-1, rad-8, rars-2, rfk-1, rgs-5, ric-7, rmd-1, rmd-2, rmd-3, rmd-6, sars-2, sco-1, scpl-4, sdha-1, sdha-2, sdhb-1, sdhd-1, sft-1, sfxn-1.1, sfxn-1.2, sfxn-1.3, sfxn-1.4, sfxn-1.5, sfxn-2, sfxn-5, sir-2.2, sir-2.3, skn-1, slc-25A10, slc-25A18.1, slc-25A18.2, slc-25A21, slc-25A26, slc-25A29, slc-25A32, slc-25A37, slc-25A46, slc-25A51, slc-30A9, slfl-3, sod-1, sod-2, sod-3, spd-3, spg-7, sphk-1, sqrd-1, stl-1, suca-1, sucg-1, sucl-1, sucl-2, suox-1, sup-35, taco-1, tag-321, tfbm-1, tfg-1, timm-17B.1, timm-17B.2, tin-10, tin-13, tin-44, tin-9.1, tin-9.2, tkt-1, tofu-2, tomm-20, tomm-22, tomm-40, tomm-7, tomm-70, trak-1, trmt-10C.1, trmt-10C.2, trx-2, trxr-1, trxr-2, tsfm-1, tufm-1, tufm-2, twnk-1, tyms-1, ucp-4, ucr-1, ucr-11, ucr-2.1, ucr-2.2, ucr-2.3, ulp-4, ung-1, vdac-1, vms-1, wah-1, wdr-23, yars-2, ymel-1"
GO:0004888,194,"K11E4.6, R02D5.6, R13A5.15, Y54G2A.38, Y54G2A.77, Y57G11C.46, acc-1, acc-2, acc-3, acc-4, acr-10, acr-11, acr-12, acr-14, acr-15, acr-16, acr-17, acr-18, acr-19, acr-2, acr-20, acr-21, acr-23, acr-24, acr-25, acr-3, acr-5, acr-6, acr-7, acr-8, acr-9, avr-14, avr-15, cup-4, deg-3, des-2, eat-2, exp-1, gab-1, glc-1, glc-2, glc-3, glc-4, glp-1, ina-1, lat-1, lev-1, lev-8, lgc-1, lgc-10, lgc-11, lgc-12, lgc-13, lgc-14, lgc-15, lgc-16, lgc-17, lgc-18, lgc-19, lgc-20, lgc-21, lgc-22, lgc-23, lgc-24, lgc-25, lgc-26, lgc-27, lgc-28, lgc-29, lgc-30, lgc-31, lgc-32, lgc-34, lgc-35, lgc-36, lgc-37, lgc-38, lgc-39, lgc-4, lgc-40, lgc-41, lgc-42, lgc-43, lgc-44, lgc-45, lgc-46, lgc-47, lgc-48, lgc-49, lgc-5, lgc-50, lgc-51, lgc-52, lgc-53, lgc-54, lgc-55, lgc-56, lgc-57, lgc-58, lgc-6, lgc-7, lgc-8, lgc-9, lin-12, lite-1, lmbr-1, mam-1, mod-1, pat-2, pbo-5, pbo-6, sra-11, sra-38, srb-1, srb-11, srb-12, srb-13, srb-15, srb-16, srb-17, srb-3, srb-5, srb-6, srg-1, srg-10, srg-11, srg-13, srg-14, srg-15, srg-16, srg-17, srg-2, srg-20, srg-21, srg-22, srg-23, srg-24, srg-25, srg-26, srg-27, srg-28, srg-29, srg-3, srg-30, srg-31, srg-32, srg-33, srg-34, srg-36, srg-37, srg-38, srg-39, srg-4, srg-40, srg-41, srg-42, srg-44, srg-45, srg-46, srg-47, srg-48, srg-5, srg-50, srg-51, srg-53, srg-54, srg-55, srg-56, srg-57, srg-58, srg-59, srg-6, srg-60, srg-61, srg-62, srg-64, srg-65, srg-66, srg-67, srg-68, srg-69, srg-7, srg-8, srg-9, srv-2, srv-3, srv-5, tra-2, unc-29, unc-38, unc-49, unc-63, xtr-1, xtr-2"
GO:0005216,159,"acc-1, acc-2, acc-3, acc-4, acr-10, acr-11, acr-12, acr-14, acr-15, acr-16, acr-17, acr-18, acr-19, acr-2, acr-20, acr-21, acr-23, acr-24, acr-25, acr-3, acr-5, acr-6, acr-7, acr-8, acr-9, asic-1, avr-14, avr-15, cca-1, che-6, cng-2, cng-3, cup-4, deg-1, deg-3, del-1, des-2, eat-2, egl-19, egl-2, egl-36, exp-1, exp-2, gab-1, glc-1, glc-2, glc-3, glc-4, glr-1, glr-2, glr-3, glr-5, glr-6, glr-7, gon-2, gtl-2, itr-1, kqt-1, kqt-2, kqt-3, kvs-1, kvs-2, kvs-3, kvs-4, kvs-5, lev-1, lev-8, lgc-1, lgc-10, lgc-11, lgc-12, lgc-13, lgc-14, lgc-15, lgc-16, lgc-17, lgc-18, lgc-19, lgc-20, lgc-21, lgc-22, lgc-23, lgc-24, lgc-25, lgc-26, lgc-27, lgc-28, lgc-29, lgc-30, lgc-31, lgc-32, lgc-34, lgc-35, lgc-36, lgc-37, lgc-38, lgc-39, lgc-4, lgc-40, lgc-41, lgc-42, lgc-43, lgc-44, lgc-45, lgc-46, lgc-47, lgc-48, lgc-49, lgc-5, lgc-50, lgc-51, lgc-52, lgc-53, lgc-54, lgc-55, lgc-56, lgc-57, lgc-58, lgc-6, lgc-7, lgc-8, lgc-9, mec-10, mec-4, mod-1, nca-2, nmr-1, nmr-2, ocr-1, ocr-2, ocr-3, ocr-4, osm-9, pbo-5, pbo-6, shk-1, shl-1, shw-1, shw-3, slo-1, tax-2, tax-4, tmc-1, trp-1, trp-2, trp-4, trpa-1, trpl-3, trpl-4, unc-103, unc-105, unc-2, unc-29, unc-38, unc-49, unc-63, unc-68, unc-77, unc-8"
GO:0005230,104,"M03F8.6, T25F10.4, acc-1, acc-2, acc-3, acc-4, acr-10, acr-11, acr-12, acr-14, acr-15, acr-16, acr-17, acr-18, acr-19, acr-2, acr-20, acr-21, acr-23, acr-24, acr-25, acr-3, acr-5, acr-6, acr-7, acr-8, acr-9, avr-14, avr-15, cup-4, deg-3, des-2, eat-2, exp-1, gab-1, glc-1, glc-2, glc-3, glc-4, lev-1, lev-8, lgc-1, lgc-10, lgc-11, lgc-12, lgc-13, lgc-14, lgc-15, lgc-16, lgc-17, lgc-18, lgc-19, lgc-20, lgc-21, lgc-22, lgc-23, lgc-24, lgc-25, lgc-26, lgc-27, lgc-28, lgc-29, lgc-30, lgc-31, lgc-32, lgc-33, lgc-34, lgc-35, lgc-36, lgc-37, lgc-38, lgc-39, lgc-4, lgc-40, lgc-41, lgc-42, lgc-43, lgc-44, lgc-45, lgc-46, lgc-47, lgc-48, lgc-49, lgc-5, lgc-50, lgc-51, lgc-52, lgc-53, lgc-54, lgc-55, lgc-56, lgc-57, lgc-58, lgc-6, lgc-7, lgc-8, lgc-9, mod-1, pbo-5, pbo-6, unc-29, unc-38, unc-49, unc-63"
GO:0005231,86,"acc-1, acc-2, acc-3, acc-4, acr-10, acr-11, acr-14, acr-15, acr-16, acr-17, acr-18, acr-19, acr-2, acr-20, acr-21, acr-23, acr-24, acr-25, acr-3, acr-5, acr-7, acr-9, avr-14, avr-15, cup-4, deg-3, des-2, eat-2, exp-1, glc-1, glc-2, glc-3, glc-4, lev-1, lgc-1, lgc-10, lgc-11, lgc-12, lgc-13, lgc-14, lgc-15, lgc-16, lgc-17, lgc-18, lgc-19, lgc-20, lgc-23, lgc-24, lgc-25, lgc-26, lgc-28, lgc-29, lgc-30, lgc-31, lgc-32, lgc-33, lgc-39, lgc-4, lgc-40, lgc-41, lgc-42, lgc-44, lgc-45, lgc-46, lgc-47, lgc-48, lgc-49, lgc-5, lgc-50, lgc-51, lgc-52, lgc-53, lgc-54, lgc-55, lgc-56, lgc-57, lgc-58, lgc-6, lgc-7, lgc-8, lgc-9, mod-1, pbo-5, pbo-6, unc-29, unc-38"
GO:0005892,37,"C09B8.3, F01D5.6, F15B9.10, R02D5.3, Y12A6A.1, Y54E2A.10, acr-10, acr-11, acr-12, acr-14, acr-15, acr-16, acr-17, acr-18, acr-19, acr-2, acr-25, acr-3, acr-6, acr-7, acr-8, acr-9, eat-2, lev-1, lev-8, lgc-20, lgc-21, lgc-22, lgc-25, lgc-26, lgc-27, molo-1, pbo-5, pbo-6, unc-29, unc-38, unc-63"
GO:0006811,474,"B0281.5, B0303.11, C09B9.85, F10E7.9, F21G4.1, F22B5.10, F27C1.2, F31E8.4, F47E1.2, F47E1.4, F53B1.8, F56C9.3, F58F12.1, F58G6.3, F58G6.7, K02G10.5, K07G5.5, K07H8.2, K12C11.3, K12C11.6, K12C11.7, M03F8.6, PDB1.1, R02F11.3, R04F11.2, R53.4, T04B8.5, T06D8.9, T25F10.4, Y32F6B.1, Y58A7A.1, Y69A2AR.18, Y70G10A.3, Y82E9BR.3, ZC262.5, ZK1053.6, ZK185.2, ZK867.2, abts-1, abts-2, abts-3, abts-4, acc-1, acc-2, acc-3, acc-4, acd-1, acd-2, acd-3, acd-4, acd-5, acr-10, acr-11, acr-12, acr-14, acr-15, acr-16, acr-17, acr-18, acr-19, acr-2, acr-20, acr-21, acr-23, acr-24, acr-25, acr-3, acr-5, acr-6, acr-7, acr-8, acr-9, asb-1, asb-2, asg-1, asg-2, asic-1, asic-2, atp-1, atp-2, atp-3, atp-4, atp-5, atp-6, avr-14, avr-15, best-1, best-10, best-11, best-12, best-13, best-15, best-16, best-17, best-18, best-19, best-2, best-20, best-21, best-22, best-23, best-24, best-25, best-26, best-3, best-4, best-5, best-7, best-8, best-9, catp-4, cca-1, ccb-1, cdf-1, cdf-2, chca-1, che-6, che-7, cho-1, clh-1, clh-2, clh-3, clh-4, clh-5, clh-6, clhm-1, cng-1, cng-2, cng-3, cnnm-1, cnnm-2, cnnm-3, cnnm-4, cnnm-5, cua-1, cuc-1, cup-4, cup-5, deg-1, deg-3, degl-1, degl-2, degt-1, del-1, del-10, del-3, del-4, del-5, del-6, del-7, del-8, del-9, delm-1, delm-2, des-2, eat-2, eat-4, eat-5, eat-6, egas-1, egas-2, egas-3, egas-4, egl-19, egl-2, egl-23, egl-36, emre-1, exc-4, exl-1, exp-1, exp-2, flr-1, fpn-1.1, fpn-1.2, frh-1, gab-1, glc-1, glc-2, glc-3, glc-4, glr-1, glr-2, glr-3, glr-4, glr-5, glr-6, glr-7, glr-8, gon-2, gtl-1, gtl-2, haf-6, inx-1, inx-10, inx-11, inx-12, inx-13, inx-14, inx-15, inx-16, inx-17, inx-18, inx-19, inx-2, inx-20, inx-21, inx-22, inx-3, inx-5, inx-6, inx-7, inx-8, inx-9, irk-1, irk-2, irk-3, itr-1, kcc-1, kcc-2, kcc-3, kcnl-1, kcnl-2, kcnl-3, kcnl-4, kqt-1, kqt-2, kqt-3, kvs-1, kvs-2, kvs-3, kvs-4, kvs-5, lev-1, lev-8, lgc-1, lgc-10, lgc-11, lgc-12, lgc-13, lgc-14, lgc-15, lgc-16, lgc-17, lgc-18, lgc-19, lgc-20, lgc-21, lgc-22, lgc-23, lgc-24, lgc-25, lgc-26, lgc-27, lgc-28, lgc-29, lgc-30, lgc-31, lgc-32, lgc-33, lgc-34, lgc-35, lgc-36, lgc-37, lgc-38, lgc-39, lgc-4, lgc-40, lgc-41, lgc-42, lgc-43, lgc-44, lgc-45, lgc-46, lgc-47, lgc-48, lgc-49, lgc-5, lgc-50, lgc-51, lgc-52, lgc-53, lgc-54, lgc-55, lgc-56, lgc-57, lgc-58, lgc-6, lgc-7, lgc-8, lgc-9, lron-11, mca-1, mca-2, mca-3, mcu-1, mec-10, mec-2, mec-4, mec-6, micu-1, mod-1, nac-1, nac-2, nac-3, nca-2, ncx-1, ncx-2, ncx-3, ncx-5, ncx-6, ncx-7, ncx-9, nhx-1, nhx-2, nhx-3, nhx-4, nhx-5, nhx-6, nhx-8, nhx-9, nkb-1, nkb-3, nkcc-1, nmr-1, nmr-2, ocr-1, ocr-2, ocr-3, ocr-4, oct-1, osm-9, otpl-1, otpl-2, otpl-3, otpl-4, otpl-5, otpl-6, otpl-7, otpl-8, pbo-4, pbo-5, pbo-6, pezo-1, pkd-2, pmr-1, sca-1, sfxn-1.1, sfxn-1.2, sfxn-1.3, sfxn-1.4, sfxn-1.5, sfxn-2, sfxn-5, shk-1, shl-1, shw-1, shw-3, slc-17.2, slc-17.3, slc-25A37, slc-30A5, slc-30A9, slc-5A12, slo-1, slo-2, smf-1, smf-2, smf-3, spe-41, spe-5, stim-1, sup-10, sup-18, sup-9, tag-180, tax-2, tax-4, tmc-1, tmc-2, toc-1, tomm-40, tric-1B.1, tric-1B.2, trp-1, trp-2, trp-4, trpa-1, trpa-2, trpl-3, trpl-4, ttm-1, ttyh-1, twk-1, twk-10, twk-11, twk-12, twk-13, twk-14, twk-16, twk-17, twk-18, twk-2, twk-20, twk-21, twk-22, twk-23, twk-24, twk-25, twk-26, twk-28, twk-29, twk-3, twk-30, twk-31, twk-32, twk-33, twk-34, twk-35, twk-36, twk-37, twk-39, twk-4, twk-40, twk-42, twk-43, twk-44, twk-45, twk-46, twk-47, twk-48, twk-49, twk-5, twk-6, twk-7, twk-8, twk-9, unc-103, unc-105, unc-2, unc-29, unc-32, unc-36, unc-38, unc-49, unc-58, unc-63, unc-68, unc-7, unc-77, unc-8, unc-9, unc-93, vdac-1, vglu-3, vha-1, vha-10, vha-11, vha-12, vha-13, vha-14, vha-15, vha-16, vha-17, vha-18, vha-2, vha-4, vha-5, vha-6, vha-7, vha-8, vha-9, zipt-7.1, zipt-7.2"
GO:0006937,34,"acr-12, acr-2, aex-1, cpd-2, eat-6, egl-21, egl-3, flp-1, flp-18, lev-11, mlc-1, mlc-2, mup-2, npr-1, npr-4, npr-5, ric-3, ric-7, sbt-1, sup-10, sup-9, syx-3, tnt-2, tnt-3, tnt-4, unc-103, unc-17, unc-29, unc-31, unc-38, unc-50, unc-58, unc-63, unc-93"
GO:0007268,98,"acr-10, acr-11, acr-12, acr-14, acr-15, acr-16, acr-17, acr-18, acr-19, acr-2, acr-20, acr-21, acr-23, acr-24, acr-25, acr-3, acr-5, acr-6, acr-7, acr-8, acr-9, aex-3, atx-3, cab-1, ccb-1, ccb-2, cdk-5, cup-4, deg-3, des-2, dlg-1, dop-1, dop-2, dop-4, dop-5, dop-6, eat-18, eat-2, ehs-1, gab-1, gar-1, gar-2, gar-3, kcc-1, kcc-2, kcc-3, lev-1, lev-8, lgc-1, lgc-10, lgc-11, lgc-12, lgc-13, lgc-14, lgc-15, lgc-16, lgc-17, lgc-18, lgc-19, lgc-20, lgc-21, lgc-22, lgc-25, lgc-26, lgc-27, lgc-29, lgc-30, lgc-31, lgc-4, lgc-5, lgc-6, lgc-7, lgc-8, lgc-9, lin-10, lnp-1, nlg-1, nmr-1, octr-1, pbo-5, pbo-6, rpy-1, sec-8, ser-1, ser-3, ser-4, ser-6, ser-7, tag-89, tyra-3, unc-13, unc-17, unc-2, unc-29, unc-37, unc-38, unc-63, unc-64"
GO:0007274,11,"acr-2, cha-1, dkf-1, eat-2, egl-3, rimb-1, snf-6, snn-1, syd-2, unc-29, unc-38"
GO:0010468,132,"C35D6.4, F38C2.7, H04D03.2, Y116A8C.20, Y51H7C.7, acr-2, akt-1, akt-2, asd-2, atf-7, atfs-1, atx-2, bet-1, cacn-1, ccch-2, ccch-5, cdk-2, cdk-4, cdk-5, cec-4, cec-5, cec-8, ceh-12, cey-1, cey-2, cey-3, cey-4, chd-7, clk-1, crh-2, crt-1, cwn-1, cwn-2, daf-11, daf-16, daf-19, daf-2, dbl-1, dct-13, ddl-1, ddl-2, dpy-10, dpy-9, eel-1, egl-4, egl-44, egl-46, elo-2, elt-2, exos-3, fem-1, fog-3, fox-1, ftt-2, gcn-2, gei-17, gla-3, gld-1, gldi-3, glp-1, hda-4, hmg-12, hmg-20, hpl-2, hsb-1, hsf-1, imph-1, ire-1, jmjd-2, jmjd-3.1, jmjd-3.2, jmjd-3.3, klf-1, klf-2, klf-3, lag-1, let-504, let-711, lst-1, lsy-2, mdt-15, mep-1, mes-2, mes-3, mes-6, mex-1, mex-3, moe-3, mys-1, nfya-1, nfya-2, nfyb-1, nfyc-1, nhr-114, nhr-23, nhr-85, nipi-3, oma-1, oma-2, osm-11, osm-7, osm-8, par-5, pcaf-1, pes-4, pie-1, pmlr-1, pos-1, pqm-1, prmt-1, sbp-1, scc-2, sel-11, sex-1, sgk-1, sir-2.1, skn-1, sknr-1, skp-1, smg-2, smo-1, spg-7, tax-6, tbx-2, tdp-1, tra-1, tra-4, unc-42, unc-43, utx-1, vab-15, zip-10"
GO:0022848,24,"acr-10, acr-11, acr-12, acr-14, acr-15, acr-16, acr-19, acr-2, acr-21, acr-25, acr-3, acr-6, acr-8, acr-9, eat-2, lev-1, lev-8, lgc-21, lgc-22, lgc-27, lgc-4, unc-29, unc-38, unc-63"
GO:0034220,335,"C09B9.85, C27F2.6, F22B5.10, F49H12.3, F59F3.6, M03F8.6, T25F10.4, ZC239.13, ZC239.17, ZK867.2, acc-1, acc-2, acc-3, acc-4, acd-1, acd-2, acd-3, acd-4, acd-5, acr-10, acr-11, acr-12, acr-14, acr-15, acr-16, acr-17, acr-18, acr-19, acr-2, acr-20, acr-21, acr-23, acr-24, acr-25, acr-3, acr-5, acr-6, acr-7, acr-8, acr-9, asic-1, asic-2, avr-14, avr-15, best-1, best-10, best-11, best-12, best-13, best-15, best-16, best-17, best-18, best-19, best-2, best-20, best-21, best-22, best-23, best-24, best-25, best-26, best-3, best-4, best-5, best-7, best-8, best-9, cca-1, ccb-1, che-6, che-7, clhm-1, cng-1, cng-2, cng-3, cup-4, cup-5, deg-1, deg-3, degl-1, degl-2, degt-1, del-1, del-10, del-3, del-4, del-5, del-6, del-7, del-8, del-9, delm-1, delm-2, des-2, eat-2, eat-5, egas-1, egas-2, egas-3, egas-4, egl-19, egl-2, egl-23, egl-36, exc-4, exl-1, exp-1, exp-2, flr-1, gab-1, glc-1, glc-2, glc-3, glc-4, glr-1, glr-2, glr-3, glr-4, glr-5, glr-6, glr-7, glr-8, gon-2, gtl-1, gtl-2, inx-1, inx-10, inx-11, inx-12, inx-13, inx-14, inx-15, inx-16, inx-17, inx-18, inx-19, inx-2, inx-20, inx-21, inx-22, inx-3, inx-5, inx-6, inx-7, inx-8, inx-9, irk-1, irk-2, irk-3, itr-1, kcnl-1, kcnl-2, kcnl-3, kcnl-4, kqt-1, kqt-3, kvs-1, kvs-2, kvs-3, kvs-4, kvs-5, lev-1, lev-8, lgc-1, lgc-10, lgc-11, lgc-12, lgc-13, lgc-14, lgc-15, lgc-16, lgc-17, lgc-18, lgc-19, lgc-20, lgc-21, lgc-22, lgc-23, lgc-24, lgc-25, lgc-26, lgc-27, lgc-28, lgc-29, lgc-30, lgc-31, lgc-32, lgc-33, lgc-34, lgc-35, lgc-36, lgc-37, lgc-38, lgc-39, lgc-4, lgc-40, lgc-41, lgc-42, lgc-43, lgc-44, lgc-45, lgc-46, lgc-47, lgc-48, lgc-49, lgc-5, lgc-50, lgc-51, lgc-52, lgc-53, lgc-54, lgc-55, lgc-56, lgc-57, lgc-58, lgc-6, lgc-7, lgc-8, lgc-9, lron-11, mcu-1, mec-10, mec-2, mec-4, mec-6, mod-1, nca-2, nmr-1, nmr-2, ocr-1, ocr-2, ocr-3, ocr-4, osm-9, otpl-1, otpl-2, otpl-3, otpl-4, otpl-5, otpl-6, otpl-7, otpl-8, pbo-5, pbo-6, pezo-1, pkd-2, sfxn-1.1, sfxn-1.2, sfxn-1.3, sfxn-1.4, sfxn-1.5, sfxn-2, sfxn-5, shk-1, shl-1, shw-1, shw-3, slo-1, slo-2, spe-41, stim-1, sup-9, tag-180, tax-2, tax-4, tmc-1, tmc-2, tric-1B.1, tric-1B.2, trp-1, trp-2, trp-4, trpa-1, trpa-2, ttyh-1, twk-1, twk-10, twk-11, twk-12, twk-13, twk-14, twk-16, twk-17, twk-18, twk-2, twk-20, twk-21, twk-22, twk-23, twk-24, twk-25, twk-26, twk-28, twk-29, twk-3, twk-30, twk-31, twk-32, twk-33, twk-34, twk-35, twk-36, twk-37, twk-39, twk-4, twk-40, twk-42, twk-43, twk-44, twk-45, twk-46, twk-47, twk-48, twk-49, twk-5, twk-6, twk-7, twk-8, twk-9, unc-103, unc-105, unc-2, unc-29, unc-36, unc-38, unc-49, unc-58, unc-63, unc-68, unc-7, unc-77, unc-8, unc-9, vha-9"
GO:0042391,68,"M02D8.3, acr-10, acr-11, acr-12, acr-14, acr-15, acr-16, acr-17, acr-18, acr-19, acr-2, acr-20, acr-21, acr-23, acr-24, acr-25, acr-3, acr-5, acr-6, acr-7, acr-8, acr-9, cup-4, deg-3, des-2, eat-2, eat-6, egl-2, gba-1, gba-2, gba-3, gba-4, lev-1, lev-8, lgc-1, lgc-10, lgc-11, lgc-12, lgc-13, lgc-14, lgc-15, lgc-16, lgc-17, lgc-18, lgc-19, lgc-20, lgc-21, lgc-22, lgc-25, lgc-26, lgc-27, lgc-29, lgc-30, lgc-31, lgc-4, lgc-5, lgc-6, lgc-7, lgc-8, lgc-9, nmr-1, pbo-5, pbo-6, pezo-1, unc-103, unc-29, unc-38, unc-63"
GO:0043005,184,"F16C3.1, F36D4.4, F56F4.3, H09F14.1, Y57G11C.22, acr-10, acr-11, acr-12, acr-14, acr-15, acr-16, acr-17, acr-18, acr-19, acr-2, acr-20, acr-21, acr-23, acr-24, acr-25, acr-3, acr-5, acr-6, acr-7, acr-8, acr-9, apl-1, arl-8, ast-1, bbs-1, bbs-2, bbs-8, bkip-1, cam-1, cca-1, cha-1, cho-1, cpb-1, cpb-3, cup-4, daf-11, dbt-1, deg-3, des-2, dlg-1, dli-1, eat-16, eat-2, egl-10, egl-3, egl-30, elpc-1, flp-17, fog-1, fsn-1, gcy-28, gcy-29, gcy-8, gex-2, glr-1, hid-1, inpp-1, ins-1, irk-1, kcnl-1, kcnl-2, kcnl-3, kcnl-4, kel-8, lad-2, lev-1, lev-8, lgc-1, lgc-10, lgc-11, lgc-12, lgc-13, lgc-14, lgc-15, lgc-16, lgc-17, lgc-18, lgc-19, lgc-20, lgc-21, lgc-22, lgc-25, lgc-26, lgc-27, lgc-29, lgc-30, lgc-31, lgc-4, lgc-5, lgc-6, lgc-7, lgc-8, lgc-9, lgg-1, lin-10, lis-1, lite-1, lnp-1, madd-2, mec-18, mec-2, mec-7, mig-2, mod-5, nape-1, nape-2, nlp-12, nmr-1, npr-1, npr-10, npr-13, npr-16, npr-17, npr-18, npr-2, npr-23, npr-24, npr-26, npr-28, npr-5, npr-6, npr-7, nrsn-1, ocrl-1, odr-2, osm-10, osm-12, osm-3, osm-5, parg-1, pat-3, pbo-5, pbo-6, pkc-1, pkc-2, ptl-1, pyp-1, rab-3, rhgf-1, rhgf-2, ric-3, ric-4, rig-5, rsbp-1, snap-29, snb-1, snf-11, snf-2, snf-3, snf-5, snf-7, snf-9, stau-1, stn-2, sto-1, sto-4, sto-5, sto-6, strd-1, sumv-1, sup-1, syd-1, syd-2, tph-1, ttn-1, uev-1, unc-1, unc-116, unc-14, unc-17, unc-29, unc-33, unc-38, unc-43, unc-5, unc-51, unc-63, wdr-5.2, wdr-5.3"
GO:0045211,59,"acr-10, acr-11, acr-12, acr-14, acr-15, acr-16, acr-19, acr-2, acr-21, acr-24, acr-25, acr-3, acr-5, acr-6, acr-7, acr-8, acr-9, asic-1, casy-1, dbn-1, deg-3, dgn-1, dop-3, dop-4, eat-2, egl-36, gab-1, gar-1, glc-1, glc-2, glr-1, glr-2, glr-3, glr-4, glr-5, glr-6, lev-1, lev-8, lgc-36, lgc-38, lgc-4, lgc-50, lgc-57, lin-46, lin-7, moc-1, nmr-1, nmr-2, shn-1, shw-1, shw-3, slo-1, snf-6, sol-1, unc-122, unc-29, unc-38, unc-49, unc-63"
GO:0045727,16,"F44A2.5, ZK1236.1, acr-2, eif-3.G, fib-1, ife-2, larp-1, larp-5, let-363, mxt-1, nsun-1, pha-4, ruvb-1, smg-4, ssb-1, unc-62"
GO:0051239,14,"C34E11.2, acr-2, apx-1, clec-78, daf-14, daf-8, goa-1, lev-1, nfi-1, slt-1, sma-2, sma-3, sma-4, tag-68"
GO:0060078,68,"F35H10.10, acr-10, acr-11, acr-12, acr-14, acr-15, acr-16, acr-17, acr-18, acr-19, acr-2, acr-20, acr-21, acr-23, acr-24, acr-25, acr-3, acr-5, acr-6, acr-7, acr-8, acr-9, cup-4, deg-3, des-2, eat-2, glr-1, glr-2, glr-3, glr-4, glr-5, glr-6, glr-7, lev-1, lev-8, lgc-1, lgc-10, lgc-11, lgc-12, lgc-13, lgc-14, lgc-15, lgc-16, lgc-17, lgc-18, lgc-19, lgc-20, lgc-21, lgc-22, lgc-25, lgc-26, lgc-27, lgc-29, lgc-30, lgc-31, lgc-4, lgc-5, lgc-6, lgc-7, lgc-8, lgc-9, mgl-2, nmr-2, pbo-5, pbo-6, unc-29, unc-38, unc-63"
GO:0060079,94,"acc-1, acc-2, acc-3, acc-4, acr-10, acr-11, acr-12, acr-14, acr-15, acr-16, acr-17, acr-18, acr-19, acr-2, acr-20, acr-21, acr-23, acr-24, acr-25, acr-3, acr-5, acr-6, acr-7, acr-8, acr-9, avr-14, avr-15, cup-4, deg-3, des-2, eat-2, exp-1, glc-1, glc-2, glc-3, glc-4, lev-1, lev-8, lgc-1, lgc-10, lgc-11, lgc-12, lgc-13, lgc-14, lgc-15, lgc-16, lgc-17, lgc-18, lgc-19, lgc-20, lgc-21, lgc-22, lgc-23, lgc-24, lgc-25, lgc-26, lgc-27, lgc-28, lgc-29, lgc-30, lgc-31, lgc-32, lgc-33, lgc-39, lgc-4, lgc-40, lgc-41, lgc-42, lgc-44, lgc-45, lgc-46, lgc-47, lgc-48, lgc-49, lgc-5, lgc-50, lgc-51, lgc-52, lgc-53, lgc-54, lgc-55, lgc-56, lgc-57, lgc-58, lgc-6, lgc-7, lgc-8, lgc-9, mod-1, pbo-5, pbo-6, unc-29, unc-38, unc-63"
GO:0098662,15,"F41E7.2, acr-12, acr-2, acr-3, acr-6, acr-8, lev-1, lev-8, lgc-21, lgc-22, lgc-27, slc-9B.1, slc-9B.2, unc-38, unc-63"
GO:0098703,18,"acr-12, acr-2, acr-3, egl-19, lev-1, lgc-20, ncx-1, ncx-2, ncx-3, ocr-1, ocr-2, ocr-3, ocr-4, osm-9, unc-2, unc-29, unc-38, unc-63"
GO:1904315,57,"acr-10, acr-11, acr-14, acr-15, acr-16, acr-17, acr-18, acr-19, acr-2, acr-20, acr-21, acr-23, acr-24, acr-25, acr-3, acr-5, acr-7, acr-9, cup-4, deg-3, des-2, eat-2, glr-1, glr-2, glr-3, glr-4, glr-5, glr-6, glr-7, lev-1, lgc-1, lgc-10, lgc-11, lgc-12, lgc-13, lgc-14, lgc-15, lgc-16, lgc-17, lgc-18, lgc-19, lgc-20, lgc-25, lgc-26, lgc-29, lgc-30, lgc-31, lgc-4, lgc-5, lgc-6, lgc-7, lgc-8, lgc-9, nmr-2, pbo-5, pbo-6, unc-29"
GO:0071316,3,"acr-15, acr-5, dop-2"
GO:1902495,29,"acr-20, acr-21, acr-23, acr-24, acr-5, cup-4, deg-3, des-2, lgc-1, lgc-10, lgc-11, lgc-12, lgc-13, lgc-14, lgc-15, lgc-16, lgc-17, lgc-18, lgc-19, lgc-29, lgc-30, lgc-31, lgc-4, lgc-5, lgc-6, lgc-7, lgc-8, lgc-9, trpa-2"
GO:0015464,4,"acr-11, acr-15, cup-4, lev-1"
GO:0042995,365,"C09H5.7, C36H8.1, F10A3.12, F25B3.4, F27C1.13, F52H3.6, K04F10.2, K05D4.9, R02E12.4, T06C12.11, T16G12.7, Y110A7A.9, Y116A8A.2, Y116A8A.7, Y19D10A.1, Y19D10A.2, Y45G12C.10, Y45G12C.6, Y48B6A.5, Y50E8A.2, Y53C10A.15, Y59E9AR.7, Y59H11AM.1, Y71H2AM.12, Y9C9A.5, ZK1248.17, ZK1248.4, ZK354.9, abi-1, acc-4, acr-16, aex-2, ajm-1, arl-13, arr-1, asic-1, ast-1, atg-13, atn-1, atp-2, bam-2, bbs-1, bbs-2, bbs-4, bbs-5, bbs-8, bec-1, bicd-1, cam-1, casc-3, casy-1, cat-2, ccdc-149, ccep-97, ccpp-1, cdk-5, cdka-1, cdkl-1, cebp-1, ced-10, ceph-41, cfap-20, cfap-36, chdp-1, che-10, che-11, che-12, che-13, che-2, che-3, cla-1, cni-1, cyy-1, daf-10, daf-11, daf-18, daf-2, daf-25, daf-37, dbt-1, ddr-1, ddr-2, dex-1, dlk-1, dnj-13, dsc-1, dyf-1, dyf-11, dyf-13, dyf-3, dyf-5, dyf-6, dyf-7, efhc-1, egl-10, egl-21, egl-3, egl-8, egl-9, elks-1, elt-1, erg-28, exc-5, famh-161, fax-1, fbxl-1, flcn-1, flp-14, flwr-1, fmi-1, gar-2, gars-1, gcy-12, gcy-14, gcy-18, gcy-23, gcy-28, gcy-35, gcy-8, gcy-9, glp-1, glr-1, glt-1, gopc-1, grdn-1, gskl-1, gsp-3, gsp-4, hlh-6, hmr-1, hyls-1, ida-1, ift-139, ift-20, ift-43, ift-81, ifta-1, ifta-2, ina-1, irk-1, jbts-14, jkk-1, jnk-1, kin-10, kin-3, klp-11, klp-20, kpc-1, kvs-4, laf-1, lect-2, let-92, lgc-46, lgg-1, lov-1, madd-4, maph-1.1, maph-9, mapk-15, max-2, mec-4, mec-6, mig-13, mks-1, mks-5, mksr-1, mksr-2, msp-152, msp-3, msp-32, msp-33, msp-38, msp-49, msp-57, msp-58, msp-63, msp-65, msp-76, msp-78, msp-79, mtm-1, nrfl-1, nsy-1, nubp-1, odr-10, odr-3, odr-4, oig-1, osm-1, osm-12, osm-3, pag-3, pak-1, pat-6, pct-1, pef-1, piki-1, pkd-2, plr-1, pmk-3, pph-1, ptrn-1, pxl-1, qui-1, rab-28, rab-6.1, rab-6.2, rac-2, rae-1, rig-3, rig-6, rpi-1, rpm-1, rsks-1, sel-10, selt-1.2, shn-1, sma-1, spc-1, spc-2, spe-47, sphk-1, srb-12, srb-13, srb-16, srb-3, srb-5, src-1, srx-43, stam-1, str-101, str-102, str-103, str-106, str-109, str-111, str-112, str-113, str-114, str-115, str-116, str-119, str-121, str-123, str-124, str-125, str-129, str-130, str-131, str-134, str-135, str-136, str-138, str-139, str-140, str-141, str-143, str-144, str-145, str-146, str-148, str-149, str-150, str-151, str-153, str-155, str-156, str-158, str-159, str-160, str-161, str-162, str-163, str-164, str-165, str-166, str-168, str-169, str-170, str-171, str-172, str-173, str-174, str-175, str-177, str-178, str-180, str-181, str-185, str-193, str-196, str-198, str-199, str-2, str-200, str-204, str-205, str-206, str-208, str-209, str-211, str-214, str-220, str-221, str-222, str-225, str-226, str-227, str-228, str-240, str-246, str-252, str-253, str-254, str-255, str-256, str-260, str-261, str-263, str-267, str-268, str-3, str-84, str-85, str-86, str-87, str-88, str-89, str-90, str-92, str-93, str-96, str-97, str-99, strd-1, strt-10, sumv-1, sup-1, syg-1, tac-1, tax-4, tax-6, tdc-1, tmem-138, tmem-231, tns-1, tsp-17, ttll-11, ttx-3, tub-1, uev-1, uev-3, unc-101, unc-104, unc-18, unc-33, unc-43, unc-5, unc-64, unc-70, vem-1, vps-34, xbx-1, yap-1, zyx-1"
GO:0098794,69,"acc-1, acc-2, acc-3, acc-4, acr-17, acr-18, acr-20, acr-23, avr-14, avr-15, clr-1, cup-4, des-2, exp-1, glc-3, glc-4, lgc-1, lgc-10, lgc-11, lgc-12, lgc-13, lgc-14, lgc-15, lgc-16, lgc-17, lgc-18, lgc-19, lgc-20, lgc-21, lgc-22, lgc-23, lgc-24, lgc-25, lgc-26, lgc-27, lgc-28, lgc-29, lgc-30, lgc-31, lgc-32, lgc-33, lgc-39, lgc-40, lgc-41, lgc-42, lgc-44, lgc-45, lgc-46, lgc-47, lgc-48, lgc-49, lgc-5, lgc-51, lgc-52, lgc-53, lgc-54, lgc-56, lgc-58, lgc-6, lgc-7, lgc-8, lgc-9, mod-1, ncx-1, ncx-2, ncx-3, pbo-5, pbo-6, unc-49"
GO:0000281,40,"act-1, act-2, act-3, act-4, air-2, alx-1, ani-1, ani-2, ani-3, bir-1, bir-2, cdc-14, cls-2, cpg-1, cpg-2, csc-1, csn-3, cyk-4, ect-2, efhc-1, emr-1, evl-20, gld-3, icp-1, ify-1, jtr-1, lem-2, let-502, maph-9, mbk-2, mlc-4, mlc-5, nmy-2, nop-1, ptr-2, rab-11.1, rack-1, rtkn-1, sep-1, unc-15"
GO:0005200,36,"F35A5.1, Y19D2B.1, act-1, act-4, arx-4, ben-1, deb-1, ifa-1, ifa-3, ifa-4, ifb-1, ifb-2, ifc-1, ifc-2, ifd-1, ifd-2, ifp-1, lmn-1, mec-12, mec-7, mua-6, tba-1, tba-2, tba-4, tba-5, tba-6, tba-7, tba-8, tba-9, tbb-1, tbb-2, tbb-4, tbb-6, tbg-1, tln-1, unc-70"
GO:0005856,343,"C01G10.14, C10H11.7, C14A4.8, C15H11.1, C25H3.14, C25H3.3, C35A5.4, C35E7.9, C36B7.1, C36B7.2, C36H8.1, C46H11.3, C54G6.2, D2007.2, D2096.11, F09F7.5, F13A7.1, F21H7.5, F33H2.6, F36D3.4, F36F2.1, F36H12.3, F38H4.6, F39G3.3, F42A9.7, F42G2.5, F52F12.8, F53B6.4, F54A3.2, F54H5.3, F57A10.2, F58A3.4, F58E6.5, H03A11.2, H13N06.7, K04F10.2, K05F1.9, K06A5.3, K07F5.7, K08E3.2, M03E7.1, M116.5, M199.2, T05D4.5, T08D2.8, T08G11.3, T22B3.3, W03D8.5, Y105C5B.19, Y110A7A.9, Y116A8A.2, Y116A8A.7, Y38F2AR.10, Y48B6A.5, Y50E8A.2, Y53C10A.15, Y53F4B.19, Y55F3C.17, Y57G11C.1147, Y57G11C.22, Y59E9AR.7, Y59H11AM.1, Y71H2AM.12, ZC196.2, ZK1248.17, ZK1248.4, ZK354.7, abi-1, act-1, act-2, act-3, act-4, act-5, add-1, add-2, air-2, anc-1, ani-1, arp-1, arp-6, arx-1, arx-2, arx-3, arx-4, arx-5, arx-6, arx-7, bbln-1, bbs-1, bbs-2, bbs-4, bbs-5, bbs-8, ben-1, bir-1, bmk-1, cap-1, cap-2, ccep-97, cdc-14, cdk-1, ced-10, ceph-41, cfap-20, cfap-36, che-10, che-13, che-3, citk-1, citk-2, cls-1, cls-2, cls-3, coel-1, cor-1, csc-1, cye-1, cyk-3, czw-1, dapk-1, dct-9, deb-1, dhc-1, dlc-1, dlc-2, dlc-3, dlc-4, dli-1, dnc-1, dnc-2, dnc-4, dnc-5, dnc-6, dyf-11, dyf-6, dyn-1, dyrb-1, dys-1, ebp-1, ebp-2, ebp-3, efhc-1, ehs-1, elks-1, elp-1, evl-20, exc-5, exc-6, famh-161, feh-1, fhod-1, flcn-1, frm-1, frm-2, frm-4, gip-1, gpr-1, gpr-2, grdn-1, gsnl-1, hasp-1, hipr-1, hpo-28, hum-4, hum-6, hyls-1, icp-1, ift-139, ift-81, ifta-1, ifta-2, ify-1, jtr-1, ketn-1, kin-18, klc-1, klc-2, klp-11, klp-12, klp-13, klp-15, klp-16, klp-17, klp-18, klp-19, klp-20, klp-3, klp-4, klp-7, lem-3, let-502, let-92, lev-11, lin-5, lis-1, ltd-1, madd-2, maph-1.1, maph-9, mapk-15, max-1, mbk-2, mec-7, mei-1, mei-2, mel-11, melo-3, mks-1, mks-5, mksr-1, mksr-2, mlc-4, mlc-5, mms-19, mop-25.2, mrck-1, msp-152, msp-3, msp-32, msp-33, msp-38, msp-49, msp-57, msp-58, msp-63, msp-65, msp-76, msp-78, msp-79, mup-4, nab-1, ndc-80, noca-1, noca-2, nphp-4, num-1, oma-2, osm-10, osm-12, osm-3, paa-1, pam-1, pat-12, pat-6, pcaf-1, pfn-1, pfn-2, pfn-3, pie-1, pig-1, pinn-4, pkc-1, pkc-3, plk-1, plk-2, pph-4.1, pph-5, pph-6, ptl-1, ptp-1, ptrn-1, rab-11.1, rab-28, rac-2, rec-8, rha-1, rho-1, rmd-1, rod-1, rpi-1, rsa-1, rsa-2, rsf-1, saps-1, sas-4, sas-5, sas-6, sas-7, sbds-1, sep-1, sgcb-1, sgn-1, ska-1, sma-1, smo-1, spas-1, spc-1, spd-2, spd-5, spdl-1, spe-26, spe-47, spot-1, stn-1, stn-2, sup-35, swsn-6, sys-1, szy-20, tac-1, tag-77, tba-2, tba-5, tba-6, tba-8, tbb-1, tbb-2, tbb-4, tbca-1, tbcb-1, tbg-1, tln-1, tmd-2, toe-2, top-2, tth-1, twf-2, ubxn-2, ulp-4, unc-104, unc-116, unc-15, unc-44, unc-59, unc-61, unc-70, unc-78, unc-84, unc-94, vab-10, vab-19, vab-8, vpr-1, wve-1, xbx-1, yap-1, zen-4, zwl-1, zyg-1, zyg-12, zyg-8, zyg-9, zyx-1"
GO:0009792,305,"F19B6.1, F53E2.2, T12E12.6, T16G12.1, Y67D8C.9, act-1, act-2, act-3, age-1, ain-1, ajm-1, alg-1, alg-2, ama-1, ani-1, ani-2, apa-2, apb-1, apb-3, apc-11, aph-1, apr-1, aps-2, arf-1, arf-5, ark-1, atg-18, atg-7, atl-1, baf-1, bcat-1, brc-1, brc-2, bub-3, capg-1, cbp-1, cdc-48.1, cdc-48.2, cdd-2, cdk-2, cdk-9, cdl-1, ced-3, ced-4, ced-8, ceh-13, ceh-43, chc-1, chk-1, cit-1.2, cmd-1, copb-2, copz-1, cpg-1, cpg-2, cpz-1, csk-1, cul-1, cwn-2, cye-1, cyk-3, dab-1, dlg-1, dnj-10, dpy-18, dre-1, drp-1, dss-1, dve-1, dyn-1, efn-4, egl-26, egl-27, egl-38, egl-45, elli-1, emb-9, erh-2, evl-20, exo-3, feh-1, fkh-2, gale-1, gei-17, gld-2, gld-3, gpb-1, gpn-1, grd-5, hbl-1, hcp-3, hcp-6, hda-1, him-1, him-14, him-18, hlh-2, hmp-2, hmr-1, hrpk-1, hsp-60, hus-1, icd-1, ife-1, ife-2, ife-3, ife-5, ima-2, ima-3, imb-1, kal-1, kca-1, lat-1, lem-3, let-2, let-4, let-413, let-49, let-502, lev-11, lin-32, lin-35, lin-52, lin-53, lin-59, lin-9, lip-1, lis-1, lit-1, lmn-1, lpin-1, mab-21, mbk-2, mca-3, mcm-7, mdf-1, mdf-2, mdt-15, mec-8, meg-3, mei-1, mei-2, mel-11, mel-26, mel-32, mett-10, mex-1, mig-6, mix-1, mom-1, mom-5, mrck-1, mrg-1, mus-101, mus-81, nhr-31, nlp-2, nlp-22, nmy-2, npl-4.2, npp-1, npp-10, npp-11, npp-13, npp-19, npp-2, npp-20, npp-3, npp-4, npp-6, npp-7, npp-8, npp-9, nud-1, ooc-3, paa-1, pal-1, pam-1, par-5, pat-10, pat-4, pen-2, pes-1, phb-1, phb-2, pid-3, pkc-3, plin-1, plx-2, polh-1, polk-1, pos-1, ppfr-1, ppfr-4, pph-4.1, rab-11.1, rab-5, rack-1, rad-51, rad-8, ran-1, ran-2, ran-3, rde-3, rft-1, rig-6, rme-2, rme-8, rnr-2, rnt-1, rol-3, rsa-1, rsp-3, samp-1, sand-1, sar-1, sax-7, sca-1, scc-2, sdn-1, sdz-15, set-1, sip-1, skp-1, skr-10, skr-2, slx-1, smi-1, smn-1, smo-1, smu-1, smu-2, sos-1, spd-1, spd-2, spd-3, spdl-1, spk-1, sqv-1, sqv-2, sqv-3, sqv-4, sqv-7, sqv-8, src-1, sun-1, sup-17, sur-6, swsn-1, sym-2, syp-3, sys-1, szy-20, tac-1, taf-1, taf-10, taf-2, taf-4, taf-5, taf-9, tat-5, tba-1, tba-2, ten-1, tim-1, tlf-1, tni-4, tofu-6, tol-1, tost-1, ttx-1, uaf-1, uba-1, uba-2, ubc-9, ufd-1, ulp-1, umps-1, unc-101, unc-116, unc-130, unc-32, unc-45, unc-51, unc-52, unc-60, unc-73, unc-94, vab-1, vab-19, vha-1, vha-11, vha-17, vha-4, vps-16, wee-1.3, wrm-1, xnp-1, zhp-3, zif-1, zoo-1, zyg-1, zyg-11, zyg-12, zyg-9"
GO:0015629,48,"C46H11.3, F10G8.8, F53E2.2, M04F3.5, W02H5.2, act-1, act-2, act-3, act-4, act-5, arx-3, arx-4, arx-6, arx-7, cap-1, cap-2, clik-1, clik-2, cpn-1, cpn-2, cpn-3, cpn-4, exc-5, fhod-1, fli-1, gsnl-1, hum-1, hum-10, hum-2, hum-4, hum-5, hum-6, hum-8, ifas-1, ifas-2, ifas-3, mlc-5, nab-1, pat-6, rga-6, spe-15, tag-273, ttc-17, unc-115, unc-60, unc-87, viln-1, zyx-1"
GO:0030866,20,"act-1, act-2, act-3, chc-1, egg-3, egg-4, egg-5, fozi-1, frl-1, gex-3, hmp-1, hmp-2, hmr-1, let-502, lgl-1, pph-6, rga-3, rga-4, saps-1, unc-15"
GO:0005884,11,"act-2, cyk-1, dbn-1, erm-1, exc-6, feh-1, fln-1, hum-7, inft-2, lev-11, twf-2"
GO:0005938,94,"F31C3.6, act-2, ags-3, ani-1, apr-1, arx-2, bub-1, cav-1, cdc-42, cgef-1, chc-1, chdp-1, chin-1, chs-1, cka-1, csnk-1, dab-1, dhc-1, dkf-1, dnc-1, dnc-4, dsh-1, dsh-2, dyrb-1, ebp-1, ebp-2, ect-2, efa-6, egg-3, egg-4, egg-5, egl-30, era-1, erm-1, gla-3, goa-1, gpa-16, gpr-1, gpr-2, ham-1, kin-18, klp-18, knl-1, let-60, let-99, lgl-1, lin-5, lis-1, lit-1, mbk-2, mel-26, mig-5, mrck-1, mtm-1, nmy-2, nop-1, num-1, pam-1, par-1, par-2, par-3, par-4, par-5, par-6, pes-7, pfn-1, pfn-2, pfn-3, pkc-3, pod-1, pph-6, pry-1, rab-5, rga-3, rgs-7, rho-1, ric-8, rpn-2, sao-1, saps-1, sax-2, sep-1, spc-1, spe-38, srgp-1, strd-1, sys-1, tth-1, twf-2, unc-45, unc-70, wrm-1, wsp-1, zwl-1"
GO:0007111,1,act-2
GO:0040011,97,"F53E2.2, act-2, aex-1, aex-5, aipl-1, ani-1, ceh-10, chn-1, crml-1, dnj-14, dpy-10, dpy-30, dyn-1, eff-1, eor-1, eor-2, eya-1, fat-3, flp-2, hid-1, hil-1, hlh-14, jkk-1, jph-1, klc-2, ldb-1, lev-11, lim-7, lin-5, lin-59, lis-1, mab-9, maco-1, mcm-4, mdt-15, mig-10, mlc-1, mlc-2, mlc-4, mtm-3, nmy-1, nud-1, pdf-1, pdf-2, pdfr-1, rol-3, rpm-1, sam-4, sbp-1, seu-1, sin-3, skp-1, slo-1, smn-1, smu-1, smu-2, syd-1, syd-2, tbx-2, twk-18, ubc-25, unc-10, unc-108, unc-11, unc-112, unc-116, unc-119, unc-129, unc-15, unc-16, unc-26, unc-27, unc-29, unc-32, unc-36, unc-38, unc-39, unc-4, unc-44, unc-45, unc-52, unc-54, unc-58, unc-59, unc-60, unc-63, unc-64, unc-68, unc-7, unc-78, unc-8, unc-83, unc-84, unc-94, unc-96, unc-98, vab-8"
GO:0005865,10,"F15G9.1, F53E2.2, act-3, act-4, atn-1, lev-11, unc-60, unc-87, unc-94, vab-8"
GO:0030036,38,"C46H11.3, F39G3.3, F59C12.3, R04E5.8, ZK1321.4, act-4, alp-1, arx-3, arx-7, atn-1, cap-1, cap-2, ced-1, ced-10, ced-12, ced-2, cyk-1, daam-1, exc-9, fln-1, fln-2, frl-1, gei-1, osg-1, pat-6, pha-2, phac-1, pod-1, rac-2, sma-1, spc-1, spc-2, tln-1, unc-53, unc-70, vab-19, valv-1, wve-1"
GO:0045121,44,"B0024.4, C26B9.5, C29F3.7, F35E12.10, F53C11.1, F54E2.1, F56F10.1, K08D8.6, T19D12.4, Y12A6A.1, Y16B4A.2, Y54G2A.18, act-4, bcf-1, cav-1, ctsa-2, ctsa-3.1, ctsa-4.2, dct-17, dod-19, gfi-1, hpo-6, hsp-90, irg-8, kqt-3, lec-1, lec-2, lec-4, lec-5, nep-17, nep-22, pcp-2, pcp-3, pcp-4, pho-1, sli-1, sssh-1, stl-1, tag-10, tre-3, unc-5, vha-1, vha-19, vps-32.1"
GO:0030033,2,"act-5, daf-25"
GO:0030536,11,"act-5, csk-1, daf-1, daf-2, daf-4, daf-7, eat-2, egl-21, egl-3, egl-4, unc-31"
GO:0035148,2,"act-5, erm-1"
GO:0097516,1,act-5
GO:1904000,4,"act-5, eat-2, hlh-6, zmp-2"
GO:1990357,3,"act-5, ifb-2, unc-94"
GO:0004016,5,"acy-1, acy-2, acy-3, acy-4, exc-12"
GO:0006171,5,"acy-1, acy-2, acy-3, acy-4, exc-12"
GO:0006935,175,"F10A3.12, K05D4.9, T06C12.11, Y19D10A.1, Y19D10A.2, Y45G12C.10, Y45G12C.6, Y9C9A.5, acy-1, adr-1, adr-2, age-1, akt-1, bbs-8, ceh-36, che-1, che-12, che-2, daf-10, daf-11, daf-12, daf-18, dyf-11, dyf-3, egl-4, egl-8, gcy-1, gcy-14, gcy-17, gcy-19, gcy-20, gcy-22, gcy-28, gcy-3, gcy-4, gcy-5, gcy-6, gcy-7, goa-1, grk-2, hsp-90, ift-74, ift-81, ifta-1, maco-1, mihp-1, mks-5, ncs-1, nsy-1, odr-10, odr-3, odr-4, odr-7, odr-8, osm-12, osm-6, pde-1, pde-2, pde-3, pde-5, pkc-1, rab-3, rgef-1, scd-2, snet-1, sprr-2, str-101, str-102, str-103, str-106, str-109, str-111, str-112, str-113, str-114, str-115, str-116, str-119, str-121, str-123, str-124, str-125, str-129, str-130, str-131, str-134, str-135, str-136, str-138, str-139, str-140, str-141, str-143, str-144, str-145, str-146, str-148, str-149, str-150, str-151, str-153, str-155, str-156, str-158, str-159, str-160, str-161, str-162, str-163, str-164, str-165, str-166, str-168, str-169, str-170, str-171, str-172, str-173, str-174, str-175, str-177, str-178, str-180, str-181, str-185, str-193, str-196, str-198, str-199, str-2, str-200, str-204, str-205, str-206, str-208, str-209, str-211, str-214, str-220, str-221, str-222, str-225, str-226, str-227, str-228, str-240, str-246, str-252, str-253, str-254, str-255, str-256, str-260, str-261, str-263, str-267, str-268, str-3, str-84, str-85, str-86, str-87, str-88, str-89, str-90, str-92, str-93, str-96, str-97, str-99, tax-2, tax-4, tax-6, ttx-7, tub-1"
GO:0007188,25,"acy-1, acy-2, dop-1, egl-30, goa-1, gpa-1, gpa-10, gpa-11, gpa-12, gpa-13, gpa-14, gpa-15, gpa-16, gpa-18, gpa-2, gpa-3, gpa-4, gpa-5, gpa-6, gpa-7, gpa-8, odr-3, pdf-1, pdfr-1, seb-3"
GO:0007189,12,"F47F2.1, acy-1, acy-2, acy-3, acy-4, exc-12, fshr-1, kin-1, kin-2, pdf-1, pdf-2, pdfr-1"
GO:0007614,17,"acy-1, add-1, daf-16, fkh-9, gap-1, gap-2, gap-3, glr-1, gpa-10, irk-3, ist-1, let-60, nhr-153, nos-1, srd-28, str-131, syx-2"
GO:0009190,37,"acy-1, acy-2, acy-3, acy-4, daf-11, gcy-1, gcy-11, gcy-12, gcy-13, gcy-14, gcy-15, gcy-17, gcy-18, gcy-19, gcy-20, gcy-21, gcy-22, gcy-23, gcy-25, gcy-27, gcy-28, gcy-29, gcy-3, gcy-31, gcy-32, gcy-33, gcy-34, gcy-35, gcy-36, gcy-37, gcy-4, gcy-5, gcy-6, gcy-7, gcy-8, gcy-9, odr-1"
GO:0030431,30,"C07A12.18, C15H9.9, C27A2.8, F36H9.7, F46C5.4, K11H12.6, K11H12.7, acy-1, aptf-1, daf-16, egl-4, flp-11, flp-18, flp-2, flp-21, frpr-18, jnk-1, lag-2, let-23, lin-12, lin-3, nlp-8, npr-1, nssp-70, pde-4, pdf-1, pdfr-1, plc-3, sssh-1, unc-16"
GO:0035556,154,"C04G2.10, C06C3.3, C06E4.5, C26E6.1, C55C3.8, C56E6.4, C56G2.5, F09C12.2, F21F3.2, F27C1.11, F27C1.13, F39B2.5, F52B5.2, F59E12.15, K11H12.9, M03C11.1, M60.7, VY10G11R.1, W04B5.5, W07G1.1, Y106G6D.4, Y106G6E.1, Y42G9A.3, Y45F10A.7, Y48B6A.10, Y73B6A.1, ZK177.2, acy-1, acy-2, acy-3, acy-4, akt-1, akt-2, crh-1, cst-1, cst-2, daf-11, daf-16, dapk-1, depd-5, dgk-1, dgk-2, dgk-3, dgk-4, dgk-5, dkf-1, dkf-2, dlk-1, dsh-1, dsh-2, dyf-5, eat-16, egl-10, egl-8, epac-1, fem-2, gck-1, gck-2, gck-3, gck-4, gcy-1, gcy-11, gcy-12, gcy-13, gcy-14, gcy-15, gcy-17, gcy-18, gcy-19, gcy-20, gcy-21, gcy-22, gcy-23, gcy-25, gcy-27, gcy-28, gcy-29, gcy-3, gcy-31, gcy-32, gcy-33, gcy-34, gcy-35, gcy-36, gcy-37, gcy-4, gcy-5, gcy-6, gcy-7, gcy-8, gcy-9, gskl-2, hasp-1, hasp-2, hmg-12, hpo-11, hum-7, kin-29, kin-4, kqt-1, let-99, lit-1, lrch-1, mak-1, mak-2, mapk-15, max-2, mig-5, mnk-1, mop-25.1, mop-25.2, mop-25.3, mpk-1, mpk-2, mtk-1, nimk-1, odr-1, pak-1, pak-2, par-1, pdk-1, phlp-2, pik-1, pkc-1, pkc-2, pkc-3, pkn-1, plc-1, plc-2, plc-3, plc-4, pld-1, pll-1, pmk-1, pmk-2, pmk-3, pptr-2, rbx-2, rei-1, rei-2, rpi-1, rskn-1, rskn-2, rsu-1, sax-1, sgk-1, sma-5, soc-2, spsb-1, szy-2, tlk-1, tpa-1, wnk-1, zyg-8"
GO:0035641,9,"acy-1, mod-1, osm-5, pdf-1, pdf-2, pdfr-1, rab-28, srx-43, tph-1"
GO:0040017,56,"acy-1, aex-5, calf-1, ccb-1, dab-1, dgn-1, dyb-1, dyc-1, dys-1, ebax-1, egl-10, egl-19, egl-30, egl-8, epi-1, fat-1, fbl-1, grk-2, hlb-1, ilc-17.1, ilcr-1, ilcr-2, lam-1, lam-2, lrp-1, mca-3, molo-1, nca-2, par-4, pat-2, pat-3, pat-4, pat-6, rbf-1, rho-1, ric-7, sand-1, snf-6, spd-1, stn-1, ttn-1, unc-112, unc-22, unc-36, unc-39, unc-41, unc-5, unc-52, unc-77, unc-79, unc-80, unc-89, unc-9, unc-97, vav-1, zmp-2"
GO:0072375,4,"acy-1, kin-2, nos-1, unc-43"
GO:2000292,8,"acy-1, aex-2, aex-4, aex-5, dgk-1, egl-30, gsa-1, rund-1"
GO:0008294,1,acy-3
GO:0019933,3,"acy-3, cas-1, cas-2"
GO:2000114,11,"acy-3, gsa-1, hlh-2, kin-2, kri-1, let-607, let-754, ncl-1, nhl-2, pde-1, ric-8"
GO:0001555,9,"acy-4, fbf-1, glp-1, gsa-1, lag-1, oma-1, oma-2, rab-7, sec-61.G"
GO:0001556,34,"Y59E9AR.7, Y59H11AM.1, acy-4, cdk-1, ceh-18, cyb-1, cyb-2.1, cyb-2.2, cyb-3, egg-3, egg-4, egg-5, ife-1, inx-14, inx-22, itr-1, mbk-2, mpk-1, msp-152, msp-3, msp-32, msp-33, msp-38, msp-49, msp-57, msp-63, msp-65, msp-76, msp-78, msp-79, oma-1, oma-2, vab-1, wee-1.3"
GO:0004383,34,"acy-4, daf-11, gcy-1, gcy-11, gcy-12, gcy-13, gcy-14, gcy-15, gcy-17, gcy-18, gcy-19, gcy-20, gcy-21, gcy-22, gcy-23, gcy-25, gcy-27, gcy-28, gcy-29, gcy-3, gcy-31, gcy-32, gcy-33, gcy-34, gcy-35, gcy-36, gcy-37, gcy-4, gcy-5, gcy-6, gcy-7, gcy-8, gcy-9, odr-1"
GO:0006182,34,"acy-4, daf-11, gcy-1, gcy-11, gcy-12, gcy-13, gcy-14, gcy-15, gcy-17, gcy-18, gcy-19, gcy-20, gcy-21, gcy-22, gcy-23, gcy-25, gcy-27, gcy-28, gcy-29, gcy-3, gcy-31, gcy-32, gcy-33, gcy-34, gcy-35, gcy-36, gcy-37, gcy-4, gcy-5, gcy-6, gcy-7, gcy-8, gcy-9, odr-1"
GO:0007186,622,"AH9.1, AH9.4, B0034.5, B0244.10, B0244.15, B0244.16, B0244.17, B0244.4, B0244.5, B0244.6, B0244.7, B0563.6, C03H5.7, C03H5.9, C04C3.6, C06B3.1, C09F12.3, C17H11.1, C24A8.6, C25F9.13, C29F9.8, C30A5.10, C34B4.3, C39B10.1, C47E8.3, C55A1.1, D1014.2, F09C6.16, F10A3.12, F16C3.1, F21C10.9, F27E5.5, F27E5.8, F35H10.10, F36D4.4, F38E1.6, F40A3.7, F49E11.2, F54E4.2, F55D10.4, F57C9.6, F59A1.15, H09F14.1, K01A12.3, K01A6.6, K03H6.1, K03H6.5, K05D4.9, K10C9.4, M01G12.16, M03F8.7, R07D5.2, R10E8.5, R11F4.2, R13H4.7, R13H7.2, T04F8.2, T06C12.11, T11F9.1, T26H8.4, T26H8.5, T27C5.10, W08G11.5, W10C4.1, Y19D10A.1, Y19D10A.17, Y19D10A.2, Y37H2C.4, Y41D4B.24, Y45G12C.10, Y45G12C.6, Y6E2A.1, Y70C5A.4, Y75B12B.10, Y9C9A.5, ZC266.1, ZK1307.7, ZK418.6, ZK418.7, ZK721.4, ZK813.5, acy-4, ador-1, aex-2, aexr-1, aexr-2, cfz-2, ckr-1, ckr-2, daf-37, daf-38, dcar-1, dhrr-1, dmsr-1, dmsr-10, dmsr-11, dmsr-12, dmsr-13, dmsr-14, dmsr-15, dmsr-16, dmsr-2, dmsr-3, dmsr-4, dmsr-5, dmsr-6, dmsr-7, dmsr-8, dmsr-9, dop-1, dop-2, dop-3, dop-4, dop-5, dop-6, eat-16, egl-10, egl-30, egl-47, egl-6, flp-2, fmi-1, frpr-1, frpr-10, frpr-11, frpr-12, frpr-13, frpr-14, frpr-15, frpr-16, frpr-17, frpr-18, frpr-19, frpr-21, frpr-3, frpr-4, frpr-5, frpr-6, frpr-7, frpr-8, frpr-9, fshr-1, gar-1, gar-2, gar-3, gbb-1, gbb-2, gnrr-1, gnrr-2, gnrr-3, gnrr-4, gnrr-5, gnrr-6, gnrr-7, goa-1, gpa-1, gpa-10, gpa-11, gpa-12, gpa-13, gpa-14, gpa-15, gpa-16, gpa-17, gpa-18, gpa-2, gpa-3, gpa-4, gpa-5, gpa-6, gpa-7, gpa-8, gpa-9, gpb-1, gpc-1, gpc-2, gplb-1, gpr-158, grk-2, gsa-1, gtr-1, lat-1, lat-2, lite-1, mgl-1, mgl-2, mgl-3, nmur-1, nmur-2, nmur-3, npr-1, npr-10, npr-11, npr-12, npr-13, npr-14, npr-15, npr-16, npr-17, npr-18, npr-19, npr-2, npr-20, npr-21, npr-22, npr-23, npr-24, npr-25, npr-26, npr-27, npr-28, npr-29, npr-3, npr-30, npr-31, npr-32, npr-33, npr-34, npr-35, npr-36, npr-38, npr-39, npr-4, npr-40, npr-41, npr-42, npr-44, npr-5, npr-6, npr-7, npr-8, npr-9, ntr-1, ntr-2, octr-1, odr-10, odr-3, pcdr-1, pdfr-1, plc-1, rhgf-1, ric-8, rsbp-1, seb-3, ser-1, ser-2, ser-3, ser-4, ser-5, ser-6, ser-7, sphr-1, sprr-1, sprr-2, sprr-3, sqr-1, sra-1, sra-10, sra-11, sra-12, sra-13, sra-14, sra-17, sra-18, sra-2, sra-20, sra-21, sra-22, sra-23, sra-24, sra-25, sra-26, sra-28, sra-29, sra-3, sra-30, sra-31, sra-32, sra-33, sra-34, sra-35, sra-36, sra-4, sra-6, sra-7, sra-8, sra-9, srab-14, srb-12, srb-13, srb-16, srb-18, srb-19, srb-3, srb-5, srbc-48, srbc-49, srbc-50, srbc-51, srbc-54, srbc-55, srbc-56, srbc-57, srbc-58, srbc-59, srbc-60, srbc-61, srbc-62, srbc-63, srbc-64, srbc-65, srbc-66, srbc-67, srbc-68, srbc-70, srbc-71, srbc-75, srbc-76, srbc-77, srbc-78, srbc-79, srbc-82, srbc-83, srbc-84, sre-2, srh-234, sro-1, srsx-1, srsx-10, srsx-11, srsx-12, srsx-13, srsx-14, srsx-15, srsx-16, srsx-17, srsx-18, srsx-19, srsx-2, srsx-21, srsx-22, srsx-24, srsx-25, srsx-26, srsx-27, srsx-28, srsx-29, srsx-3, srsx-30, srsx-31, srsx-32, srsx-33, srsx-34, srsx-35, srsx-36, srsx-37, srsx-38, srsx-39, srsx-5, srsx-6, srsx-7, srsx-8, srsx-9, srsy-1, srv-34, srw-1, srw-10, srw-100, srw-101, srw-102, srw-103, srw-107, srw-108, srw-109, srw-11, srw-111, srw-112, srw-113, srw-115, srw-117, srw-118, srw-119, srw-12, srw-120, srw-121, srw-122, srw-123, srw-124, srw-127, srw-129, srw-13, srw-130, srw-133, srw-134, srw-135, srw-136, srw-137, srw-138, srw-139, srw-14, srw-140, srw-141, srw-142, srw-143, srw-144, srw-145, srw-15, srw-16, srw-17, srw-19, srw-2, srw-20, srw-21, srw-22, srw-23, srw-24, srw-26, srw-29, srw-3, srw-31, srw-32, srw-33, srw-34, srw-35, srw-36, srw-38, srw-39, srw-4, srw-40, srw-41, srw-42, srw-43, srw-44, srw-48, srw-51, srw-53, srw-54, srw-55, srw-56, srw-57, srw-59, srw-6, srw-60, srw-61, srw-62, srw-63, srw-66, srw-67, srw-68, srw-69, srw-7, srw-71, srw-72, srw-73, srw-76, srw-77, srw-79, srw-8, srw-82, srw-83, srw-84, srw-85, srw-87, srw-88, srw-89, srw-9, srw-90, srw-91, srw-94, srw-95, srw-97, srw-98, srw-99, srx-43, srx-45, srx-97, str-1, str-101, str-102, str-103, str-106, str-108, str-109, str-111, str-112, str-113, str-114, str-115, str-116, str-118, str-119, str-121, str-123, str-124, str-125, str-129, str-130, str-131, str-134, str-135, str-136, str-138, str-139, str-140, str-141, str-143, str-144, str-145, str-146, str-148, str-149, str-150, str-151, str-153, str-155, str-156, str-158, str-159, str-160, str-161, str-162, str-163, str-164, str-165, str-166, str-168, str-169, str-170, str-171, str-172, str-173, str-174, str-175, str-177, str-178, str-180, str-181, str-182, str-185, str-187, str-188, str-190, str-193, str-196, str-198, str-199, str-2, str-200, str-204, str-205, str-206, str-207, str-208, str-209, str-211, str-214, str-217, str-220, str-221, str-222, str-225, str-226, str-227, str-228, str-229, str-230, str-231, str-232, str-233, str-236, str-238, str-240, str-243, str-244, str-245, str-246, str-247, str-248, str-249, str-250, str-252, str-253, str-254, str-255, str-256, str-260, str-261, str-262, str-263, str-264, str-267, str-268, str-3, str-33, str-77, str-78, str-79, str-81, str-82, str-83, str-84, str-85, str-86, str-87, str-88, str-89, str-90, str-92, str-93, str-94, str-96, str-97, str-99, tag-89, tkr-1, tkr-2, tkr-3, tmem-145, tpra-1, trhr-1, tyra-2, tyra-3"
GO:0010628,98,"acy-4, atf-4, atfs-1, atx-2, brap-2, car-1, ceh-19, ceh-23, cog-1, cyd-1, daf-11, daf-16, daf-2, daf-7, dbl-1, die-1, dkf-1, egl-4, ehn-3, eif-2A, fbf-1, fem-3, fos-1, gck-3, gcn-1, gcn-2, gld-3, glp-1, gls-1, gpa-12, gpa-2, gpa-3, gsa-1, hel-1, hlh-12, hlh-2, hlh-30, hlh-34, hmg-12, hpl-2, hsf-1, jun-1, kgb-1, kin-2, kin-29, kri-1, lim-6, lin-15A, lin-29, lin-49, lin-56, lsy-12, lsy-13, lsy-2, mep-1, mex-3, nipi-3, nipi-4, nsy-1, pde-1, pde-2, pde-3, pde-5, pdf-1, pdfr-1, pmk-1, pop-1, pqm-1, prmt-1, rnt-1, ruvb-1, sbp-1, sek-1, sem-4, sir-2.1, skn-1, sma-9, sptf-1, sta-2, stau-1, sur-2, sys-1, tax-2, tax-4, tdp-1, tir-1, tmem-135, tpa-1, unc-43, unc-89, usp-46, wdr-20, wdr-48, wnk-1, zip-2, zmp-2, ztf-16, ztf-6"
GO:0003779,101,"C46H11.3, F36F2.1, F53E2.2, M04F3.5, M116.5, T24B8.4, W02H5.2, Y50D7A.10, Y57G11C.22, Y73B3B.1, ZK1321.4, add-1, add-2, alp-1, anc-1, arx-1, arx-2, arx-3, arx-4, arx-5, arx-6, atn-1, cap-1, cap-2, cas-1, cas-2, clik-2, cor-1, cyk-1, daam-1, dbn-1, ddl-2, deb-1, dys-1, eps-8, erm-1, exc-6, fhod-1, fln-1, frg-1, frl-1, frm-1, gsnl-1, hipr-1, hum-1, hum-10, hum-2, hum-4, hum-5, hum-6, hum-7, hum-8, kel-20, ketn-1, lev-11, maph-1.1, maph-1.2, maph-1.3, myo-1, myo-2, myo-3, myo-5, myo-6, nab-1, nfm-1, nmy-1, nmy-2, nmy-3, pat-6, pfn-1, pfn-2, pfn-3, phac-1, plst-1, pod-1, sma-1, spc-1, spe-15, spe-26, tag-243, tln-1, tni-1, tni-3, tni-4, tth-1, ttn-1, twf-2, unc-115, unc-27, unc-54, unc-60, unc-70, unc-78, unc-87, unc-94, vab-10, viln-1, vps-16, wip-1, wsp-1, wve-1"
GO:0007613,2,"add-1, unc-43"
GO:0007616,8,"add-1, gap-1, gap-2, gap-3, kvs-3, kvs-4, magi-1, mps-2"
GO:0014069,14,"Y57G11C.22, add-1, add-2, dbn-1, glr-1, gopc-1, kel-8, lgc-55, nab-1, nmr-1, nsy-1, oxi-1, shn-1, unc-43"
GO:0051015,91,"C18C4.7, F10G8.8, F39G3.3, F42H10.3, F53E2.2, F54F2.7, W02H5.2, add-1, add-2, aipl-1, ani-1, arx-1, arx-2, arx-3, arx-4, arx-5, arx-6, atn-1, cap-1, cap-2, clik-1, clik-2, cor-1, cpn-1, cpn-2, cpn-3, cpn-4, ctn-1, dbn-1, deb-1, eps-8, fhod-1, fli-1, fln-1, fln-2, fozi-1, frg-1, frl-1, gsnl-1, hcp-2, hipr-1, hmp-1, hum-1, hum-10, hum-2, hum-4, hum-5, hum-6, hum-7, hum-8, ifas-1, ifas-2, ifas-3, inx-3, ipla-2, ipla-3, lev-11, myo-1, myo-2, myo-3, myo-5, myo-6, nab-1, nlr-1, nmy-1, nmy-2, nmy-3, pes-7, plst-1, pod-1, samp-1, sma-1, spc-1, spc-2, spe-15, tag-138, tag-273, tln-1, ttn-1, twf-2, unc-115, unc-53, unc-54, unc-60, unc-70, unc-78, unc-87, unc-9, unc-94, vab-10, viln-1"
GO:0051016,8,"add-1, cap-1, cap-2, eps-8, fli-1, gsnl-1, twf-2, viln-1"
GO:0061572,1,add-1
GO:0097120,5,"add-1, dlg-1, lin-10, nra-1, unc-50"
GO:0004222,111,"C02G6.2, C05G5.5, C17B7.8, F09D12.2, F19C6.4, F27D9.13, F27D9.7, F41C6.4, F42G10.1, F44E7.4, K03B8.6, T13B5.9, T28A11.17, T28A11.20, Y19D10A.6, Y19D10B.6, Y43F4A.1, Y47C4A.1, Y50D7A.13, Y56A3A.2, Y67H2A.7, Y70C5C.1, adm-2, adm-4, adt-1, adt-2, adt-3, dpy-31, dvc-1, eelo-2, fce-1, fce-2, gon-1, hch-1, mig-17, mppa-1, mppb-1, nas-1, nas-10, nas-11, nas-12, nas-13, nas-14, nas-15, nas-16, nas-17, nas-18, nas-19, nas-2, nas-20, nas-21, nas-22, nas-23, nas-24, nas-25, nas-27, nas-28, nas-29, nas-3, nas-30, nas-31, nas-32, nas-33, nas-36, nas-37, nas-38, nas-39, nas-4, nas-5, nas-6, nas-7, nas-8, nas-9, nep-1, nep-10, nep-11, nep-12, nep-13, nep-15, nep-16, nep-17, nep-18, nep-2, nep-20, nep-21, nep-22, nep-23, nep-24, nep-25, nep-26, nep-3, nep-4, nep-5, nep-6, nep-8, nep-9, ppgn-1, spg-7, sup-17, tag-275, toh-1, ucr-2.2, ucr-2.3, unc-71, ymel-1, zmp-1, zmp-2, zmp-3, zmp-4, zmp-5, zmp-6"
GO:0005764,134,"C08A9.3, C29E4.10, C30E1.4, C32B5.13, C32B5.7, C33G3.4, F11G11.5, F13H10.3, F15D4.4, F26E4.3, F32H5.1, K02E7.10, R04B3.2, R07E3.1, R09F10.1, W03G11.3, W07B8.4, Y113G7B.15, Y37D8A.2, Y40H7A.10, Y51A2D.1, Y51A2D.8, Y55D5A.3, Y65B4A.2, Y71F9AL.10, Y71H2AM.25, Y71H2AR.2, aagr-1, aagr-2, aagr-3, adm-2, aman-1, arl-8, asah-1, asah-2, asm-1, asm-2, asm-3, asp-1, asp-12, asp-13, asp-14, asp-15, asp-16, asp-17, asp-18, asp-19, asp-2, asp-3, asp-4, asp-5, asp-6, asp-7, asp-8, asp-9, bgal-1, blos-8, blos-9, catp-6, cdr-1, cdr-4, chup-1, cima-1, cln-3.1, cln-3.2, cln-3.3, cpl-1, cpr-1, cpr-2, cpr-3, cpr-4, cpr-5, cpr-6, cpr-8, cpr-9, cpz-1, cpz-2, ctns-1, cup-16, cup-5, eak-7, exc-4, exl-1, flcn-1, gba-1, gba-2, gba-3, gba-4, hex-1, hpo-27, hrg-1, hrg-7, ilys-3, kcmf-1, laat-1, lbp-8, lgg-1, lipl-1, lipl-2, lipl-3, lipl-4, lipl-5, lmp-1, lmtr-5, marc-4, marc-5, mel-26, ncr-1, npp-18, npp-20, nprl-3, nuc-1, pipp-4P, pkhm-2, ppt-1, rab-7, raga-1, ragc-1, ril-2, rnst-2, sam-4, sid-1, slc-17.1, spp-10, tag-196, tag-329, unc-108, vps-11, vps-16, vps-18, vps-33.1, vps-33.2, vps-39, vps-41"
GO:0005765,79,"B0348.1, B0348.2, C05C12.6, C05E11.3, C08E8.1, C25E10.4, C25E10.5, C30F12.3, C49A1.10, F11G11.5, F13H10.3, F14D7.6, F16F9.1, F21F3.6, F36G3.3, F52F10.2, F58G11.4, R12C12.6, T28C12.1, T28C12.2, W01B6.3, W03C9.6, Y22D7AL.15, Y37D8A.26, Y37D8A.6, Y37D8A.8, Y40H7A.11, Y41C4A.11, Y87G2A.18, Y87G2A.19, ZK1073.2, adm-2, arc-1, arl-8, blos-8, blos-9, clh-6, cln-3.1, cln-3.2, cln-3.3, ctns-1, cup-5, depd-5, exl-1, flcn-1, haf-4, haf-9, hpo-27, hrg-1, hrg-4, hrg-5, hrg-6, imp-1, laat-1, latd-1, lmp-1, lmp-2, marc-4, marc-5, mfsd-8.1, mfsd-8.2, mfsd-8.3, mfsd-8.4, mfsd-8.5, npp-18, npp-20, nprl-3, pipp-4P, pkhm-2, rab-7, sam-4, slc-17.1, srsx-34, vps-11, vps-16, vps-18, vps-33.2, vps-39, vps-41"
GO:0005768,104,"C30B5.2, C56A3.8, F13H10.3, F26G1.1, F54G2.1, T19A6.1, T23G11.7, Y34B4A.2, Y71F9AL.10, ZC8.6, adm-2, aex-6, alfa-1, alx-1, apl-1, bec-1, cdc-42, chat-1, chup-1, cnt-1, cpl-1, cup-14, cup-2, cup-5, egg-1, egg-2, ego-2, emc-5, epn-1, glo-2, glr-1, hmt-1, hrg-1, ilys-3, kcmf-1, marc-3, marc-4, marc-5, mig-14, mom-5, mvb-12, nhx-5, ocrl-1, pad-1, pipp-4P, plr-1, ppk-3, rab-10, rab-11.1, rab-14, rab-3, rab-33, rab-35, rab-37, rab-5, rab-8, rabr-1, rap-2, rfip-1, rfip-2, rme-1, rsd-3, sdpn-1, sid-5, snx-1, snx-17, snx-3, snx-6, sorf-1, sorf-2, spe-39, stam-1, tat-1, tat-5, tat-6, tbc-8, tmyb-1, toca-1, toca-2, tsg-101, tsp-12, tsp-14, unc-108, usp-46, vha-5, vps-11, vps-16, vps-18, vps-20, vps-26, vps-28, vps-29, vps-32.1, vps-33.1, vps-33.2, vps-34, vps-36, vps-37, vps-39, vps-4, vps-41, vps-53, wshc-4, wshc-5"
GO:0006509,9,"F27D9.13, F27D9.7, adm-2, adm-4, hop-1, sel-12, spe-4, sup-17, unc-71"
GO:0008233,292,"B0495.7, C02G6.2, C04E6.5, C05G5.5, C26B9.5, C44B7.11, C53D5.5, D2030.2, F07A11.4, F12D9.2, F16H6.4, F16H6.7, F19C7.2, F19C7.4, F32H5.1, F35F10.6, F35F10.7, F36D4.5, F37A4.5, F44E7.4, F49B2.6, F53B6.5, F56F10.1, F59E12.6, H12I13.1, H14N18.4, K07A1.3, K07A3.3, K12C11.1, K12H4.7, M04C9.1, M04C9.2, M04C9.3, R03G8.6, R04B3.2, R07E3.1, R09F10.1, T03D8.6, T05C1.2, T05H10.1, T06A4.1, T06A4.3, T12E12.6, T13B5.9, T16G12.1, T27A8.3, W04E12.7, W07B8.4, Y113G7B.15, Y16B4A.2, Y18H1A.9, Y19D10A.6, Y32F6A.5, Y40H7A.10, Y42A5A.1, Y43F4A.1, Y47C4A.1, Y47G6A.19, Y50D7A.13, Y51H7C.1, Y55F3AM.9, Y56A3A.2, Y57A10B.7, Y59C2A.1, Y67D2.2, Y67D8C.9, Y67H2A.7, Y70C5C.1, Y71H2AM.11, Y7A9A.1, Y94H6A.10, ZC434.9, adm-2, adm-4, adt-1, adt-2, adt-3, aex-5, anp-1, app-1, asp-1, asp-12, asp-13, asp-15, asp-16, asp-17, asp-18, asp-2, asp-3, asp-4, asp-5, asp-6, asp-7, asp-8, asp-9, atg-4.1, atg-4.2, atx-3, bli-4, ccpp-1, ccpp-6, ced-3, clp-1, clp-10, clp-2, clp-3, clp-4, clp-6, clp-7, clp-8, clp-9, clpp-1, cpd-1, cpd-2, cpl-1, cpr-1, cpr-2, cpr-3, cpr-4, cpr-5, cpr-6, cpr-8, cpr-9, cpz-1, csn-5, csn-6, csp-1, ctsa-1.1, ctsa-1.2, ctsa-2, ctsa-3.1, ctsa-3.2, ctsa-4.1, ctsa-4.2, cyk-3, ddi-1, dnpp-1, dpf-1, dpf-2, dpf-6, dpf-7, dpt-1, dpy-31, duo-1, duo-3, dvc-1, eelo-2, egl-21, egl-3, eif-3.F, eif-3.H, fce-1, fce-2, gcp-2.1, gon-1, hch-1, hrg-7, immp-2, imp-1, imp-2, imp-3, josd-1, kpc-1, lact-9, lap-1, lap-2, lgmn-1, lonp-1, lonp-2, ltah-1.1, ltah-1.2, map-1, map-2, math-33, mig-17, mppb-1, myrf-1, myrf-2, nas-1, nas-10, nas-11, nas-12, nas-13, nas-14, nas-15, nas-16, nas-17, nas-18, nas-19, nas-2, nas-20, nas-22, nas-23, nas-24, nas-25, nas-27, nas-28, nas-29, nas-3, nas-30, nas-31, nas-32, nas-33, nas-36, nas-37, nas-38, nas-39, nas-4, nas-5, nas-6, nas-7, nas-8, nas-9, nep-1, nep-10, nep-11, nep-12, nep-13, nep-17, nep-18, nep-2, nep-20, nep-21, nep-22, nep-23, nep-24, nep-26, nep-3, nep-5, nep-6, nep-8, nep-9, npp-10, odr-8, otub-1, otub-4, pam-1, pbs-1, pbs-5, pcp-1, pcp-2, pcp-3, pcp-4, pcp-5, pes-9, pigk-1, ppgn-1, prp-8, rom-1, rom-5, rpn-11, rpn-8, sec-11, sep-1, spg-7, sup-17, suro-1, svh-1, tag-196, toh-1, tpp-2, tra-3, try-1, try-3, try-5, ubh-1, ubh-2, ubh-3, ubh-4, ulp-1, ulp-2, ulp-3, ulp-4, usp-14, usp-3, usp-33, usp-4, usp-46, usp-48, usp-5, usp28, wrt-1, wrt-4, wrt-6, wrt-8, ymel-1, zmp-1, zmp-2, zmp-3, zmp-4, zmp-5, zmp-6"
GO:0010008,59,"B0348.1, B0348.2, C08E8.1, C30B5.2, C50B6.9, F01D5.7, F01D5.8, F16F9.1, F36G3.3, T23G11.7, Y22D7AL.15, Y37D8A.26, Y37D8A.6, Y37D8A.8, Y40H7A.11, Y41C4A.11, Y41E3.18, Y71G12A.4, Y87G2A.18, Y87G2A.19, adm-2, aho-3, apd-3, clh-5, cup-5, did-2, egg-1, egg-2, ehbp-1, ehs-1, hgrs-1, hrg-1, maa-1, marc-3, mvb-12, pkhm-2, ppk-3, rab-10, rab-35, rab-8, rbg-3, rme-1, rme-2, rme-8, smf-1, smf-2, smf-3, snx-1, sorf-1, sorf-2, tsg-101, tsp-12, tsp-14, vacl-14, vps-20, vps-32.1, vps-37, vps-41, vps-53"
GO:0001708,91,"Y41D4B.6, adm-4, aha-1, apr-1, bar-1, bet-1, bnc-1, ceh-22, cfi-1, cpg-24, cwn-1, die-1, dsh-2, dsl-1, dsl-2, dsl-3, dsl-5, dsl-6, dsl-7, egl-13, egl-18, egl-27, egl-38, egl-5, eor-1, eor-2, fog-1, fog-3, fos-1, glp-1, hlh-2, hmg-1.2, ksr-1, lag-1, lag-2, lim-4, lin-11, lin-12, lin-25, lin-28, lin-29, lin-44, lin-45, lin-49, lin-53, lsy-12, lsy-13, lsy-2, mab-9, mes-1, mex-1, mex-3, mls-1, mys-1, mys-2, osm-11, par-5, pop-1, pos-1, rba-1, sea-1, sel-12, sem-4, sin-3, skn-1, sup-17, tbx-11, tbx-2, tbx-31, tbx-32, tbx-33, tbx-34, tbx-35, tbx-36, tbx-37, tbx-38, tbx-39, tbx-40, tbx-41, tbx-42, tbx-43, tbx-7, tbx-8, tbx-9, tir-1, unc-3, unc-4, unc-55, utx-1, vab-7, vrk-1"
GO:0007219,30,"C02B10.3, F10D7.5, Y41D4B.6, adm-4, aph-1, aph-2, apx-1, clec-78, cpg-24, dsl-1, dsl-2, dsl-3, dsl-5, dsl-6, dsl-7, glp-1, hlh-26, hop-1, lag-1, lag-2, lin-12, lip-1, osm-11, pen-2, pfut-1, sao-1, sel-12, sel-8, spe-4, sup-17"
GO:0003726,3,"D2005.1, adr-1, adr-2"
GO:0003729,155,"B0280.17, C02B10.4, C35D6.4, E02D9.1, F07D3.3, F18H3.4, F33D11.10, F38C2.7, F54D1.1, K07H8.9, K08D12.3, T07F10.3, Y116A8C.19, Y116A8C.20, Y119D3B.12, Y24D9B.1, Y51H4A.13, Y54G11A.3, Y54G2A.12, Y57G11A.5, Y57G11C.36, Y59E9AR.8, Y60A9.3, Y69A2AR.32, ZK616.1, ZK632.2, ZK973.1, adr-1, aly-1, aly-2, aly-3, asd-1, asd-2, atx-2, car-1, casc-3, ccch-1, ccch-2, ccch-5, ccdc-55, cdl-1, cfim-1, cfim-2, cgh-1, clu-1, cpf-2, dcap-1, dct-13, ddx-17, ddx-19, ddx-23, edc-3, egc-2, egl-45, eif-2A, eif-2beta, eif-4A3, emb-4, eol-1, fox-1, fubl-1, fubl-2, fubl-3, fubl-4, gld-1, glh-1, glh-2, glh-3, gtbp-1, hel-1, hrpa-2, hrpk-1, hrpk-2, hrpl-1, hrpr-1, ifet-1, ifg-1, laf-1, lin-28, lin-41, lsm-1, lsm-8, luc-7L, luc-7L3, mec-8, mel-46, mex-1, mex-5, mex-6, mina-1, moe-3, mps-1, mrpl-12, mrpl-13, mrps-7, msi-1, mut-14, ncbp-1, nos-1, nos-2, nova-1, nyn-3, oma-1, oma-2, pab-1, pcf-11, pes-4, pgl-1, pie-1, pmlr-1, pos-1, prp-17, ptb-1, puf-12, rbd-1, rbm-25, rbm-42, rde-12, rde-8, rege-1, rle-1, rnp-1, rnp-4, rnp-7, rpl-13A, rpl-24, rpl-35, rps-26, rps-5, rsp-2, rsp-3, rsp-4, rsp-5, rsp-6, sacy-1, sfa-1, sftb-1, smg-4, snrp-3, spn-4, spt-5, ssb-1, stau-1, suf-1, sup-46, sut-6, sym-2, thoc-2, thoc-5, tiar-1, tiar-2, tofu-7, unc-75, vbh-1, vgln-1"
GO:0004000,5,"D2005.1, adah-1, adal-1, adr-1, adr-2"
GO:0005634,2715,"B0019.2, B0024.11, B0025.4, B0207.7, B0218.5, B0228.7, B0280.17, B0280.2, B0280.9, B0310.2, B0336.13, B0564.2, C01G10.9, C02B10.4, C02B8.6, C02F5.12, C03C10.2, C04F5.9, C04G2.10, C04H5.1, C05C12.1, C05C8.5, C06A1.3, C06A6.2, C06A8.6, C06E4.5, C07H6.2, C08F8.2, C08F8.6, C09D4.3, C09F5.3, C09H5.7, C10A4.1, C10G11.8, C14A4.13, C16A11.10, C16A11.3, C16A11.4, C16A3.6, C16C10.4, C16C10.8, C16C2.4, C16C8.14, C16C8.16, C16C8.20, C16C8.4, C16D2.1, C18A3.3, C18B2.4, C23G10.1, C23H4.6, C24B5.4, C24F3.2, C24H11.1, C24H11.2, C25A1.1, C25A6.1, C25G4.2, C25H3.1, C25H3.14, C25H3.3, C26B9.6, C26E6.1, C27A2.7, C27B7.6, C27D8.1, C27F2.4, C27F2.9, C27H6.8, C28A5.6, C28G1.10, C28H8.3, C29F7.3, C29F9.5, C29F9.6, C31C9.6, C34B2.3, C34B4.2, C34D4.2, C34E10.10, C34F6.9, C34H4.5, C35D10.12, C36B7.1, C36B7.2, C37A2.8, C37C3.12, C37H5.14, C37H5.5, C38C3.4, C41D11.3, C43E11.9, C44C10.7, C44E4.5, C44H4.6, C46E10.8, C46F11.4, C47A4.3, C47E8.4, C48B6.2, C49C3.10, C49C8.1, C49F5.5, C50F4.10, C52B9.19, C53A5.17, C53B4.3, C53D6.6, C55A6.1, C55B7.10, C55C3.8, C56C10.6, D1007.4, D1053.2, D2005.3, D2024.1, D2030.3, D2045.5, E01B7.2, E02D9.1, E02H1.1, E02H1.6, E02H4.6, EEED8.12, EEED8.4, F07A11.5, F07H5.10, F08B12.4, F08F1.9, F08G12.1, F09C12.2, F09G2.2, F10C1.9, F10E7.11, F10E7.5, F11F1.1, F13B12.1, F13C5.2, F14D2.11, F16B12.7, F19C6.2, F19F10.1, F20D6.6, F20D6.9, F21D5.4, F21D5.7, F21F3.2, F22B7.9, F22B8.7, F22D6.9, F22F1.2, F22F1.3, F22H10.1, F23B12.1, F23B12.7, F23F1.5, F23H11.2, F25B3.4, F25F2.1, F25H8.2, F26A1.3, F26A10.2, F26B1.5, F26E4.4, F28F8.7, F28H6.4, F30A10.3, F33A8.4, F33D11.10, F33D11.7, F33H2.3, F35C11.3, F36D4.5, F36H12.9, F37A4.5, F37F2.2, F38E1.3, F39F10.2, F39F10.3, F40E3.5, F40F8.1, F41G3.5, F42A6.5, F42A6.6, F42F12.4, F42G8.8, F44B9.8, F44B9.9, F44E2.7, F44E5.5, F45F2.10, F46H5.7, F47E1.20, F48E8.2, F49C12.15, F49D11.10, F49E11.7, F52B5.2, F52C12.6, F52C6.2, F52C6.3, F52C6.4, F52H3.6, F53B2.5, F53C3.1, F53F8.5, F53H1.4, F53H4.6, F54D1.1, F54E12.2, F54F2.7, F54F2.9, F54F7.10, F54H5.2, F55F10.1, F56D1.1, F56F11.4, F57B10.8, F57G12.2, F58B3.4, F58G1.3, F58H1.3, F59A2.5, F59A6.4, F59E12.15, H05L14.1, H06I04.3, H14A12.3, H16D19.3, H20J04.4, H35B03.2, JC8.7, K01G5.10, K02E10.7, K02F3.12, K04C1.5, K04C2.2, K04F10.1, K04G2.7, K06H7.8, K07A1.10, K07C5.3, K07E1.1, K07H8.9, K08B12.3, K08H2.5, K09A11.1, K09C6.2, K09C6.7, K09C6.8, K09E4.1, K09E9.4, K10B3.1, K10H10.7, K11C4.1, K11D2.4, K11H12.9, K12H4.3, M01G12.14, M01G12.7, M01G12.9, M03D4.4, M05D6.1, M106.7, M18.6, M7.7, R02C2.1, R02F2.1, R04F11.3, R05D3.12, R05D3.3, R05G6.4, R06C7.6, R08A2.2, R08C7.8, R08D7.5, R09A8.1, R09A8.2, R09F10.3, R10D12.10, R10E4.11, R11H6.5, R13A5.11, R13H9.6, R151.8, T01B7.5, T01C3.2, T01D1.3, T01D1.4, T02C1.2, T02H6.1, T05A7.6, T05C12.1, T05H10.1, T07D10.3, T07F10.3, T07F10.5, T07F8.4, T10B5.3, T10F2.5, T11F8.4, T12A2.21, T12C9.7, T12D8.10, T12G3.2, T13F2.2, T15B12.2, T16G12.6, T16G12.7, T19B10.5, T19D12.5, T19H12.2, T20B12.3, T20F7.3, T22B7.4, T22F3.2, T22H9.1, T23D8.3, T23G11.4, T23H2.3, T24A6.1, T24B8.7, T24G10.2, T24H10.1, T24H7.9, T25B9.2, T25G3.3, T26A8.4, T26E3.6, T26G10.1, T27A8.2, T28B8.3, T28B8.4, T28D6.6, VY10G11R.1, W01G7.4, W03D8.2, W03F8.4, W03F9.1, W03G9.5, W04A8.1, W06E11.1, W06F12.3, W09B6.4, W09C3.1, W09C3.4, W09C5.1, Y105C5A.1, Y105C5A.15, Y105E8A.14, Y105E8B.7, Y106G6D.4, Y106G6E.1, Y108G3AL.2, Y110A7A.9, Y111B2A.1, Y17G7B.12, Y17G7B.17, Y17G9B.5, Y17G9B.8, Y22D7AR.6, Y23H5B.5, Y24D9B.1, Y25C1A.8, Y32B12B.2, Y32H12A.8, Y34D9A.7, Y37E11B.1, Y38A10A.7, Y38E10A.8, Y39E4B.6, Y39G8C.2, Y40B1B.7, Y40H4A.2, Y41C4A.9, Y41D4B.11, Y43D4A.6, Y43F4B.10, Y43H11AL.1, Y44F5A.1, Y46E12BL.2, Y46G5A.28, Y47D3A.14, Y47G6A.13, Y47G6A.9, Y47H10A.3, Y47H10A.4, Y47H10A.5, Y48A6B.3, Y48A6C.4, Y48B6A.10, Y48E1C.2, Y48G1BL.8, Y48G1C.6, Y49F6B.2, Y50D7A.10, Y51B9A.9, Y51H4A.13, Y51H7C.7, Y53C12A.10, Y53F4B.9, Y53G8AM.8, Y53G8AR.5, Y53G8AR.6, Y53H1A.2, Y54E10A.10, Y54E5B.2, Y55F3BR.6, Y56A3A.28, Y56A3A.33, Y56A3A.6, Y57A10A.13, Y57E12AL.6, Y57G11A.5, Y57G11C.3, Y57G11C.36, Y59E9AR.8, Y5F2A.4, Y61A9LA.10, Y62E10A.24, Y65B4A.9, Y67H2A.10, Y69A2AR.16, Y69A2AR.32, Y69E1A.4, Y69F12A.1, Y6B3B.9, Y71F9AL.2, Y71G12B.30, Y71H2AM.1, Y71H2AM.20, Y71H2AM.3, Y71H2AM.6, Y71H2B.2, Y73B3A.1, Y73B6A.1, Y73E7A.1, Y75B7B.2, Y75B8A.31, Y75B8A.7, Y82E9BR.18, Y92H12BL.5, Y94H6A.5, Y97E10AR.8, ZC155.2, ZC373.3, ZC477.2, ZC581.2, ZK1010.10, ZK1098.3, ZK1127.3, ZK1127.4, ZK1127.5, ZK1128.7, ZK1248.11, ZK1248.15, ZK177.2, ZK287.1, ZK353.9, ZK354.2, ZK354.6, ZK354.9, ZK430.5, ZK507.1, ZK524.4, ZK596.2, ZK616.1, ZK632.14, ZK666.8, ZK686.2, ZK686.5, ZK856.11, ZK930.2, ZK938.1, ZK945.8, aak-1, aak-2, aakb-1, aakb-2, aakg-1, aakg-2, aakg-3, aakg-4, aatf-1, ada-2, adbp-1, adk-1, adr-1, adr-2, affl-2, agt-1, aha-1, ahr-1, aip-1, air-1, air-2, akir-1, alg-1, alg-2, alg-3, alg-4, alg-5, alkb-1, alkb-8, alp-1, alr-1, aly-1, aly-2, aly-3, ama-1, amx-1, anc-1, ani-1, apc-11, ape-1, apn-1, apr-1, aptf-1, aptf-2, aptf-3, aptf-4, apx-1, ari-1.1, ari-1.2, ari-1.3, ari-1.4, ari-2, arid-1, arp-6, ascc-1, asd-1, asd-2, asfl-1, ash-2, asps-1, ast-1, atf-2, atf-4, atf-6, atf-7, atf-8, atfs-1, athp-1, athp-2, atl-1, atm-1, attf-6, atx-2, atx-3, atz-1, baf-1, bag-1, bar-1, bath-40, bath-41, bath-42, bath-44, baz-2, bcas-2, bcl-11, bcl-7, bec-1, bed-1, bed-2, bed-3, bet-1, bet-2, bicd-1, bli-1, bli-4, blmp-1, bmk-1, bnc-1, bop-1, bra-1, bra-2, brc-1, brc-2, brd-1, brf-1, bro-1, btbz-2, btf-1, bub-1, bub-3, bud-31, cacn-1, camt-1, cand-1, capg-2, car-1, casc-3, cbp-1, cbp-2, cbp-3, ccar-1, ccch-3, ccct-1, ccdc-55, ccf-1, ccnk-1, ccr-4, cct-1, cdc-14, cdc-25.1, cdc-25.2, cdc-25.3, cdc-25.4, cdc-26, cdc-48.1, cdc-48.2, cdc-5L, cdc-6, cdc-7, cdc-73, cdk-1, cdk-11.1, cdk-11.2, cdk-12, cdk-14, cdk-2, cdk-4, cdk-5, cdk-7, cdk-8, cdk-9, cdkl-1, cdl-1, cdt-1, cdt-2, cebp-1, cebp-2, cec-1, cec-3, cec-4, cec-6, cec-7, ced-3, ced-4, ceh-1, ceh-10, ceh-100, ceh-12, ceh-13, ceh-14, ceh-16, ceh-17, ceh-18, ceh-19, ceh-2, ceh-20, ceh-21, ceh-22, ceh-23, ceh-24, ceh-27, ceh-28, ceh-30, ceh-31, ceh-32, ceh-33, ceh-34, ceh-36, ceh-37, ceh-38, ceh-39, ceh-40, ceh-41, ceh-43, ceh-44, ceh-45, ceh-48, ceh-49, ceh-5, ceh-51, ceh-53, ceh-54, ceh-57, ceh-58, ceh-6, ceh-60, ceh-62, ceh-63, ceh-7, ceh-74, ceh-75, ceh-76, ceh-8, ceh-81, ceh-82, ceh-83, ceh-84, ceh-86, ceh-87, ceh-88, ceh-89, ceh-9, ceh-90, ceh-91, ceh-93, ceh-99, cel-1, cep-1, ces-1, ces-2, cey-1, cey-2, cey-3, cey-4, cfap-20, cfi-1, cfim-1, cfim-2, cfp-1, chaf-1, chaf-2, chd-1, chd-3, chd-7, che-1, chk-1, chk-2, chkr-2, chl-1, chpf-1, chpf-2, cic-1, cif-1, cin-4, cir-1, cit-1.1, cit-1.2, cki-1, cki-2, ckk-1, cks-1, cku-70, cku-80, cky-1, clk-1, clk-2, clpf-1, cls-2, clsp-1, cmk-1, cmtr-1, cmtr-2, cnd-1, cnep-1, cnp-3, cog-1, coh-1, col-38, col-71, cpar-1, cpb-1, cpb-2, cpb-3, cpf-1, cpf-2, cpna-1, cpna-2, cps-6, cpsf-1, cpsf-2, cpsf-3, cpsf-4, cra-1, crh-1, crh-2, crn-1, crn-3, crn-5, crtc-1, csb-1, csc-1, csn-1, csn-2, csn-3, csn-4, csn-5, csn-6, csnk-1, csq-1, csr-1, ctbp-1, ctf-18, ctf-8, ctnb-1, ctr-9, cul-2, cul-3, cus-2, cutc-1, cwc-15, cya-1, cya-2, cyb-1, cyb-2.1, cyb-2.2, cyb-3, cyd-1, cye-1, cyh-1, cyk-3, cyk-4, cyl-1, cyn-12, cyn-15, cyn-16, cyn-4, cyn-8, czw-1, dac-1, daf-12, daf-16, daf-18, daf-19, daf-3, daf-41, daf-5, daf-8, dao-4, dao-5, dapk-1, dbr-1, dcaf-1, dcaf-13, dcn-1, dcp-66, dcr-1, dcs-1, dct-1, ddb-1, ddi-1, ddx-10, ddx-15, ddx-17, ddx-19, ddx-23, ddx-27, ddx-46, dhp-1, dib-1, din-1, dis-3, div-1, djr-1.1, djr-1.2, dkc-1, dlc-1, dmd-10, dmd-3, dmd-4, dmd-5, dmd-6, dmd-7, dmd-8, dmd-9, dna-2, dnc-2, dnj-11, dnj-22, dnj-23, dnj-24, dnj-30, dnsn-1, dog-1, dom-3, dot-1.1, dot-1.2, dot-1.3, dot-1.4, dot-1.5, dpf-4, dpff-1, dph-3, dpl-1, dpr-1, dpy-20, dpy-21, dpy-22, dpy-26, dpy-27, dpy-28, dpy-30, drap-1, dre-1, dro-1, drsh-1, dsc-1, dss-1, dtmk-1, duxl-1, dvc-1, dve-1, dxbp-1, dyf-18, dyf-5, eaf-1, eak-7, eco-1, ecps-1, ect-2, eef-1G, eel-1, eelo-1, efl-1, efl-2, efl-3, eftu-2, egal-1, egg-4, egg-5, egl-13, egl-18, egl-27, egl-38, egl-4, egl-43, egl-44, egl-46, egl-5, egl-9, ego-1, ego-2, egrh-1, egrh-2, egrh-3, ehn-3, eif-3.E, eif-4A3, eif-6, ekl-1, ekl-4, elac-2, elc-1, elc-2, elf-1, ell-1, elof-1, elpc-1, elpc-2, elpc-3, elpc-4, elt-1, elt-2, elt-3, elt-4, elt-6, elt-7, emb-4, emb-5, eme-1, emg-1, emr-1, end-1, end-3, eol-1, eor-1, eor-2, epc-1, ercc-1, ergo-1, erh-2, ess-2, etr-1, ets-4, ets-5, ets-7, ets-8, ets-9, evl-14, evl-18, exc-7, exo-1, exo-3, exos-1, exos-2, exos-3, exos-4.1, exos-9, eya-1, eyg-1, fan-1, fax-1, fbf-1, fbf-2, fbp-1, fcd-2, fcp-1, feh-1, fezf-1, fib-1, fic-1, figl-1, fipp-1, fkh-10, fkh-2, fkh-3, fkh-4, fkh-5, fkh-6, fkh-7, fkh-8, fkh-9, flcn-1, flh-2, fli-1, fog-1, fog-3, fos-1, fox-1, fozi-1, fre-1, frg-1, frk-1, ftt-2, fubl-1, fubl-2, fubl-3, fubl-4, fust-1, fzr-1, gad-1, garr-1, gck-3, gcn-2, gcna-1, gei-3, gei-8, gen-1, gfl-1, gfrp-1, gid-2, gid-8, gkow-1, glb-26, gld-1, gldi-1, gldi-11, gldi-3, gldi-8, glh-1, glh-2, glh-3, glp-1, glrx-3, gly-2, gmeb-1, gmeb-2, gmeb-3, gmn-1, gon-14, gon-4, gop-2, gpa-12, gpa-7, gpch-1, gpx-1, gras-1, grh-1, grld-1, gro-1, grp-1, grwd-1, gsk-3, gskl-1, gskl-2, gsp-1, gsp-2, gsp-3, gsp-4, gtf-2A2, gtf-2E2, gtf-2F1, gtf-2F2, gtf-2H1, gtf-2H2C, gtf-2H3, gtf-2H4, gtf-2H5, gur-3, gut-2, gyg-1, ham-1, ham-2, ham-3, haps-1, har-1, hasp-1, hasp-2, hat-1, hbl-1, hcf-1, hcp-1, hcp-3, hcp-4, hcp-6, hda-1, hda-11, hda-2, hda-3, hda-4, hda-6, hel-1, helq-1, henn-1, heri-1, hgap-1, hif-1, hil-1, hil-2, hil-3, hil-4, hil-5, hil-6, him-1, him-10, him-14, him-18, him-3, him-6, him-8, hinf-1, hint-1, hip-1, hira-1, his-24, his-35, his-40, his-41, his-44, his-57, his-66, his-67, his-69, his-7, his-70, his-71, his-72, his-74, his-8, his-9, hizr-1, hlh-1, hlh-10, hlh-11, hlh-12, hlh-13, hlh-14, hlh-15, hlh-16, hlh-17, hlh-2, hlh-25, hlh-26, hlh-27, hlh-28, hlh-29, hlh-3, hlh-30, hlh-31, hlh-32, hlh-34, hlh-4, hlh-6, hlh-8, hmbx-1, hmg-1.1, hmg-1.2, hmg-12, hmg-20, hmg-3, hmg-4, hmg-5, hmg-6, hmp-2, hnd-1, hpk-1, hpl-1, hpl-2, hpo-10, hpr-17, hpr-9, hrde-1, hrde-2, hrpa-1, hrpa-2, hrpk-1, hrpk-2, hrpl-1, hrpr-1, hrpu-1, hsb-1, hsf-1, hsp-1, hsp-110, hsp-12.1, hsp-12.2, hsp-12.3, hsp-12.6, hsp-16.11, hsp-16.2, hsp-16.20, hsp-16.21, hsp-16.41, hsp-16.49, hsp-17, hsp-25, hsp-3, hsp-4, hsp-43, hsp-70, hsr-9, htas-1, htip-2, htp-1, htz-1, hus-1, icd-1, icln-1, icp-1, ifbp-1, ifet-1, ima-1, ima-2, ima-3, imb-1, imb-2, imb-3, imph-1, ing-3, inpp-5K, ints-11, ints-13, ints-3, ints-4, ints-8, ints-9, ipla-1, ipmk-1, ippk-1, irx-1, isw-1, isy-1, jac-1, jhdm-1, jmjc-1, jmjd-1.1, jmjd-1.2, jmjd-2, jmjd-3.1, jmjd-3.2, jmjd-3.3, jmjd-4, jmjd-5, jnk-1, jun-1, kbp-1, kbp-2, kbp-3, kgb-1, kgb-2, kin-1, kin-10, kin-19, kin-20, kin-29, kin-3, kin-35, klc-2, kle-2, klf-1, klf-2, klf-3, klp-15, klp-16, klp-19, klu-1, klu-2, knl-2, knl-3, kri-1, krr-1, lab-1, laf-1, lag-1, lbp-5, lbp-6, lbp-7, lbp-8, lbp-9, ldb-1, lem-2, lem-3, lem-4, leo-1, let-19, let-363, let-381, let-391, let-418, let-49, let-502, let-504, let-526, let-607, let-611, let-70, let-711, let-716, let-756, let-765, let-858, lex-1, lfe-2, lfi-1, lgg-1, lhpp-1, lido-1, lido-10, lido-11, lido-12, lido-13, lido-14, lido-15, lido-16, lido-17, lido-2, lido-4, lido-5, lido-6, lido-7, lido-8, lido-9, lig-1, lig-4, lim-4, lim-6, lim-7, lim-9, lin-1, lin-11, lin-12, lin-13, lin-14, lin-15A, lin-15B, lin-18, lin-22, lin-23, lin-25, lin-26, lin-28, lin-29, lin-31, lin-32, lin-35, lin-36, lin-37, lin-39, lin-40, lin-42, lin-46, lin-48, lin-49, lin-52, lin-53, lin-54, lin-56, lin-59, lin-61, lin-65, lin-8, lin-9, lir-3, lis-1, lit-1, lmd-3, lmn-1, lpd-2, lpd-7, lpin-1, lrpr-1, lrr-1, lsd-1, lsl-1, lsm-3, lsm-4, lsm-5, lsm-6, lsm-7, lsm-8, lst-5, lsy-12, lsy-13, lsy-2, lsy-27, mab-10, mab-23, mab-3, mab-31, mab-5, mab-9, mac-1, maco-1, madd-3, madf-10, madf-11, madf-2, madf-3, madf-4, madf-5, madf-8, madf-9, maea-1, maf-1, mafr-1, mag-1, mak-1, mak-2, mapk-15, mat-1, math-33, mau-2, mbd-2, mbf-1, mbk-1, mbk-2, mbl-1, mbr-1, mbtr-1, mcm-10, mcm-2, mcm-3, mcm-3AP, mcm-4, mcm-5, mcm-6, mcm-7, mdf-1, mdf-2, mdl-1, mdt-1.2, mdt-10, mdt-11, mdt-15, mdt-17, mdt-18, mdt-19, mdt-20, mdt-21, mdt-22, mdt-26, mdt-27, mdt-28, mdt-29, mdt-31, mdt-4, mdt-6, mdt-8, mec-3, mec-8, med-1, med-2, mef-2, mei-1, meic-1, mel-26, mel-28, mel-32, mep-1, mes-2, mes-3, mes-4, mes-6, met-1, met-2, metl-1, metl-18, metl-2, mett-10, mex-3, mfap-1, mfb-1, mif-3, mig-32, mig-38, mig-39, mina-1, mis-12, mix-1, mlh-1, mlp-1, mls-1, mls-2, mma-1, mml-1, mms-19, mnat-1, mnk-1, mnm-2, moag-4, mob-1, mob-2, mob-3, mog-1, mog-2, mog-3, mog-4, mog-5, mog-7, morc-1, mpk-1, mpk-2, mps-1, mre-11, mrg-1, mrpl-44, mrt-1, mrt-2, msh-2, msh-5, msh-6, mstr-1, mtpn-1, mtq-2, mtr-4, mus-81, mut-14, mut-16, mut-7, mxl-1, mxl-2, mxl-3, myrf-1, myrf-2, mys-1, mys-2, mys-4, nap-1, nasp-1, natc-2, nath-10, ncbp-1, ncbp-2, nck-1, ndc-80, ndx-2, ned-8, neg-1, nekl-2, nemp-1, nepr-1, nex-1, nex-2, nex-3, nex-4, nfi-1, nfs-1, nfx-1, nfya-1, nfya-2, nfyb-1, nfyc-1, ngn-1, ngp-1, nhj-1, nhr-1, nhr-10, nhr-100, nhr-101, nhr-102, nhr-103, nhr-104, nhr-105, nhr-106, nhr-107, nhr-108, nhr-109, nhr-11, nhr-110, nhr-111, nhr-112, nhr-113, nhr-114, nhr-115, nhr-116, nhr-117, nhr-118, nhr-119, nhr-12, nhr-120, nhr-121, nhr-122, nhr-123, nhr-124, nhr-125, nhr-126, nhr-127, nhr-128, nhr-129, nhr-13, nhr-130, nhr-131, nhr-132, nhr-133, nhr-134, nhr-135, nhr-136, nhr-137, nhr-138, nhr-139, nhr-14, nhr-140, nhr-141, nhr-142, nhr-143, nhr-145, nhr-146, nhr-147, nhr-148, nhr-149, nhr-15, nhr-150, nhr-152, nhr-153, nhr-154, nhr-155, nhr-156, nhr-157, nhr-158, nhr-159, nhr-16, nhr-161, nhr-162, nhr-163, nhr-164, nhr-165, nhr-166, nhr-167, nhr-168, nhr-169, nhr-17, nhr-170, nhr-171, nhr-172, nhr-173, nhr-174, nhr-175, nhr-176, nhr-177, nhr-178, nhr-179, nhr-18, nhr-180, nhr-181, nhr-182, nhr-183, nhr-184, nhr-185, nhr-186, nhr-187, nhr-188, nhr-189, nhr-19, nhr-190, nhr-192, nhr-193, nhr-195, nhr-196, nhr-197, nhr-198, nhr-199, nhr-2, nhr-20, nhr-201, nhr-202, nhr-203, nhr-204, nhr-205, nhr-206, nhr-207, nhr-208, nhr-209, nhr-21, nhr-210, nhr-211, nhr-212, nhr-213, nhr-214, nhr-216, nhr-217, nhr-218, nhr-219, nhr-22, nhr-221, nhr-222, nhr-223, nhr-225, nhr-226, nhr-227, nhr-228, nhr-229, nhr-23, nhr-230, nhr-231, nhr-232, nhr-233, nhr-234, nhr-236, nhr-237, nhr-238, nhr-239, nhr-241, nhr-242, nhr-243, nhr-247, nhr-248, nhr-25, nhr-251, nhr-252, nhr-253, nhr-254, nhr-255, nhr-256, nhr-257, nhr-258, nhr-26, nhr-260, nhr-261, nhr-262, nhr-264, nhr-265, nhr-267, nhr-268, nhr-269, nhr-27, nhr-270, nhr-271, nhr-272, nhr-273, nhr-274, nhr-275, nhr-276, nhr-277, nhr-28, nhr-281, nhr-283, nhr-285, nhr-286, nhr-290, nhr-291, nhr-3, nhr-30, nhr-31, nhr-32, nhr-34, nhr-35, nhr-36, nhr-37, nhr-38, nhr-39, nhr-4, nhr-40, nhr-41, nhr-42, nhr-43, nhr-44, nhr-45, nhr-46, nhr-47, nhr-48, nhr-49, nhr-5, nhr-50, nhr-51, nhr-52, nhr-53, nhr-54, nhr-55, nhr-56, nhr-57, nhr-58, nhr-59, nhr-6, nhr-60, nhr-61, nhr-62, nhr-63, nhr-64, nhr-65, nhr-66, nhr-67, nhr-68, nhr-69, nhr-7, nhr-70, nhr-71, nhr-72, nhr-73, nhr-74, nhr-76, nhr-77, nhr-78, nhr-79, nhr-8, nhr-80, nhr-81, nhr-82, nhr-84, nhr-85, nhr-86, nhr-87, nhr-88, nhr-89, nhr-9, nhr-90, nhr-91, nhr-92, nhr-93, nhr-94, nhr-95, nhr-96, nhr-97, nhr-98, nhr-99, nipi-3, nmad-1, nob-1, nobh-1, nog-1, nol-10, nol-14, nol-16, nol-53, nol-56, nol-58, nol-6, nol-9, nola-3, nono-1, nop-1, nova-1, npax-1, npax-2, npax-3, npax-4, npl-4.1, npl-4.2, npp-1, npp-10, npp-13, npp-14, npp-15, npp-16, npp-18, npp-19, npp-2, npp-20, npp-22, npp-23, npp-27, npp-3, npp-5, npp-6, npp-7, npp-8, nra-3, nrde-1, nrde-2, nrde-3, nse-1, nse-4, nst-1, nsun-1, nsun-2, nsy-7, nth-1, ntl-11, ntl-3, ntl-4, nuc-1, nucl-1, nud-2, numr-2, nurf-1, nxf-1, nxf-2, nxt-1, nyn-3, oaz-1, odd-1, odd-2, odr-7, odr-8, ogt-1, oma-1, orc-1, orc-2, orc-4, orc-5, otub-2, paa-1, pab-1, pab-2, pabp-2, pafo-1, pag-3, pal-1, pap-1, pap-2, pap-3, par-5, parg-1, parg-2, parn-1, parn-2, parp-1, parp-2, pas-1, pas-2, pas-3, pas-4, pas-5, pas-6, pas-7, pat-9, pax-1, pax-2, pax-3, paxt-1, pbo-1, pbrm-1, pbs-1, pbs-2, pbs-3, pbs-4, pbs-5, pbs-6, pbs-7, pcaf-1, pch-2, pcn-1, pct-1, pde-2, pdk-1, peb-1, pef-1, pek-1, pelo-1, pes-1, pes-10, pes-4, pfs-2, pgm-2, pha-2, pha-4, phf-10, phf-14, phf-15, phf-30, phf-33, phf-5, phm-2, php-3, picd-1, pid-1, pid-3, pie-1, pif-1, pigc-1, pik-1, pin-2, pinn-1, pinn-4, pir-1, pis-1, pkn-1, plk-1, plk-2, plk-3, plp-1, plp-2, pmk-1, pmk-2, pmk-3, pmlr-1, pnc-1, png-1, pnk-1, pnk-4, pnn-1, pno-1, pola-1, pold-1, pold-2, pole-1, pole-2, pole-3, pole-4, polh-1, polk-1, polq-1, pop-1, popl-1, popl-4, popl-5, pot-1, pot-2, pot-3, ppfr-2, pph-1, pph-4.1, pph-4.2, pph-5, ppm-1.A, pps-1, pptr-1, pptr-2, ppw-1, ppw-2, pqe-1, pqm-1, pqn-15, pqn-21, pqn-51, pqn-53, pqn-59, prcc-1, prde-1, prg-1, prmt-1, prmt-5, prmt-9, pro-1, pro-2, pro-3, pros-1, prp-17, prp-18, prp-19, prp-21, prp-3, prp-31, prp-38, prp-39, prp-40, prp-6, prp-8, prp-9, prpf-4, pry-1, psa-3, psf-1, psf-2, psf-3, psmd-9, psme-4, psr-1, ptb-1, ptp-4A2, ptp-5.1, puf-11, puf-3, puf-5, puf-6, puf-7, puf-8, puf-9, pus-1, pwp-1, pygo-1, pzf-1, qui-1, rack-1, rad-23, rad-50, rad-51, rad-54.B, rad-54.L, rad-54.L2, rae-1, raga-1, ragc-1, ran-1, ran-2, ran-3, ran-5, rba-1, rbbp-5, rbd-1, rbm-17, rbm-22, rbm-26, rbm-28, rbm-39, rbm-5, rbm-7, rbpl-1, rbr-2, rbx-1, rbx-2, rcan-1, rcor-1, rcq-5, rde-1, rde-12, rde-4, rde-8, rec-8, ref-1, ref-2, rege-1, rep-1, repo-1, rev-1, rev-3, rfc-1, rfc-2, rfc-3, rfc-4, rfl-1, rfp-1, rfs-1, rgr-1, rha-1, rif-1.1, rif-1.2, riok-2, rmh-1, rmif-2, rnf-113, rnf-5, rnp-2, rnp-3, rnp-4, rnp-5, rnp-6, rnp-7, rnp-8, rnp-9, rnt-1, row-1, rpa-1, rpa-2, rpa-4, rpac-19, rpac-40, rpap-2, rpb-10, rpb-11, rpb-12, rpb-2, rpb-4, rpb-5, rpb-6, rpb-7, rpb-8, rpb-9, rpc-1, rpc-11, rpc-2, rpc-25, rpl-11.1, rpl-11.2, rpl-5, rpm-1, rpn-1, rpn-10, rpn-11, rpn-12, rpn-13, rpn-2, rpn-5, rpn-6.1, rpn-9, rpoa-1, rpoa-12, rpoa-2, rpoa-49, rps-12, rps-13, rps-14, rps-27A, rps-3, rps-5, rps-6, rps-8, rps-9, rpt-1, rpt-2, rpt-3, rpt-4, rpt-5, rpt-6, rrf-1, rrp-1, rrp-8, rrsr-1, rsd-2, rsl-24D1, rsp-1, rsp-2, rsp-3, rsp-4, rsp-5, rsp-6, rsp-7, rsr-2, rsy-1, rtcb-1, rtel-1, rtfo-1, ruvb-1, ruvb-2, sacy-1, saeg-1, saeg-2, sago-1, sago-2, sahd-1, sam-10, samp-1, san-1, sap-140, sap-49, saps-1, sart-3, sax-1, sbds-1, sbp-1, scc-1, scc-2, scc-3, scpl-3, scrt-1, sdc-1, sdc-3, sde-2, sds-22, sea-1, sea-2, sedl-1, sel-13, sel-2, sel-7, sel-8, sem-2, sem-4, sep-1, sepa-1, sesn-1, set-1, set-10, set-11, set-12, set-14, set-16, set-17, set-18, set-2, set-23, set-25, set-26, set-30, set-4, set-6, set-9, seu-1, sex-1, sfa-1, sfrp-1, sftb-1, sftb-2, sftb-6, sgk-1, sgnh-1, sgo-1, shc-1, sig-7, sin-3, sip-1, sir-2.1, sir-2.4, skn-1, sknr-1, skr-1, skr-10, skr-12, skr-13, skr-14, skr-15, skr-16, skr-17, skr-18, skr-19, skr-2, skr-20, skr-21, skr-3, skr-4, skr-5, skr-6, skr-7, skr-8, skr-9, slc-30A9, sld-5, sluh-7, slx-1, sma-1, sma-2, sma-3, sma-4, sma-5, sma-6, sma-9, smc-3, smc-4, smc-5, smc-6, smcl-1, smg-1, smg-2, smg-4, smg-5, smg-6, smg-7, smi-1, smk-1, smn-1, smo-1, smr-1, smrc-1, smrd-1, smu-1, smu-2, snai-1, snfc-5, snpc-3.1, snpc-3.2, snpc-4, snr-1, snr-2, snr-3, snr-4, snr-5, snr-6, snr-7, snrp-200, snrp-27, snrp-3, snrp-40.1, snu-13, snu-23, snu-66, somi-1, sop-2, sop-3, sor-1, sor-3, sox-2, sox-3, sox-4, spat-1, spd-1, spe-11, spe-44, spe-55, spe-57, spe-6, sphk-1, spk-1, spn-4, spo-11, spop-1, spr-1, spr-2, spr-3, spr-4, spr-5, sprp-4, spt-16, spt-4, spt-5, sptf-3, sqd-1, sqv-4, srfb-1, srpa-68, srrt-1, ssb-1, ssl-1, ssup-72, sta-1, sta-2, stip-1, strd-1, suf-1, sumv-1, sun-1, sup-12, sup-26, sup-35, sup-37, sup-46, supr-1, sur-2, sur-5, sut-1, sut-2, svh-5, swan-1, swan-2, swd-2.1, swd-2.2, swsn-1, swsn-2.2, swsn-3, swsn-4, swsn-7, swsn-9, syd-9, sydn-1, syf-1, syf-2, syf-3, sym-2, symk-1, syp-2, sys-1, szy-20, szy-5, tab-1, tads-1, taf-1, taf-10, taf-11.1, taf-11.2, taf-11.3, taf-12, taf-13, taf-2, taf-3, taf-4, taf-5, taf-6.1, taf-6.2, taf-7.1, taf-7.2, taf-8, taf-9, tag-115, tag-124, tag-151, tag-191, tag-294, tag-307, tag-342, tag-68, tag-72, tald-1, tam-1, tank-1, tax-6, tbg-1, tbp-1, tbx-11, tbx-2, tbx-30, tbx-31, tbx-32, tbx-33, tbx-34, tbx-35, tbx-36, tbx-37, tbx-38, tbx-39, tbx-40, tbx-41, tbx-42, tbx-43, tbx-7, tbx-8, tbx-9, tceb-3, tcer-1, tcl-2, tdp-1, tdpo-1, tdpt-1, tdrd-3, teg-4, ten-1, tftc-5, tgs-1, thoc-2, thoc-5, thoc-7, tiar-1, tiar-2, tif-1A, tim-1, tipn-1, tlf-1, tlk-1, tlp-1, toe-1, toe-2, tofu-2, tofu-6, tofu-7, top-1, top-2, top-3A, top-3B, tost-1, tra-1, tra-2, tra-4, tres-1, trip-4, trm-1, trm-61A, trmt-10A, trmt-10C.1, trmt-10C.2, trmt-6, trr-1, trt-1, trul-1, trx-1, trx-3, tsen-2, tsen-34, tsn-1, tsr-2, ttb-1, ttbk-2.1, ttbk-2.2, ttbk-3, ttbk-4, ttbk-5, ttbk-6, ttbk-7, ttbk-8.1, ttbk-8.2, ttc-4, ttn-1, ttr-6, ttx-1, ttx-3, txdc-9, uaf-1, uaf-2, uba-1, ubc-13, ubc-16, ubc-17, ubc-18, ubc-19, ubc-20, ubc-21, ubc-22, ubc-23, ubc-24, ubc-25, ubc-26, ubc-6, ubc-8, ubc-9, ubl-5, ubq-1, ubq-2, ubr-5, ubxn-1, ubxn-2, ubxn-3, uev-1, uev-2, uev-3, ufbp-1, ufd-1, ufd-2, ufd-3, ufm-1, ulp-1, ulp-2, ulp-4, ulp-5, unc-120, unc-130, unc-23, unc-3, unc-30, unc-37, unc-39, unc-4, unc-42, unc-55, unc-62, unc-75, unc-83, unc-84, unc-85, unc-86, unc-95, unc-97, unc-98, ung-1, uri-1, urm-1, usip-1, usp-33, usp-39, usp-46, usp-48, usp-5, usp28, utp-11, utp-14, utx-1, vab-15, vab-23, vab-3, vab-7, vbh-1, vep-1, vhl-1, vhp-1, vig-1, viro-2, vps-34, vps-72, vrk-1, vsra-1, wac-1.1, wago-1, wago-10, wago-4, wago-5, wah-1, wapl-1, wbp-2, wdr-12, wdr-23, wdr-4, wdr-46, wdr-5.1, wee-1.1, wee-1.3, wrm-1, wrn-1, wsp-1, xbp-1, xnp-1, xol-1, xpa-1, xpb-1, xpc-1, xpd-1, xpf-1, xpg-1, xpo-1, xpo-2, xpo-3, xpo-7, xrn-1, xrn-2, yap-1, yju-2, zag-1, zak-1, zen-4, zfh-2, zfp-1, zfp-2, zfp-3, zgpa-1, zhit-1, zhit-3, zip-10, zip-11, zip-2, zip-3, zip-4, zip-6, zip-7, zip-9, znf-207, znf-236, znf-593, znf-706, znf-782, znfx-1, ztf-1, ztf-11, ztf-14, ztf-15, ztf-16, ztf-23, ztf-25, ztf-27, ztf-28, ztf-29, ztf-3, ztf-30, ztf-8, zyg-1, zyg-12, zyg-8, zyx-1"
GO:0005730,184,"B0280.9, B0511.6, C16A3.6, C16C10.8, C18A3.3, C18H7.12, C24H12.4, C26E6.12, C27F2.4, C34E10.10, C37H5.5, C43E11.9, C48B6.2, C49H3.3, D2005.1, E02H1.1, F07E5.5, F10E7.5, F23H11.2, F30A10.9, F33A8.4, F33D11.10, F37A4.2, F37F2.2, F44G4.1, F49D11.10, F54C9.9, F55A12.5, F55F10.1, F55F8.2, F57B10.8, F58B3.4, H06I04.3, K04C2.2, K12H4.3, T01B7.5, T06E6.1, T10B5.3, T20B12.3, T22F3.2, T22H9.1, T23G7.3, W04C9.4, W09C5.1, Y23H5B.5, Y39B6A.1, Y40B1B.7, Y41C4A.9, Y44F5A.1, Y48A6B.3, Y49F6B.2, Y51H7C.7, Y52B11A.10, Y53C12B.1, Y54E10A.10, Y61A9LA.10, Y62E10A.24, Y75B8A.7, Y94H6A.5, ZK1127.5, ZK512.2, ZK792.5, ZK795.3, aatf-1, adr-1, adr-2, atx-3, bop-1, byn-1, cdc-14, cdc-6, cep-1, crn-1, crn-3, crn-5, dao-5, dcaf-13, ddx-27, dkc-1, dxbp-1, eif-4A3, eif-6, elof-1, emg-1, exos-1, exos-2, exos-3, exos-4.1, exos-4.2, exos-7, exos-8, fib-1, frg-1, garr-1, gld-4, gldi-1, gldi-11, grwd-1, gsox-1, hil-1, hus-1, jmjc-1, krr-1, let-355, let-716, let-756, lpd-2, lpd-7, lsm-6, mig-32, nath-10, ngp-1, nifk-1, nog-1, nol-10, nol-14, nol-16, nol-53, nol-56, nol-58, nol-6, nol-9, nola-3, nrde-2, nst-1, nsun-1, nsun-5, nucl-1, nxf-1, parn-2, parp-1, parp-2, paxt-1, pinn-4, pno-1, popl-1, popl-5, pro-1, pro-2, pro-3, puf-12, rbd-1, rbm-28, rbm-34, rha-1, rha-2, rpb-9, rpoa-12, rpoa-2, rpoa-49, rps-12, rps-13, rps-14, rps-5, rps-6, rps-8, rps-9, rrp-8, rrsr-1, rsd-2, rsl-24D1, sbds-1, smg-4, smu-2, snu-13, srpa-68, szy-20, tag-151, tank-1, tass-1, tgs-1, tif-1A, toe-1, top-1, ufd-2, unc-23, utp-11, utp-14, utp-20, vps-34, wdr-12, wdr-46, xrn-2, ztf-8"
GO:0006382,3,"D2005.1, adr-1, adr-2"
GO:0006396,48,"D2005.1, T14B4.1, Y17G7B.12, Y25C1A.8, Y34D9A.7, Y45F3A.9, Y49F6B.2, Y62E10A.24, Y71F9AL.1, ZK1127.5, ZK632.11, adr-1, adr-2, clpf-1, cpsf-3, crn-3, crn-5, dcr-1, dkc-1, drsh-1, exos-1, hpo-31, let-716, lsm-4, mrpl-44, nol-9, nsun-1, nsun-4, pnpt-1, popl-4, prp-21, prp-39, prp-6, rnp-4, rtcb-1, sap-140, sap-49, sart-3, snr-1, snr-3, ssb-1, suf-1, swp-1, syf-1, syf-3, thum-3, trm-2A, wbp-11"
GO:0006397,153,"C36B1.14, F28C1.1, T12A2.21, Y108G3AL.2, Y37E11B.5, Y57G11A.5, adr-1, adr-2, asd-2, bcas-2, bud-31, car-1, casc-3, cdc-5L, cdl-1, cel-1, cfim-1, cfim-2, clpf-1, cmtr-1, cpf-1, cpsf-1, cpsf-2, cpsf-3, cpsf-4, cus-2, cwc-15, dbr-1, dcap-1, dcap-2, ddx-15, ddx-23, dib-1, eftu-2, emb-4, fipp-1, fubl-1, fubl-2, fubl-3, fubl-4, gld-2, gld-3, gld-4, gpch-1, gut-2, hel-1, hrpk-2, hrpl-1, ire-1, let-858, lsm-1, lsm-3, lsm-4, lsm-5, lsm-6, lsm-7, lsm-8, mag-1, mfap-1, mog-1, mog-3, mog-4, mog-5, ncbp-1, ncbp-2, panl-3, pap-1, pap-2, pap-3, paxt-1, pfs-2, pmlr-1, pnn-1, prp-17, prp-18, prp-19, prp-21, prp-3, prp-31, prp-38, prp-39, prp-6, prp-8, prp-9, prpf-4, ptb-1, pus-1, rbm-17, rbm-22, rbm-25, rbm-39, rbpl-1, repo-1, rha-1, rnp-2, rnp-3, rnp-4, rnp-5, rnp-6, rsp-1, rsp-2, rsp-3, rsp-4, rsp-5, rsp-6, rsp-7, rsr-1, rsr-2, sap-49, sart-3, sde-2, sfa-1, sftb-1, sftb-6, sluh-7, smi-1, smn-1, smu-1, smu-2, snr-1, snr-2, snr-3, snr-4, snr-5, snr-6, snr-7, snrp-200, snrp-27, snrp-40.1, snrp-40.2, snu-13, snu-66, ssup-72, stip-1, sup-12, swp-1, sydn-1, syf-1, syf-2, syf-3, sym-2, symk-1, tag-72, tdp-1, tdrd-3, teg-4, thoc-2, thoc-7, uaf-1, uaf-2, usp-39, xrn-2, yju-2"
GO:0022626,13,"abcf-3, adr-1, gcn-1, map-1, rpl-17, rpl-5, rplp-1, rplp-2.1, rplp-2.2, rps-14, rps-17, rps-25, rps-3"
GO:0040028,35,"adr-1, ain-1, apx-1, bar-1, bet-1, cdc-14, ced-3, cwn-1, egl-20, hecd-1, lag-2, let-60, let-92, lin-12, lin-17, lin-29, lin-44, lip-1, mab-10, paa-1, pash-1, pat-2, pat-3, rbr-2, rsf-1, sel-10, sel-2, sem-5, set-16, sod-1, sur-6, tln-1, unc-73, vav-1, xrn-2"
GO:0050921,8,"adr-1, adr-2, che-1, clec-41, egl-4, grk-2, odr-8, osm-5"
GO:0003725,21,"C08A9.3, C30E1.4, D2005.1, F37A4.2, R11H6.5, Y48C3A.18, adr-2, alg-1, alg-2, chup-1, drh-3, let-355, mrpl-44, pash-1, rde-4, rha-1, rle-1, sea-2, sid-1, stau-1, zfr-1"
GO:0008251,2,"D2005.1, adr-2"
GO:0003824,217,"B0228.7, B0464.9, C01B4.6, C01G10.7, C24A3.4, C39B5.6, C45B11.6, C50B6.7, E04F6.4, F09G2.8, F10E9.7, F11G11.13, F14F9.5, F16F9.4, F22B8.7, F25B5.5, F32B5.1, F32D8.12, F32H2.6, F36A2.3, F38B6.4, F45E1.4, F46H5.3, F49H6.5, F52C12.6, F53E10.1, F54C8.1, F56A11.5, H14E04.2, JC8.4, R02D1.2, T04A11.1, T04A11.2, T04A11.4, T04A11.5, T04A8.7, T05C3.6, T22D1.3, T26C12.1, T27F6.6, T28F3.5, VF13D12L.3, W01A11.1, W10C8.5, Y113G7B.12, Y18H1A.11, Y19D10A.16, Y38F2AR.12, Y41D4A.6, Y44A6D.5, Y47D3A.14, Y48E1B.3, Y51A2D.13, Y53G8B.1, Y65B4A.8, Y71G12B.10, Y71H2AM.6, Y92H12BL.1, ZC434.8, ZK1127.5, ZK550.6, ZK643.2, ZK892.4, aagr-1, aagr-2, aagr-3, aagr-4, aass-1, acly-1, acly-2, acs-1, acs-10, acs-12, acs-24, acs-6, acs-7, ads-1, adsl-1, agl-1, agt-1, alh-13, alh-3, aman-1, aman-2, aman-3, angl-1, argk-1, atic-1, azin-1, bcat-1, bus-5, cat-4, cbl-1, ccr-4, cdd-1, cdd-2, ceeh-1, ceeh-2, cel-1, cmk-1, crn-1, dao-3, dhgd-1, dhrs-4, dhs-21, dna-2, ears-1, ech-1.1, ech-1.2, ech-8, ech-9, elpc-3, exo-1, exo-3, fah-1, fahd-1, fasn-1, flad-1, fntb-1, fum-1, gcs-1, gda-1, gda-2, gen-1, ger-1, ggtb-1, gln-1, gln-2, gln-3, gln-5, gln-6, gmpr-1, gst-42, gst-43, hacd-1, hacl-1, haly-1, hint-1, hst-1, icl-1, idi-1, ilys-1, ilys-2, ilys-3, ilys-4, ilys-5, ilys-6, ipgm-1, ire-1, ldh-1, let-268, lias-1, lys-5, mdh-1, mdh-2, mec-18, mes-4, mmcm-1, moc-3, moc-5, mocs-1, nanp-1, nft-1, nit-1, nmat-1, nmat-2, nrps-1, nth-1, odc-1, paic-1, pamn-1, pcyt-1, pcyt-2.1, pcyt-2.2, pde-12, pfk-1.1, pfk-1.2, pfkb-1.1, pfkb-1.2, pgal-1, pghm-1, pgs-1, phyh-1, pir-2, pkal-1, pks-1, pld-1, pnp-1, pod-2, ppcd-1, pps-1, pyc-1, pyk-1, pyk-2, pyr-1, riok-1, riok-2, riok-3, rml-4, rml-5, rnr-1, sahd-1, set-16, set-23, spds-1, spo-11, suca-1, sucg-1, sucl-1, sucl-2, tbh-1, tdpt-1, tps-1, tps-2, umps-1, upp-1, xpg-1"
GO:0005777,79,"B0272.4, B0395.3, C15B12.1, C15B12.8, C17C3.1, C17C3.3, C25G6.3, C32D5.11, C37H5.13, D2021.4, F11C1.7, F25E2.3, F41E6.5, F41E7.6, F54B3.1, F58A6.1, T07E3.3, T20B3.1, Y25C1A.13, ZK550.6, acds-10, acox-1.1, acox-1.2, acox-1.3, acox-1.4, acox-1.5, acox-1.6, acox-3, acs-10, acs-12, acs-14, acs-22, acs-24, acs-6, acs-7, ads-1, agxt-1, ctl-1, ctl-2, ctl-3, daao-1, daf-22, ddo-1, dhs-18, dhs-28, dhs-6, ech-4, ech-8, ech-9, fard-1, fis-1, fis-2, ges-1, gstk-1, gstk-2, hacl-1, idh-1, lonp-2, maoc-1, mec-18, mff-1, mff-2, ndx-8, ndx-9, phyh-1, pkal-1, pmp-1, pmp-2, pmp-4, prx-1, prx-10, prx-11, prx-12, prx-13, prx-14, prx-19, prx-2, vps-34, xdh-1"
GO:0006629,306,"B0035.13, B0272.3, B0524.2, C03H5.4, C07E3.9, C09D4.4, C14E2.6, C17C3.1, C17C3.3, C25H3.14, C25H3.3, C29E4.10, C37H5.13, C39B5.14, C40H1.7, C40H1.8, C40H1.9, C45B2.6, D1054.1, D2021.4, F09B12.3, F09G2.8, F13H10.5, F25A2.1, F25E2.3, F28C6.8, F28H7.3, F32D8.13, F32H2.6, F33D4.4, F35C8.5, F38E9.1, F46G10.4, F53B1.2, F54C8.1, F58A6.1, F58B6.1, H41C03.2, K07B1.4, K08B12.1, K11E4.1, M106.3, M79.2, R08F11.1, R10E4.9, T08B1.4, T09B9.3, T10B5.7, T12B3.3, T21H3.1, T22G5.1, T26C12.1, T27F6.6, T28F3.5, W02F12.2, W03F9.4, Y110A7A.7, Y18H1A.11, Y25C1A.13, Y37D8A.2, Y37E11AM.3, Y39B6A.7, Y40C5A.4, Y46H3A.5, Y48B6A.13, Y49E10.16, Y49E10.18, Y49E10.25, Y51A2B.4, Y51H4A.5, Y53G8B.2, Y54F10AM.8, Y54G2A.45, Y55D5A.3, Y69A2AL.2, Y71F9B.2, Y7A5A.1, Y87G2A.2, ZC155.4, ZK1251.3, ZK262.2, aakb-1, aakb-2, abhd-11.1, abhd-11.2, abhd-5.2, acdh-1, acdh-10, acdh-11, acdh-12, acdh-3, acdh-7, acdh-8, acds-10, acl-1, acl-12, acl-2, acl-3, acl-4, acl-5, acl-6, acl-7, acly-1, acly-2, acox-1.1, acox-1.2, acox-1.3, acox-1.4, acox-1.5, acox-1.6, acox-3, acs-13, acs-18, acs-3, acs-5, acs-7, ads-1, art-1, arv-1, asah-1, asah-2, asm-1, asm-2, asm-3, atgl-1, ath-1, bckd-1A, cdgs-1, ceeh-1, ceeh-2, cerk-1, cgt-1, cgt-2, cgt-3, cka-2, ckb-1, ckb-2, ckb-3, coq-1, cpt-1, cpt-3, cpt-4, cpt-5, cpt-6, crls-1, cubn-1, daf-18, daf-36, daf-9, dagl-2, dbt-1, dgat-2, dgtr-1, dhcr-7, dhs-11, dhs-16, dhs-25, dhs-4, dld-1, ech-1.1, ech-1.2, ech-2, ech-6, ech-7, egl-8, elo-1, elo-2, elo-3, elo-4, elo-5, elo-6, elo-7, elo-8, elo-9, faah-1, faah-2, faah-4, fard-1, fasn-1, fat-1, fat-2, fat-3, fat-4, fat-5, fat-6, fat-7, fath-1, fcmt-1, fitm-2, fmo-1, fmo-2, fmo-3, fmo-4, fmo-5, fntb-1, gba-1, gba-2, gba-3, gba-4, gpcp-1, gpcp-2, hacd-1, hadb-1, haf-4, hmgs-1, hpo-13, hpo-8, hsd-1, hyl-1, hyl-2, inos-1, inpp-4B, ipla-1, ipla-2, ipla-3, ipla-4, ipla-5, ipla-6, ipla-7, klf-1, lagr-1, let-767, lid-1, lin-29, lipl-1, lipl-2, lipl-3, lipl-4, lipl-5, lipl-6, lipl-7, lipl-8, maoc-1, mboa-1, mboa-6, mboa-7, mcat-1, mecr-1, mecr-2, mtm-1, mtm-3, mtm-6, nac-2, nape-1, nape-2, ndab-1, ndab-2, nepr-1, nhr-62, nhr-80, nte-1, nte-2, paf-1, paf-2, paqr-1, pcca-1, pcyt-1, pcyt-2.1, pges-2, pgs-1, piki-1, pisy-1, plag-15, plc-1, plc-2, plc-3, plc-4, pld-1, pll-1, pmt-1, pmt-2, pod-2, ppk-2, pqm-1, psd-1, pssy-1, pssy-2, scp-1, seip-1, sgk-1, sms-1, sms-2, sms-3, sms-5, sphk-1, spl-1, spl-2, spl-3, spp-10, sptl-1, sptl-2, sptl-3, srdf-2.1, srdf-2.2, srdf-3, stdh-1, stdh-2, stdh-3, stdh-4, strm-1, sur-5, ttm-5, tub-1, txt-4, txt-8, vps-34"
GO:0008609,1,ads-1
GO:0008610,17,"F35C8.5, F49E12.10, ads-1, agmo-1, cyp-31A2, cyp-31A3, drd-1, elo-1, elo-3, elo-4, elo-6, elo-7, elo-9, emb-8, ept-1, fath-1, fcmt-1"
GO:0008611,3,"acl-7, ads-1, tmem-189"
GO:0050660,60,"C01H6.4, C15B12.1, C15B12.8, C45G9.2, C46H11.2, F15E6.6, F32D8.12, F54D5.7, F56C11.3, T26C12.1, W07E11.1, Y37E11B.5, Y7A5A.1, acdh-1, acdh-10, acdh-12, acdh-13, acdh-2, acdh-3, acdh-4, acdh-5, acdh-6, acdh-7, acdh-8, acdh-9, acds-10, acox-1.1, acox-1.2, acox-1.3, acox-1.4, acox-1.5, acox-1.6, acox-3, ads-1, chdh-1, coq-6, dhcr-24, dhgd-1, dld-1, emb-8, etfa-1, fmo-1, fmo-2, fmo-3, fmo-4, fmo-5, fre-1, gad-3, gsr-1, ivd-1, kmo-1, lsd-1, mtcu-2, mtrr-1, sdha-1, sdha-2, spr-5, trxr-2, wah-1, xdh-1"
GO:0071949,24,"T05H4.4, Y9C9A.16, acox-1.1, acox-1.2, acox-1.3, acox-1.4, acox-1.5, acox-1.6, acox-3, ads-1, cblc-1, coq-6, daao-1, ddo-1, ddo-2, ddo-3, ero-1, hpo-19, kmo-1, kmo-2, mthf-1, prdh-1, sqrd-1, wah-1"
GO:0030198,19,"C16E9.1, C18H7.1, F26E4.7, K03B8.6, Y50D7A.13, adt-1, adt-2, adt-3, cyn-9, emb-9, fbl-1, gon-1, madd-4, mig-6, zmp-2, zmp-3, zmp-4, zmp-5, zmp-6"
GO:0031012,44,"B0393.5, C16E9.1, C18H7.1, F26E4.3, F26E4.7, Y50D7A.13, adt-1, adt-2, adt-3, cle-1, col-115, col-135, col-99, cri-2, emb-9, gon-1, gpn-1, grd-1, grd-11, grd-2, him-4, hog-1, let-2, lon-2, mec-5, pxn-1, qua-1, skpo-2, spon-1, timp-1, unc-52, wrt-1, wrt-2, wrt-4, wrt-6, wrt-7, wrt-8, wrt-9, zmp-1, zmp-2, zmp-3, zmp-4, zmp-5, zmp-6"
GO:0008361,9,"adt-2, ced-4, cul-1, ham-1, let-607, mak-2, rga-5, tfg-1, unc-51"
GO:0030199,3,"Y73F8A.26, adt-2, let-268"
GO:0040018,48,"adt-2, che-2, cnnm-1, cnnm-3, daf-2, daf-4, dbl-1, dpy-1, dpy-11, dpy-18, drag-1, dss-1, gld-3, hse-5, hst-2, hst-6, kin-29, let-653, lin-35, lrp-1, nac-2, nhx-2, nsun-1, pde-2, pept-1, phb-1, phb-2, raga-1, sam-4, sma-1, sma-10, sma-2, sma-3, sma-4, sma-5, sma-6, sma-9, spc-1, swsn-1, tsp-21, umps-1, unc-10, unc-104, unc-26, unc-40, unc-44, unc-53, wdr-23"
GO:0006887,39,"F54G2.1, aex-1, aex-4, aex-6, cla-1, cpx-1, cpx-2, ddl-1, ddl-2, exoc-7, exoc-8, ida-1, lin-7, rab-10, rab-11.1, rab-11.2, rab-3, rab-8, rabr-1, rbf-1, ric-4, scm-1, sec-10, sec-15, sec-3, sec-5, sec-6, sec-8, snap-29, snb-1, snt-2, syx-2, syx-3, syx-4, tom-1, unc-10, unc-31, unc-64, vamp-8"
GO:0010877,9,"aex-1, aex-2, aex-3, aex-5, cup-5, exp-1, mrp-4, pbo-4, pbo-5"
GO:0014057,11,"aex-1, aex-3, egl-21, egl-3, egl-30, egl-8, gar-3, rho-1, sphk-1, unc-29, unc-73"
GO:0018991,85,"C09H5.7, F25B3.4, F52H3.6, T16G12.7, ZK354.9, aex-1, aex-3, aph-2, bar-1, bas-1, ben-1, bir-1, brc-2, ccpp-1, ccpp-6, ceh-10, chn-1, cutc-1, dab-1, daf-14, daf-4, daf-8, eff-1, egl-15, egl-2, egl-26, egl-27, egl-45, egl-47, eya-1, fat-3, gex-3, gsp-3, gsp-4, hbl-1, hil-1, hlh-14, klp-7, lag-1, lin-1, lin-11, lin-12, lin-2, lin-3, lin-59, lin-7, mau-2, mboa-7, mig-10, nsy-1, pdi-3, pph-1, ppt-1, rbbp-5, rpm-1, sel-12, ser-1, skp-1, sqv-1, sqv-2, sqv-3, sqv-4, sqv-5, sqv-6, sqv-7, sqv-8, syd-2, tni-3, ttll-12, ttll-15, unc-16, unc-31, unc-36, unc-39, unc-45, unc-53, unc-54, unc-59, unc-7, unc-73, unc-83, unc-84, unc-85, vab-8, valv-1"
GO:0030421,31,"aex-1, aex-3, aex-5, atp-2, crt-1, exp-1, fat-3, flr-1, flr-4, gon-14, gon-2, gtl-1, hid-1, hipr-1, itr-1, kqt-2, lim-6, nuo-1, pbo-4, pbo-5, phb-1, phb-2, polg-1, shn-1, snb-1, snt-1, ten-1, unc-10, unc-104, unc-16, wts-1"
GO:0035418,14,"aex-1, aex-5, calf-1, cle-1, dlg-1, egl-8, nid-1, ptp-3, stau-1, strd-1, syg-2, ttx-7, unc-26, unc-36"
GO:0060179,11,"aex-1, daf-12, daf-19, egl-44, egl-46, itr-1, lov-1, pdf-1, pdfr-1, pkd-2, ser-1"
GO:0070382,14,"DH11.5, T27E4.1, aex-1, aex-6, cla-1, snt-1, snt-2, snt-3, snt-4, snt-5, snt-6, snt-7, sue-1, vha-5"
GO:0099503,5,"F54G2.1, aex-1, rab-10, swm-1, try-5"
GO:1904731,7,"aex-1, aex-2, aex-3, aex-5, exp-1, pbo-4, pbo-5"
GO:1905885,3,"aex-1, aex-2, aex-5"
GO:2000294,10,"aex-1, aex-2, aex-3, aex-4, aex-5, aex-6, egl-21, nlp-40, ric-7, syx-3"
GO:0004930,314,"AH9.1, AH9.4, B0034.5, B0244.10, B0244.15, B0244.16, B0244.17, B0244.4, B0244.5, B0244.6, B0244.7, B0563.6, C04C3.6, C09F12.3, C17H11.1, C24A8.6, C30A5.10, C34B4.3, C39B10.1, C47E8.3, D1014.2, F16C3.1, F21C10.9, F27E5.5, F27E5.8, F35H10.10, F36D4.4, F40A3.7, F49E11.2, F54E4.2, F55D10.4, F57C9.6, H09F14.1, K01A12.3, K03H6.1, K03H6.5, R07D5.2, R11F4.2, R13H4.7, R13H7.2, T11F9.1, W10C4.1, Y19D10A.17, Y41D4B.24, ZC266.1, ZK1307.7, ZK418.6, ZK418.7, ZK721.4, ZK813.5, ador-1, aex-2, aexr-1, aexr-2, cfz-2, ckr-1, ckr-2, daf-37, daf-38, dcar-1, dhrr-1, dmsr-1, dmsr-11, dmsr-14, dmsr-16, dmsr-2, dmsr-3, dmsr-4, dmsr-6, dmsr-7, dmsr-8, dop-1, dop-2, dop-3, dop-4, dop-5, dop-6, egl-47, egl-6, fmi-1, frpr-1, frpr-10, frpr-11, frpr-12, frpr-13, frpr-14, frpr-15, frpr-16, frpr-17, frpr-18, frpr-19, frpr-21, frpr-3, frpr-4, frpr-5, frpr-6, frpr-7, frpr-8, frpr-9, fshr-1, gar-1, gar-2, gar-3, gbb-1, gbb-2, gnrr-1, gnrr-2, gnrr-3, gnrr-4, gnrr-5, gnrr-6, gnrr-7, gpr-158, lat-1, lat-2, lite-1, mgl-1, mgl-2, mgl-3, nmur-1, nmur-2, nmur-3, npr-1, npr-10, npr-11, npr-12, npr-13, npr-14, npr-15, npr-16, npr-17, npr-18, npr-19, npr-2, npr-20, npr-21, npr-22, npr-23, npr-24, npr-25, npr-26, npr-27, npr-28, npr-29, npr-3, npr-30, npr-31, npr-32, npr-33, npr-34, npr-35, npr-36, npr-38, npr-39, npr-4, npr-40, npr-41, npr-42, npr-44, npr-5, npr-6, npr-7, npr-8, npr-9, ntr-1, ntr-2, octr-1, odr-10, pcdr-1, pdfr-1, seb-3, ser-1, ser-2, ser-3, ser-4, ser-5, ser-6, ser-7, sphr-1, sprr-1, sprr-2, sqr-1, sra-1, sra-10, sra-11, sra-12, sra-13, sra-14, sra-17, sra-18, sra-2, sra-20, sra-21, sra-22, sra-23, sra-24, sra-25, sra-26, sra-27, sra-28, sra-29, sra-3, sra-30, sra-31, sra-32, sra-33, sra-34, sra-35, sra-36, sra-4, sra-6, sra-7, sra-8, sra-9, srab-14, srb-12, srb-13, srb-16, srb-18, srb-19, srb-3, srb-5, srbc-48, srbc-49, srbc-50, srbc-51, srbc-54, srbc-55, srbc-56, srbc-57, srbc-58, srbc-59, srbc-60, srbc-61, srbc-62, srbc-63, srbc-64, srbc-65, srbc-66, srbc-67, srbc-68, srbc-70, srbc-71, srbc-75, srbc-76, srbc-77, srbc-78, srbc-79, srbc-82, srbc-83, srbc-84, sre-2, srh-234, sro-1, srsx-1, srsx-10, srsx-11, srsx-12, srsx-13, srsx-14, srsx-15, srsx-16, srsx-17, srsx-18, srsx-19, srsx-2, srsx-21, srsx-22, srsx-24, srsx-25, srsx-26, srsx-27, srsx-28, srsx-29, srsx-3, srsx-30, srsx-31, srsx-32, srsx-33, srsx-34, srsx-35, srsx-36, srsx-37, srsx-38, srsx-39, srsx-5, srsx-6, srsx-7, srsx-8, srsx-9, srsy-1, srv-34, srw-102, srw-103, srw-29, srw-33, srw-42, srw-44, srw-51, srw-57, srw-59, srw-9, srx-43, srx-45, str-217, str-33, tag-89, tkr-1, tkr-2, tkr-3, tpra-1, trhr-1, tyra-2, tyra-3"
GO:0005929,224,"F10A3.12, F52B5.2, K05D4.9, R02E12.4, T06C12.11, T06D8.2, T28D6.4, Y110A7A.9, Y19D10A.1, Y19D10A.2, Y45G12C.10, Y45G12C.6, Y9C9A.5, aex-2, ajm-1, arl-13, atp-2, bbs-1, bbs-2, bbs-4, bbs-5, bbs-8, bbs-9, ccdc-149, ccpp-1, cdkl-1, ceph-41, cepr-104.2, cfap-20, cfap-36, che-10, che-11, che-12, che-13, che-2, che-3, cil-7, cwp-5, daf-10, daf-11, daf-25, daf-37, dbt-1, dlk-1, dnj-13, dyf-1, dyf-11, dyf-13, dyf-3, dyf-5, dyf-6, famh-161, fbxl-1, flcn-1, gcy-12, gcy-14, gcy-18, gcy-23, gcy-5, gcy-7, gcy-8, gcy-9, gpa-4, hyls-1, ift-139, ift-20, ift-43, ift-74, ift-81, ifta-1, ifta-2, jbts-14, kin-10, kin-3, klp-11, klp-20, lov-1, maph-9, mapk-15, mks-1, mks-5, mksr-1, mksr-2, mlt-3, mlt-4, nphp-1, nphp-2, nubp-1, odr-10, odr-3, osm-1, osm-12, osm-3, osm-5, osm-6, pef-1, pkd-2, pmk-3, rab-28, rpi-1, rpi-2, sra-6, srb-6, srg-47, srh-234, srx-43, stam-1, str-1, str-101, str-102, str-103, str-106, str-109, str-111, str-112, str-113, str-114, str-115, str-116, str-119, str-121, str-123, str-124, str-125, str-129, str-130, str-131, str-134, str-135, str-136, str-138, str-139, str-140, str-141, str-143, str-144, str-145, str-146, str-148, str-149, str-150, str-151, str-153, str-155, str-156, str-158, str-159, str-160, str-161, str-162, str-163, str-164, str-165, str-166, str-168, str-169, str-170, str-171, str-172, str-173, str-174, str-175, str-177, str-178, str-180, str-181, str-185, str-193, str-196, str-198, str-199, str-2, str-200, str-204, str-205, str-206, str-208, str-209, str-211, str-214, str-220, str-221, str-222, str-225, str-226, str-227, str-228, str-240, str-246, str-252, str-253, str-254, str-255, str-256, str-260, str-261, str-263, str-267, str-268, str-3, str-84, str-85, str-86, str-87, str-88, str-89, str-90, str-92, str-93, str-96, str-97, str-99, strt-10, tax-4, tax-6, tmem-138, tmem-231, ttll-11, tub-1, txdc-15, uev-3, unc-119, xbx-1, yap-1"
GO:0007165,470,"AH9.1, AH9.4, B0207.7, B0218.5, B0244.10, B0244.15, B0244.16, B0244.17, B0244.4, B0244.5, B0244.6, B0244.7, B0563.6, C03C10.2, C05C12.1, C08F8.6, C09D4.3, C14A4.13, C16A3.2, C24A8.6, C25H3.1, C27D8.1, C28A5.6, C33F10.8, C34B2.3, C34B4.3, C38C3.4, C44B12.6, C44C10.7, C44H4.6, C49C8.1, C50F4.10, C55B7.10, C56C10.6, D2024.1, D2045.5, E02H4.6, F07A5.4, F16B12.7, F16C3.1, F20H11.4, F21C10.9, F22F1.2, F22H10.1, F23H11.4, F25D1.3, F25F2.1, F26A1.3, F27E5.5, F27E5.8, F33D11.7, F35B12.10, F35C11.2, F35C11.3, F36D4.4, F36H12.9, F38E1.3, F39F10.2, F39F10.3, F41G3.5, F46H5.7, F49E11.2, F53C3.1, F54H5.2, F55D10.4, F57C9.6, F58E6.13, F59A6.4, H05L14.1, H09F14.1, K01A12.3, K03H6.1, K04C1.5, K06H7.8, K08H2.5, K09C6.2, K09C6.7, K09C6.8, K09E4.1, K11C4.1, M04G7.2, M05D6.1, M05D6.2, M05D6.3, M117.3, M7.7, R02C2.1, R07D5.2, R10D12.10, R13H4.7, R13H7.2, R13H9.6, T04C9.1, T05A7.6, T05C12.1, T11F8.4, T12G3.2, T13H5.1, T15B12.2, T19D12.5, T26C12.3, T28F2.2, T28F4.3, W01A8.8, W03G9.5, W05B10.4, W06F12.3, W09C3.1, W09H1.1, Y106G6H.14, Y39A3A.4, Y39G8C.2, Y47G6A.13, Y48G9A.9, Y54F10BM.3, Y65B4A.9, Y69F12A.1, Y71F9AL.2, Y71G12B.31, ZC373.3, ZC581.2, ZK354.2, ZK354.6, ZK418.6, ZK418.7, ZK507.1, ZK596.2, ZK616.65, ZK666.8, ZK669.5, ZK688.5, ZK721.4, ZK813.5, aakb-1, aakb-2, ador-1, aex-2, afd-1, arr-1, bed-2, cdc-42, cdc-7, cdk-2, cdk-4, ced-2, cfz-2, chin-1, chw-1, ckr-1, ckr-2, clr-1, cmk-1, cof-2, crp-1, csnk-1, cyk-4, daf-11, daf-37, daf-38, dapk-1, dcar-1, dep-1, dgk-1, dgk-2, dgk-3, dgk-4, dgk-5, dhrr-1, dlk-1, dmsr-1, dop-1, dop-2, dop-3, dop-4, dop-5, dop-6, drn-1, eak-6, egg-4, egg-5, egl-30, egl-4, egl-8, fem-2, flp-2, frpr-1, frpr-11, frpr-12, frpr-13, frpr-16, frpr-18, frpr-3, frpr-4, frpr-6, fshr-1, ftt-2, gapr-1, gar-1, gar-2, gar-3, gbb-1, gbb-2, gei-1, gnrr-1, gnrr-3, gnrr-5, gnrr-6, gnrr-7, goa-1, gpa-1, gpa-10, gpa-11, gpa-12, gpa-13, gpa-14, gpa-15, gpa-16, gpa-17, gpa-18, gpa-2, gpa-3, gpa-4, gpa-5, gpa-6, gpa-7, gpa-8, gpa-9, gpb-1, gpb-2, gpc-1, gplb-1, gpr-158, grk-1, grk-2, gsa-1, gsk-3, gskl-1, hda-4, hum-7, ikb-1, ilc-17.1, ilkp-1, ins-1, ins-13, ins-15, ins-19, ins-2, ins-20, ins-23, ins-24, ins-25, ins-26, ins-27, ins-28, ins-29, ins-3, ins-30, ins-31, ins-32, ins-33, ins-37, ins-4, ins-5, ins-7, ins-8, ins-9, kin-19, kin-20, kin-35, lat-1, lat-2, let-60, lin-45, lip-1, lit-1, lite-1, lmbr-1, lys-1, lys-10, lys-2, lys-3, lys-4, lys-5, lys-6, lys-7, lys-8, lys-9, magi-1, mef-2, mgl-1, mgl-2, mgl-3, mif-1, mif-2, mif-3, mif-4, mig-10, mig-15, mig-2, mlck-1, mlk-1, mob-2, mob-3, mom-4, ndrr-1, ndrr-2, nlp-14, nlp-15, nmur-1, nmur-2, nmur-3, npr-1, npr-10, npr-11, npr-12, npr-13, npr-14, npr-15, npr-16, npr-17, npr-18, npr-2, npr-21, npr-22, npr-23, npr-24, npr-25, npr-26, npr-27, npr-28, npr-29, npr-3, npr-30, npr-31, npr-32, npr-33, npr-34, npr-36, npr-4, npr-41, npr-42, npr-5, npr-6, npr-7, npr-8, npr-9, ntr-1, ntr-2, ocrl-1, octr-1, odr-3, pac-1, par-5, pcdr-1, pde-1, pde-2, pde-3, pde-4, pde-5, pde-6, pdfr-1, phkg-1, pik-1, pkn-1, plc-1, plc-2, plc-3, plc-4, pll-1, plpp-1.1, plpp-1.2, plpp-1.3, plpr-1, pmk-1, ppm-1.G, ppm-2, pptr-1, pptr-2, prde-1, ptp-3, ptpn-22, ptrg-1, pvf-1, pxf-1, ral-1, rap-1, rap-2, rap-3, ras-1, ras-2, rga-1, rga-2, rga-3, rga-4, rga-5, rga-6, rga-8, rga-9, rgl-1, rheb-1, rho-1, rlbp-1, rrc-1, rsf-1, rsks-1, sdf-9, seb-3, sem-5, ser-1, ser-2, ser-3, ser-4, ser-5, ser-6, ser-7, sli-1, spe-55, spe-6, sphr-1, sprr-2, spv-1, sqr-1, srab-14, srb-12, srb-13, srb-16, srb-3, srb-5, sre-2, srgp-1, sro-1, srv-34, srx-43, srx-45, sta-1, sta-2, str-217, str-33, syd-1, tag-191, tag-325, tag-89, tig-3, tir-1, tkr-1, tkr-2, tkr-3, tmyb-1, tol-1, trf-1, trhr-1, ttbk-2.1, ttbk-2.2, ttbk-3, ttbk-4, ttbk-5, ttbk-6, ttbk-7, ttbk-8.1, ttbk-8.2, ttx-7, tyra-2, tyra-3, unc-122, unc-44, unc-5, unc-53, vhp-1, vrk-1, zak-1"
GO:0007218,101,"AH9.4, C09F12.3, C34B4.3, C39B10.1, F13H6.5, F52D10.4, K09H11.9, R13H4.7, T02D1.4, ZC266.1, ador-1, aex-2, aexr-1, aexr-2, aexr-3, capa-1, ckr-1, ckr-2, daf-37, daf-38, dcar-1, dmsr-1, flp-1, flp-11, flp-13, flp-14, flp-16, flp-17, flp-18, flp-19, flp-21, flp-22, flp-23, flp-24, flp-25, flp-26, flp-27, flp-3, flp-4, flp-5, flp-6, flp-7, flp-8, flp-9, frpr-10, frpr-15, frpr-19, frpr-7, frpr-8, frpr-9, glb-33, gnrr-2, gnrr-3, gnrr-5, gnrr-6, gnrr-7, ins-39, lury-1, mihp-1, mihp-2, nlp-11, nlp-12, nlp-13, nlp-28, nlp-29, nlp-30, nlp-31, nlp-32, nlp-33, nlp-40, nlp-62, nlp-7, nlp-8, nmur-1, nmur-2, npr-1, npr-10, npr-11, npr-12, npr-13, npr-14, npr-2, npr-21, npr-22, npr-27, npr-34, npr-37, npr-4, npr-41, npr-43, npr-44, npr-5, npr-6, npr-7, npr-8, ntc-1, pkc-1, sbt-1, srv-34, tkr-2, tkr-3"
GO:0008188,42,"C09F12.3, C34B4.3, C39B10.1, F13H6.5, F52D10.4, R13H4.7, T02D1.4, aex-2, aexr-1, aexr-2, aexr-3, ckr-1, ckr-2, daf-37, dcar-1, dmsr-1, frpr-10, frpr-15, frpr-19, frpr-7, frpr-8, frpr-9, glb-33, gnrr-7, nmur-1, nmur-2, npr-1, npr-10, npr-13, npr-2, npr-22, npr-37, npr-4, npr-41, npr-43, npr-44, npr-5, npr-6, npr-7, srv-34, tkr-2, tkr-3"
GO:0005085,73,"F46H5.4, F53H1.3, R05G6.10, R06F6.8, W09G3.7, Y106G6G.2, Y34B4A.4, ZK970.8, aex-3, agef-1, alfa-1, bris-1, ced-12, ced-5, cgef-1, denn-4, dnbp-1, dock-11, ect-2, eef-1B.1, eef-1B.2, efa-6, eif-2Balpha, eif-2Bbeta, eif-2Bepsilon, eif-2Bgamma, epac-1, ephx-1, exc-5, frm-3, gbas-1, gbf-1, glo-4, grp-1, lmtr-2, lmtr-5, lst-6, mcp-1, mdt-9, mon-2, mtm-5, nucb-1, osg-1, pix-1, plc-1, prhg-1, pxf-1, rabi-1, rabx-5, ran-3, rei-1, rgef-1, rgl-1, rhgf-1, rhgf-2, rhgf-3, ric-8, rin-1, rme-4, rme-6, sam-4, sec-12, sec-61.B, sma-1, smcr-8, sos-1, tag-52, tag-77, tiam-1, uig-1, unc-73, unc-89, vav-1"
GO:0006915,80,"C41D11.3, Y39B6A.34, Y54G2A.18, Y77E11A.12, aex-3, ape-1, asp-1, asp-12, asp-13, asp-14, asp-15, asp-16, asp-17, asp-18, asp-19, asp-2, asp-3, asp-4, asp-5, asp-6, asp-7, asp-8, asp-9, bcl-7, brc-1, cbp-1, cdl-1, ced-1, ced-10, ced-11, ced-12, ced-2, ced-3, ced-4, ced-6, ced-8, ced-9, cep-1, ces-2, cgh-1, cnt-1, cpl-1, cps-6, crn-3, crn-4, crn-5, crn-6, csp-1, cyn-13, dad-1, dap-3, dcr-1, dct-1, dlc-1, dpff-1, dre-1, drp-1, eat-3, egl-1, egl-38, fem-2, fis-1, fis-2, hif-1, hlh-3, hrg-7, htip-2, klf-1, mac-1, mcd-1, mtp-18, ndx-4, nuc-1, pax-2, pig-1, prmt-5, sav-1, ttr-52, vps-41, wah-1"
GO:0007419,10,"aex-3, cab-1, ida-1, nid-1, rab-3, unc-104, unc-31, unc-5, unc-6, unc-64"
GO:0007618,1,aex-3
GO:0032483,2,"aex-3, denn-4"
GO:0042981,18,"T22F3.2, abcf-3, aex-3, ape-1, caap-1, ced-3, ced-4, ced-9, cmd-1, dpl-1, dre-1, efl-2, fbxo-11.2, gcn-1, pdr-1, pink-1, tomm-70, trf-1"
GO:1905488,15,"aex-3, cab-1, cwn-1, egl-20, ida-1, lin-18, mig-1, mom-5, nid-1, rab-3, unc-104, unc-31, unc-5, unc-6, unc-64"
GO:0000139,183,"B0024.15, C14B9.3, C31H2.4, C34D4.4, C47F8.3, C47F8.5, C47F8.6, C54C8.3, E03H4.11, F14B6.4, F14B6.6, F14E5.2, F30F8.10, F32D8.14, F35C11.4, F35G2.1, F36H9.5, F47B7.2, F48F7.3, F49E12.12, F53B1.2, K07F5.22, M01F1.9, R06F6.8, R12B2.2, T03F1.12, T09E11.10, T09F5.1, T10H10.2, T15D6.5, T23B12.5, W02D9.2, W02F12.2, W09G3.8, Y25C1A.7, Y38F1A.8, Y41E3.7, Y42H9AR.1, Y47G6A.18, Y53C12A.3, Y60A3A.19, Y7A5A.1, ZK185.4, aex-5, aman-2, aman-3, arf-1, arf-5, bli-4, bre-2, bre-5, bus-17, bus-2, bus-24, casy-1, cav-1, cav-2, chst-1, cogc-1, cogc-2, cogc-3, cogc-4, cogc-6, cogc-8, cone-1, copa-1, copb-1, copb-2, copd-1, cope-1, copg-1, copz-1, dhcr-24, eas-1, emc-5, ergi-1, ergi-3, exl-1, famk-1, fut-1, glct-1, glct-2, glct-3, glct-4, glct-5, glct-6, gly-10, gly-11, gly-12, gly-13, gly-14, gly-2, gly-20, gly-3, gly-4, gly-5, gly-6, gly-7, gly-8, gly-9, golg-5, gopc-1, gos-28, hop-1, hpd-1, hst-1, hst-2, hut-1, ile-1, ile-2, kpc-1, lge-1, maa-1, mans-1, mans-2, memb-1, mig-14, mig-23, nbet-1, nhx-8, nstp-1, nstp-10, nstp-2, nstp-3, nstp-4, nstp-5, nstp-6, nstp-7, nstp-8, ntp-1, odr-4, pen-2, pgap-2, pgap-3, pmr-1, popl-7, pst-1, pst-2, rab-10, rab-11.1, rabr-3, rabr-4, rei-1, rer-1, rfgp-1, rfgp-2, rib-2, rnf-121, scp-1, sec-16A.2, sec-22, sec-24.2, sel-12, sel-9, sly-1, sms-1, sms-2, sms-3, sms-5, snx-3, sqv-2, sqv-6, sqv-7, sqv-8, srf-3, swt-1, swt-2, swt-3, swt-4, syx-16, syx-5, tpst-1, ugtp-1, unc-108, unc-50, unc-69, uso-1, vps-45, warf-1, wee-1.3, yif-1, ykt-6, zipt-9"
GO:0004252,38,"F19B2.7, F46F5.5, R13H4.6, T23G4.2, ZK930.6, aex-5, bli-4, bli-5, clpp-1, dpf-5, dpf-6, dpf-7, egl-3, immp-1, immp-2, kpc-1, lido-17, lonp-1, lonp-2, rom-1, rom-2, rom-3, rom-4, rom-5, sec-11, svh-1, tpp-2, try-1, try-10, try-14, try-15, try-3, try-4, try-5, try-6, try-7, try-8, try-9"
GO:0005802,34,"C56A3.8, F32D8.14, R05D11.9, T03F1.12, T19A6.1, W02D9.2, Y47G6A.18, Y60A3A.19, ZC8.6, aex-5, apt-9, arl-5, bli-4, cccp-1, crp-1, cua-1, glo-1, kpc-1, pad-1, phaf-1, rab-14, rab-30, rnf-145, tat-1, tat-2, tat-5, tat-6, tbc-1, tpst-1, trpp-6, trpp-9, ubc-17, unc-108, unc-69"
GO:0008236,27,"F56F10.1, K12H4.7, aex-5, bli-4, clpp-1, dpf-1, dpf-2, dpf-3, dpf-4, dpf-5, dpf-6, egl-3, immp-1, immp-2, kpc-1, lonp-1, lonp-2, npp-10, pcp-1, pcp-5, rom-1, svh-1, tpp-2, try-1, try-14, try-3, try-5"
GO:0016485,49,"C17B7.8, F09D12.2, F19C6.4, F41C6.4, F42G10.1, T28A11.17, T28A11.20, Y19D10B.6, aex-5, aph-1, aph-2, atg-4.1, atg-4.2, bli-4, ced-9, cpd-1, cpd-2, csp-1, egl-21, hop-1, lonp-2, nas-39, nep-1, nep-10, nep-11, nep-12, nep-13, nep-16, nep-17, nep-18, nep-2, nep-20, nep-21, nep-22, nep-23, nep-24, nep-25, nep-26, nep-3, nep-4, nep-5, nep-6, nep-8, nep-9, sel-12, sep-1, spe-4, ucr-2.2, ucr-2.3"
GO:0045887,9,"aex-5, bli-4, daf-16, daf-2, egl-21, egl-3, fsn-1, kpc-1, unc-104"
GO:0061837,3,"aex-5, egl-21, egl-3"
GO:2000748,2,"aex-5, dsc-1"
GO:0003924,152,"B0207.6, C02F5.3, C18B2.5, C26E6.12, C52B11.5, C53H9.2, C56E6.2, D1081.12, D1081.4, F08G12.1, F20D6.8, F21D5.7, F38A1.8, F46B6.6, K10C3.5, M01E5.2, T26C12.3, T28D6.6, W04C9.5, Y116A8C.10, Y119D3B.14, Y52B11A.4, Y54E10BR.2, Y61A9LA.10, Y71F9AR.2, Y71H2AM.12, ZK1236.1, ZK669.5, aex-6, arc-1, arf-1, arf-5, arf-6, arl-1, arl-13, arl-3, arl-5, arl-6, arl-8, atln-1, atln-2, ben-1, cdc-42, ced-10, cgp-1, chw-1, cnt-2, crp-1, drn-1, drp-1, dyn-1, eat-3, eef-1A.1, eef-1A.2, eef-2, efsc-1, eftu-2, egl-30, eif-2gamma, erfa-3, evl-20, fzo-1, gex-4, gfm-1, glo-1, goa-1, gop-2, gpa-1, gpa-10, gpa-11, gpa-12, gpa-13, gpa-14, gpa-15, gpa-16, gpa-17, gpa-18, gpa-2, gpa-3, gpa-4, gpa-5, gpa-6, gpa-7, gpa-8, gpa-9, gsa-1, hbs-1, iffb-1, ifta-2, kbrl-1, let-60, mec-7, mig-2, miro-1, mmaa-1, mtcu-1, mtg-1, nog-1, nst-1, ntp-1, odr-3, rab-1, rab-10, rab-11.1, rab-11.2, rab-14, rab-18, rab-19, rab-21, rab-28, rab-3, rab-30, rab-33, rab-35, rab-37, rab-39, rab-5, rab-6.1, rab-6.2, rab-7, rab-8, rabr-1, rabr-2, rabr-3, rabr-4, rac-2, raga-1, ragc-1, ral-1, ran-1, rap-1, rap-2, rap-3, ras-1, ras-2, rheb-1, rho-1, rsef-1, sar-1, slfl-5, ssr-2, tag-151, tbb-1, tbb-2, tbb-4, tbb-6, tufm-1, tufm-2, unc-108, unc-59, unc-61, warf-1"
GO:0003925,5,"aex-6, goa-1, rab-10, rap-1, rap-2"
GO:0005525,219,"B0207.6, C02F5.3, C26E6.12, C37C3.2, C52B11.5, C53H9.2, C56E6.2, D1081.12, D1081.4, F08G12.1, F20D6.8, F21D5.7, F38A1.8, F46B6.4, F46B6.6, F49H6.5, K10C3.5, M01E5.2, R186.3, T26C12.3, T28D6.6, W04C9.5, Y116A8C.10, Y119D3B.14, Y19D2B.1, Y52B11A.4, Y54E10BR.2, Y61A9LA.10, Y71F9AR.2, Y71H2AM.12, ZK1236.1, ZK669.5, adss-1, aex-6, arc-1, arf-1, arf-5, arf-6, arl-1, arl-13, arl-3, arl-5, arl-6, arl-8, atln-1, atln-2, ben-1, cat-4, cdc-42, ced-10, cel-1, cgp-1, chw-1, cnt-2, crp-1, daf-11, dapk-1, drn-1, drp-1, dyn-1, eat-3, eef-1A.1, eef-1A.2, eef-2, efsc-1, eftu-2, egl-30, eif-2gamma, eral-1, erfa-3, evl-20, exc-1, fzo-1, gcy-1, gcy-11, gcy-12, gcy-13, gcy-14, gcy-17, gcy-18, gcy-19, gcy-20, gcy-21, gcy-22, gcy-23, gcy-25, gcy-27, gcy-28, gcy-29, gcy-3, gcy-31, gcy-32, gcy-33, gcy-34, gcy-35, gcy-36, gcy-37, gcy-4, gcy-5, gcy-6, gcy-8, gcy-9, gex-4, gfm-1, glo-1, goa-1, gop-2, gpa-1, gpa-10, gpa-11, gpa-12, gpa-13, gpa-14, gpa-15, gpa-16, gpa-17, gpa-18, gpa-2, gpa-3, gpa-4, gpa-5, gpa-6, gpa-7, gpa-8, gpa-9, gsa-1, hbs-1, iffb-1, ifta-2, kbrl-1, let-60, lrk-1, mec-12, mec-7, mig-2, miro-1, mmaa-1, moc-5, mtcu-1, mtg-1, ngp-1, noa-1, nog-1, nst-1, odr-1, odr-3, ola-1, pak-1, pck-1, pck-2, pck-3, rab-1, rab-10, rab-11.1, rab-11.2, rab-14, rab-18, rab-19, rab-21, rab-28, rab-3, rab-30, rab-33, rab-35, rab-37, rab-39, rab-5, rab-6.1, rab-6.2, rab-7, rab-8, rabr-1, rabr-2, rabr-3, rabr-4, rac-2, raga-1, ragc-1, ral-1, ran-1, rap-1, rap-2, rap-3, ras-1, ras-2, rei-1, rei-2, rheb-1, rho-1, rpi-2, rsef-1, rtcb-1, sahd-1, sar-1, slfl-5, ssr-2, sucg-1, tag-151, tag-335, tba-1, tba-2, tba-4, tba-5, tba-6, tba-7, tba-8, tba-9, tbb-1, tbb-2, tbb-4, tbb-6, tbg-1, tufm-1, tufm-2, unc-108, unc-132, unc-59, unc-61, warf-1"
GO:0005770,27,"C18F10.7, F54G2.1, Y43F8C.11, aex-6, cup-14, gna-2, gop-1, hmt-1, kcmf-1, ncr-1, plr-1, rab-7, rme-8, sid-5, snx-14, sorf-1, sorf-2, spe-39, tat-1, tbc-2, vps-15, vps-32.1, vps-33.1, vps-35, vps-39, vps-41, vps-8"
GO:0005794,295,"B0024.15, B0205.4, C15H9.5, C16C2.4, C26C6.9, C47D12.2, C47F8.3, C47F8.5, C47F8.6, C52B9.4, C54C8.3, C56C10.9, D2045.7, E03H4.11, F08A8.5, F11A10.6, F14B6.4, F14B6.6, F32D8.14, F48F7.3, K07F5.22, R05D11.9, T03F1.12, T09E11.10, T09F5.1, T15D6.5, W02D9.2, W03G11.2, Y110A7A.9, Y25C1A.7, Y41E3.8, Y42H9AR.1, Y42H9AR.2, Y45G12B.2, Y47G6A.18, Y47G6A.7, Y53C12A.3, Y54E10BR.2, Y54F10AL.1, Y60A3A.19, Y7A5A.1, ZK849.1, ZK858.6, aex-6, agef-1, aman-2, apb-3, apd-3, apg-1, apm-3, aps-1, aps-3, apt-9, arf-1, arf-5, arl-1, arl-3, arl-5, arv-1, bicd-1, bre-2, bre-4, bre-5, bus-12, bus-17, bus-2, casy-1, cav-1, cav-2, cdc-50.B, cept-1, cept-2, cert-1, chat-1, che-13, chst-1, chup-1, clh-5, cni-1, cogc-1, cogc-2, cogc-3, cogc-4, cogc-6, cogc-8, cone-1, copa-1, copb-1, copb-2, copd-1, cope-1, copg-1, copz-1, cua-1, cutl-19, daf-37, dhcr-24, dhhc-1, dhhc-10, dhhc-11, dhhc-12, dhhc-2, dhhc-3, dhhc-4, dhhc-6, dhhc-7, dhhc-8, dhhc-9, dsc-4, eas-1, emc-5, ept-1, ergi-3, exl-1, famk-1, fut-1, fut-2, fut-3, fut-4, fut-5, fut-6, fut-8, galt-1, gasr-8, gbf-1, gcc-1, gcc-2, glct-1, glct-2, glct-3, glct-4, glct-5, glct-6, gly-10, gly-11, gly-12, gly-13, gly-14, gly-2, gly-20, gly-3, gly-4, gly-5, gly-6, gly-7, gly-8, gly-9, gna-2, golg-2, golg-4, golg-5, gon-1, gop-1, gopc-1, gos-28, gpap-1, hop-1, hrg-10, hrg-9, hse-5, hst-1, hst-2, hut-1, ile-2, itm-2, let-268, lge-1, lin-10, lrk-1, mans-1, memb-1, memb-2, mig-14, mig-22, mig-23, mob-4, mon-2, mppe-1, nbet-1, ngat-1, nhx-8, nstp-10, nstp-4, nstp-5, nstp-9, ntp-1, nucb-1, obr-4, odr-4, pad-2, paqr-3, pdr-1, pen-2, pgap-2, pgap-3, pisy-1, plr-1, pmr-1, popl-7, pst-1, pst-2, rab-10, rab-11.1, rab-11.2, rab-14, rab-18, rab-19, rab-30, rab-33, rab-37, rab-39, rab-6.1, rab-6.2, rabr-3, rabr-4, rbg-3, rei-1, rfgp-1, rib-1, rib-2, ric-19, rnf-121, rnf-145, sar-1, scp-1, sec-16A.2, sec-22, sec-24.2, sedl-1, sel-12, sel-9, slc-30A5, sms-1, snx-1, snx-3, soap-1, spe-10, spe-21, spe-4, sql-1, sqv-1, sqv-2, sqv-3, sqv-5, sqv-6, sqv-7, srf-3, sul-1, svh-11, swt-1, swt-2, swt-3, swt-4, syx-16, syx-5, tag-120, tat-1, tbc-1, tbc-3, tbc-8, tmed-1, tmed-10, tmed-12, tmed-13, tmed-3, tmed-4, toc-1, tpst-1, tpst-2, trpp-1, trpp-12, trpp-3, trpp-4, trpp-5, trpp-6, trpp-9, tsp-12, unc-101, unc-108, unc-11, unc-50, unc-69, uso-1, vps-41, vps-51, vps-52, vps-53, vps-54, vti-1, warf-1, wee-1.3, xbx-6, yif-1, ykt-6, zipt-9"
GO:0008021,32,"C18B2.5, Y57G11C.22, aex-6, arl-8, cat-1, cho-1, clh-5, dpy-23, lgc-46, lnp-1, mfsd-6, rab-3, rab-8, rabr-1, rbf-1, snb-1, sng-1, snn-1, snpn-1, snt-1, sph-1, sup-1, syx-17, syx-7, unc-11, unc-17, unc-25, unc-26, unc-41, unc-47, unc-57, wdr-23"
GO:0012505,176,"C05C12.6, C05E11.3, C15C8.4, C15H9.4, C30F12.3, C33A11.2, C36B7.6, C37E2.10, C37E2.2, C37E2.3, C42C1.19, C49A1.10, C56E6.2, E04F6.4, F09B12.5, F09E5.11, F09F9.5, F09G2.8, F11E6.6, F21F3.6, F27D4.7, F47B8.10, F54F2.9, F56C9.3, K07G5.5, PDB1.1, R02F11.3, R166.2, T05C3.6, T13H5.8, W03A5.2, Y116A8C.10, Y47G6A.5, Y51A2D.13, Y56A3A.2, ZK1073.2, ZK632.12, acl-11, acl-12, acl-13, acl-14, acl-7, acl-8, acl-9, aex-6, algn-2, amph-1, anc-1, apb-1, apd-3, aps-2, apy-1, aqp-4, arf-6, bus-18, bus-8B, cTel55X.1, cdkr-3, ced-9, ceh-93, cept-1, cept-2, chil-10, chil-14, cln-3.1, cln-3.2, cln-3.3, dct-11, dhc-1, dhhc-14, dhhc-2, dnj-29, dpf-1, dpy-11, eas-1, epg-3, figo-1, gcc-1, gldi-2, glo-1, glp-1, gpap-1, haf-4, haf-9, hpo-11, hpo-28, hut-1, ifta-2, ile-1, ile-2, imp-1, jph-1, kqt-3, latd-1, lgg-2, lrpc-1, lrx-1, marc-4, marc-5, memb-2, mfsd-8.5, mig-14, mrp-3, nbet-1, ncx-2, nhx-3, nstp-1, nstp-2, nucb-1, ooc-5, pgap-3, pges-2, pitp-1, pmr-1, pst-1, pst-2, rab-1, rab-11.1, rab-11.2, rab-14, rab-18, rab-19, rab-21, rab-28, rab-5, rab-6.1, rab-6.2, rab-8, ragc-1, rap-2, ret-1, ric-19, ril-2, rme-1, rme-2, rnf-145, rnf-5, rsd-3, sec-22, sel-11, sftd-3, snx-1, spg-20, suco-1, swt-5, swt-6, swt-7, syx-16, syx-17, syx-2, syx-3, syx-4, syx-5, syx-7, tag-131, tat-3, tat-5, tat-6, tbc-7, tmed-1, tmed-3, tor-1, tor-2, trap-4, uda-1, unc-101, unc-108, unc-64, uso-1, vacl-14, vamp-7, vem-1, vps-32.1, vps-39, vti-1, zipt-9"
GO:0030141,7,"ZK154.4, aex-6, ida-1, sbt-1, snpn-1, unc-18, uncp-18"
GO:0045732,9,"aex-6, mbk-2, sft-4, sma-4, sma-6, swah-1, ubxn-1, ubxn-2, ubxn-3"
GO:0045921,2,"aex-6, gcy-9"
GO:0090522,9,"aex-6, exoc-7, exoc-8, sec-10, sec-15, sec-3, sec-5, sec-6, sec-8"
GO:1990504,5,"aex-6, pkc-1, rbf-1, ric-7, unc-31"
GO:0006979,69,"C46A5.4, F44E2.6, K10B4.1, R08F11.7, T06D8.10, age-1, bli-3, brap-2, cep-1, che-11, ctl-1, ctl-2, ctl-3, daf-16, daf-2, dcap-1, dcap-2, dhs-3, djr-1.1, djr-1.2, duox-2, eak-7, eif-2Bdelta, elt-3, ets-7, fshr-1, gpx-1, gpx-2, gpx-3, gpx-4, gpx-5, gpx-6, gpx-7, gsto-1, hcf-1, hlh-13, hpk-1, hpx-2, jmjc-1, lmd-3, lrk-1, mev-1, mlt-7, nprt-1, nsy-1, osg-1, pah-1, par-4, pept-1, phb-1, phb-2, pmk-1, pmr-1, prdx-2, prdx-3, prmt-1, pxn-1, pxn-2, rad-8, rnt-1, sek-1, sem-4, skn-1, skpo-1, skpo-2, skpo-3, smf-3, tdp-1, tiar-1"
GO:0007611,6,"age-1, daf-18, ins-1, kin-2, pdk-1, pkc-1"
GO:0007635,46,"age-1, akt-1, ben-1, bli-4, che-1, che-13, che-3, clr-1, daf-18, daf-25, dyf-3, egl-2, egl-30, egl-4, gap-1, gap-3, gcy-1, gcy-14, gcy-17, gcy-19, gcy-20, gcy-22, gcy-27, gcy-3, gcy-33, gcy-34, gcy-4, gcy-5, gcy-6, gcy-7, ins-6, ncs-1, odr-1, odr-2, odr-4, pde-1, pde-2, pde-3, pde-5, pkc-1, rgs-1, rgs-3, tax-4, tax-6, unc-119, unc-31"
GO:0008582,14,"age-1, akt-1, akt-2, daf-16, daf-28, egl-3, fsn-1, ins-4, ins-6, lin-7, mkk-4, pdk-1, rpm-1, unc-104"
GO:0016303,4,"age-1, atl-1, piki-1, vps-34"
GO:0016477,55,"B0303.7, C03H12.1, C46H11.3, F11E6.8, abi-1, age-1, apr-1, arx-7, cam-1, cdap-2, ced-10, ced-12, ced-2, ced-5, cmd-1, crml-1, dsh-1, dsh-2, egl-15, egl-20, epi-1, fozi-1, frl-1, gap-3, gex-2, gex-3, gon-1, gpn-1, ham-2, hmp-1, hmp-2, hmr-1, lam-1, lon-2, max-2, mig-2, mig-5, mig-6, nck-1, nhr-67, nud-2, pak-1, pat-3, piki-1, rho-1, sdn-1, sos-1, svh-2, syd-1, ten-1, unc-51, unc-52, unc-73, vab-8, vav-1"
GO:0035005,2,"age-1, piki-1"
GO:0036092,7,"age-1, atl-1, figo-1, inpp-4B, piki-1, unc-26, vps-34"
GO:0043053,17,"age-1, che-11, che-3, crh-1, daf-1, daf-22, daf-4, daf-7, daf-8, dhs-28, dyf-11, fbxl-1, kin-29, osm-1, osm-3, osm-5, tatn-1"
GO:0043491,3,"age-1, daf-18, piki-1"
GO:0046686,9,"age-1, hcf-1, hmt-1, kgb-1, mek-1, mtl-1, mtl-2, ttm-1, vhp-1"
GO:0046854,17,"C56A3.8, D1069.3, F30A10.3, T20F7.3, Y22D7AR.6, ZC8.6, age-1, lfe-2, pifk-1A, pifk-1B, piki-1, ppk-1, ppk-2, ppk-3, ttc-7, ttx-7, vps-34"
GO:0048015,10,"age-1, egl-8, pifk-1A, pifk-1B, piki-1, plc-1, plc-2, plc-3, pll-1, vps-34"
GO:0050920,17,"age-1, che-1, daf-11, daf-18, daf-22, daf-25, egl-30, hsp-90, ins-1, kvs-1, mps-1, mps-2, mps-3, nep-2, pdk-1, pkc-1, snet-1"
GO:0097730,103,"Y19D10A.17, age-1, aqp-6, arl-13, asb-1, asg-2, atp-2, bbs-5, bbs-8, che-11, che-2, che-3, cil-7, clhm-1, cng-3, cwp-5, daf-10, daf-11, daf-2, daf-25, daf-37, dcar-1, dyf-5, ebp-2, gcy-12, gcy-9, gpa-13, gpa-15, gpa-2, gpa-3, gpa-4, hyls-1, ift-20, ift-74, ift-81, ifta-1, inpp-5K, kap-1, kin-10, kin-3, klp-6, lov-1, nphp-1, nphp-4, nsy-4, ocr-2, odr-10, odr-3, osm-1, osm-12, osm-3, osm-5, osm-6, osm-9, pkd-2, srab-16, srbc-48, srbc-49, srbc-50, srbc-51, srbc-54, srbc-55, srbc-56, srbc-57, srbc-58, srbc-59, srbc-60, srbc-61, srbc-62, srbc-63, srbc-64, srbc-65, srbc-66, srbc-67, srbc-68, srbc-70, srbc-71, srbc-75, srbc-76, srbc-77, srbc-78, srbc-79, srbc-82, srbc-83, srbc-84, srd-23, srg-36, srsx-3, sru-38, srx-43, srx-97, str-1, str-163, str-2, str-44, sulp-2, tax-4, tax-6, tmc-1, trpa-1, trx-1, tub-1, xbx-1"
GO:1902074,14,"age-1, akt-1, che-1, daf-18, egl-30, gcy-1, gcy-14, gcy-22, gcy-3, gcy-4, gcy-5, gcy-6, grk-2, pkc-1"
GO:1902075,7,"age-1, bli-4, daf-2, ins-6, osm-6, tom-1, unc-31"
GO:0000132,49,"R07E4.1, ags-3, bar-1, cdc-42, ced-1, ced-10, ced-12, ced-5, ced-6, ced-7, dnc-1, dnc-2, dsh-1, dsh-2, egl-20, gad-1, gpa-16, gpb-1, gsk-3, hmp-2, hmr-1, let-99, lis-1, mel-26, mig-14, mig-5, mls-2, mom-2, mom-5, npp-1, npp-11, npp-13, npp-3, npp-4, nud-2, ooc-3, par-2, par-3, par-5, ppfr-1, sax-7, skr-2, src-1, tba-1, tba-2, ubxn-2, wdr-5.2, wdr-5.3, wrm-1"
GO:0001965,8,"ags-3, gbas-1, gpa-13, gpr-1, hasp-1, lst-1, odr-10, ric-8"
GO:0005092,6,"C37C3.2, ags-3, gdi-1, gpr-1, gpr-2, rep-1"
GO:0030695,7,"F53A10.2, ags-3, ced-5, gpr-1, gpr-2, rga-1, rgl-1"
GO:0060259,3,"ags-3, goa-1, ric-8"
GO:0003684,24,"C23H4.6, R03H10.6, R03H10.7, agt-1, cku-70, cku-80, com-1, ercc-1, gtf-2H5, mrt-1, mrt-2, polh-1, polk-1, rad-23, rec-8, rev-1, rpa-1, scc-1, smc-6, ubql-1, xpa-1, xpc-1, xpd-1, xpf-1"
GO:0003908,1,agt-1
GO:0006281,138,"C11G6.2, C23H4.6, D1053.2, F35H10.5, F42A6.5, F44B9.8, F45E1.4, F54E12.2, K07C5.3, T19C9.10, T23H2.3, T28B8.3, T28B8.4, Y116F11A.1, Y48E1C.1, Y73B6BL.14, agt-1, algn-8, apn-1, atl-1, baf-1, brc-1, brc-2, brd-1, cdc-5L, chaf-1, chaf-2, chk-2, chl-1, cku-70, cku-80, cra-1, crn-1, ctf-4, cus-2, ddb-1, dna-2, dot-1.1, dot-1.2, dot-1.3, dot-1.4, dot-1.5, dvc-1, ekl-4, ercc-1, exo-1, exo-3, fan-1, fcd-2, fnci-1, gei-17, gtf-2H1, gtf-2H2C, gtf-2H3, gtf-2H4, gtf-2H5, helq-1, him-1, him-6, his-7, hmg-3, hmg-4, hpr-17, hpr-9, hsr-9, lem-3, lig-1, lig-4, mlh-1, mms-19, mnat-1, mre-11, mrg-1, mrt-1, mrt-2, msh-6, mus-81, mys-1, nanp-1, nse-1, nse-4, nth-1, parp-1, parp-2, pif-1, pms-2, pole-1, polh-1, polk-1, polq-1, prp-19, psme-4, rad-23, rad-50, rad-51, rad-54.L, rec-8, rev-1, rev-3, rfc-1, rfc-2, rfc-3, rfc-4, rfs-1, rmh-1, rmif-2, rnf-113, rpa-1, rpa-2, rtel-1, ruvb-1, ruvb-2, slx-1, smc-3, smc-5, smc-6, smrc-1, smrd-1, spt-16, tank-1, tdpo-1, tdpt-1, tim-1, top-3A, top-3B, trul-1, ubc-1, ubql-1, ung-1, uvs-1, wapl-1, wrn-1, xnp-1, xpa-1, xpb-1, xpc-1, xpd-1, xpf-1"
GO:0006307,2,"agt-1, ascc-1"
GO:0006974,136,"B0035.3, C11G6.2, C23H4.6, F31D4.2, F35H10.5, F42A6.5, JC8.7, R02C2.1, T02C1.2, T05A12.4, T19C9.10, T28B8.3, T28B8.4, Y116F11A.1, Y43D4A.6, Y48E1C.1, agt-1, alkb-7, amx-1, apn-1, atl-1, atm-1, baf-1, brc-1, brc-2, brd-1, cbs-2, cdc-5L, chaf-1, chaf-2, chk-1, chk-2, chl-1, cku-70, cku-80, cra-1, crn-1, cul-4, cus-2, daf-16, ddb-1, dna-2, dvc-1, dxbp-1, ercc-1, exo-1, exo-3, fan-1, fis-1, gcna-1, gei-17, gtf-2H2C, gtf-2H3, gtf-2H4, gtf-2H5, helq-1, him-1, him-6, hmg-3, hmg-4, hpr-17, hrpk-1, hsr-9, kin-3, lem-3, lig-1, lig-4, mlh-1, mms-19, mre-11, mrg-1, mrt-1, mrt-2, msh-2, msh-6, mus-101, mus-81, mys-1, nse-4, nth-1, parg-1, parg-2, parp-1, parp-2, pif-1, pis-1, pms-2, pole-3, polh-1, polk-1, polq-1, prmt-5, prp-19, psme-4, rad-23, rad-50, rad-51, rad-54.L, rec-8, rev-1, rev-3, rfs-1, rmh-1, rmif-2, rnf-113, rtel-1, ruvb-1, ruvb-2, sir-2.1, slx-1, smc-3, smc-5, smc-6, smk-1, smrd-1, spt-16, tank-1, tdpo-1, tdpt-1, tipn-1, trul-1, uba-1, ubc-19, ubql-1, uev-2, uev-3, ung-1, uvs-1, vrk-1, wapl-1, xnp-1, xpa-1, xpb-1, xpc-1, xpd-1, xpf-1"
GO:0008168,168,"BE0003N10.6, C03G6.6, C04F1.1, C04F5.8, C13A2.10, C13A2.3, C13A2.4, C13A2.7, C13A2.9, C17A2.7, C17E4.11, C23G10.7, C27F2.4, C31B8.12, C33G8.13, C33H5.1, C35D10.12, C37A5.7, C51E3.9, C53A5.17, D1053.2, E02H1.1, E03H4.2, F07G11.1, F07G11.2, F13A7.12, F15D3.9, F20D6.2, F25H2.12, F28A10.1, F28A10.5, F29B9.1, F31D4.2, F32D8.8, F33A8.4, F38C2.4, F39G3.3, F40F9.10, F45G2.9, F47B8.5, F49C12.2, F49C12.4, H06I04.3, H20J04.9, K01D12.1, K06H6.2, K12D9.1, M01E11.1, M142.8, R05A10.8, R08E5.1, R08F11.4, R09H10.1, R09H10.2, R160.12, R74.7, T13G4.4, T14B4.1, T15D6.11, T15D6.8, W09C3.3, Y17G7B.18, Y39A1A.21, Y39F10A.3, Y40H7A.2, Y40H7A.3, Y40H7A.4, Y45F3A.9, Y48E1C.2, Y49A3A.3, Y55F3AM.11, Y59A8A.8, Y71F9AL.1, Y71G12B.18, Y82E9BL.12, ZK1025.3, ZK1086.3, agt-1, alkb-8, anmt-1, anmt-2, anmt-3, cmtr-1, cmtr-2, comt-1, comt-2, comt-3, comt-4, comt-5, coq-3, coq-5, damt-1, dot-1.1, dot-1.2, dot-1.3, dot-1.4, dot-1.5, dph-5, emg-1, etfm-1, fcmt-1, fib-1, henn-1, homt-1, icmt-1, lcmt-1, lin-59, mes-2, mes-4, met-1, met-2, metl-1, metl-13, metl-17, metl-18, metl-2, metl-5, metl-6, metl-9, metr-1, mett-10, mtq-2, nemt-1, nsun-1, nsun-2, nsun-4, nsun-5, nuaf-5, nuaf-7, pcm-1, pmt-2, prmt-1, prmt-4, prmt-5, prmt-6, prmt-7, prmt-9, rips-1, rrp-8, set-1, set-11, set-12, set-16, set-17, set-2, set-23, set-25, set-26, set-27, set-3, set-4, set-6, set-8, set-9, spot-1, strm-1, tag-72, tfbm-1, tgs-1, thum-3, trm-1, trm-2A, trm-61A, trmt-10A, trmt-10C.1, trmt-10C.2, tyms-1, vkmt-1"
GO:0016765,8,"F37B12.3, T01G1.4, agt-1, coq-1, coq-2, cox-10, fdps-1, gro-1"
GO:0032259,166,"BE0003N10.6, C03G6.6, C04F1.1, C04F5.8, C13A2.10, C13A2.3, C13A2.4, C13A2.7, C13A2.9, C17A2.7, C17E4.11, C23G10.7, C27F2.4, C31B8.12, C33G8.13, C33H5.1, C35D10.12, C37A5.7, C53A5.17, D1053.2, E02H1.1, E03H4.2, F07G11.1, F07G11.2, F13A7.12, F15D3.9, F20D6.2, F25H2.12, F28A10.1, F28A10.5, F29B9.1, F31D4.2, F32D8.8, F33A8.4, F38C2.4, F39G3.3, F40F9.10, F45G2.9, F47B8.5, F49C12.2, F49C12.4, H06I04.3, H20J04.9, K01D12.1, K06H6.2, K12D9.1, M01E11.1, M142.8, R05A10.8, R08E5.1, R08F11.4, R09H10.1, R09H10.2, R160.12, R74.7, T13G4.4, T14B4.1, T15D6.11, T15D6.8, W09C3.3, Y17G7B.18, Y39A1A.21, Y39F10A.3, Y40H7A.2, Y40H7A.3, Y40H7A.4, Y45F3A.9, Y48E1C.2, Y49A3A.3, Y55F3AM.11, Y59A8A.8, Y71F9AL.1, Y71G12B.18, Y82E9BL.12, ZK1025.3, ZK1086.3, agt-1, alkb-8, anmt-1, anmt-2, anmt-3, cmtr-1, cmtr-2, comt-1, comt-2, comt-3, comt-4, comt-5, coq-3, coq-5, damt-1, dot-1.1, dot-1.2, dot-1.3, dot-1.4, dot-1.5, dph-5, emg-1, etfm-1, fcmt-1, fib-1, henn-1, homt-1, icmt-1, lcmt-1, lin-59, mes-2, mes-4, met-1, met-2, metl-1, metl-13, metl-18, metl-2, metl-5, metl-6, metl-9, metr-1, mett-10, mtq-2, nemt-1, nsun-1, nsun-2, nsun-4, nsun-5, nuaf-5, nuaf-7, pcm-1, pmt-2, prmt-1, prmt-4, prmt-5, prmt-6, prmt-7, prmt-9, rips-1, rrp-8, set-1, set-11, set-12, set-16, set-17, set-2, set-23, set-25, set-26, set-27, set-3, set-4, set-6, set-8, set-9, spot-1, strm-1, tag-72, tfbm-1, tgs-1, thum-3, trm-1, trm-2A, trm-61A, trmt-10A, trmt-10C.1, trmt-10C.2, tyms-1, vkmt-1"
GO:0000978,301,"C27A2.7, C34B4.2, F58G1.2, K11D2.4, T12G3.2, ZK546.5, aha-1, atf-6, atf-7, atf-8, bcl-11, blmp-1, ccct-1, cebp-1, cebp-2, ceh-10, ceh-100, ceh-16, ceh-18, ceh-2, ceh-21, ceh-22, ceh-23, ceh-24, ceh-27, ceh-28, ceh-32, ceh-33, ceh-34, ceh-36, ceh-37, ceh-38, ceh-39, ceh-41, ceh-43, ceh-48, ceh-49, ceh-5, ceh-51, ceh-58, ceh-6, ceh-60, ceh-7, ceh-74, ceh-87, ceh-88, ceh-9, ceh-93, ceh-99, ces-2, che-1, cog-1, crh-1, dac-1, daf-12, daf-14, daf-16, daf-19, daf-3, daf-5, daf-8, dmd-10, dmd-4, dmd-5, dmd-6, dmd-7, dmd-8, dmd-9, dve-1, efl-1, efl-2, efl-3, egl-13, egl-18, egl-38, egl-43, egl-44, egl-46, egl-5, egrh-1, egrh-2, egrh-3, ehn-3, elt-1, elt-2, elt-3, elt-6, elt-7, end-1, end-3, eor-1, ets-4, eyg-1, fax-1, fezf-1, fkh-10, fkh-2, fkh-3, fkh-4, fkh-6, fkh-7, fkh-8, fkh-9, fos-1, grh-1, hinf-1, hlh-1, hlh-11, hlh-15, hlh-2, hlh-25, hlh-26, hlh-27, hlh-28, hlh-29, hlh-3, hlh-30, hlh-4, irx-1, jmjd-3.1, jmjd-3.2, jmjd-3.3, jun-1, klf-1, klf-2, klf-3, klu-1, klu-2, lag-1, let-381, let-607, lin-22, lin-29, lin-31, lin-39, lin-48, lsl-1, mab-3, mab-5, mab-9, maf-1, mdl-1, mdt-8, med-1, med-2, mef-2, mls-1, mml-1, mnm-2, mxl-2, nfi-1, nfyb-1, nfyc-1, nhr-1, nhr-10, nhr-100, nhr-101, nhr-111, nhr-114, nhr-116, nhr-118, nhr-120, nhr-129, nhr-136, nhr-137, nhr-14, nhr-141, nhr-147, nhr-148, nhr-149, nhr-152, nhr-153, nhr-154, nhr-168, nhr-17, nhr-173, nhr-2, nhr-204, nhr-206, nhr-207, nhr-208, nhr-209, nhr-221, nhr-229, nhr-23, nhr-236, nhr-239, nhr-25, nhr-258, nhr-3, nhr-35, nhr-36, nhr-38, nhr-40, nhr-41, nhr-47, nhr-48, nhr-49, nhr-6, nhr-60, nhr-64, nhr-67, nhr-68, nhr-69, nhr-7, nhr-76, nhr-8, nhr-85, nhr-91, nhr-93, npax-2, npax-3, nurf-1, pag-3, pax-1, pax-2, pax-3, peb-1, pes-1, pha-2, pha-4, php-3, pop-1, pros-1, ref-1, ref-2, rnt-1, sbp-1, sdz-12, sea-1, sem-2, sex-1, skn-1, sknr-1, sma-2, sma-3, sma-4, sma-9, snpc-3.1, snpc-3.2, snpc-3.4, snpc-4, sox-2, sox-3, sox-4, sptf-2, sptf-3, sta-1, sta-2, tab-1, tbx-11, tbx-2, tbx-30, tbx-31, tbx-32, tbx-33, tbx-34, tbx-35, tbx-36, tbx-37, tbx-38, tbx-39, tbx-40, tbx-41, tbx-42, tbx-43, tbx-7, tbx-8, tbx-9, tra-1, tra-4, ttx-1, ttx-3, unc-120, unc-130, unc-3, unc-30, unc-39, unc-55, unc-62, unc-86, utx-1, vab-3, vab-7, zag-1, zfh-2, zfp-2, zgpa-1, zip-11, zip-2, zip-4, zip-5, zip-6, zip-8, ztf-14, ztf-16, ztf-17, ztf-2, ztf-23, ztf-27, ztf-3"
GO:0000981,289,"C04F5.9, C34B4.2, C34H4.5, C41D11.3, C52B9.19, F19F10.1, F56D1.1, H16D19.3, M03D4.4, T07D10.3, T12G3.2, aha-1, alr-1, ast-1, atf-6, atf-7, atf-8, atfs-1, btbz-2, ccct-1, cdc-5L, cebp-1, cebp-2, ceh-10, ceh-100, ceh-14, ceh-16, ceh-17, ceh-18, ceh-2, ceh-21, ceh-22, ceh-23, ceh-24, ceh-27, ceh-28, ceh-30, ceh-31, ceh-32, ceh-33, ceh-34, ceh-36, ceh-37, ceh-38, ceh-39, ceh-43, ceh-44, ceh-45, ceh-48, ceh-49, ceh-5, ceh-51, ceh-53, ceh-54, ceh-6, ceh-7, ceh-74, ceh-8, ceh-87, ceh-88, ceh-9, ceh-99, ces-1, ces-2, cky-1, cnd-1, cog-1, crh-1, crh-2, dac-1, daf-14, daf-16, daf-19, daf-3, daf-5, daf-8, dcp-66, dmd-10, dmd-4, dmd-5, dmd-6, dmd-7, dmd-8, dmd-9, dpl-1, dsc-1, duxl-1, dve-1, efl-1, efl-2, efl-3, egl-13, egl-18, egl-38, egl-44, egl-46, egl-5, egrh-1, egrh-2, egrh-3, elf-1, elt-1, elt-2, elt-3, elt-6, elt-7, end-1, end-3, eor-1, ets-4, ets-5, ets-7, ets-8, ets-9, eyg-1, fax-1, fkh-10, fkh-2, fkh-3, fkh-4, fkh-6, fkh-7, fkh-8, fkh-9, fos-1, gei-3, gldi-8, ham-2, hbl-1, hif-1, hinf-1, hlh-1, hlh-10, hlh-11, hlh-12, hlh-13, hlh-14, hlh-15, hlh-16, hlh-17, hlh-19, hlh-2, hlh-25, hlh-26, hlh-27, hlh-28, hlh-29, hlh-3, hlh-30, hlh-31, hlh-32, hlh-4, hlh-6, hlh-8, hnd-1, irx-1, jun-1, klf-1, klf-2, klf-3, lag-1, let-381, let-391, let-607, lim-4, lim-6, lim-7, lin-1, lin-11, lin-22, lin-29, lin-31, lin-32, lin-39, lin-48, lsy-27, mab-3, mab-31, mab-5, mab-9, maf-1, mdl-1, mec-3, med-1, med-2, mef-2, mls-1, mls-2, mml-1, mxl-2, nfi-1, nfx-1, nfya-1, nfya-2, nfyb-1, nfyc-1, ngn-1, nhr-6, npax-2, npax-3, odd-1, pag-3, pal-1, pax-1, pax-2, pax-3, pes-1, pha-4, php-3, plp-1, plp-2, pop-1, pros-1, pzf-1, ref-1, ref-2, rnt-1, sbp-1, scrt-1, sdc-1, sea-1, sem-4, skn-1, sknr-1, sma-2, sma-3, sma-4, sma-9, snai-1, spr-4, sprp-4, sptf-2, sptf-3, sta-1, sta-2, svh-5, syd-9, szy-5, tab-1, tbx-11, tbx-2, tbx-31, tbx-32, tbx-33, tbx-34, tbx-35, tbx-36, tbx-37, tbx-38, tbx-39, tbx-40, tbx-41, tbx-42, tbx-43, tbx-7, tbx-8, tbx-9, tra-1, ttx-1, ttx-3, unc-120, unc-130, unc-3, unc-30, unc-39, unc-4, unc-42, unc-86, unc-98, vab-15, vab-3, vab-7, xbp-1, zag-1, zfh-2, zip-11, zip-2, zip-4, zip-5, zip-6, zip-8, ztf-1, ztf-14, ztf-15, ztf-17, ztf-25, ztf-28, ztf-29, ztf-30"
GO:0003677,931,"B0310.2, B0336.7, C02F5.12, C08F8.2, C09F5.3, C16C10.8, C17G10.13, C25F9.2, C26E1.2, C27H5.2, C34B4.2, C46E10.8, C50H2.4, C52B9.19, D2005.3, F10E7.11, F19F10.1, F20D6.9, F23H11.2, F25D1.8, F26E4.4, F28H6.6, F35H10.5, F36A2.10, F41B5.1, F44B9.8, F44E2.7, F45D3.2, F47E1.20, F54F2.9, F56D1.1, K01D12.7, K02F3.12, K04C1.3, K04C2.2, K04F10.1, K06G5.3, K07C5.3, K09A11.1, K10C9.7, K11D2.4, R03H10.6, R03H10.7, R05D3.12, R05D3.3, R11H6.5, R148.3, R151.8, T07F8.4, T13F2.2, T24H10.1, T27A8.2, Y44A6D.3, Y48E1C.1, Y48G1BL.8, Y50E8A.12, Y51H7C.7, Y53C10A.15, Y53F4B.9, Y53H1A.2, Y73B6A.1, Y73B6BL.14, Y75B8A.6, ZC155.2, ZK686.5, aha-1, ahr-1, akir-1, alr-1, ama-1, apn-1, aptf-1, aptf-2, aptf-3, aptf-4, arid-1, ash-2, ast-1, atf-2, atf-4, atf-6, atf-8, atfs-1, athp-2, athp-3, atl-1, attf-2, attf-4, baf-1, baz-2, bcl-11, bed-1, bed-2, bed-3, brc-2, btf-1, camt-1, ccar-1, cdc-5L, cdt-1, cebp-1, cebp-2, cec-1, cec-3, ceh-1, ceh-10, ceh-100, ceh-12, ceh-13, ceh-14, ceh-16, ceh-17, ceh-18, ceh-19, ceh-2, ceh-20, ceh-21, ceh-22, ceh-23, ceh-24, ceh-27, ceh-28, ceh-30, ceh-31, ceh-32, ceh-33, ceh-34, ceh-36, ceh-37, ceh-38, ceh-39, ceh-40, ceh-41, ceh-43, ceh-44, ceh-45, ceh-48, ceh-49, ceh-5, ceh-51, ceh-53, ceh-54, ceh-57, ceh-58, ceh-6, ceh-60, ceh-62, ceh-63, ceh-7, ceh-74, ceh-75, ceh-76, ceh-79, ceh-8, ceh-81, ceh-82, ceh-83, ceh-84, ceh-86, ceh-87, ceh-88, ceh-89, ceh-9, ceh-90, ceh-91, ceh-92, ceh-93, ceh-99, cep-1, ces-1, ces-2, cfi-1, cfp-1, chd-1, chd-3, chd-7, che-1, chl-1, cin-4, cku-70, cku-80, cky-1, clk-2, cnd-1, cog-1, cpar-1, crh-1, crh-2, crn-1, crn-5, csb-1, ctbp-1, ctf-18, ctf-8, daf-12, daf-16, daf-19, daf-3, daf-8, dcp-66, dcr-1, ddb-1, div-1, dmd-10, dmd-3, dmd-4, dmd-5, dmd-6, dmd-7, dmd-8, dmd-9, dna-2, dog-1, dot-1.1, dpl-1, dpr-1, dpy-20, dsc-1, duxl-1, dvc-1, dve-1, efl-1, efl-2, efl-3, egl-13, egl-27, egl-38, egl-44, egl-5, egrh-1, egrh-2, egrh-3, elf-1, elt-1, elt-2, elt-7, emb-5, eor-1, ercc-1, ets-4, ets-5, ets-7, ets-8, ets-9, exo-1, eyg-1, fax-1, fkh-10, fkh-2, fkh-3, fkh-4, fkh-5, fkh-6, fkh-7, fkh-8, fkh-9, fos-1, gei-3, gei-8, gen-1, gldi-11, gmeb-1, gmeb-2, gmeb-3, grh-1, gtf-2E2, gtf-2F1, gtf-2F2, hbl-1, hcp-3, helq-1, hif-1, hil-1, hil-2, hil-3, hil-4, hil-5, hil-6, hil-7, hil-8, him-1, him-14, him-3, him-6, hinf-1, his-1, his-10, his-11, his-12, his-13, his-14, his-15, his-16, his-17, his-18, his-19, his-2, his-20, his-21, his-22, his-24, his-25, his-26, his-27, his-28, his-29, his-3, his-30, his-31, his-32, his-33, his-34, his-35, his-37, his-38, his-39, his-4, his-40, his-41, his-42, his-43, his-44, his-45, his-46, his-47, his-48, his-49, his-5, his-50, his-51, his-52, his-53, his-54, his-55, his-56, his-57, his-58, his-59, his-6, his-60, his-61, his-62, his-63, his-64, his-65, his-66, his-67, his-68, his-69, his-7, his-70, his-71, his-72, his-73, his-74, his-8, his-9, hizr-1, hlh-1, hlh-10, hlh-11, hlh-12, hlh-13, hlh-14, hlh-15, hlh-17, hlh-19, hlh-2, hlh-25, hlh-26, hlh-3, hlh-30, hlh-34, hlh-4, hlh-6, hlh-8, hmbx-1, hmg-1.1, hmg-1.2, hmg-11, hmg-12, hmg-20, hmg-3, hmg-4, hmg-5, hmg-6, hnd-1, hsf-1, htas-1, htz-1, irx-1, isw-1, jun-1, kcmf-1, klf-1, klf-2, klf-3, klu-1, lag-1, let-381, let-418, let-526, let-607, let-611, lig-1, lig-4, lim-4, lim-6, lim-7, lin-1, lin-11, lin-13, lin-14, lin-15B, lin-22, lin-26, lin-29, lin-31, lin-32, lin-35, lin-36, lin-39, lin-40, lin-54, lin-9, lir-3, lonp-1, lsl-1, mab-23, mab-3, mab-5, mab-9, maf-1, mbf-1, mbr-1, mcm-2, mcm-3, mcm-4, mcm-5, mcm-6, mcm-7, mdl-1, mec-3, mef-2, mel-28, met-2, mex-5, mex-6, mls-1, mls-2, mml-1, mog-7, morc-1, mrt-1, msh-2, msh-5, msh-6, mstr-1, mtss-1, mus-81, mxl-1, mxl-2, mxl-3, myrf-1, myrf-2, nabp-1, nfi-1, nfx-1, nfya-1, nfya-2, nfyb-1, nfyc-1, ngn-1, nhr-1, nhr-10, nhr-100, nhr-101, nhr-102, nhr-103, nhr-104, nhr-105, nhr-106, nhr-107, nhr-108, nhr-109, nhr-11, nhr-110, nhr-111, nhr-112, nhr-113, nhr-114, nhr-115, nhr-116, nhr-117, nhr-118, nhr-119, nhr-12, nhr-120, nhr-121, nhr-122, nhr-123, nhr-124, nhr-125, nhr-126, nhr-127, nhr-128, nhr-129, nhr-13, nhr-130, nhr-131, nhr-132, nhr-133, nhr-134, nhr-135, nhr-136, nhr-137, nhr-138, nhr-139, nhr-14, nhr-140, nhr-141, nhr-142, nhr-143, nhr-145, nhr-146, nhr-147, nhr-148, nhr-149, nhr-15, nhr-150, nhr-152, nhr-153, nhr-154, nhr-155, nhr-156, nhr-157, nhr-158, nhr-159, nhr-16, nhr-161, nhr-162, nhr-163, nhr-164, nhr-165, nhr-166, nhr-167, nhr-168, nhr-169, nhr-17, nhr-170, nhr-171, nhr-172, nhr-173, nhr-174, nhr-175, nhr-176, nhr-177, nhr-178, nhr-179, nhr-18, nhr-180, nhr-181, nhr-182, nhr-183, nhr-184, nhr-185, nhr-186, nhr-187, nhr-188, nhr-189, nhr-19, nhr-190, nhr-192, nhr-193, nhr-195, nhr-196, nhr-197, nhr-198, nhr-199, nhr-2, nhr-20, nhr-201, nhr-202, nhr-203, nhr-204, nhr-205, nhr-206, nhr-207, nhr-208, nhr-209, nhr-21, nhr-210, nhr-211, nhr-212, nhr-213, nhr-214, nhr-216, nhr-217, nhr-218, nhr-219, nhr-22, nhr-221, nhr-222, nhr-223, nhr-225, nhr-226, nhr-227, nhr-228, nhr-229, nhr-23, nhr-230, nhr-231, nhr-232, nhr-233, nhr-234, nhr-236, nhr-237, nhr-238, nhr-239, nhr-241, nhr-242, nhr-243, nhr-247, nhr-248, nhr-25, nhr-251, nhr-252, nhr-253, nhr-254, nhr-255, nhr-256, nhr-257, nhr-258, nhr-26, nhr-260, nhr-261, nhr-262, nhr-264, nhr-265, nhr-267, nhr-268, nhr-269, nhr-27, nhr-270, nhr-271, nhr-272, nhr-273, nhr-274, nhr-275, nhr-276, nhr-277, nhr-28, nhr-281, nhr-283, nhr-285, nhr-286, nhr-290, nhr-291, nhr-3, nhr-30, nhr-31, nhr-32, nhr-34, nhr-35, nhr-36, nhr-37, nhr-38, nhr-39, nhr-4, nhr-40, nhr-41, nhr-42, nhr-43, nhr-44, nhr-45, nhr-46, nhr-47, nhr-48, nhr-49, nhr-5, nhr-50, nhr-51, nhr-52, nhr-53, nhr-54, nhr-55, nhr-56, nhr-57, nhr-58, nhr-59, nhr-6, nhr-60, nhr-61, nhr-62, nhr-63, nhr-64, nhr-65, nhr-66, nhr-67, nhr-68, nhr-69, nhr-7, nhr-70, nhr-71, nhr-72, nhr-73, nhr-74, nhr-76, nhr-77, nhr-78, nhr-79, nhr-8, nhr-80, nhr-81, nhr-82, nhr-84, nhr-85, nhr-86, nhr-87, nhr-88, nhr-89, nhr-9, nhr-90, nhr-91, nhr-92, nhr-93, nhr-94, nhr-95, nhr-96, nhr-97, nhr-98, nhr-99, nob-1, npax-1, npax-2, npax-3, npax-4, nsy-7, nth-1, nucb-1, odd-1, odd-2, odr-7, orc-1, orc-4, pal-1, parp-1, pax-1, pax-2, pax-3, pbrm-1, pcn-1, peb-1, pes-1, pha-2, pha-4, php-3, pie-1, pif-1, pinn-4, plp-1, plp-2, pola-1, pold-1, pold-2, pole-1, pole-2, polg-1, polq-1, pop-1, pot-1, pot-2, pot-3, pqm-1, pqn-15, pri-2, pros-1, rabx-5, rad-51, rbr-2, rcq-5, ref-1, rev-1, rev-3, rfc-1, rfc-2, rfc-3, rfs-1, rha-1, rmh-1, rmif-2, rnp-6, rnt-1, rpa-1, rpa-2, rpb-10, rpb-12, rpb-2, rpb-5, rpb-6, rpb-8, rpc-1, rpc-2, rpoa-1, rpoa-2, rpoa-49, rpom-1, rtel-1, rtfo-1, saeg-2, sbp-1, scc-3, scrt-1, sdc-1, sdc-3, sea-1, sea-2, sem-2, set-14, sex-1, skn-1, sknr-1, sma-2, sma-3, sma-4, smcl-1, smrd-1, snai-1, snfc-5, snpc-3.1, snpc-3.2, snpc-4, snu-23, somi-1, sox-2, sox-3, sox-4, spe-44, spo-11, spr-1, spr-3, spr-4, ssl-1, sta-1, sta-2, svh-5, swsn-3, swsn-4, swsn-7, tab-1, taf-1, taf-12, taf-4, tag-229, tag-294, tag-307, tbp-1, tbx-11, tbx-2, tbx-31, tbx-32, tbx-33, tbx-34, tbx-35, tbx-36, tbx-37, tbx-38, tbx-39, tbx-40, tbx-41, tbx-42, tbx-43, tbx-7, tbx-8, tbx-9, tebp-1, tebp-2, tftc-1, tftc-5, tim-1, tipn-1, tlf-1, top-1, top-2, top-3A, top-3B, tra-1, trt-1, ttx-1, ttx-3, unc-120, unc-130, unc-3, unc-30, unc-39, unc-4, unc-42, unc-55, unc-62, unc-86, unc-98, vab-15, vab-3, vab-7, wrn-1, xbp-1, xnp-1, xpa-1, xpb-1, xpc-1, xpd-1, xpf-1, xpg-1, zag-1, zfh-2, zfp-1, zfp-2, zgpa-1, zip-1, zip-10, zip-11, zip-2, zip-3, zip-4, zip-6, zip-7, zip-9, ztf-1, ztf-26, ztf-3, ztf-30"
GO:0003700,436,"C34B4.2, C52B9.19, F19F10.1, F58G1.2, K04C1.3, K11D2.4, T12G3.2, T27A8.2, Y53C10A.15, ZK546.5, aha-1, aptf-1, aptf-2, aptf-3, aptf-4, ast-1, atf-2, atf-4, atf-6, atf-7, atf-8, atfs-1, bcl-11, blmp-1, cebp-1, cebp-2, ceh-10, ceh-13, ceh-17, ceh-18, ceh-20, ceh-28, ceh-32, ceh-33, ceh-40, ceh-43, ceh-6, ceh-60, ceh-8, cep-1, ces-2, cnd-1, crh-1, crh-2, daf-12, daf-16, daf-19, dpr-1, dve-1, egl-18, egl-38, egl-43, egl-44, egl-46, ehn-3, elf-1, elt-1, elt-2, elt-3, elt-4, elt-6, elt-7, end-1, end-3, eor-1, ets-4, ets-5, ets-7, ets-8, ets-9, fax-1, fezf-1, fkh-10, fkh-2, fkh-3, fkh-4, fkh-5, fkh-6, fkh-7, fkh-8, fkh-9, flh-1, flh-2, flh-3, fos-1, grh-1, ham-2, hif-1, hizr-1, hlh-1, hlh-14, hlh-3, hsf-1, jun-1, klu-1, klu-2, lag-1, ldb-1, let-381, let-607, lim-4, lim-6, lin-1, lin-11, lin-26, lin-31, lin-39, lin-48, lsl-1, mab-9, maf-1, mls-1, mnm-2, mxl-1, mxl-3, myrf-1, myrf-2, nfi-1, nfx-1, nfya-1, nfya-2, nhr-1, nhr-10, nhr-100, nhr-101, nhr-102, nhr-103, nhr-104, nhr-105, nhr-106, nhr-107, nhr-108, nhr-109, nhr-11, nhr-110, nhr-111, nhr-112, nhr-113, nhr-114, nhr-115, nhr-116, nhr-117, nhr-118, nhr-119, nhr-12, nhr-120, nhr-121, nhr-122, nhr-123, nhr-124, nhr-125, nhr-126, nhr-127, nhr-128, nhr-129, nhr-13, nhr-130, nhr-131, nhr-132, nhr-133, nhr-134, nhr-135, nhr-136, nhr-137, nhr-138, nhr-139, nhr-14, nhr-140, nhr-141, nhr-142, nhr-143, nhr-145, nhr-146, nhr-147, nhr-148, nhr-149, nhr-15, nhr-150, nhr-152, nhr-153, nhr-154, nhr-155, nhr-156, nhr-157, nhr-158, nhr-159, nhr-16, nhr-161, nhr-162, nhr-163, nhr-164, nhr-165, nhr-166, nhr-167, nhr-168, nhr-169, nhr-17, nhr-170, nhr-171, nhr-172, nhr-173, nhr-174, nhr-175, nhr-176, nhr-177, nhr-178, nhr-179, nhr-18, nhr-180, nhr-181, nhr-182, nhr-183, nhr-184, nhr-185, nhr-186, nhr-187, nhr-188, nhr-189, nhr-19, nhr-190, nhr-192, nhr-193, nhr-195, nhr-196, nhr-197, nhr-198, nhr-199, nhr-2, nhr-20, nhr-201, nhr-202, nhr-203, nhr-204, nhr-205, nhr-206, nhr-207, nhr-208, nhr-209, nhr-21, nhr-210, nhr-211, nhr-212, nhr-213, nhr-214, nhr-216, nhr-217, nhr-218, nhr-219, nhr-22, nhr-221, nhr-222, nhr-223, nhr-225, nhr-226, nhr-227, nhr-228, nhr-229, nhr-23, nhr-230, nhr-231, nhr-232, nhr-234, nhr-236, nhr-237, nhr-238, nhr-239, nhr-241, nhr-242, nhr-243, nhr-245, nhr-247, nhr-248, nhr-25, nhr-251, nhr-252, nhr-253, nhr-254, nhr-255, nhr-256, nhr-257, nhr-258, nhr-26, nhr-260, nhr-261, nhr-262, nhr-264, nhr-265, nhr-267, nhr-268, nhr-269, nhr-27, nhr-270, nhr-271, nhr-272, nhr-273, nhr-274, nhr-275, nhr-276, nhr-277, nhr-28, nhr-281, nhr-283, nhr-285, nhr-286, nhr-290, nhr-291, nhr-3, nhr-30, nhr-31, nhr-32, nhr-34, nhr-35, nhr-36, nhr-37, nhr-38, nhr-39, nhr-4, nhr-40, nhr-41, nhr-42, nhr-43, nhr-44, nhr-45, nhr-46, nhr-47, nhr-48, nhr-49, nhr-5, nhr-50, nhr-51, nhr-52, nhr-53, nhr-54, nhr-55, nhr-56, nhr-57, nhr-58, nhr-59, nhr-6, nhr-60, nhr-61, nhr-62, nhr-63, nhr-64, nhr-65, nhr-66, nhr-67, nhr-68, nhr-69, nhr-7, nhr-70, nhr-71, nhr-72, nhr-73, nhr-74, nhr-76, nhr-77, nhr-78, nhr-79, nhr-8, nhr-80, nhr-81, nhr-82, nhr-84, nhr-85, nhr-86, nhr-87, nhr-88, nhr-89, nhr-9, nhr-90, nhr-91, nhr-92, nhr-93, nhr-94, nhr-95, nhr-96, nhr-97, nhr-98, nhr-99, odr-7, pag-3, pes-1, pha-4, pop-1, rnt-1, sbp-1, sdz-12, sea-1, sex-1, skn-1, sknr-1, sta-1, sta-2, svh-5, tbp-1, tbx-11, tbx-2, tbx-30, tbx-31, tbx-32, tbx-33, tbx-34, tbx-35, tbx-36, tbx-37, tbx-38, tbx-39, tbx-40, tbx-41, tbx-42, tbx-43, tbx-7, tbx-8, tbx-9, tra-4, ttx-1, unc-130, unc-30, unc-4, unc-55, unc-86, vab-15, vab-3, xbp-1, zip-11, zip-2, zip-3, zip-4, zip-5, zip-6, zip-7, zip-8, zip-9, ztf-16, ztf-2"
GO:0005667,52,"C06A6.2, F28F8.7, T13F2.2, Y105C5A.1, aha-1, cbp-1, ceh-32, ceh-33, ceh-34, ceh-74, ceh-88, cky-1, crh-1, dac-1, daf-5, dpl-1, dve-1, efl-1, efl-2, efl-3, egl-44, hcf-1, hel-1, hif-1, jun-1, ldb-1, lin-35, madf-10, madf-11, madf-2, madf-3, madf-4, madf-5, madf-8, madf-9, mdl-1, mxl-1, myrf-1, myrf-2, nhr-6, rcor-1, saeg-1, spr-1, sur-2, tbx-2, tbx-7, tbx-8, tbx-9, ubl-5, unc-37, unc-39, ztf-17"
GO:0006355,540,"C06E1.9, C29F9.5, C29F9.6, C34B4.2, C34E11.2, C49F5.5, C52B9.19, E01B7.2, F13C5.2, F19F10.1, F22F1.3, F58G1.2, K04C1.3, K04C2.2, K04F10.1, R09A8.1, R09A8.2, T12G3.2, T13F2.2, T27A8.2, Y105E8B.7, Y17G7B.17, Y47D7A.3, Y53C10A.15, Y67D8B.2, ZK1010.10, ZK1127.3, aha-1, ahr-1, aptf-1, aptf-2, aptf-3, aptf-4, arid-1, ascc-1, ast-1, atf-2, atf-4, atf-6, atf-7, atf-8, atfs-1, athp-2, bet-1, bet-2, cbp-1, cbp-2, cbp-3, ccar-1, cdc-5L, cebp-1, cebp-2, cec-7, ceh-18, ceh-32, ceh-33, ceh-34, ceh-37, ceh-40, ceh-6, ceh-60, cep-1, ces-2, crh-1, crh-2, ctr-9, daf-12, daf-14, daf-16, daf-19, daf-3, daf-8, dmd-10, dmd-3, dmd-4, dmd-5, dmd-6, dmd-7, dmd-8, dmd-9, dpl-1, dpr-1, dsc-1, eelo-1, efl-1, efl-2, efl-3, egl-13, egl-18, egl-27, egl-38, egl-43, egl-44, egl-46, elf-1, elt-1, elt-2, elt-3, elt-4, elt-6, elt-7, end-1, end-3, eor-1, ets-4, ets-5, ets-7, ets-8, ets-9, eya-1, eyg-1, fax-1, feh-1, fkh-10, fkh-2, fkh-3, fkh-4, fkh-5, fkh-6, fkh-7, fkh-8, fkh-9, flap-1, fos-1, fubl-1, fubl-2, fubl-3, fubl-4, fust-1, gfl-1, gldi-8, gon-4, gtf-2H3, ham-2, hcf-1, hif-1, hira-1, his-7, hizr-1, hlh-1, hlh-34, hmg-12, hsf-1, irx-1, jun-1, lag-1, ldb-1, let-23, let-381, let-607, let-765, lim-4, lim-6, lin-1, lin-31, lin-35, lin-37, lin-39, lin-40, lin-48, lin-52, lin-53, lin-54, lin-59, lin-61, lin-9, lsd-1, lsy-12, lsy-27, mab-10, mab-23, mab-3, mab-9, maf-1, mbtr-1, mdt-15, mdt-31, mec-3, med-1, med-2, mes-4, met-1, mls-1, mrg-1, mxl-1, myrf-1, myrf-2, mys-1, mys-2, mys-4, nfi-1, nfki-1, nfya-1, nfya-2, nfyb-1, nhr-1, nhr-10, nhr-100, nhr-101, nhr-102, nhr-103, nhr-104, nhr-105, nhr-106, nhr-107, nhr-108, nhr-109, nhr-11, nhr-110, nhr-111, nhr-112, nhr-113, nhr-114, nhr-115, nhr-116, nhr-117, nhr-118, nhr-119, nhr-12, nhr-120, nhr-121, nhr-122, nhr-123, nhr-124, nhr-125, nhr-126, nhr-127, nhr-128, nhr-129, nhr-13, nhr-130, nhr-131, nhr-132, nhr-133, nhr-134, nhr-135, nhr-136, nhr-137, nhr-138, nhr-139, nhr-14, nhr-140, nhr-141, nhr-142, nhr-143, nhr-145, nhr-146, nhr-147, nhr-148, nhr-149, nhr-15, nhr-150, nhr-152, nhr-153, nhr-154, nhr-155, nhr-156, nhr-157, nhr-158, nhr-159, nhr-16, nhr-161, nhr-162, nhr-163, nhr-164, nhr-165, nhr-166, nhr-167, nhr-168, nhr-169, nhr-17, nhr-170, nhr-171, nhr-172, nhr-173, nhr-174, nhr-175, nhr-176, nhr-177, nhr-178, nhr-179, nhr-18, nhr-180, nhr-181, nhr-182, nhr-183, nhr-184, nhr-185, nhr-186, nhr-187, nhr-188, nhr-189, nhr-19, nhr-190, nhr-192, nhr-193, nhr-195, nhr-196, nhr-197, nhr-198, nhr-199, nhr-2, nhr-20, nhr-201, nhr-202, nhr-203, nhr-204, nhr-205, nhr-206, nhr-207, nhr-208, nhr-209, nhr-21, nhr-210, nhr-211, nhr-212, nhr-213, nhr-214, nhr-216, nhr-217, nhr-218, nhr-219, nhr-22, nhr-221, nhr-222, nhr-223, nhr-225, nhr-226, nhr-227, nhr-228, nhr-229, nhr-23, nhr-230, nhr-231, nhr-232, nhr-233, nhr-234, nhr-236, nhr-237, nhr-238, nhr-239, nhr-241, nhr-242, nhr-243, nhr-245, nhr-247, nhr-248, nhr-25, nhr-251, nhr-252, nhr-253, nhr-254, nhr-255, nhr-256, nhr-257, nhr-258, nhr-26, nhr-260, nhr-261, nhr-262, nhr-264, nhr-265, nhr-267, nhr-268, nhr-269, nhr-27, nhr-270, nhr-271, nhr-272, nhr-273, nhr-274, nhr-275, nhr-276, nhr-277, nhr-28, nhr-281, nhr-283, nhr-285, nhr-286, nhr-290, nhr-291, nhr-3, nhr-30, nhr-31, nhr-32, nhr-34, nhr-35, nhr-36, nhr-37, nhr-38, nhr-39, nhr-4, nhr-40, nhr-41, nhr-42, nhr-43, nhr-44, nhr-45, nhr-46, nhr-47, nhr-48, nhr-49, nhr-5, nhr-50, nhr-51, nhr-52, nhr-53, nhr-54, nhr-55, nhr-56, nhr-57, nhr-58, nhr-59, nhr-6, nhr-60, nhr-61, nhr-62, nhr-63, nhr-64, nhr-65, nhr-66, nhr-67, nhr-68, nhr-69, nhr-7, nhr-70, nhr-71, nhr-72, nhr-73, nhr-74, nhr-76, nhr-77, nhr-78, nhr-79, nhr-8, nhr-80, nhr-81, nhr-82, nhr-84, nhr-85, nhr-86, nhr-87, nhr-88, nhr-89, nhr-9, nhr-90, nhr-91, nhr-92, nhr-93, nhr-94, nhr-95, nhr-96, nhr-97, nhr-98, nhr-99, nono-1, npax-1, npax-2, npax-3, npax-4, ntl-2.1, ntl-2.2, ntl-3, odr-7, pax-1, pax-2, pax-3, pcaf-1, pes-1, pha-4, prmt-1, prmt-5, prmt-7, prmt-9, pros-1, rba-1, rbr-2, rnt-1, rskn-2, sea-1, sepa-1, set-12, sex-1, sin-3, skn-1, sknr-1, sma-2, sma-3, sma-4, sor-3, spr-5, spt-4, sta-1, sta-2, svh-5, swsn-1, swsn-4, tag-294, tag-68, tbx-11, tbx-2, tbx-30, tbx-31, tbx-32, tbx-33, tbx-34, tbx-35, tbx-36, tbx-37, tbx-38, tbx-39, tbx-40, tbx-41, tbx-42, tbx-43, tbx-7, tbx-8, tbx-9, trr-1, ttx-3, unc-130, unc-3, unc-37, unc-4, unc-55, unc-62, unc-86, vab-3, xbp-1, zfp-2, zip-11, zip-2, zip-3, zip-4, zip-5, zip-6, zip-7, zip-8, zip-9, ztf-11"
GO:0006357,510,"C04F5.9, C06A6.2, C09F5.3, C10A4.1, C27A2.7, C30G4.4, C34B4.2, C34H4.5, C41D11.3, C52B9.19, C53D6.6, F19F10.1, F21A9.2, F26A10.2, F28F8.7, F47E1.20, F53C11.5, F56D1.1, F58G1.2, H16D19.3, K09A11.1, K11D2.4, M03D4.4, R10E4.11, T07D10.3, T12G3.2, T24H10.1, W04A8.1, Y105C5A.1, Y105C5A.15, Y105E8B.7, Y37E11B.1, ZK1127.3, ZK546.5, ada-2, aha-1, ahr-1, alr-1, arid-1, ast-1, atf-4, atf-6, atf-7, atf-8, atfs-1, bcl-11, bed-1, bed-3, bet-1, bir-1, blmp-1, bro-1, btbz-2, camt-1, ccct-1, ccnk-1, cdc-5L, cdk-1, cdk-8, cebp-1, cebp-2, ceh-1, ceh-10, ceh-100, ceh-12, ceh-13, ceh-14, ceh-16, ceh-17, ceh-18, ceh-19, ceh-2, ceh-21, ceh-22, ceh-23, ceh-24, ceh-27, ceh-28, ceh-30, ceh-31, ceh-32, ceh-33, ceh-34, ceh-36, ceh-37, ceh-38, ceh-39, ceh-40, ceh-41, ceh-43, ceh-44, ceh-45, ceh-48, ceh-49, ceh-5, ceh-51, ceh-53, ceh-54, ceh-58, ceh-6, ceh-60, ceh-62, ceh-63, ceh-7, ceh-74, ceh-8, ceh-83, ceh-87, ceh-88, ceh-89, ceh-9, ceh-93, ceh-99, ces-1, ces-2, cfi-1, che-1, cic-1, cit-1.1, cit-1.2, cky-1, cog-1, crh-1, crh-2, ctbp-1, cyh-1, cyl-1, dac-1, daf-12, daf-14, daf-16, daf-19, daf-3, dmd-10, dmd-4, dmd-5, dmd-6, dmd-7, dmd-8, dmd-9, dot-1.1, dpl-1, dpy-20, dpy-22, dsc-1, duxl-1, dve-1, efl-1, efl-2, efl-3, egl-13, egl-18, egl-27, egl-38, egl-43, egl-44, egrh-1, egrh-2, egrh-3, ehn-3, elf-1, elpc-3, elpc-4, elt-1, elt-2, elt-3, elt-4, elt-6, elt-7, end-1, end-3, eor-1, epc-1, ets-4, ets-5, ets-7, ets-8, ets-9, eyg-1, fax-1, fezf-1, fkh-10, fkh-2, fkh-3, fkh-4, fkh-6, fkh-7, fkh-8, fkh-9, fos-1, gei-17, gei-3, gei-8, gfl-1, gldi-8, glp-1, grh-1, gtf-2H2C, ham-1, ham-2, ham-3, hbl-1, hcf-1, hif-1, hinf-1, hlh-1, hlh-10, hlh-11, hlh-12, hlh-13, hlh-14, hlh-15, hlh-19, hlh-2, hlh-25, hlh-26, hlh-27, hlh-28, hlh-29, hlh-3, hlh-30, hlh-4, hlh-6, hlh-8, hnd-1, hrpk-1, irx-1, jhdm-1, jmjd-1.1, jmjd-1.2, klf-1, klf-2, klf-3, klu-1, klu-2, lag-1, let-19, let-381, let-391, let-49, let-526, let-607, lim-4, lim-6, lin-1, lin-11, lin-22, lin-29, lin-31, lin-35, lin-48, lin-49, lin-54, lin-9, lsl-1, lst-5, lsy-12, lsy-27, mab-3, mab-31, mab-9, madf-10, madf-11, madf-2, madf-3, madf-4, madf-5, madf-8, madf-9, maf-1, mbr-1, mdl-1, mdt-10, mdt-11, mdt-17, mdt-18, mdt-19, mdt-20, mdt-21, mdt-22, mdt-31, mdt-4, mdt-6, mdt-8, mec-3, mes-2, mig-32, miz-1, mls-1, mls-2, mml-1, mnat-1, mnm-2, mxl-2, mxl-3, mys-4, nfi-1, nfki-1, nfya-1, nfya-2, nfyb-1, nfyc-1, nhr-1, nhr-10, nhr-100, nhr-101, nhr-104, nhr-108, nhr-109, nhr-114, nhr-116, nhr-118, nhr-12, nhr-120, nhr-122, nhr-129, nhr-135, nhr-136, nhr-137, nhr-14, nhr-141, nhr-146, nhr-147, nhr-148, nhr-149, nhr-152, nhr-153, nhr-154, nhr-16, nhr-168, nhr-17, nhr-173, nhr-176, nhr-199, nhr-204, nhr-205, nhr-206, nhr-207, nhr-208, nhr-209, nhr-221, nhr-23, nhr-237, nhr-238, nhr-239, nhr-25, nhr-258, nhr-273, nhr-28, nhr-286, nhr-3, nhr-35, nhr-36, nhr-38, nhr-40, nhr-41, nhr-42, nhr-43, nhr-47, nhr-48, nhr-49, nhr-53, nhr-57, nhr-6, nhr-60, nhr-64, nhr-67, nhr-68, nhr-69, nhr-70, nhr-71, nhr-76, nhr-86, nhr-87, nhr-91, nhr-92, nhr-93, nob-1, npax-2, npax-3, nurf-1, odr-7, pag-3, pal-1, pat-9, pax-1, pax-2, pax-3, pes-1, pha-2, pha-4, phf-14, phf-15, phm-2, php-3, plp-1, plp-2, pop-1, pqm-1, pros-1, pzf-1, rcor-1, ref-1, ref-2, rgr-1, rnt-1, rpap-2, ruvb-1, ruvb-2, saeg-1, sbp-1, scpl-1, scrt-1, sdc-1, sdz-12, sea-1, sem-4, set-1, skn-1, sknr-1, sma-2, sma-3, sma-4, sma-9, smrc-1, sna-1, snai-1, snfc-5, sox-4, spr-1, spr-4, sprp-4, spt-5, sptf-2, sptf-3, ssup-72, sta-1, sta-2, sur-2, svh-5, swsn-2.2, swsn-6, swsn-9, syd-9, szy-5, tab-1, tag-68, tbx-11, tbx-2, tbx-31, tbx-32, tbx-33, tbx-34, tbx-35, tbx-36, tbx-37, tbx-38, tbx-39, tbx-40, tbx-41, tbx-42, tbx-43, tbx-7, tbx-8, tbx-9, tlk-1, tra-1, tra-4, tsct-1, tsct-2, ttx-1, ttx-3, unc-130, unc-3, unc-30, unc-39, unc-4, unc-42, unc-62, unc-86, unc-98, vab-15, vab-3, vab-7, zag-1, zfh-2, zfp-1, zfp-2, zip-11, zip-2, zip-3, zip-4, zip-5, zip-6, zip-8, zip-9, znf-236, ztf-1, ztf-14, ztf-15, ztf-16, ztf-17, ztf-23, ztf-25, ztf-27, ztf-28, ztf-29, ztf-3, ztf-6, ztf-8"
GO:0009410,24,"aha-1, ahr-1, avr-14, clk-1, cyp-35A1, cyp-35A2, cyp-35A3, cyp-35A4, cyp-35A5, cyp-35C1, gar-2, gar-3, gas-1, gbb-1, gbb-2, goa-1, nduf-6, ndus-8, nuo-1, pgp-5, slo-1, unc-1, unc-79, unc-80"
GO:0022008,8,"R74.7, aha-1, dagl-2, egl-17, htt-1, let-756, tag-30, unc-53"
GO:0030522,64,"aha-1, ahr-1, daf-12, fax-1, nhr-1, nhr-10, nhr-100, nhr-101, nhr-111, nhr-114, nhr-116, nhr-118, nhr-120, nhr-129, nhr-136, nhr-137, nhr-14, nhr-141, nhr-147, nhr-148, nhr-149, nhr-152, nhr-153, nhr-154, nhr-168, nhr-17, nhr-173, nhr-2, nhr-204, nhr-206, nhr-207, nhr-208, nhr-209, nhr-221, nhr-229, nhr-23, nhr-236, nhr-239, nhr-25, nhr-258, nhr-277, nhr-35, nhr-36, nhr-38, nhr-40, nhr-41, nhr-43, nhr-47, nhr-48, nhr-49, nhr-60, nhr-64, nhr-67, nhr-68, nhr-69, nhr-7, nhr-76, nhr-8, nhr-85, nhr-91, nhr-93, odr-7, sex-1, unc-55"
GO:0034751,2,"aha-1, ahr-1"
GO:0035176,3,"aha-1, daf-14, npr-1"
GO:0043565,395,"B0310.2, C04F5.9, C34B4.2, C41D11.3, C52B9.19, F19F10.1, F21D5.4, F56D1.1, H16D19.3, K04C1.3, K04C2.2, M03D4.4, T07D10.3, T27A8.2, Y53C10A.15, aha-1, aptf-3, aptf-4, ast-1, bro-1, btbz-2, ceh-13, ceh-16, ceh-22, ceh-34, cep-1, ces-1, cfi-1, che-1, cky-1, cps-6, daf-12, daf-16, dmd-10, dmd-3, dmd-4, dmd-5, dmd-6, dmd-7, dmd-8, dmd-9, dpr-1, dpy-27, egl-18, egl-27, egl-38, elf-1, elt-1, elt-2, elt-3, elt-4, elt-6, elt-7, end-1, end-3, ets-4, ets-5, ets-7, ets-8, ets-9, fax-1, fkh-10, fkh-2, fkh-3, fkh-4, fkh-5, fkh-6, fkh-7, fkh-8, fkh-9, flh-1, flh-2, flh-3, fos-1, grh-1, ham-2, hizr-1, hlh-14, hlh-2, hlh-3, hsf-1, jmjd-4, jun-1, lag-1, let-381, lin-1, lin-29, lin-31, lin-32, lin-39, lin-40, lonp-1, lsy-27, mab-23, mab-3, mdl-1, med-1, med-2, mef-2, mxl-1, myrf-1, myrf-2, nfi-1, nhr-1, nhr-10, nhr-100, nhr-101, nhr-102, nhr-103, nhr-104, nhr-105, nhr-106, nhr-107, nhr-108, nhr-109, nhr-11, nhr-110, nhr-111, nhr-112, nhr-113, nhr-114, nhr-115, nhr-116, nhr-117, nhr-118, nhr-119, nhr-12, nhr-120, nhr-121, nhr-122, nhr-123, nhr-124, nhr-125, nhr-126, nhr-127, nhr-128, nhr-129, nhr-13, nhr-130, nhr-131, nhr-132, nhr-133, nhr-134, nhr-135, nhr-136, nhr-137, nhr-138, nhr-139, nhr-14, nhr-140, nhr-141, nhr-142, nhr-143, nhr-145, nhr-146, nhr-147, nhr-148, nhr-149, nhr-15, nhr-150, nhr-152, nhr-153, nhr-154, nhr-155, nhr-156, nhr-157, nhr-158, nhr-159, nhr-16, nhr-161, nhr-162, nhr-163, nhr-164, nhr-165, nhr-166, nhr-167, nhr-168, nhr-169, nhr-17, nhr-170, nhr-171, nhr-172, nhr-173, nhr-174, nhr-175, nhr-176, nhr-177, nhr-178, nhr-179, nhr-18, nhr-180, nhr-181, nhr-182, nhr-183, nhr-184, nhr-185, nhr-186, nhr-187, nhr-188, nhr-189, nhr-19, nhr-190, nhr-192, nhr-193, nhr-195, nhr-196, nhr-197, nhr-198, nhr-199, nhr-2, nhr-20, nhr-201, nhr-202, nhr-203, nhr-204, nhr-205, nhr-206, nhr-207, nhr-208, nhr-209, nhr-21, nhr-210, nhr-211, nhr-212, nhr-213, nhr-214, nhr-216, nhr-217, nhr-218, nhr-219, nhr-22, nhr-221, nhr-222, nhr-223, nhr-225, nhr-226, nhr-227, nhr-228, nhr-229, nhr-23, nhr-230, nhr-231, nhr-232, nhr-234, nhr-236, nhr-237, nhr-238, nhr-239, nhr-241, nhr-242, nhr-243, nhr-245, nhr-247, nhr-248, nhr-25, nhr-251, nhr-252, nhr-253, nhr-254, nhr-255, nhr-256, nhr-257, nhr-258, nhr-26, nhr-260, nhr-261, nhr-262, nhr-264, nhr-265, nhr-267, nhr-268, nhr-269, nhr-27, nhr-270, nhr-271, nhr-272, nhr-273, nhr-274, nhr-275, nhr-276, nhr-277, nhr-28, nhr-281, nhr-283, nhr-285, nhr-286, nhr-290, nhr-291, nhr-3, nhr-30, nhr-31, nhr-32, nhr-34, nhr-35, nhr-36, nhr-37, nhr-38, nhr-39, nhr-4, nhr-40, nhr-41, nhr-42, nhr-43, nhr-44, nhr-45, nhr-46, nhr-47, nhr-48, nhr-49, nhr-5, nhr-50, nhr-51, nhr-52, nhr-53, nhr-54, nhr-55, nhr-56, nhr-57, nhr-58, nhr-59, nhr-6, nhr-60, nhr-61, nhr-62, nhr-63, nhr-64, nhr-65, nhr-66, nhr-67, nhr-68, nhr-69, nhr-7, nhr-70, nhr-71, nhr-72, nhr-73, nhr-74, nhr-76, nhr-77, nhr-78, nhr-79, nhr-8, nhr-80, nhr-81, nhr-82, nhr-84, nhr-85, nhr-86, nhr-87, nhr-88, nhr-89, nhr-9, nhr-90, nhr-91, nhr-92, nhr-93, nhr-94, nhr-95, nhr-96, nhr-97, nhr-98, nhr-99, nob-1, nsy-7, odr-7, pes-1, pha-4, phm-2, plp-1, pop-1, pzf-1, rnt-1, sdc-1, sdc-3, sel-7, sex-1, skn-1, snpc-1.1, snpc-1.2, snpc-1.3, snpc-1.4, sox-3, sta-1, svh-5, tbx-35, tra-1, unc-130, unc-30, unc-55, unc-86, vab-15, ztf-1, ztf-25, ztf-28, ztf-29"
GO:0045944,243,"C05C9.3, C27A2.7, C34H4.5, F36F2.1, F57G12.2, Y75B7B.2, aha-1, ahr-1, akir-1, alr-1, apr-1, aptf-1, aptf-2, aptf-3, aptf-4, ast-1, atf-2, atf-4, atf-6, atf-7, atfs-1, attf-5, bar-1, blmp-1, btf-1, camt-1, cbp-1, ccnk-1, cdk-7, cebp-1, cec-10, ceh-10, ceh-14, ceh-16, ceh-17, ceh-20, ceh-22, ceh-23, ceh-28, ceh-36, ceh-8, cep-1, ces-2, cfi-1, che-1, cic-1, cit-1.1, cit-1.2, cky-1, clk-1, cmk-1, cnd-1, crh-1, crtc-1, csb-1, daf-1, daf-12, daf-16, daf-19, daf-2, daf-4, daf-7, daf-8, dbl-1, dcp-66, dmd-3, dop-3, dpy-22, dve-1, egl-18, egl-38, egl-43, egl-44, egl-5, elt-1, elt-2, elt-3, elt-4, elt-6, elt-7, end-1, end-3, ets-4, fax-1, fkh-2, fkh-9, fos-1, glp-1, grh-1, ham-1, ham-3, hcf-1, hda-1, hif-1, his-67, hizr-1, hlh-1, hlh-14, hlh-16, hlh-17, hlh-2, hlh-3, hlh-30, hlh-31, hlh-32, hlh-4, hlh-6, hlh-8, hmg-1.2, hmp-2, hsf-1, hsr-9, ire-1, irx-1, isw-1, jun-1, lag-1, ldb-1, let-19, let-526, let-607, lim-4, lim-6, lim-7, lin-13, lin-26, lin-29, lin-32, lin-39, lin-41, lin-59, lpin-1, mab-3, mab-5, maf-1, mcrs-1, mdt-19, mec-3, med-1, med-2, mef-2, mep-1, mig-32, mls-2, mpk-1, mrg-1, mxl-1, mxl-3, nfi-1, nfyb-1, ngn-1, nhr-111, nhr-2, nhr-229, nhr-23, nhr-236, nhr-25, nhr-48, nhr-49, nhr-6, nhr-67, nhr-7, nhr-76, nhr-8, nhr-80, nhr-85, nsy-1, nurf-1, odr-7, pal-1, pax-2, pcaf-1, peb-1, pha-4, pmk-1, pop-1, pqn-15, pqn-21, pqn-73, ref-2, rha-1, rhgf-2, rnt-1, row-1, sam-10, sbp-1, sea-1, sea-2, sek-1, sel-8, sem-2, sem-4, set-16, set-27, set-29, sex-1, skn-1, sma-3, sma-6, smrd-1, sox-2, sox-3, sox-4, spat-3, spe-44, spr-3, sptf-3, sta-1, sumv-2, sup-37, swsn-4, sys-1, taf-10, taf-3, taf-9, tag-243, tax-2, tax-4, tbx-35, tir-1, tlf-1, tlp-1, tra-1, ttx-1, ttx-3, unc-120, unc-3, unc-30, unc-42, unc-55, unc-62, unc-86, vab-3, wrm-1, xbp-1, yap-1, zfp-2, zip-2, zip-3, zip-9, ztf-14, ztf-23, ztf-30"
GO:0046983,62,"B0545.4, C09E7.4, C10A4.1, C53D6.6, K09A11.1, ZK177.11, aha-1, ahr-1, anoh-1, cky-1, cnd-1, efl-1, gars-1, gon-14, hif-1, hip-1, hlh-1, hlh-10, hlh-11, hlh-12, hlh-13, hlh-14, hlh-15, hlh-16, hlh-17, hlh-19, hlh-2, hlh-25, hlh-26, hlh-27, hlh-28, hlh-29, hlh-3, hlh-30, hlh-31, hlh-32, hlh-33, hlh-34, hlh-4, hlh-6, hlh-8, hnd-1, lin-22, lin-23, lin-32, mdl-1, mef-2, mig-39, mml-1, mxl-1, mxl-2, mxl-3, ngn-1, ref-1, rilp-1, rpac-19, rpac-40, rpb-11, rpb-3, sbp-1, unc-120, wah-1"
GO:0061629,51,"F21A9.2, T24G10.2, aha-1, ahr-1, bar-1, cbp-1, ctbp-1, daf-8, dpl-1, efl-1, egl-27, egl-44, egl-46, egl-5, elt-3, fos-1, gei-17, glp-1, ham-3, hcf-1, hda-1, hda-4, hel-1, hif-1, hlh-15, hsp-4, hsp-60, jnk-1, jun-1, kgb-1, let-418, let-756, lin-12, lin-42, math-33, mec-3, nap-1, pmk-1, pop-1, rad-54.L2, ref-2, sir-2.4, swsn-2.2, sys-1, ubc-9, ulp-4, unc-37, unc-86, wdr-23, wdr-5.1, yap-1"
GO:0090575,32,"aha-1, cebp-1, cec-10, ceh-20, cky-1, dpl-1, efl-1, efl-2, efl-3, egl-44, ets-4, fos-1, glp-1, gtf-2F2, hlh-14, hlh-2, hlh-3, hlh-4, lag-1, lin-12, mab-5, mec-3, mxl-1, mxl-3, nhr-25, nhr-258, nhr-3, nhr-38, sel-8, unc-55, unc-86, yap-1"
GO:0101031,6,"aha-1, cdc-37, daf-41, hsp-90, pph-5, sti-1"
GO:0000976,14,"C34H4.5, Y75B7B.2, ahr-1, arid-1, ash-2, blmp-1, clk-1, elt-1, elt-2, hmg-1.2, lin-29, taf-1, taf-2, ztf-30"
GO:0004879,63,"ahr-1, daf-12, fax-1, nhr-1, nhr-10, nhr-100, nhr-101, nhr-111, nhr-114, nhr-116, nhr-118, nhr-120, nhr-129, nhr-136, nhr-137, nhr-14, nhr-141, nhr-147, nhr-148, nhr-149, nhr-152, nhr-153, nhr-154, nhr-168, nhr-17, nhr-173, nhr-2, nhr-204, nhr-206, nhr-207, nhr-208, nhr-209, nhr-221, nhr-229, nhr-23, nhr-236, nhr-239, nhr-25, nhr-258, nhr-277, nhr-35, nhr-36, nhr-38, nhr-40, nhr-41, nhr-43, nhr-47, nhr-48, nhr-49, nhr-60, nhr-64, nhr-67, nhr-68, nhr-69, nhr-7, nhr-76, nhr-8, nhr-85, nhr-91, nhr-93, odr-7, sex-1, unc-55"
GO:0006805,42,"ahr-1, cyp-23A1, cyp-33A1, cyp-33B1, cyp-33C1, cyp-33C11, cyp-33C12, cyp-33C2, cyp-33C3, cyp-33C4, cyp-33C5, cyp-33C6, cyp-33C7, cyp-33C8, cyp-33C9, cyp-33D1, cyp-33D3, cyp-33E1, cyp-33E2, cyp-33E3, cyp-34A1, cyp-34A10, cyp-34A2, cyp-34A5, cyp-34A6, cyp-34A7, cyp-34A8, cyp-34A9, cyp-35A1, cyp-35A2, cyp-35A3, cyp-35A4, cyp-35A5, cyp-35B1, cyp-35B2, cyp-35B3, cyp-35C1, cyp-35D1, cyp-36A1, dach-1, daf-9, klf-1"
GO:0007399,129,"C40H5.2, F11E6.8, ahr-1, apl-1, apr-1, asd-1, bam-2, bicd-1, cam-1, cdk-5, ced-10, ceh-10, ceh-14, ceh-17, ceh-23, ceh-24, ceh-28, ceh-30, ceh-36, ceh-54, cfz-2, chdp-1, clr-1, cnd-1, crb-1, cwn-1, cwn-2, cyy-1, daf-1, daf-11, ddr-1, ddr-2, dex-1, dhc-1, dlg-1, dlk-1, dpff-1, dpy-19, dyf-7, ect-2, efn-4, egl-43, egl-44, egl-46, fmi-1, fox-1, gfrl-1, him-4, hlh-14, hlh-2, hlh-3, hlh-34, hmr-1, imph-1, impt-1, ina-1, inx-19, ldb-1, lect-2, lin-10, lin-18, lin-32, lin-5, lis-1, max-2, mbr-1, mcm-4, mig-10, mig-21, mnm-2, mnr-1, nab-1, nhr-91, nrsn-1, nsy-1, oig-1, pak-1, pax-3, phf-10, pig-1, plx-1, plx-2, ppt-1, prk-2, ptp-3, ref-1, rig-6, sad-1, sam-10, sax-1, sek-1, sel-12, skr-1, sma-6, smp-1, smp-2, sor-3, spas-1, spn-4, strd-1, svh-2, swsn-6, syd-1, syg-1, syg-2, tax-4, tir-1, tlp-1, ttx-1, unc-104, unc-119, unc-129, unc-130, unc-33, unc-4, unc-40, unc-42, unc-51, unc-53, unc-6, unc-64, unc-83, unc-84, unc-86, vab-1, vab-8, vem-1, ztf-11, zyx-1"
GO:0034753,1,ahr-1
GO:0040013,10,"ahr-1, dgk-1, eat-16, flp-7, gpb-1, lury-1, npr-22, pde-4, stn-1, unc-32"
GO:0046982,106,"C04H5.1, F20D6.9, Y48E1C.1, Y54E2A.8, ZC155.2, ahr-1, atf-2, ces-2, cpar-1, drap-1, dro-1, hcp-3, his-1, his-10, his-11, his-12, his-13, his-14, his-15, his-16, his-17, his-18, his-19, his-2, his-20, his-21, his-22, his-25, his-26, his-27, his-28, his-29, his-3, his-30, his-31, his-32, his-33, his-34, his-35, his-37, his-38, his-39, his-4, his-40, his-41, his-42, his-43, his-44, his-45, his-46, his-47, his-48, his-49, his-5, his-50, his-51, his-52, his-53, his-54, his-55, his-56, his-57, his-58, his-59, his-6, his-60, his-61, his-62, his-63, his-64, his-65, his-66, his-67, his-68, his-69, his-7, his-70, his-71, his-72, his-73, his-74, his-8, his-9, hlh-10, hlh-2, hlh-3, htas-1, htz-1, lin-32, mdl-1, mxl-1, nfyb-1, nfyc-1, pole-3, pole-4, sos-1, taf-11.1, taf-11.2, taf-11.3, taf-12, taf-13, taf-3, taf-6.1, taf-8, taf-9, unc-33"
GO:1990837,6,"ahr-1, ces-2, che-1, dpy-20, grh-1, hsf-1"
GO:0005783,452,"B0495.7, B0511.12, C01F1.6, C04G6.4, C14B9.2, C14E2.4, C15C8.4, C26C6.9, C34F6.7, C44B7.11, C45B11.6, C47D12.2, C47E12.3, C50D2.7, C56C10.9, D2023.1, D2024.5, F01F1.11, F01F1.15, F02E9.1, F09E5.11, F10C2.5, F13H10.8, F18H3.4, F20D6.11, F21D5.7, F22B5.10, F23F1.2, F32D1.3, F36F2.1, F37B12.3, F38A1.8, F38B6.6, F44B9.5, F44E2.10, F44E5.5, F44E7.9, F46C5.9, F48E8.4, F49E8.8, H12D21.10, K05C4.2, K07B1.4, K08F4.3, K09A9.6, K10C3.4, K11G12.6, M01E11.1, M04D5.1, M05D6.5, M176.4, R04F11.5, R05D11.9, R07E5.19, R07E5.7, R10E4.9, R186.3, T01G1.4, T02E1.7, T06D8.9, T07A9.12, T10B10.4, T14G8.3, T22C1.6, T26C12.1, T27F6.6, W01A11.1, W03F9.1, W03G11.2, W04A8.4, W08F4.3, Y105E8A.2, Y37E11AM.3, Y38E10A.22, Y38F1A.2, Y42H9AR.2, Y43F8B.19, Y43F8C.7, Y47H9C.8, Y48E1B.17, Y49E10.4, Y52B11A.3, Y53G8B.2, Y54E2A.4, Y54G2A.18, Y57G11C.3, Y57G11C.33, Y59C2A.2, Y73F8A.26, Y76B12C.3, Y7A5A.1, Y92H12BL.1, ZC506.1, ZK1307.8, ZK418.5, ZK686.3, ZK792.7, ZK973.11, aagr-3, acl-1, acl-11, acl-12, acl-13, acl-14, acl-2, acl-4, acl-5, acl-8, acl-9, acs-13, acs-15, acs-17, acs-18, acs-22, acs-3, acs-4, acs-5, agmo-1, aip-1, aldo-1, algn-1, algn-10, algn-11, algn-12, algn-13, algn-14, algn-2, algn-3, algn-5, algn-6, algn-7, algn-8, algn-9, allo-1, aph-1, arf-1, art-1, arv-1, asna-1, atg-2, atln-1, bmy-1, bre-1, bus-18, calu-1, calu-2, car-1, catp-8, ccdc-47, cdc-50.B, cert-1, cest-17, cey-1, chat-1, chts-1, cisd-1, cnb-1, cni-1, cnx-1, cogc-3, copg-1, crld-1, crt-1, cth-2, cup-2, cyp-42A1, cytb-5.1, dad-1, der-2, dgat-2, dgtr-1, dhcr-24, dhhc-1, dhhc-10, dhhc-11, dhhc-12, dhhc-2, dhhc-3, dhhc-4, dhhc-6, dhhc-7, dhhc-8, dhhc-9, dhs-5, dnj-1, dnj-20, dnj-27, dnj-28, dnj-29, dnj-7, dnj-8, dolk-1, dpm-1, dpm-3, dpy-11, dpy-18, dpy-19, dsc-4, eas-1, emb-8, emc-1, emc-2, emc-5, emc-6, enpl-1, epg-3, epg-4, erd-2.1, erd-2.2, erg-28, ergi-1, ergi-2, ergi-3, erl-1, ero-1, erp-44.2, esyt-2, exl-1, farl-11, fath-1, fce-1, fce-2, fic-1, fitm-2, fkb-1, fkb-3, fkb-4, fkb-5, fkb-7, fmo-1, fmo-2, fmo-3, fmo-4, fmo-5, ges-1, glb-18, glr-1, gon-1, haf-6, hhat-1, hhat-2, hip-1, hmgr-1, hop-1, hrdl-1, hsp-3, hsp-4, hsp-70, hut-1, icmt-1, imp-2, ipla-1, ire-1, itr-1, jamp-1, jph-1, kqt-3, lem-4, let-268, let-767, lnp-1, lpin-1, maco-1, manf-1, mans-1, mans-2, mans-3, mans-4, mboa-1, mboa-2, mboa-6, memb-1, mogs-1, mom-1, myrf-1, myrf-2, nbet-1, nlf-1, npp-20, npp-25, nra-2, nra-4, nte-1, nte-2, odr-4, odr-8, ola-1, ooc-3, ooc-5, ostb-1, ostd-1, ostf-4, pad-2, parn-1, pdi-1, pdi-2, pdi-3, pdi-6, pdr-1, pek-1, pen-2, perm-3, pfd-2, pfut-1, pgap-1, pgap-2, phy-2, phy-3, phy-4, pigb-1, pigg-1, pigl-1, pigm-1, pign-1, pigo-1, pigq-1, pigs-1, pigu-1, pigv-1, pigw-1, pkd-2, pmr-1, png-1, prmt-1, pssy-1, pssy-2, pyk-2, rer-1, ret-1, rfth-1, rhy-1, rib-1, rib-2, ribo-1, ric-3, rml-1, rnf-121, rnf-5, rom-3, rom-4, rpl-27, rpl-6, rps-21, rps-23, rps-26, rps-28, rsd-2, sacm-1L, sar-1, sbp-1, sca-1, scp-1, sec-11, sec-12, sec-16A.1, sec-16A.2, sec-20, sec-22, sec-23, sec-24.2, sec-31, sec-61.A, sec-61.B, sec-61.G, sec-62, sedl-1, seip-1, sel-11, sel-12, sel-9, selt-1.1, serp-1.1, serp-1.2, set-18, sft-4, skn-1, slc-30A5, slc-30A9, slfl-3, smim-14, spcs-1, spcs-2, spcs-3, spe-10, spe-21, spe-4, spl-1, spl-2, spl-3, sptl-1, sqv-6, srdf-2.1, srdf-2.2, srdf-3, srp-1, srpa-68, srpa-72, stc-1, stdh-1, stdh-2, stdh-3, stdh-4, stim-1, strm-1, stt-3, sul-1, syx-18, tag-120, tat-3, tct-1, tex-2, tfg-1, tmed-1, tmed-10, tmed-12, tmed-13, tmed-3, tmed-4, tmem-131, tmem-208, tor-1, tor-2, trap-1, trap-2, trap-3, trap-4, tric-1B.1, tric-1B.2, trpp-1, trpp-3, trpp-4, trpp-5, ttll-12, txdc-12.1, txdc-12.2, ubc-14, ubc-15, ubc-23, ubc-26, ubxn-3, ubxn-4, ufbp-1, uggt-1, uggt-2, use-1, uso-1, vha-20, wrb-1, xbx-6, yif-1, ykt-6, zig-12"
GO:0008270,1049,"AC3.5, B0281.3, B0310.2, B0336.7, B0348.1, B0348.2, B0416.10, B0416.4, C01G6.4, C02B8.6, C02F5.12, C04F5.9, C05C8.7, C06A5.8, C08E8.1, C09E7.8, C09F5.3, C10E2.2, C13F10.7, C15F1.5, C16C10.8, C17G10.13, C17H11.6, C18B12.4, C23G10.7, C24B5.4, C26B9.6, C27A2.7, C28G1.6, C29F9.5, C29F9.6, C30F2.2, C32D5.10, C32D5.11, C32E8.1, C34F11.1, C34H4.5, C35D6.4, C36B1.9, C38D4.7, C45G7.4, C46E10.8, C49F5.5, C50C3.1, C55A6.1, C56A3.4, D2030.7, F01D4.5, F02C12.1, F02D8.4, F07A11.4, F07E5.5, F08G12.5, F10D7.5, F10E7.11, F10G7.10, F10G7.9, F14F9.3, F14F9.4, F16A11.1, F16F9.1, F19G12.1, F20H11.1, F21A9.2, F21D5.9, F22G12.4, F23B2.10, F23H11.2, F26A10.2, F26F12.3, F26F4.8, F27D4.4, F36G3.3, F37B4.10, F38C2.7, F40F12.9, F40G9.12, F40G9.14, F40G9.19, F41B5.1, F42C5.4, F42G2.5, F43C11.7, F43C11.8, F43G6.8, F44D12.10, F44E2.7, F46B6.12, F47E1.20, F47G9.4, F49B2.6, F52B5.7, F53A3.7, F53F8.3, F53H1.4, F54B11.5, F56A6.5, F56D1.1, F56D2.2, F56D2.5, F57C12.2, F57C9.4, F58G1.2, F59B2.14, H05L14.2, H08M01.1, H10E21.5, H16D19.3, H27A22.1, K02F6.1, K05F1.13, K07C5.3, K08D12.3, K09A11.1, K09F6.11, K09F6.7, K09H9.7, K11D12.12, K11D2.4, M03D4.4, M110.3, R02E12.12, R03G8.6, R05D3.3, R07E5.5, R10E4.11, R12G8.1, T01C3.3, T01G5.7, T02C1.1, T02C1.2, T04H1.5, T05A12.4, T06A4.1, T06A4.3, T07D10.3, T07F8.4, T08D2.4, T10B5.10, T12E12.6, T13A10.2, T16G12.1, T20F5.6, T20F5.7, T20F7.1, T22B2.1, T22B7.8, T22C1.1, T22C8.3, T23F6.3, T24D1.2, T24D1.3, T24H10.1, T26A8.4, T26C12.3, W01A8.6, W03F9.1, W04D2.4, Y105C5A.15, Y105C5B.11, Y105E8A.14, Y116A8C.19, Y116A8C.20, Y119C1A.1, Y17G7B.22, Y18H1A.9, Y19D10A.6, Y22D7AL.15, Y22D7AL.16, Y25C1A.8, Y34D9A.7, Y37D8A.26, Y37D8A.6, Y37D8A.8, Y37E11B.1, Y37E11B.5, Y37F4.6, Y38C1AA.19, Y38C1AA.6, Y38F1A.2, Y38H8A.2, Y40H7A.11, Y41C4A.11, Y42A5A.1, Y43E12A.2, Y43H11AL.1, Y45F10B.8, Y45F10B.9, Y45G12B.2, Y47G6A.14, Y47G6A.19, Y47G6A.31, Y48G8AR.2, Y49A3A.3, Y49E10.27, Y49F6B.9, Y4C6A.3, Y50D7A.13, Y50E8A.12, Y52E8A.2, Y53G8AM.4, Y53G8AM.7, Y53G8AR.5, Y53G8AR.9, Y53H1A.2, Y54E10A.11, Y54F10BM.6, Y54G2A.40, Y56A3A.28, Y57A10A.31, Y58A7A.3, Y58A7A.4, Y59C2A.1, Y5F2A.4, Y60A9.3, Y67D8B.1, Y67D8C.9, Y67H2A.10, Y6D1A.2, Y71F9AL.10, Y73C8C.8, Y75B8A.10, Y75B8A.6, Y87G2A.18, Y87G2A.19, ZC13.1, ZC373.5, ZC434.9, ZK1010.10, ZK1058.3, ZK1240.1, ZK1240.2, ZK1240.3, ZK1240.5, ZK1240.6, ZK1240.8, ZK1240.9, ZK1248.11, ZK287.1, ZK546.5, ZK632.12, ZK632.4, ZK637.14, ZK673.4, ZK686.5, ZK945.4, ZK970.8, ZK993.5, aars-1, aars-2, ada-2, adh-5, aip-1, ajm-1, aka-1, anp-1, apc-11, apn-1, app-1, arc-1, ari-1.1, ari-1.2, ari-1.3, ari-1.4, ari-2, ash-2, athp-1, athp-2, athp-3, baz-2, bca-1, bca-2, bcl-11, bed-1, bed-2, bed-3, blmp-1, bnc-1, bra-1, bra-2, brap-2, brc-1, brd-1, brf-1, cah-1, cah-2, cah-3, cah-4, cah-5, cah-6, cat-4, cbp-1, cbp-2, cbp-3, ccch-1, ccch-2, ccch-3, ccch-5, ccpp-1, ccpp-6, cdd-1, cdd-2, cep-1, ces-1, cfp-1, chd-3, che-1, chp-1, cid-1, clp-10, clp-9, cnt-1, cnt-2, cpd-1, cpd-2, cpsf-4, ctbp-1, cup-14, daf-12, daf-25, dct-13, dgk-1, dgk-3, dgk-4, die-1, dkf-1, dkf-2, dnj-10, dnj-12, dnj-17, dnj-19, dnpp-1, dpff-1, dpr-1, dpt-1, dpy-20, dpy-31, dre-1, dvc-1, dxbp-1, dyb-1, dys-1, dzpr-1, ebax-1, eco-1, eea-1, egc-2, egl-18, egl-21, egl-27, egl-43, egl-46, egl-9, egrh-1, egrh-2, egrh-3, ehn-3, eif-2beta, elof-1, elt-1, elt-2, elt-3, elt-4, elt-6, elt-7, end-1, end-3, eor-1, exc-14, exc-5, exc-9, fan-1, fax-1, fbxo-11.2, fezf-1, fkh-7, flh-1, flh-2, flh-3, fntb-1, fust-1, gei-13, gei-17, gex-5, ggtb-1, gid-2, git-1, gla-3, gldi-4, gldi-8, glh-1, glh-2, glh-3, glh-4, gon-1, grif-1, gtf-2H2C, gtf-2H3, gtsf-1, ham-2, har-2, hbl-1, hch-1, hda-6, hgrs-1, hinf-1, hizr-1, hrdl-1, ing-3, jmjd-1.1, jmjd-1.2, jmjd-2, kcmf-1, klf-1, klf-2, klf-3, klu-1, klu-2, ksr-1, ksr-2, lep-2, let-391, let-418, let-502, lim-9, lin-13, lin-15B, lin-26, lin-28, lin-29, lin-36, lin-40, lin-41, lin-45, lin-48, lin-49, lin-59, lir-1, lir-3, lnp-1, lsl-1, lst-2, lst-5, lsy-12, lsy-13, lsy-2, lsy-27, ltah-1.1, ltah-1.2, madd-2, map-1, marc-1, marc-2, marc-3, marc-4, marc-5, marc-6, mbl-1, mcd-1, mcm-10, mcm-2, mcm-4, med-1, med-2, mep-1, mes-4, met-2, metr-1, mex-1, mex-5, mex-6, mgrn-1, mib-1, mig-32, mig-39, mnat-1, mnm-2, moe-3, mrck-1, mstr-1, mstr-2, mtl-1, mtl-2, mtm-3, mtm-5, mtm-6, mys-1, mys-4, nape-1, nape-2, nas-1, nas-10, nas-11, nas-12, nas-13, nas-14, nas-15, nas-16, nas-17, nas-18, nas-19, nas-2, nas-20, nas-21, nas-22, nas-23, nas-24, nas-25, nas-27, nas-28, nas-29, nas-3, nas-30, nas-31, nas-32, nas-33, nas-36, nas-37, nas-38, nas-39, nas-4, nas-5, nas-6, nas-7, nas-8, nas-9, ncl-1, nep-2, nfx-1, nhl-1, nhl-2, nhl-3, nhr-1, nhr-10, nhr-100, nhr-101, nhr-102, nhr-103, nhr-104, nhr-105, nhr-106, nhr-107, nhr-108, nhr-109, nhr-11, nhr-110, nhr-111, nhr-112, nhr-113, nhr-114, nhr-115, nhr-116, nhr-117, nhr-118, nhr-119, nhr-12, nhr-120, nhr-121, nhr-122, nhr-123, nhr-124, nhr-125, nhr-126, nhr-127, nhr-128, nhr-129, nhr-13, nhr-130, nhr-131, nhr-132, nhr-133, nhr-134, nhr-135, nhr-136, nhr-137, nhr-138, nhr-139, nhr-14, nhr-140, nhr-141, nhr-142, nhr-143, nhr-145, nhr-146, nhr-147, nhr-148, nhr-149, nhr-15, nhr-150, nhr-152, nhr-153, nhr-154, nhr-155, nhr-156, nhr-157, nhr-158, nhr-159, nhr-16, nhr-161, nhr-162, nhr-163, nhr-164, nhr-165, nhr-166, nhr-167, nhr-168, nhr-169, nhr-17, nhr-170, nhr-171, nhr-172, nhr-173, nhr-174, nhr-175, nhr-176, nhr-177, nhr-178, nhr-179, nhr-18, nhr-180, nhr-181, nhr-182, nhr-183, nhr-184, nhr-185, nhr-186, nhr-187, nhr-188, nhr-189, nhr-19, nhr-190, nhr-192, nhr-193, nhr-195, nhr-196, nhr-197, nhr-198, nhr-199, nhr-2, nhr-20, nhr-201, nhr-202, nhr-203, nhr-204, nhr-205, nhr-206, nhr-207, nhr-208, nhr-209, nhr-21, nhr-210, nhr-211, nhr-212, nhr-213, nhr-214, nhr-216, nhr-217, nhr-218, nhr-219, nhr-22, nhr-221, nhr-222, nhr-223, nhr-225, nhr-226, nhr-227, nhr-228, nhr-229, nhr-23, nhr-230, nhr-231, nhr-232, nhr-233, nhr-234, nhr-236, nhr-237, nhr-238, nhr-239, nhr-241, nhr-242, nhr-243, nhr-245, nhr-247, nhr-248, nhr-25, nhr-251, nhr-252, nhr-253, nhr-254, nhr-255, nhr-256, nhr-257, nhr-258, nhr-26, nhr-260, nhr-261, nhr-262, nhr-264, nhr-265, nhr-267, nhr-268, nhr-269, nhr-27, nhr-270, nhr-271, nhr-272, nhr-273, nhr-274, nhr-275, nhr-276, nhr-277, nhr-28, nhr-281, nhr-283, nhr-285, nhr-286, nhr-290, nhr-291, nhr-3, nhr-30, nhr-31, nhr-32, nhr-34, nhr-35, nhr-36, nhr-37, nhr-38, nhr-39, nhr-4, nhr-40, nhr-41, nhr-42, nhr-43, nhr-44, nhr-45, nhr-46, nhr-47, nhr-48, nhr-49, nhr-5, nhr-50, nhr-51, nhr-52, nhr-53, nhr-54, nhr-55, nhr-56, nhr-57, nhr-58, nhr-59, nhr-6, nhr-60, nhr-61, nhr-62, nhr-63, nhr-64, nhr-65, nhr-66, nhr-67, nhr-68, nhr-69, nhr-7, nhr-70, nhr-71, nhr-72, nhr-73, nhr-74, nhr-76, nhr-77, nhr-78, nhr-79, nhr-8, nhr-80, nhr-81, nhr-82, nhr-84, nhr-85, nhr-86, nhr-87, nhr-88, nhr-89, nhr-9, nhr-90, nhr-91, nhr-92, nhr-93, nhr-94, nhr-95, nhr-96, nhr-97, nhr-98, nhr-99, nos-1, nos-2, nos-3, npl-4.1, npl-4.2, npp-27, npp-7, npp-9, nra-3, nse-1, ntl-4, nurf-1, odd-1, odd-2, odr-7, oma-1, oma-2, otub-2, pag-3, pam-1, par-2, parn-2, parp-1, pat-9, pdcd-2, pdr-1, peb-1, phf-10, phf-14, phf-15, phf-30, phf-31, phf-32, phf-33, phf-34, pie-1, pkc-1, pkc-2, pkc-3, plr-1, pola-1, pold-1, pole-1, polk-1, pos-1, ppk-3, pqm-1, prkl-1, prp-9, prx-10, prx-12, prx-2, pzf-1, rabn-5, rabs-5, rabx-5, rbf-1, rbm-22, rbm-26, rbm-5, rbpl-1, rbr-2, rbx-1, rbx-2, rcor-1, rcs-1, rde-11, ref-2, rege-1, repo-1, rfgp-1, rfgp-2, rfp-1, rgef-1, rike-1, rle-1, rnf-1, rnf-113, rnf-121, rnf-126, rnf-145, rnf-5, rnp-1, row-1, rpa-1, rpap-2, rpb-10, rpb-12, rpb-2, rpb-9, rpc-11, rpl-37.1, rpl-37.2, rpl-37A, rpm-1, rpoa-12, rps-27, rps-27A, rps-29, rpy-1, rsf-1, sacy-1, saeg-1, scrt-1, sdc-1, sdc-3, sdz-12, sdz-38, sea-2, sec-23, sec-24.1, sec-24.2, sel-11, sel-13, sem-4, set-10, set-11, set-14, set-16, set-18, set-26, set-30, set-8, set-9, sex-1, sfa-1, siah-1, sir-2.2, sir-2.3, sli-1, sluh-7, slx-1, sma-9, smap-1, smg-2, snai-1, snrp-3, snu-23, sod-4, somi-1, spat-3, spg-7, spr-1, spr-3, spr-4, sprp-4, spt-4, sptf-1, sptf-2, sptf-3, spv-1, sqst-1, sqst-2, sqst-3, sqst-4, sqst-5, sup-35, sup-37, suro-1, sut-2, sws-1, syd-9, szy-5, taf-2, taf-3, tag-294, tag-314, tag-77, tam-1, tes-1, tlp-1, toe-4, toh-1, top-3A, tpa-1, tra-1, tra-4, trf-1, trim-21, trip-4, trul-1, ttb-1, uaf-2, ubr-1, ubr-4, ubr-5, unc-10, unc-13, unc-3, unc-55, unc-98, unk-1, usp-3, usp-39, usp-5, uvs-1, valv-1, vav-1, vms-1, vps-11, vps-18, vps-41, wbp-4, wdfy-2, wdfy-3, xpa-1, xrn-2, zag-1, zchc-1A, zfh-2, zfp-1, zfp-2, zfp-3, zfr-1, zfyv-19, zgpa-1, zhit-1, zhit-2, zhit-3, zhp-1, zhp-2, zhp-3, zhp-4, zmp-1, zmp-2, zmp-3, zmp-4, zmp-5, zmp-6, znf-207, znf-236, znf-474, znf-593, znf-598, znf-622, znf-782, znfx-1, ztf-1, ztf-11, ztf-14, ztf-15, ztf-16, ztf-17, ztf-2, ztf-20, ztf-23, ztf-25, ztf-26, ztf-27, ztf-28, ztf-29, ztf-3, ztf-30, ztf-31, ztf-6, ztf-7, ztf-8"
GO:0043161,89,"C10G11.8, C53A5.11, C53A5.9, F37A4.5, F47D12.7, F56F11.4, F59E12.6, M18.6, Y57A10A.31, Y71F9AL.10, Y71H2AM.3, aip-1, atx-3, bath-40, bath-41, bath-42, bath-44, cdc-48.1, cdc-48.2, cdt-2, chn-1, csa-1, cul-2, cul-4, ddb-1, fem-1, fsn-1, gid-2, gid-7, gid-8, hecd-1, inso-1, ivns-1, kel-1, kel-10, kel-20, kel-3, kel-8, maea-1, mel-26, nhl-1, par-2, pas-1, pas-2, pas-3, pas-4, pas-5, pas-6, pbs-1, pbs-2, pbs-3, pbs-4, pbs-5, pbs-6, pbs-7, pry-1, rad-23, rbx-2, rike-1, rle-1, rnf-145, rpn-1, rpn-10, rpn-11, rpn-12, rpn-2, rpn-7, rpn-8, rpt-1, rpt-2, rpt-3, rpt-4, rpt-5, rpt-6, sel-11, siah-1, spe-26, spop-1, spsb-1, spsb-2, ubc-1, ubc-16, ubc-7, ubql-1, ubxn-2, ufd-3, usp-14, wdr-23, wwp-1"
GO:0045047,8,"F21D5.7, F25G6.8, F25G6.9, F38A1.8, aip-1, spcs-1, spcs-2, spcs-3"
GO:0046685,3,"abts-1, aip-1, gcs-1"
GO:0071218,7,"aip-1, chn-1, dnj-1, dnj-26, ooc-5, tor-1, tor-2"
GO:0000070,33,"air-1, air-2, brc-1, capg-1, capg-2, cpar-1, csr-1, cyb-3, cyk-4, dpy-26, dpy-28, hcp-1, hcp-3, hcp-4, hcp-6, him-10, him-18, kle-2, lem-3, lpin-1, mcm-7, mel-28, mix-1, rod-1, scc-2, scc-3, sdc-3, smc-4, spdl-1, tbg-1, top-2, wapl-1, zen-4"
GO:0000235,8,"air-1, cdc-14, dnc-1, ebp-1, maph-9, pph-6, saps-1, tpxl-1"
GO:0000776,63,"F54A3.2, T04H1.5, air-1, air-2, bir-1, bir-2, bub-1, bub-3, cls-1, cls-2, cls-3, czw-1, dhc-1, dnc-1, dnc-2, ebp-2, hcp-1, hcp-2, hcp-3, hcp-4, him-10, icp-1, kbp-1, kbp-2, kbp-3, kbp-4, kbp-5, klp-7, knl-1, knl-2, knl-3, lin-5, lis-1, mdf-1, mdf-2, mel-28, mis-12, ndc-80, npp-10, npp-15, npp-23, npp-5, nud-2, pal-1, pch-2, plk-1, plk-2, plk-3, prpf-4, rack-1, ran-1, rod-1, san-1, ska-1, spat-1, spdl-1, spot-1, sys-1, tac-1, wdr-5.2, wdr-5.3, zwl-1, zyg-9"
GO:0000794,32,"air-1, air-2, atl-1, brc-2, cdc-6, ceh-39, cid-1, csc-1, csr-1, dpy-26, dpy-28, drh-3, ego-1, ekl-1, him-3, him-8, klp-19, lin-14, lin-54, mei-2, nol-6, pal-1, rad-50, rad-51, rec-8, sep-1, smc-5, smc-6, syp-4, zim-1, zim-2, zim-3"
GO:0000922,34,"C54G6.2, F54A3.2, air-1, air-2, aspm-1, bmk-1, cdc-14, dhc-1, dnc-1, gip-1, kbp-1, kbp-2, klp-18, klp-7, knl-3, lin-5, mei-1, mei-2, mis-12, mop-25.2, ooc-5, pals-37, pam-1, plk-1, plk-2, plk-3, pph-6, rec-8, rmd-1, saps-1, spdl-1, sup-35, tac-1, zyg-9"
GO:0004674,306,"B0207.7, B0218.5, C01C4.3, C03C10.2, C05C12.1, C08F8.6, C09D4.3, C14A4.13, C16A11.10, C25H3.1, C27D6.11, C27D8.1, C28A5.6, C33G3.6, C34B2.3, C36B7.1, C36B7.2, C38C3.4, C44C10.7, C44H4.6, C49C8.1, C50F4.10, C55B7.10, C56C10.6, C56G2.5, D2024.1, D2045.5, D2045.7, E02H4.6, F02E8.4, F09C12.2, F14H3.12, F16B12.7, F20G4.2, F21F3.2, F22F1.2, F22H10.1, F23C8.8, F25F2.1, F26A1.3, F26A1.4, F28C10.3, F31E3.2, F33D11.7, F35C11.3, F36H12.9, F38E1.3, F39F10.2, F39F10.3, F41G3.5, F47F2.1, F48G7.10, F48G7.9, F52B5.2, F52C12.6, F53C3.1, F54H5.2, F59A6.4, H05L14.1, H40L08.3, K02E10.7, K04C1.5, K06H7.8, K07E3.2, K08H2.5, K09C6.2, K09C6.7, K09C6.8, K09E4.1, K11C4.1, K11H12.9, M03C11.1, M05D6.1, M7.7, R02C2.1, R04A9.7, R05H10.3, R06A10.4, R10D12.10, R10H10.7, R12G8.1, R13H9.6, T05A7.6, T05C12.1, T07F12.4, T11F8.4, T15B12.2, T19D12.5, T24D5.4, W02B12.12, W03G9.5, W04B5.5, W06F12.3, W09C3.1, Y105C5A.24, Y106G6D.4, Y106G6E.1, Y111B2A.1, Y38E10A.8, Y38H8A.4, Y39G8B.5, Y39G8C.2, Y43D4A.6, Y47G6A.13, Y53F4B.1, Y60A3A.16, Y65B4A.9, Y69F12A.1, Y71F9AL.2, ZC373.3, ZC581.2, ZK354.2, ZK354.6, ZK507.1, ZK524.4, ZK596.2, ZK666.8, aak-1, aak-2, air-1, air-2, akt-1, akt-2, ark-1, atl-1, atm-1, bed-2, bub-1, cat-6, cdc-7, cdk-1, cdk-11.1, cdk-11.2, cdk-12, cdk-14, cdk-2, cdk-4, cdk-5, cdk-7, cdk-8, cdk-9, cdkl-1, chk-1, chk-2, chkr-2, citk-1, citk-2, ckk-1, cmk-1, csnk-1, cst-1, cst-2, daf-1, daf-4, dapk-1, dkf-1, dkf-2, dlk-1, dyf-18, dyf-5, efk-1, egl-4, famk-1, flr-4, gakh-1, gck-1, gck-2, gck-3, gck-4, gcn-2, grk-1, grk-2, gsk-3, gskl-1, gskl-2, hasp-1, hasp-2, heri-1, hpk-1, hpo-11, ikke-1, ire-1, jkk-1, jnk-1, kgb-1, kgb-2, kin-1, kin-18, kin-19, kin-20, kin-29, kin-3, kin-33, kin-34, kin-35, kin-4, ksr-1, let-363, let-502, lin-45, lit-1, lrk-1, madd-3, mak-1, mak-2, mapk-15, max-2, mbk-1, mbk-2, mek-1, mek-2, mek-5, mekk-3, mig-15, mkk-4, mlck-1, mlk-1, mnk-1, mom-4, mpk-1, mpk-2, mps-1, mrck-1, mtk-1, nekl-1, nekl-2, nekl-3, nekl-4, nimk-1, nsy-1, pak-1, pak-2, par-1, par-4, pat-4, pct-1, pdk-1, pek-1, phkg-1, pig-1, pik-1, pink-1, pkc-1, pkc-2, pkc-3, pkg-2, pkn-1, plk-1, plk-2, plk-3, pmk-1, pmk-2, pmk-3, prde-1, prk-1, prk-2, prpf-4, riok-1, riok-2, riok-3, rskn-1, rskn-2, rsks-1, sad-1, sax-1, sek-1, sek-3, sek-6, sel-5, sgk-1, sma-5, sma-6, smg-1, spe-55, spe-6, spk-1, taf-1, tag-191, tag-344, tlk-1, tpa-1, ttbk-2.1, ttbk-2.2, ttbk-3, ttbk-4, ttbk-5, ttbk-6, ttbk-7, ttbk-8.1, ttbk-8.2, ttn-1, txt-2, unc-15, unc-22, unc-43, unc-51, unc-82, vps-15, vrk-1, wee-1.1, wee-1.3, wnk-1, wts-1, zak-1, zyg-1, zyg-8"
GO:0005813,89,"B0563.7, C54G6.2, F54A3.2, R08D7.5, T09B4.4, ZK430.5, air-1, air-2, bbs-1, bbs-4, cal-1, cal-2, cal-3, cal-4, cdc-14, cdc-42, cdk-1, ceph-41, che-10, cls-2, cmd-1, cyld-1, dli-1, dnc-1, dnc-2, dnc-4, dyrb-1, ebp-1, ebp-2, evl-20, flcn-1, grdn-1, ift-20, jtr-1, kin-19, klp-7, let-92, lin-5, lis-1, lron-7, mbk-2, mdf-2, mei-1, mex-5, noca-2, nud-2, oma-1, oma-2, paa-1, pals-37, pat-10, pcaf-1, pie-1, pig-1, plk-1, plk-2, plk-3, pph-4.1, ptr-25, rab-11.1, rack-1, rga-3, rha-1, rsa-1, rsa-2, sas-4, sas-6, sep-1, smo-1, spd-2, spd-5, spot-1, sys-1, szy-20, tac-1, tbc-19, tbg-1, tnc-2, toe-2, tpxl-1, ubxn-2, ulp-4, xbx-1, zen-4, zfyv-19, zyg-1, zyg-12, zyg-8, zyg-9"
GO:0005828,6,"air-1, klp-7, lfi-1, lin-5, ric-8, rod-1"
GO:0005876,21,"C16C8.18, F33H2.6, air-1, air-2, bmk-1, cls-1, cls-2, cls-3, dnc-2, dyn-1, dyrb-1, ify-1, rec-8, rmd-1, rmd-2, rmd-3, rmd-6, ska-1, sup-35, tbb-1, tbb-2"
GO:0006325,99,"B0025.4, C29F9.5, C29F9.6, C47E8.4, C49F5.5, D1053.2, F30F8.10, T01C3.2, Y17G9B.8, ZK1010.10, ZK1127.3, air-1, air-2, asfl-1, ash-2, bra-1, bra-2, cbp-1, cbp-2, cbp-3, cec-4, cec-7, chaf-2, chd-3, dcp-66, dot-1.1, dot-1.2, dot-1.3, dot-1.4, dot-1.5, ekl-4, gsp-1, gsp-2, ham-3, hat-1, hda-1, hda-11, hda-2, hda-3, hda-4, hda-6, hira-1, hpl-1, hpl-2, ing-3, isw-1, jhdm-1, jmjc-1, jmjd-1.1, jmjd-1.2, jmjd-2, jmjd-3.1, jmjd-3.3, lin-40, lin-53, lin-59, lron-7, lsd-1, mes-4, mrg-1, mys-1, nurf-1, pbrm-1, pcaf-1, picd-1, prmt-5, psr-1, rad-54.L2, rba-1, rbbp-5, rbr-2, rfp-1, rha-1, rrp-8, ruvb-1, ruvb-2, set-1, set-16, set-2, set-22, set-23, set-28, set-4, smrc-1, smrd-1, sop-2, spr-5, ssl-1, swsn-1, swsn-2.2, swsn-4, swsn-7, uad-2, unc-85, utx-1, wac-1.1, wdr-5.1, xnp-1, zfp-1"
GO:0007052,25,"F54A3.2, Y71H2AM.20, air-1, air-2, bir-1, bir-2, dhc-1, dnc-2, dnc-6, efhc-1, hcp-3, him-10, let-92, paa-1, plk-1, plk-2, plk-3, rmd-1, rsa-1, rsa-2, spd-1, spd-5, tac-1, tbg-1, zyg-9"
GO:0030261,20,"air-1, air-2, bir-1, capg-1, cul-2, dpy-26, dpy-27, dpy-28, hcp-6, hil-1, hil-2, hil-3, hil-4, hil-5, hil-6, his-24, kle-2, mix-1, rsf-1, smc-4"
GO:0030496,22,"Y73E7A.1, air-1, air-2, ani-1, bir-1, cdc-14, cyk-4, dnc-1, dyn-1, grp-1, jtr-1, lem-3, nmad-1, osgn-1, plk-1, rfip-1, sep-1, toe-2, unc-59, unc-61, zen-4, zfyv-19"
GO:0031616,5,"C54G6.2, air-1, top-1, tpxl-1, ubxn-2"
GO:0032133,6,"air-1, air-2, bir-1, bir-2, csc-1, icp-1"
GO:0032465,7,"air-1, air-2, cpg-1, cpg-2, rfip-1, tba-1, tba-2"
GO:0032506,2,"air-1, air-2"
GO:0051233,18,"air-1, air-2, aspm-1, bir-1, bir-2, bmk-1, cdc-14, cls-2, cyk-4, dnc-1, ebp-1, ebp-2, ebp-3, lem-3, lin-5, mdf-2, plk-1, zen-4"
GO:0051321,121,"R03H10.6, R03H10.7, air-1, air-2, akir-1, ani-1, apc-10, apc-11, apc-2, atz-1, bir-1, brc-2, bub-1, bub-3, capg-1, cav-1, cdc-25.1, cdc-26, cdk-1, cdk-2, cls-2, cpb-1, cra-1, csnk-1, cya-1, cyb-2.2, cyb-3, cye-1, dlc-1, dpff-1, dpy-26, dpy-28, elac-2, emb-1, emb-27, emb-30, etc-1, fzy-1, gck-1, gck-3, gfi-3, gip-1, gld-1, gld-2, gld-3, gld-4, gls-1, gras-1, gsp-1, gsp-2, him-10, him-14, him-3, him-6, htp-1, ify-1, ima-2, kle-2, klp-19, knl-1, knl-2, ksr-1, ksr-2, lem-3, lin-45, lip-1, mat-1, mat-3, mei-1, mei-2, meic-1, mek-2, mel-28, met-2, mett-10, mix-1, mog-3, mpk-1, mre-11, mrg-1, msh-5, ndc-80, pam-1, par-5, pch-2, pelo-1, plk-1, plk-2, ppfr-1, ppfr-4, pph-4.1, rad-50, rbx-1, rec-8, rfs-1, riok-1, rmh-1, rpa-1, scc-1, sep-1, smc-4, smc-5, smc-6, spo-11, such-1, syp-3, syp-4, tac-1, tim-1, top-2, wapl-1, wee-1.1, wee-1.3, ythc-2, zhp-1, zhp-2, zhp-3, zhp-4, zwl-1, zyg-11, zyg-9"
GO:0090307,14,"air-1, bmk-1, cls-1, cls-2, cls-3, hcp-3, hcp-4, icp-1, klp-15, klp-16, maph-9, mdf-1, rsa-1, tpxl-1"
GO:1904781,3,"air-1, cdk-2, cye-1"
GO:0000278,58,"C04G2.10, C06E4.5, C26E6.1, C55C3.8, F59E12.15, VY10G11R.1, Y48B6A.10, Y73B6A.1, ZK177.2, air-2, aspm-1, ben-1, bir-1, cdc-25.3, cdk-1, cdk-14, cdk-2, cdt-1, csc-1, ctf-4, cyb-1, cyb-2.1, cyb-2.2, cyb-3, cyd-1, cye-1, czw-1, dpy-28, gip-1, gon-2, hasp-1, hasp-2, hcp-3, hcp-4, him-6, icp-1, let-92, lst-4, mec-12, mec-7, pole-1, ptp-2, ska-1, skr-10, tba-1, tba-2, tba-4, tba-5, tba-6, tba-7, tba-8, tba-9, tbb-1, tbb-2, tbb-4, tbb-6, tbg-1, zyg-1"
GO:0000793,39,"air-2, baf-1, bir-1, capg-1, ccep-290, cdc-37, cpar-1, csc-1, daf-3, dsb-1, dsb-2, fcd-2, fzy-1, gcna-1, hcp-3, hcp-4, hcp-6, him-5, htp-3, htz-1, ify-1, klp-7, lab-1, lem-3, lin-5, mbk-2, mcm-2, mcm-3, mel-26, mix-1, pam-1, plk-1, scc-3, smc-4, swsn-2.2, trr-1, wee-1.3, zfp-1, ztf-8"
GO:0005694,223,"B0310.2, C09F5.3, C09H5.7, C23H4.6, F20D6.9, F25B3.4, F26A10.2, F52H3.6, JC8.7, K02F3.12, R10E4.11, T16G12.7, Y106G6D.5, Y37E11B.1, ZK354.9, air-2, ama-1, atf-7, atl-1, baz-2, bet-1, bir-1, bra-1, bra-2, brc-1, brc-2, brd-1, bub-1, bub-3, capg-1, cdk-1, cec-1, cec-3, ceh-37, ceh-39, clk-2, cls-2, coh-1, cpar-1, cra-1, csc-1, cus-2, czw-1, daf-3, dot-1.1, dpy-21, dpy-26, dpy-27, dpy-28, dvc-1, dyrb-1, egl-38, ekl-4, fzy-1, gcna-1, gsp-2, gsp-3, gsp-4, gtf-2H5, hasp-1, hcp-3, hcp-4, hcp-6, hda-1, helq-1, hil-1, hil-2, hil-3, hil-4, hil-5, hil-6, him-1, him-10, him-3, him-6, his-24, his-35, his-40, his-41, his-44, his-57, his-66, his-67, his-69, his-7, his-70, his-71, his-72, his-74, his-8, his-9, hmg-3, hmg-4, hmg-5, hpl-2, hrpa-1, htas-1, htp-1, htp-2, htp-3, htz-1, icp-1, ify-1, ints-8, kbp-2, kbp-3, kin-20, kle-2, klp-19, klp-7, knl-1, knl-2, lab-1, lem-2, lem-3, let-70, lin-5, lin-53, lin-54, lin-61, lis-1, lst-5, mbk-2, mcm-4, mei-1, mel-28, mes-4, met-1, met-2, mix-1, mre-11, mrg-1, mrt-1, msh-5, ndc-80, nol-6, npp-10, npp-5, nse-4, pal-1, pam-1, pat-9, pax-2, pbrm-1, pch-2, plk-1, plk-2, plp-1, pole-2, pot-1, pot-2, pot-3, pph-1, pqm-1, prde-1, prpf-4, rad-50, ran-1, rcq-5, rec-8, rfc-3, rmh-1, rod-1, rsr-2, sahd-1, scc-1, scc-2, scc-3, sdc-1, sdc-2, sdc-3, sep-1, set-1, set-11, set-12, set-23, set-25, set-4, set-6, set-8, sgo-1, sig-7, ska-1, smc-3, smc-4, smc-5, smc-6, smo-1, smrd-1, spdl-1, spe-44, spo-11, spot-1, spt-16, swsn-2.2, syp-1, syp-2, syp-3, syp-4, syp-5, syp-6, sys-1, szy-20, tac-1, tank-1, toe-2, top-1, top-2, trr-1, trt-1, trul-1, ubxn-3, usp-48, uvs-1, wrn-1, zfp-1, zhp-1, zhp-2, zhp-3, zhp-4, znfx-1, ztf-6, zwl-1"
GO:0005819,52,"C25H3.14, C25H3.3, R07E4.1, air-2, ani-1, aspm-1, bir-1, bmk-1, cdc-14, cls-2, csc-1, cyk-4, czw-1, dhc-1, dnc-1, dyn-1, dyrb-1, flcn-1, gpr-1, gpr-2, hasp-1, hcp-1, icp-1, ify-1, jtr-1, klp-19, klp-7, lem-3, lin-5, mei-1, mms-19, ooc-5, paa-1, pie-1, pinn-4, pph-5, rab-11.1, ric-8, rod-1, sbds-1, sep-1, ska-1, smo-1, spas-1, spd-1, spot-1, tac-1, tbg-1, top-2, zen-4, zwl-1, zyg-8"
GO:0006338,121,"C04G2.10, C06E4.5, C26E6.1, C29F9.5, C29F9.6, C49F5.5, C55C3.8, F13C5.2, F30F8.10, F53H4.6, F59E12.15, R09A8.1, R09A8.2, VY10G11R.1, Y105E8B.7, Y38A10A.7, Y43D4A.6, Y48B6A.10, Y55F3AM.9, ZK1010.10, ZK177.2, ada-2, air-2, amx-1, athp-2, bet-1, bet-2, cbp-1, cbp-2, cbp-3, chd-3, chd-7, chk-1, dpff-1, dpy-21, dve-1, ekl-4, fib-1, gfi-1, gfl-1, ham-3, hasp-1, hasp-2, hcf-1, hira-1, his-24, hmg-1.1, hmg-5, isw-1, jhdm-1, jmjc-1, jmjd-1.1, jmjd-1.2, jmjd-2, jmjd-3.1, jmjd-3.2, jmjd-3.3, jmjd-5, kin-33, kin-34, let-418, let-526, lin-53, lin-59, lin-65, lsy-12, mes-2, met-1, mig-32, mys-1, mys-2, mys-4, pbrm-1, pcaf-1, phf-10, pie-1, prmt-1, prmt-5, prmt-7, prmt-9, psr-1, rad-54.L2, rba-1, rbr-2, ruvb-1, ruvb-2, set-1, set-11, set-12, set-13, set-15, set-16, set-17, set-18, set-19, set-2, set-20, set-21, set-23, set-26, set-27, set-29, set-30, set-32, set-4, set-8, set-9, snfc-5, ssl-1, swsn-1, swsn-2.2, swsn-3, swsn-4, swsn-6, swsn-7, swsn-9, taf-1, txt-2, utx-1, xnp-1, zhit-1"
GO:0007059,43,"F30F8.10, ZK430.5, air-2, atx-2, baf-1, bir-1, bir-2, ciao-2B, cra-1, czw-1, dnc-1, dnc-2, dpy-28, emr-1, erh-2, him-1, him-6, hus-1, icp-1, klp-15, klp-16, klp-17, klp-3, klp-7, knl-1, knl-2, lem-2, mau-2, npp-5, nud-2, pid-3, rmd-1, rod-1, sep-1, sgo-1, ska-1, spdl-1, tam-1, tlk-1, tofu-6, top-1, tost-1, zyg-12"
GO:0015630,30,"C18B2.5, C56C10.6, F54H5.2, K06H7.8, R02E12.4, T05H4.3, air-2, arl-3, bir-1, ccpp-1, ccpp-6, csc-1, dhc-1, dlc-1, dlc-2, evl-20, icp-1, kin-4, klp-17, klp-3, maph-1.1, spas-1, tag-191, tbca-1, ttbk-4, ttbk-5, ttbk-7, unc-59, unc-61, zyg-8"
GO:0019894,13,"air-2, anc-1, kap-1, kca-1, klc-1, klc-2, osm-5, pkhm-2, ptl-1, syd-2, tcc-1, unc-16, unc-76"
GO:0031991,3,"air-2, par-4, zen-4"
GO:0045184,4,"air-2, ced-1, dyf-11, knl-1"
GO:0051117,9,"air-2, clpp-1, helq-1, num-1, rfs-1, unc-32, vha-5, vha-6, vha-7"
GO:0051256,9,"air-2, bir-1, cdc-14, cls-2, csc-1, cyk-4, icp-1, spd-1, zen-4"
GO:0051257,7,"air-2, bub-1, cls-2, hcp-1, hcp-2, klp-19, zen-4"
GO:0051301,169,"F53H4.6, Y41D4B.4, Y43F4A.1, Y48G1C.12, Y71G12B.27, ZK353.10, air-2, ani-1, apc-1, apc-10, apc-11, apc-2, apr-1, arl-8, atx-2, bir-1, bmk-1, bub-1, bub-3, capg-1, cdc-14, cdc-25.1, cdc-25.2, cdc-25.3, cdc-25.4, cdc-26, cdc-42, cdc-48.3, cdc-6, cdk-1, cdk-2, cdk-4, cdk-5, cdk-7, chk-2, cin-4, cks-1, cls-1, cls-2, cpg-1, cpg-2, csb-1, csc-1, csnk-1, cul-1, cul-2, cya-1, cyb-1, cyb-2.1, cyb-2.2, cyb-3, cyd-1, cye-1, cyy-1, czw-1, dlc-1, dnc-1, dpy-26, dpy-28, ebp-1, ebp-2, emb-1, emb-27, emb-30, ensa-1, erh-2, evl-14, evl-18, evl-20, figl-1, fzr-1, fzy-1, gfi-3, goa-1, gpa-16, gpb-1, gpr-1, gpr-2, gsp-1, gsp-2, hcp-6, him-1, him-10, ify-1, ints-13, jtr-1, kbp-2, kbp-3, kle-2, klp-19, klp-7, knl-1, knl-2, lem-3, lem-4, let-99, lig-1, lin-23, lin-5, lip-1, lis-1, mat-1, mat-3, mau-2, mdf-1, mdf-2, mei-1, mei-2, mel-28, mes-1, mett-10, mix-1, mlc-5, ndc-80, nop-1, npp-10, npp-19, npp-20, npp-5, par-3, par-6, pelo-1, pid-3, plk-1, pph-4.1, ptc-1, puf-5, puf-6, puf-7, rad-54.B, rad-54.L, ran-1, ran-2, ran-3, rbx-1, rei-1, rei-2, rha-1, rho-1, rmd-1, rod-1, scc-1, scc-3, sep-1, sgo-1, ska-1, smc-3, smc-4, smcl-1, spat-1, spdl-1, spg-20, such-1, szy-2, szy-20, tac-1, tim-1, tipn-1, tofu-6, top-2, tost-1, unc-104, unc-59, usp-39, vps-4, wee-1.1, zwl-1, zyg-1, zyg-9"
GO:0090267,4,"air-2, bir-1, csc-1, icp-1"
GO:0106310,133,"C01C4.3, C03C10.2, F09C12.2, F31E3.2, F47F2.1, K06H7.8, ZK507.1, aak-1, aak-2, air-2, akt-1, akt-2, ark-1, atl-1, atm-1, bub-1, cdk-1, cdk-11.1, cdk-11.2, cdk-12, cdk-2, cdk-4, cdk-5, cdk-7, cdk-8, cdk-9, cdkl-1, chk-1, chk-2, ckk-1, cmk-1, csnk-1, cst-1, dapk-1, dkf-1, dkf-2, dlk-1, dyf-5, egl-4, famk-1, flr-4, gck-1, gck-2, gck-3, gcn-2, gskl-1, hpk-1, ikke-1, ire-1, jkk-1, jnk-1, kgb-1, kgb-2, kin-1, kin-18, kin-19, kin-20, kin-29, kin-3, ksr-1, let-363, let-502, lin-45, lit-1, lrk-1, mak-1, mak-2, mapk-15, max-2, mbk-1, mbk-2, mek-1, mek-2, mig-15, mkk-4, mlk-1, mnk-1, mom-4, mpk-1, mpk-2, mrck-1, nekl-2, nekl-3, nekl-4, nsy-1, pak-1, pak-2, par-1, par-4, pct-1, pdk-1, pek-1, pig-1, pik-1, pink-1, pkc-1, pkc-2, pkc-3, plk-1, plk-2, plk-3, pmk-1, pmk-2, pmk-3, prk-2, riok-1, riok-2, riok-3, rskn-1, rskn-2, rsks-1, sad-1, sax-1, sek-1, sel-5, sgk-1, sma-5, smg-1, spe-6, spk-1, tlk-1, tpa-1, ttn-1, unc-22, unc-43, unc-51, vrk-1, wee-1.1, wee-1.3, wnk-1, wts-1, zyg-1, zyg-8"
GO:0140996,1,air-2
GO:1901970,8,"air-2, bir-1, csc-1, icp-1, knl-3, ndc-80, rod-1, spdl-1"
GO:0005911,30,"afd-1, ajm-1, alp-1, cdh-4, clc-1, csk-1, frk-1, hmr-1, igcm-1, igcm-2, let-23, lin-2, lin-7, ltd-1, magu-1, magu-3, mapk-15, pin-2, spv-1, syg-1, syg-2, toca-1, toca-2, unc-1, unc-7, unc-9, unc-97, vab-19, vab-9, yap-1"
GO:0005912,51,"ZK1321.4, afd-1, ajm-1, alp-1, apr-1, bar-1, cdh-1, cdh-12, cdh-5, cdh-7, cdh-8, deb-1, dlg-1, egl-8, erm-1, fmi-1, frm-1, frm-2, frm-3, gip-2, him-4, hmp-1, hmp-2, hmr-1, igcm-3, itx-1, jac-1, kin-20, let-502, lon-1, magi-1, magu-2, mel-11, nfm-1, nmy-1, noca-1, pac-1, par-3, pat-4, picc-1, pix-1, ptc-3, ptp-3, pxl-1, sax-7, sorb-1, srgp-1, tbg-1, unc-97, wrm-1, zoo-1"
GO:0008092,16,"T28D6.6, ajm-1, dnc-1, dyb-1, eps-8, erm-1, frm-1, frm-2, frm-3, lev-11, nfm-1, nmy-1, ptp-1, unc-15, unc-96, unc-98"
GO:0016327,2,"ajm-1, kri-1"
GO:0036064,45,"F09G8.5, F26F2.7, F59G1.4, H03A11.2, T08G11.3, ajm-1, bbs-1, bbs-2, bbs-4, bbs-5, bbs-8, bbs-9, ccpp-6, cfap-20, che-10, che-11, che-13, che-2, daf-10, dyf-1, dyf-11, dyf-13, dyf-19, gasr-8, grdn-1, ift-20, ift-81, ifta-1, jbts-14, mapk-15, mks-5, mksr-2, nphp-1, nphp-4, osm-1, osm-12, osm-3, osm-5, osm-6, rilp-1, ttll-11, ttll-4, ttll-5, ttll-9, xbx-1"
GO:0043296,7,"ajm-1, dec-7, dlg-1, exc-4, hmp-1, par-3, vha-17"
GO:0044292,6,"ajm-1, bbs-8, mks-6, mksr-2, tram-1, unc-47"
GO:0045216,4,"ajm-1, pin-2, unc-97, zoo-1"
GO:0070161,74,"ajm-1, apr-1, bar-1, bbln-1, cdh-3, che-7, deb-1, dec-7, dlg-1, eat-5, egl-8, emb-27, fbp-1, frk-1, frm-2, gip-2, hmp-1, hmp-2, hmr-1, inx-1, inx-10, inx-11, inx-12, inx-13, inx-14, inx-15, inx-16, inx-17, inx-18, inx-19, inx-2, inx-20, inx-21, inx-22, inx-3, inx-5, inx-6, inx-7, inx-8, inx-9, jac-1, kin-20, lect-2, lin-7, mapk-15, mig-5, mua-3, mua-6, mup-4, nlr-1, noca-1, pac-1, par-6, pat-12, pat-3, pat-4, picc-1, ptc-3, ptp-3, pxl-1, rnf-5, sdn-1, sorb-1, tbg-1, toca-1, toca-2, tth-1, unc-1, unc-7, unc-9, unc-95, unc-97, vab-9, zyx-1"
GO:0016197,22,"Y73B6BL.289, aka-1, blos-1, blos-2, blos-4, dnpp-1, dsbn-1, ehs-1, gbf-1, glo-2, gop-1, itsn-1, lst-4, mutd-1, rab-7, sel-2, snpn-1, sorf-1, sorf-2, vps-16, vps-4, wshc-4"
GO:0031901,25,"aka-1, chat-1, cnt-1, ehbp-1, emc-5, lst-2, marc-4, marc-5, mig-14, ocrl-1, rab-10, rab-14, rab-5, snx-3, sorf-1, sorf-2, tat-1, tsp-12, tsp-14, vps-11, vps-16, vps-18, vps-33.2, vps-41, vps-8"
GO:0032266,16,"F55D12.2, ZK632.12, aka-1, atg-18, atg-2, bbs-5, eea-1, epg-6, hgrs-1, lst-2, ppk-3, rabs-5, snx-3, vps-36, wdfy-2, zfyv-19"
GO:0002376,27,"Y17G9B.5, akir-1, akt-1, akt-2, atfs-1, cebp-2, daf-16, daf-2, dapk-1, dkf-2, drh-1, drh-3, irg-1, irg-2, irg-7, lys-1, lys-2, lys-5, lys-7, marc-4, marc-5, nasp-1, rpc-2, skpo-1, tir-1, tli-1, zip-2"
GO:0005516,54,"F39H12.3, akt-1, aspm-1, cash-1, ckk-1, cmk-1, dpy-6, efk-1, egl-2, gly-2, hda-4, hsf-1, hum-4, hum-7, hum-8, kcnl-1, kcnl-2, kcnl-3, kcnl-4, kqt-3, lin-2, mak-1, mak-2, mca-1, mca-2, mca-3, mnk-1, ncx-1, ncx-2, ncx-3, nmy-1, nmy-2, npp-1, obr-4, par-4, pbo-4, pde-1, pes-7, phka-1, phkb-1, phkg-1, ppk-1, ptrn-1, rpl-7A, sox-4, spc-1, spe-15, tag-342, tax-6, ugt-48, unc-13, unc-22, unc-43, unc-53"
GO:0005547,9,"F23H11.4, akt-1, akt-2, ced-12, cnt-1, lst-4, par-2, sgk-1, snx-1"
GO:0008289,85,"C05C9.1, C06E8.5, C06G1.1, C07G3.10, C55C3.1, EEED8.2, F01G10.10, F07F6.7, F07F6.8, F10D11.6, F40A3.3, F44A2.3, F49E10.4, F54H5.14, K02D3.2, T19C3.5, Y47G6A.18, Y82E9BR.3, ZC513.2, acbp-1, acbp-3, acbp-4, acbp-5, acbp-6, acbp-7, akt-1, atg-18, ced-12, cert-1, chup-1, cnt-1, daf-18, daf-22, drp-1, dsc-4, eat-3, epg-6, epn-1, esyt-2, far-1, far-2, far-3, far-4, far-5, far-6, far-7, far-8, fis-1, fis-2, gei-1, ghi-1, lbp-1, lbp-2, lbp-3, lbp-4, lbp-5, lbp-6, lbp-7, lbp-8, lbp-9, lea-1, let-23, lst-4, maa-1, manf-1, mtm-3, nlt-1, nrf-5, nrf-6, obr-1, obr-2, obr-3, obr-4, pdzd-8, perm-5, scp-1, snx-17, snx-3, strl-1, strt-10, strt-7, tag-340, tex-2, unc-119, unc-31"
GO:0009898,17,"M04F3.5, R12C12.5, akt-1, ave-1, cav-1, ced-10, ced-6, chc-1, chmp-7, cnt-1, cyk-1, daf-18, dkf-2, mig-2, mlt-8, sto-3, vps-32.1"
GO:0030424,199,"C44H4.6, DH11.5, T27E4.1, aak-2, abi-1, acc-4, akt-1, asna-1, atg-13, bam-2, bec-1, bra-1, cam-1, casy-1, cat-2, cccp-1, cdk-5, cdka-1, cebp-1, cho-1, cil-7, cla-1, cpx-1, cyy-1, daf-18, daf-2, dat-1, ddr-1, ddr-2, dgk-1, dkf-1, dlk-1, dnc-1, dsc-1, dyc-1, dyf-3, dyf-5, dyn-1, eat-20, ebax-1, efn-4, egl-21, egl-3, egl-30, egl-47, egl-8, egl-9, ehs-1, elks-1, elt-1, fax-1, fbxl-1, flp-14, fmi-1, gar-2, gars-1, gcy-28, glo-4, glp-1, gpa-13, gpa-2, gpa-3, gpa-5, gpa-6, gskl-1, gur-3, hen-1, hot-1, hot-2, hot-3, hot-4, hot-5, hot-8, hot-9, hyl-1, ida-1, inpp-5K, jkk-1, jnk-1, kin-10, kin-3, klp-4, klp-6, kpc-1, kvs-4, let-92, lgc-46, lite-1, madd-4, maph-1.1, mau-2, mec-12, mec-4, mec-6, mig-13, mpz-1, ncam-1, ncx-1, ncx-2, ncx-3, nlg-1, npr-1, nsy-1, nsy-4, odr-2, odr-4, oig-1, osm-10, pag-3, pak-1, pat-6, pcm-1, pct-1, pdk-1, pef-1, pin-2, pkd-2, plr-1, pmk-3, ppk-3, ptl-1, ptrn-1, qui-1, rab-10, rac-2, rack-1, rae-1, ret-1, rhgf-2, rig-3, rig-6, rpm-1, rsks-1, rund-1, sad-1, sax-1, sax-3, sax-7, seb-3, sel-10, selt-1.2, slo-2, snb-1, snt-1, snt-2, snt-3, snt-4, snt-5, snt-6, sphk-1, sru-38, strd-1, sumv-1, supr-1, syd-2, syg-1, tac-1, tax-6, tba-1, tdc-1, tiam-1, tir-1, tns-1, trx-1, tsp-17, ttll-11, ttx-3, tub-1, uev-3, unc-1, unc-10, unc-104, unc-108, unc-119, unc-16, unc-18, unc-25, unc-31, unc-33, unc-4, unc-43, unc-51, unc-6, unc-64, unc-69, unc-73, unc-76, unc-77, unc-79, unc-80, vab-1, vab-2, vem-1, wdr-23, wrk-1, zig-1, zig-11, zig-3, zyx-1"
GO:0030425,130,"C36B1.14, F54F2.7, abi-1, akt-1, arl-6, arr-1, asic-1, bec-1, bicd-1, bra-1, cam-1, casc-3, ccpp-1, cdk-5, cdka-1, che-12, cil-7, cni-1, cwp-5, cyy-1, daf-11, daf-18, dbn-1, dbt-1, dex-1, dkf-1, dlk-1, dop-1, dop-2, dop-4, dop-5, dop-6, dyf-19, dyf-3, dyf-5, dyf-6, dyf-7, egl-10, egl-47, egl-9, elp-1, erg-28, fbxl-1, fmi-1, gar-1, gar-2, gar-3, gcy-12, gcy-28, gcy-35, gcy-36, glr-1, gopc-1, gur-3, hmr-1, hpo-30, ida-1, ift-139, ift-20, inpp-5K, kin-10, kin-3, klp-6, kvs-4, lect-2, lgg-1, lin-10, lin-46, lite-1, maph-1.1, maph-1.2, maph-1.3, mapk-15, max-2, mig-13, mksr-2, moc-1, nab-1, nlg-1, npr-1, nsy-4, octr-1, odr-10, odr-3, odr-4, oig-1, osm-3, pct-1, pef-1, pkd-2, pmk-3, ptrn-1, qui-1, rab-6.1, rab-6.2, sad-1, sax-1, sax-7, selt-1.2, ser-1, ser-3, ser-4, ser-6, ser-7, srb-12, srb-13, srb-16, srb-3, srb-5, sru-38, stim-1, strd-1, tag-89, tax-4, tax-6, tba-1, tir-1, trx-1, tsp-17, ttll-11, tub-1, tyra-3, uev-1, uev-3, unc-101, unc-104, unc-33, unc-64, vms-1, vps-35"
GO:0042771,6,"akt-1, ced-13, cep-1, msh-2, rad-51, uri-1"
GO:0043025,162,"aak-2, abi-1, akt-1, apl-1, aqp-6, asna-1, bicd-1, casy-1, cccp-1, ced-10, ced-3, ced-9, cha-1, che-12, che-6, cho-1, cil-7, cng-1, cng-2, cni-1, daf-11, daf-18, daf-2, daf-9, dkf-1, dlk-1, dmd-3, dyf-3, dyf-5, dyf-6, ebax-1, efn-4, egl-21, egl-30, egl-47, elp-1, elpc-1, enu-3.1, enu-3.2, enu-3.3, enu-3.5, enu-3.6, flp-17, gcy-35, gcy-36, gcy-9, glr-1, gpa-13, gpa-2, gpa-3, gpa-5, gpa-6, gpb-2, gur-3, hen-1, hot-1, hot-2, hot-3, hot-4, hot-5, hot-8, hot-9, ift-20, inpp-5K, ins-1, ire-1, irk-1, jkk-1, jnk-1, kcnl-1, kcnl-2, kcnl-3, kcnl-4, kel-8, kin-10, kin-3, klp-16, klp-4, klp-6, kpc-1, let-92, lev-1, lgc-55, lgg-1, lin-10, lis-1, lite-1, lnp-1, lov-1, lrk-1, maco-1, madd-2, maph-1.1, maph-1.2, maph-1.3, mec-12, mec-18, mec-7, mig-13, mod-1, nape-1, nape-2, ncs-1, nipa-1, nlp-12, npr-1, nrsn-1, nsy-1, odr-10, odr-2, odr-3, osm-10, osm-3, osm-6, osm-9, pak-1, pat-3, pcm-1, pdk-1, pdr-1, pef-1, pkc-2, pkd-2, ppk-3, qui-1, rab-10, rab-28, rhgf-1, ric-3, rig-6, rund-1, seb-3, snf-11, sphk-1, srd-23, sru-38, stau-1, stim-1, sup-1, tax-6, tba-1, tdc-1, tmc-1, trpa-1, trx-1, ubc-25, unc-104, unc-108, unc-25, unc-29, unc-31, unc-51, unc-64, unc-69, unc-76, unc-8, usp-46, vps-35, wdr-23, wdr-5.2, wdr-5.3, wrk-1"
GO:0043536,2,"akt-1, akt-2"
GO:1902911,3,"akt-1, akt-2, sgk-1"
GO:0000932,35,"F10E9.4, ain-1, alg-1, alg-2, car-1, ccf-1, cgh-1, dcap-1, dcap-2, dcs-1, disl-2, edc-3, edc-4, gut-2, larp-1, let-711, lin-41, lsm-1, lsm-3, lsm-4, lsm-6, nhl-2, ntl-2.2, ntl-3, ntl-9, pab-1, panl-2, panl-3, patr-1, pid-4, pid-5, puf-5, rde-12, rpb-7, tag-30"
GO:0003676,335,"B0280.17, B0284.3, B0511.6, C02B10.4, C03D6.1, C05C8.5, C08B6.8, C24H12.4, C25F9.2, C28H8.3, C46F11.4, C50F4.12, D1037.1, E02D9.1, EEED8.12, EEED8.4, F07D3.3, F07E5.5, F07F6.1, F33D11.10, F40F12.9, F55F8.2, F57B9.3, H05C05.1, H20J04.4, H35N09.2, K02F3.12, K02F6.1, K05G3.1, K07B1.7, K07H8.9, K08D12.3, K12D12.5, M02B7.2, R02D3.8, R05D3.8, R06C1.4, T04H1.5, T07F10.3, T09F3.5, T10E9.14, T23G7.3, T24H10.1, T26G10.1, W02F12.4, W04A8.4, W08F4.1, Y17G7B.12, Y46G5A.18, Y54E2A.4, Y54G11A.3, Y55D9A.2, Y55F3BR.1, Y56A3A.33, Y56A3A.41, Y57A10A.13, Y57G11A.5, Y57G11C.36, Y59E9AL.36, Y62E10A.24, Y69A2AR.32, Y79H2A.4, Y94H6A.5, ZK1098.3, ZK121.2, ZK1320.7, ZK512.2, ZK616.1, ZK632.14, ZK686.2, ZK973.1, aars-2, acin-1, akap-1, alg-1, alg-2, alg-3, alg-4, alg-5, alkb-8, aly-1, aly-2, aly-3, ascc-1, asd-1, asd-2, bcc-1, ccf-1, cey-1, cey-2, cey-3, cey-4, cfim-2, cgh-1, chl-1, cid-1, cmtr-1, cpb-1, cpb-2, cpb-3, cpf-2, cps-6, cpsf-1, cpsf-4, crn-3, crn-4, csr-1, cus-2, cyn-13, dars-1, dars-2, daz-1, ddb-1, ddx-10, ddx-15, ddx-17, ddx-19, ddx-23, ddx-27, ddx-35, ddx-46, ddx-52, din-1, dnj-17, dog-1, drh-1, drh-3, drr-2, egal-1, egc-2, eif-2alpha, eif-3.G, eif-4A3, emb-5, ergo-1, eri-1, etr-1, exc-7, fan-1, fbxl-3, fog-1, fox-1, fubl-1, fubl-2, fubl-3, fubl-4, fust-1, gkow-1, gld-1, glh-1, glh-2, glh-3, glh-4, gpch-1, grld-1, gtbp-1, hel-1, helq-1, him-6, hrde-1, hrpa-1, hrpa-2, hrpc-1, hrpf-1, hrpf-2, hrpk-1, hrpk-2, hrpl-1, hrpr-1, imph-1, inf-1, kars-1, laf-1, let-355, let-716, lin-28, mask-1, mec-8, mel-46, melo-1, mex-3, mina-1, mog-1, mog-4, mog-5, msi-1, mter-4, mtr-4, mut-14, mut-7, mxt-1, nars-1, nars-2, ncbp-2, nfx-1, nifk-1, nono-1, nova-1, npp-19, nrd-1, nrde-3, ntl-4, nucl-1, nxf-1, pab-1, pab-2, pabp-2, panl-2, parn-1, parn-2, pes-4, phm-2, pno-1, pola-1, pold-1, pole-1, polq-1, ppw-1, ppw-2, pqe-1, prg-1, ptb-1, rbd-1, rbm-12, rbm-17, rbm-22, rbm-25, rbm-26, rbm-28, rbm-3.1, rbm-3.2, rbm-34, rbm-39, rbm-42, rbm-5, rbm-7, rbmx-2, rbpl-1, rcan-1, rcq-5, rde-1, rde-12, repo-1, rev-3, rha-1, rha-2, rnh-1.0, rnh-1.1, rnh-1.2, rnh-1.3, rnh-2, rnp-1, rnp-2, rnp-3, rnp-4, rnp-5, rnp-6, rnp-7, rnp-8, rnp-9, rpb-7, rpb-9, rpc-11, rpoa-12, rps-18, rsp-1, rsp-2, rsp-3, rsp-4, rsp-5, rsp-6, rsp-7, rsp-8, rtel-1, sacy-1, sago-1, sago-2, sap-140, sap-49, sart-3, sel-13, set-2, sfa-1, sftb-6, sgnh-1, sig-7, skih-2, slrp-1, sluh-7, sma-9, smg-4, smgl-2, smut-1, snrp-200, snrp-3, snu-23, spn-4, sqd-1, ssb-1, stip-1, sup-12, sup-26, sup-46, sym-2, tag-65, tdp-1, teg-4, tiar-1, tiar-2, tofu-6, tofu-7, trm-2A, tsen-2, tsen-34, uaf-1, uaf-2, unc-75, vbh-1, vgln-1, vsra-1, wago-1, wago-10, wago-4, wago-5, wbp-4, wrn-1, xpd-1, xrn-1, xrn-2, ythc-2, zfh-2, zfr-1, zgpa-1, znf-622, ztf-18"
GO:0003727,40,"F10E9.4, K08D12.3, Y53F4B.39, alg-1, alg-2, alg-3, alg-4, alg-5, asd-1, asd-2, crn-3, csr-1, drh-3, egc-2, ergo-1, exc-7, gld-1, hrde-1, mex-3, nrde-3, pos-1, ppw-1, ppw-2, rbm-7, rde-1, rde-4, rnp-8, rpb-7, sago-1, sago-2, sea-2, sup-12, tdp-1, unc-75, vsra-1, wago-1, wago-10, wago-4, wago-5, zfr-1"
GO:0004521,44,"C46G7.1, C46G7.2, F49C12.12, Y24D9B.1, Y51H4A.13, Y53F4B.39, Y59E9AR.8, ZK1127.5, alg-1, alg-2, alg-3, alg-4, alg-5, cps-6, cpsf-3, csr-1, drsh-1, endu-1, endu-2, ergo-1, hrde-1, ints-11, ire-1, mps-1, nobh-1, nrde-3, nyn-3, pgl-1, pgl-3, ppw-1, ppw-2, prg-1, rde-1, rde-8, rege-1, rnst-2, sago-1, sago-2, tofu-2, vsra-1, wago-1, wago-10, wago-4, wago-5"
GO:0006417,55,"F44A2.5, abcf-3, alg-1, alg-2, casc-3, ccar-1, ccf-1, cpb-1, cpb-2, cpb-3, daz-1, egl-45, eif-2A, ergo-1, fog-1, gcn-1, gcn-2, gex-2, gld-1, gld-3, gls-1, ife-1, ife-2, ife-3, ife-4, ife-5, ifet-1, impt-1, laf-1, let-363, let-630, let-711, lin-56, metl-18, msi-1, mxt-1, ncl-1, nos-1, nos-2, nos-3, oma-1, oma-2, pek-1, pos-1, puf-12, puf-5, puf-6, puf-7, puf-8, rde-10, rde-11, rde-12, rha-1, sea-2, skn-1"
GO:0016442,22,"alg-1, alg-2, alg-3, alg-4, alg-5, csr-1, ergo-1, hrde-1, nrde-3, ppw-1, ppw-2, rde-1, rde-4, sago-1, sago-2, tsn-1, vig-1, vsra-1, wago-1, wago-10, wago-4, wago-5"
GO:0016892,2,"alg-1, alg-2"
GO:0031047,54,"B0393.4, alg-1, alg-2, ccf-1, dcr-1, deps-1, ego-1, ergo-1, erh-2, eri-1, henn-1, hrde-2, hrde-4, hrpk-1, ife-3, let-711, morc-1, mut-7, ncbp-1, ncbp-2, nrde-2, nrde-3, ntl-11, parn-1, pid-1, pid-2, pid-3, pid-4, pid-5, pir-1, pmlr-1, prg-1, rde-10, rde-11, rde-12, rha-1, rpb-2, rpb-9, rrf-1, rrf-2, rrf-3, sid-1, sid-2, sid-3, sid-5, simr-1, srrt-1, tofu-6, tsn-1, wago-1, wago-4, wago-5, wdr-5.1, znfx-1"
GO:0035196,5,"alg-1, alg-2, dcr-1, drsh-1, pmlr-1"
GO:0035198,20,"alg-1, alg-2, alg-3, alg-4, alg-5, csr-1, ergo-1, hrde-1, lin-41, nrde-3, ppw-1, ppw-2, rde-1, sago-1, sago-2, vsra-1, wago-1, wago-10, wago-4, wago-5"
GO:0035279,3,"alg-1, alg-2, ccf-1"
GO:0036464,28,"Y24D9B.1, Y51H4A.13, Y59E9AR.8, alg-1, alg-2, alg-3, alg-4, alg-5, csr-1, ergo-1, hrde-1, ifet-1, mps-1, nrde-3, nyn-3, oma-1, ppw-1, ppw-2, rde-1, rde-8, rege-1, sago-1, sago-2, vsra-1, wago-1, wago-10, wago-4, wago-5"
GO:0040025,72,"alg-1, apr-1, bar-1, bli-5, chw-1, cogc-1, cpz-1, cutc-1, cwn-2, dss-1, eff-1, egl-13, egl-26, egl-38, elpc-1, elpc-3, fos-1, gld-3, hlh-2, hmg-1.2, ksr-2, ldb-1, lin-1, lin-12, lin-15A, lin-17, lin-18, lin-25, lin-26, lin-3, lin-31, lin-44, lin-45, lin-56, lin-61, mek-2, mep-1, mett-10, mig-10, mig-14, mpk-1, ncr-2, nud-1, osm-11, par-1, ras-1, rbd-1, rtcb-1, sin-3, skp-1, smn-1, soc-2, spas-1, spd-2, spd-3, sqv-1, sqv-2, sqv-3, sqv-4, sqv-5, sqv-6, sqv-7, sqv-8, sup-17, tut-1, unc-101, unc-83, unc-84, vab-23, vab-8, xnp-1, xpa-1"
GO:0040034,26,"ain-1, ain-2, alg-1, ced-3, ced-4, daf-12, daf-2, dcr-1, disl-2, dre-1, egl-1, hbl-1, lin-14, lin-28, lin-29, lin-41, lin-42, lin-46, lin-66, mab-10, nhl-2, pash-1, sea-2, sel-7, sop-2, xrn-2"
GO:0042659,30,"ain-1, ain-2, alg-1, bar-1, ced-3, ceh-20, disl-2, dpl-1, egl-43, hecd-1, lag-1, let-60, lin-1, lin-12, lin-14, lin-15A, lin-15B, lin-17, lin-26, lin-28, lin-3, lin-39, lip-1, mab-5, mdt-29, npp-1, pop-1, pry-1, sel-7, sop-2"
GO:0070551,3,"alg-1, alg-2, csr-1"
GO:0070922,2,"alg-1, alg-2"
GO:0090625,2,"alg-1, csr-1"
GO:1990904,235,"C48B6.2, F16B4.5, F18H3.4, F21D5.7, F25G6.8, F25H8.2, F32D8.4, F37F2.2, F45E12.5, F53E2.2, K07A1.10, K10C3.5, R186.8, T07F10.3, T13G4.7, T22H9.1, T26G10.3, W09C5.1, Y48A6B.3, Y75B8A.7, ZK512.4, alg-1, alg-2, asd-2, car-1, cey-2, cey-3, cey-4, cgh-1, dap-3, dcaf-13, ddx-17, dkc-1, eef-2, etr-1, exc-7, fau-1, fib-1, garr-1, gut-2, hrpa-1, hrpf-1, hrpf-2, hrpr-1, krr-1, let-630, lsm-1, lsm-3, lsm-4, lsm-5, lsm-6, lsm-7, lsm-8, mog-2, mrpl-1, mrpl-10, mrpl-11, mrpl-12, mrpl-13, mrpl-15, mrpl-16, mrpl-17, mrpl-18, mrpl-19, mrpl-2, mrpl-20, mrpl-22, mrpl-23, mrpl-24, mrpl-28, mrpl-32, mrpl-34, mrpl-35, mrpl-36, mrpl-37, mrpl-38, mrpl-4, mrpl-40, mrpl-41, mrpl-42, mrpl-44, mrpl-45, mrpl-46, mrpl-47, mrpl-48, mrpl-49, mrpl-50, mrpl-51, mrpl-54, mrpl-9, mrps-10, mrps-11, mrps-12, mrps-14, mrps-15, mrps-16, mrps-17, mrps-18.C, mrps-18A, mrps-18C, mrps-2, mrps-21, mrps-23, mrps-24, mrps-25, mrps-26, mrps-30, mrps-31, mrps-33, mrps-5, mrps-7, mrps-9, nola-3, oma-1, oma-2, pab-1, pab-2, popl-5, prp-3, prp-31, prp-6, prp-8, rack-1, rbm-12, rde-4, rha-1, rnp-2, rnp-3, rnp-6, rnp-7, rnp-9, rop-1, rpl-10L, rpl-10a, rpl-11.1, rpl-11.2, rpl-12, rpl-13, rpl-13A, rpl-14, rpl-15, rpl-17, rpl-18, rpl-18A, rpl-19, rpl-21, rpl-22, rpl-23, rpl-23A.1, rpl-23A.2, rpl-24, rpl-26, rpl-27, rpl-27A, rpl-28, rpl-29, rpl-3, rpl-30, rpl-31, rpl-32, rpl-34, rpl-35, rpl-35A, rpl-36, rpl-36A, rpl-37.1, rpl-37.2, rpl-37A, rpl-38, rpl-39, rpl-4, rpl-41.2, rpl-5, rpl-6, rpl-7, rpl-7A, rpl-8, rpl-9, rplp-0, rplp-1, rplp-2.1, rplp-2.2, rps-10, rps-11, rps-12, rps-13, rps-14, rps-15, rps-15A, rps-16, rps-17, rps-18, rps-19, rps-2, rps-20, rps-21, rps-23, rps-24, rps-25, rps-26, rps-27, rps-27A, rps-28, rps-29, rps-3, rps-3A, rps-4, rps-5, rps-6, rps-7, rps-8, rps-9, rpsa-1, snr-1, snr-2, snr-3, snr-4, snr-5, snr-6, snr-7, snrp-27, snrp-3, snu-13, snu-66, srpa-68, srpa-72, ssb-1, sup-12, sup-26, sup-46, sym-2, toe-1, ubq-2, unc-60, unc-75"
GO:0004029,6,"alh-1, alh-2, alh-3, alh-4, alh-5, alh-9"
GO:0006081,5,"alh-1, alh-2, alh-4, alh-5, alh-9"
GO:0016491,482,"B0250.5, B0272.3, C01G5.5, C01H6.4, C02D5.2, C02D5.4, C06E4.6, C07D8.5, C07D8.6, C14E2.4, C15B12.1, C15B12.8, C17G10.1, C26D10.3, C27D8.4, C30G12.2, C32D5.12, C33E10.10, C35D10.6, C45G9.2, C46H11.2, C54E4.5, C55A6.3, C55A6.4, C55A6.6, C55A6.7, C56G3.2, D1054.8, D2063.1, DC2.5, E04F6.15, F11C1.1, F13D11.4, F15E6.6, F17A9.4, F17A9.5, F17C8.9, F20D6.11, F20G2.1, F20G2.2, F21D5.3, F25D1.5, F28H7.2, F32A5.8, F32D8.12, F33D4.4, F35C8.5, F35G2.1, F36A2.2, F36A2.3, F37C4.6, F37H8.5, F39B2.3, F39G3.4, F39G3.5, F41E6.5, F42F12.4, F44E2.6, F47B7.2, F48E8.3, F49E12.10, F53F1.2, F53F1.3, F54C8.1, F54D5.7, F55H2.5, F56C11.3, F56D5.3, F57B9.1, H04M03.3, K07C5.2, K10H10.6, M04B2.4, M106.3, R04B5.5, R04B5.6, R07E5.4, T01G6.1, T01G6.10, T05H4.4, T10B5.8, T10H10.2, T22D1.3, T25B9.9, T25G12.13, VF13D12L.3, W03F9.9, W06H8.2, W07E11.1, Y105C5B.9, Y18D10A.2, Y37E11AM.3, Y37E11B.5, Y39G8B.1, Y39G8B.2, Y43F8B.19, Y47G6A.21, Y47G6A.22, Y50E8A.6, Y52B11A.3, Y62E10A.6, Y71F9B.9, Y73C8C.10, Y76B12C.3, Y7A5A.1, Y9C9A.16, ZC443.1, ZK1290.5, ZK550.6, ZK669.2, ZK669.3, ZK697.14, ZK742.3, ZK742.4, ZK829.7, aass-1, acdh-1, acdh-10, acdh-11, acdh-12, acdh-2, acdh-3, acdh-4, acdh-5, acdh-6, acdh-7, acdh-8, acdh-9, acds-10, acox-1.1, acox-1.2, acox-1.3, acox-1.4, acox-1.5, acox-1.6, acox-3, adh-1, adh-5, agmo-1, alh-1, alh-10, alh-11, alh-12, alh-13, alh-2, alh-3, alh-4, alh-5, alh-6, alh-7, alh-8, alh-9, alkb-1, amx-1, amx-2, amx-3, ard-1, art-1, bckd-1A, bckd-1B, bli-3, cat-2, cblc-1, cdo-1, chdh-1, clk-1, coq-6, cox-15, cox-4, cox-6A, cror-1, cror-2, ctb-1, ctl-1, ctl-2, ctl-3, cyp-13A1, cyp-13A10, cyp-13A11, cyp-13A12, cyp-13A2, cyp-13A3, cyp-13A4, cyp-13A5, cyp-13A6, cyp-13A7, cyp-13A8, cyp-13B1, cyp-13B2, cyp-14A1, cyp-14A2, cyp-14A3, cyp-14A4, cyp-14A5, cyp-23A1, cyp-25A1, cyp-25A2, cyp-25A3, cyp-25A4, cyp-25A6, cyp-29A3, cyp-29A4, cyp-31A2, cyp-31A3, cyp-32A1, cyp-32B1, cyp-33A1, cyp-33B1, cyp-33C1, cyp-33C11, cyp-33C12, cyp-33C2, cyp-33C3, cyp-33C4, cyp-33C5, cyp-33C6, cyp-33C7, cyp-33C8, cyp-33C9, cyp-33D1, cyp-33D3, cyp-33E1, cyp-33E2, cyp-34A1, cyp-34A10, cyp-34A2, cyp-34A5, cyp-34A6, cyp-34A7, cyp-34A8, cyp-34A9, cyp-35A1, cyp-35A2, cyp-35A3, cyp-35A4, cyp-35A5, cyp-35B1, cyp-35B2, cyp-35B3, cyp-35C1, cyp-35D1, cyp-36A1, cyp-37A1, cyp-37B1, cyp-42A1, cyp-43A1, cyp-44A1, daao-1, dach-1, daf-36, daf-9, dao-3, ddo-1, ddo-2, ddo-3, decr-1.1, decr-1.2, decr-1.3, dhcr-24, dhfr-1, dhod-1, dhrs-4, dhs-1, dhs-11, dhs-12, dhs-14, dhs-15, dhs-16, dhs-17, dhs-18, dhs-19, dhs-2, dhs-20, dhs-21, dhs-22, dhs-23, dhs-24, dhs-25, dhs-26, dhs-27, dhs-28, dhs-3, dhs-30, dhs-31, dhs-4, dhs-5, dhs-6, dhs-7, dhs-8, dhs-9, dhsl-4, dld-1, dnj-27, dohh-1, dph-3, dpy-18, dpy-21, dpyd-1, drd-1, drd-5, duox-2, dus-2, ech-1.1, ech-1.2, ech-8, ech-9, egl-9, emb-8, ero-1, exc-15, fard-1, fasn-1, fat-1, fat-2, fat-3, fat-4, fat-5, fat-6, fat-7, fath-1, fmo-1, fmo-2, fmo-3, fmo-4, fmo-5, fre-1, frh-1, ftn-1, ftn-2, gad-3, gas-1, gbh-1, gbh-2, gdh-1, ger-1, glb-14, glb-34, gldc-1, glf-1, gmpr-1, gpd-1, gpd-2, gpd-3, gpd-4, gpdh-1, gpdh-2, gpdh-3, gpx-1, gpx-2, gpx-3, gpx-4, gpx-5, gpx-6, gpx-7, gspd-1, gsr-1, gst-44, gstk-1, gstk-2, gsto-1, gsto-2, gsto-3, haao-1, hacd-1, hgo-1, hmgr-1, hpd-1, hphd-1, hpo-15, hpo-19, hpx-2, hsd-1, hsd-2, hsd-3, htip-2, idh-1, idh-2, idha-1, idhb-1, isp-1, ivd-1, jhdm-1, jmjc-1, jmjd-1.2, jmjd-2, jmjd-3.1, jmjd-3.3, jmjd-5, kmo-1, kmo-2, ldh-1, let-268, let-721, let-767, lhgd-1, lsd-1, mdh-1, mdh-2, mec-14, mecr-1, mecr-2, men-1, mlt-7, msra-1, mthf-1, mtrr-1, nduf-7, ndus-8, nduv-2, nmad-1, nta-1, nuo-5, ogdh-1, ogdh-2, osgn-1, pah-1, pamn-1, pdha-1, pdhb-1, pghm-1, phdh-1, phy-2, phy-3, phy-4, phyh-1, pqn-48, prdh-1, prdx-2, prdx-3, prdx-6, psr-1, pxn-1, pxn-2, pycr-1, pycr-4, qdpr-1, rad-8, rbr-2, rnr-1, rnr-2, sdha-1, sdha-2, sdhb-1, sdz-8, selt-1.1, selt-1.2, skpo-1, skpo-2, skpo-3, sod-1, sod-2, sod-3, sod-4, sod-5, sodh-2, spr-5, sqrd-1, sqv-4, srdf-2.1, srdf-2.2, srdf-3, stdh-1, stdh-2, stdh-3, stdh-4, suox-1, sup-18, tbh-1, tdo-2, tph-1, trxr-1, trxr-2, ttm-5, tyr-1, tyr-2, tyr-3, tyr-4, tyr-5, tyr-6, utx-1, wah-1, xdh-1"
GO:0016620,19,"alh-1, alh-10, alh-11, alh-12, alh-13, alh-2, alh-3, alh-4, alh-5, alh-6, alh-7, alh-8, alh-9, fard-1, gpd-1, gpd-2, gpd-3, gpd-4, htip-2"
GO:0006730,13,"F25B5.6, K07E3.4, ahcy-1, alh-3, bca-2, dao-3, dhfr-1, fmo-2, mel-32, sams-1, sams-3, sams-4, sams-5"
GO:0009058,33,"C32F10.8, F25B5.6, F38B6.4, R02D1.2, T04A11.1, T04A11.2, T04A11.4, T04A11.5, T04F3.1, T25B9.1, Y18H1A.11, Y47D9A.1, Y65B4A.8, alh-3, eif-2Bgamma, fasn-1, got-1.2, got-2.1, got-2.2, nkat-1, nkat-3, nmat-1, nmat-2, nuaf-6, pcyt-1, pcyt-2.1, pcyt-2.2, pks-1, sptl-1, sptl-2, sptl-3, tag-335, tatn-1"
GO:0009258,1,alh-3
GO:0016155,1,alh-3
GO:0003842,1,alh-6
GO:0005759,86,"B0272.3, C08F8.2, C34C12.8, C53A5.17, D2030.2, F25B5.6, F25H9.7, F37C4.6, F38E11.6, F39H2.3, F47B8.3, F47B8.4, F49E10.4, F54C8.1, F54D5.7, K07A3.3, Y105E8A.11, Y22D7AL.10, Y37E3.17, Y53F4B.39, Y57A10A.29, ZK1236.1, ZK673.2, acdh-1, acdh-10, acdh-3, acdh-7, acdh-8, alh-6, alkb-7, atfs-1, bckd-1A, bckd-1B, blos-1, clpp-1, cri-3, cts-1, dbt-1, dhs-11, dhs-25, dlat-1, dld-1, ech-1.1, ech-1.2, ech-6, eral-1, etfa-1, etfb-1, etfm-1, fars-2, fask-1, fum-1, glrx-5, gta-1, hacd-1, hsp-60, iscu-1, lonp-1, mccc-2, mdh-2, mlcd-1, mmcm-1, mppa-1, mppb-1, mrps-16, nuo-4, oatr-1, ogdh-1, paml-2, pcca-1, pde-2, pdha-1, pdhb-1, pdhk-2, pdpr-1, prdh-1, prx-10, rad-8, sir-2.2, sir-2.3, sod-2, tfbm-1, ucr-1, ucr-2.2, ucr-2.3, ulp-4"
GO:0006560,2,"alh-6, prdh-1"
GO:0010133,2,"alh-6, prdh-1"
GO:0004777,1,alh-7
GO:0009450,2,"alh-7, gta-1"
GO:0004491,1,alh-8
GO:0006210,3,"alh-8, dpyd-1, upb-1"
GO:0006573,1,alh-8
GO:0006574,4,"B0250.5, alh-8, bcat-1, hach-1"
GO:0018478,1,alh-8
GO:0019859,1,alh-8
GO:0019145,2,"alh-11, alh-12"
GO:0047105,2,"alh-11, alh-12"
GO:0006406,21,"C02B10.4, T01C3.2, aly-1, aly-2, aly-3, dss-1, hel-1, mcm-3AP, ncbp-1, ncbp-2, npp-2, npp-21, npp-5, nxf-1, pgl-1, tag-115, thoc-1, thoc-2, thoc-3, thoc-5, thoc-7"
GO:0000428,31,"C01G5.3, F26E4.4, M106.7, T24C4.5, W09C3.4, Y47G6A.9, Y75B7B.1, ama-1, let-611, pri-1, rpac-19, rpac-40, rpb-10, rpb-11, rpb-12, rpb-2, rpb-3, rpb-5, rpb-6, rpb-7, rpb-8, rpb-9, rpc-1, rpc-11, rpc-2, rpc-25, rpoa-1, rpoa-12, rpoa-2, rpoa-49, rpom-1"
GO:0000791,6,"ama-1, cdk-12, cdk-9, mrg-1, sig-7, spt-5"
GO:0003899,21,"T24C4.5, ama-1, pri-1, rpac-19, rpac-40, rpb-10, rpb-11, rpb-12, rpb-2, rpb-3, rpb-5, rpb-6, rpb-8, rpb-9, rpc-1, rpc-11, rpc-2, rpoa-1, rpoa-12, rpoa-2, rpom-1"
GO:0005654,125,"B0035.3, C04H5.1, C24D10.6, D1044.6, F10E7.11, F21D5.6, F28C10.3, F44E2.3, F53B2.5, F55F10.1, R04A9.7, T01C3.2, T07F8.4, T11G6.5, W09C3.4, Y39B6A.1, Y39E4B.6, Y61A9LA.10, ZK795.3, ama-1, baf-1, bop-1, bub-3, cdc-48.1, cep-1, cgef-1, crn-1, crn-3, dao-5, dgn-1, dis-3, dpy-28, eaf-1, exos-1, exos-2, exos-4.1, fib-1, gldi-11, hal-2, hcp-4, hcp-6, henn-1, his-69, his-70, his-74, hrpf-1, hrpf-2, ima-1, ima-2, ima-3, klp-19, lem-3, let-526, let-756, let-858, lin-39, lin-40, lin-9, lpd-7, lpin-1, mab-5, mau-2, mbl-1, mdf-2, mel-28, melo-1, mog-2, nasp-1, nasp-2, nhl-2, nhl-3, nol-53, nst-1, nxf-1, paxt-1, pro-1, pro-2, prp-19, psme-3, rad-23, rbm-12, rbm-17, rbm-7, rec-8, rha-1, rmh-1, rnp-5, rnp-8, rpa-1, rpb-5, rpb-8, rpb-9, rpc-1, rskn-1, rskn-2, rsks-1, rsp-7, san-1, sart-3, sbds-1, sem-5, set-16, shq-1, sig-7, sir-2.1, smc-6, smk-1, sor-1, srrt-1, swsn-2.2, sym-2, tam-1, tdp-1, teg-1, top-2, trmt-10A, trmt-10C.1, trmt-10C.2, uaf-1, unc-97, usip-1, wdr-12, wrn-1, ztf-27, ztf-3"
GO:0005665,13,"F10E9.4, ama-1, rpb-10, rpb-11, rpb-12, rpb-2, rpb-3, rpb-4, rpb-5, rpb-6, rpb-7, rpb-8, rpb-9"
GO:0006351,37,"T24G10.2, T24H10.1, W06E11.1, ama-1, cebp-1, cebp-2, gtf-2H1, gtf-2H2C, hira-1, let-611, lin-9, rpac-19, rpac-40, rpb-10, rpb-11, rpb-12, rpb-2, rpb-3, rpb-5, rpb-6, rpb-7, rpb-8, rpb-9, rpc-1, rpc-11, rpc-2, rpc-25, rpoa-1, rpoa-12, rpoa-2, rpoa-49, rpom-1, taf-4, zip-2, zip-4, zip-7, zip-8"
GO:0006366,26,"F56B3.4, Y73E7A.1, ama-1, drap-1, ell-1, emb-5, gtf-2F2, gtf-2H1, gtf-2H4, gtf-2H5, pqn-51, rpb-10, rpb-11, rpb-3, rpb-5, rpb-6, taf-1, taf-13, taf-2, taf-4, taf-5, tag-342, tbp-1, tceb-3, ttx-1, xpd-1"
GO:0007369,22,"ama-1, apy-1, arx-1, arx-2, ced-10, ced-5, end-3, gad-2, glo-3, hmr-1, let-858, mom-5, par-3, par-6, pkc-3, ptp-3, sdz-27, sdz-28, sdz-31, sdz-6, ugt-23, vet-6"
GO:0016604,15,"C05C10.2, K07A1.15, Y106G6D.5, ama-1, eri-7, hsf-1, hzl-1, morc-1, pqbp-1.1, rmh-1, rmh-2, rsr-2, sop-2, sor-1, srrt-1"
GO:0016779,57,"C25F9.2, C36A4.4, D1005.2, K02E2.11, T24C4.5, Y18H1A.11, Y48C3A.18, Y71F9B.2, ZK1058.3, ama-1, cdgs-1, cel-1, ego-1, fic-1, flad-1, hpo-31, mcp-1, moc-3, nmat-1, nmat-2, pap-1, pap-2, pap-3, parp-1, parp-2, pcyt-1, pcyt-2.1, pcyt-2.2, pnpt-1, pola-1, pold-1, pold-2, pole-1, polh-1, polk-1, polq-1, pps-1, pri-1, rev-1, rev-3, rml-1, rpb-2, rpc-1, rpc-2, rpoa-1, rpoa-2, rpom-1, rrf-1, rrf-2, rrf-3, tag-335, tank-1, tent-5, trt-1, tut-1, tut-2, usip-1"
GO:0034062,7,"ama-1, rpb-2, rpc-1, rpc-2, rpoa-1, rpoa-2, rpom-1"
GO:0042789,3,"ama-1, ncbp-1, ncbp-2"
GO:0008519,6,"amt-1, amt-2, amt-3, amt-4, rhr-1, rhr-2"
GO:0072488,6,"amt-1, amt-2, amt-3, amt-4, rhr-1, rhr-2"
GO:0097272,6,"amt-1, amt-2, amt-3, amt-4, rhr-1, rhr-2"
GO:0140682,3,"amx-1, lsd-1, spr-5"
GO:0005741,42,"F11C1.7, F32B4.2, F43E2.11, F49E10.4, K05C4.7, acl-3, amx-2, ced-9, cisd-1, dct-1, drp-1, fis-1, fis-2, fndc-1, fzo-1, gop-3, kmo-1, kmo-2, lgg-1, mff-1, mff-2, miga-1, miro-1, moma-1, mspn-1, mtch-1, mtx-1, mtx-2, pde-2, pdr-1, pgam-5, pifk-1B, slc-25A46, spd-3, tomm-20, tomm-22, tomm-40, tomm-7, tomm-70, tspo-1, vdac-1, wdr-23"
GO:0046592,2,"amx-3, hpo-15"
GO:0005635,63,"C53B4.3, H14A12.3, amph-1, anc-1, baf-1, bicd-1, clip-1, cnep-1, dhc-1, dlc-1, egal-1, emr-1, fic-1, him-8, htip-2, ima-2, ima-3, kdp-1, klc-2, lem-2, lem-4, lis-1, lmn-1, lpin-1, maco-1, mdf-1, mel-28, mtig-1, ncbp-2, nemp-1, nhr-60, npp-1, npp-10, npp-11, npp-15, npp-18, npp-19, npp-5, npp-8, nud-2, nxf-1, paa-1, pot-1, rack-1, ran-4, rtcb-1, samp-1, sca-1, sep-1, sir-2.4, sun-1, swsn-2.2, ubc-9, ulp-1, unc-116, unc-83, unc-84, vrk-1, wdr-5.2, wdr-5.3, wee-1.3, xpo-2, zyg-12"
GO:0005640,6,"C09B8.4, T10B11.5, W08F4.3, anc-1, unc-83, vps-34"
GO:0006997,18,"amph-1, anc-1, clip-1, gld-2, lmn-1, npp-1, npp-10, npp-11, npp-13, npp-19, npp-2, npp-20, npp-3, npp-4, npp-6, npp-7, npp-8, npp-9"
GO:0007010,34,"F09G8.5, Y19D2B.1, anc-1, cas-1, cas-2, cra-1, deb-1, exc-5, farl-11, fozi-1, frl-1, gpa-1, gpa-16, ifa-1, ifa-3, ifa-4, ifb-1, ifb-2, ifc-1, ifc-2, ifd-1, ifd-2, ifp-1, klp-18, lmn-1, mua-6, sdpn-1, src-1, tag-77, tln-1, unc-115, unc-26, unc-70, viln-1"
GO:0007097,27,"anc-1, dhc-1, dnc-1, dnc-2, gpr-1, gpr-2, ifa-1, ifa-3, ifa-4, ifb-1, ifb-2, ifc-1, ifc-2, ifd-1, ifd-2, ifp-1, lin-5, lis-1, lmn-1, mua-6, nud-2, spe-10, unc-116, unc-83, unc-84, wdr-5.2, wdr-5.3"
GO:0031965,30,"F54F2.9, anc-1, ced-3, cmd-1, cnep-1, fic-1, flr-1, gfrp-1, gsp-2, lem-4, maco-1, mdf-1, nepr-1, npp-10, npp-14, npp-15, npp-16, npp-19, npp-2, npp-22, npp-5, npp-6, npp-7, rpn-2, samp-1, sun-1, ttn-1, ufd-2, unc-83, zyg-12"
GO:0035046,11,"anc-1, cyb-3, cyk-1, dnc-1, dnc-2, lis-1, nud-1, par-5, tac-1, zen-4, zyg-12"
GO:0048471,102,"C04H5.1, F11G11.5, F47G9.4, T10F2.5, Y57G11C.22, agef-1, amph-1, anc-1, casc-3, cat-2, cav-1, cccp-1, cdc-42, cdc-48.1, ced-3, ced-4, ced-9, chk-1, cid-1, cnx-1, cyld-1, cytb-5.1, daf-9, dcap-2, deps-1, dgk-1, dpy-19, dyrb-1, egrh-1, enpl-1, erh-2, fbf-1, gld-3, gld-4, glh-1, gly-12, gly-13, gly-14, gras-1, henn-1, hpo-40, hsp-90, ife-3, ints-13, lbp-5, lis-1, mina-1, mob-4, nos-1, nos-2, ntp-1, odr-7, odr-8, ogt-1, ooc-5, osm-3, osm-9, pde-2, pdhk-2, pid-1, pid-2, pid-3, pid-4, pid-5, pkd-2, ran-2, rde-12, rhy-1, rme-1, rsd-2, rsef-1, rund-1, sedl-1, sel-12, sel-2, sft-4, simr-1, sir-2.1, smg-4, spas-1, spe-11, srf-3, sut-2, syx-4, tag-65, toca-1, tofu-6, tost-1, tra-2, tsp-17, ubxn-1, ubxn-2, ubxn-3, unc-108, unc-16, unc-45, unc-69, unc-76, vps-52, vps-53, wago-4, znfx-1"
GO:0051087,27,"C34C12.8, D1054.3, F53A3.7, K07E8.6, Y22D7AL.10, ahsa-1, anc-1, bag-1, cdc-37, chn-1, daf-41, dnj-12, dnj-13, dnj-15, dnj-19, dnj-24, dnj-28, dnj-7, dve-1, fnip-2, hsp-60, pfd-6, rme-8, tin-44, ufd-2, unc-23, unc-64"
GO:0051647,5,"amph-1, anc-1, clip-1, spas-1, zyg-12"
GO:0008641,8,"aos-1, atg-7, moc-3, rfl-1, uba-1, uba-2, uba-5, ula-1"
GO:0016874,103,"C39B5.6, F25B5.6, F38B6.4, K07C5.3, K07E3.4, T28F3.5, Y106G6E.4, Y41D4A.6, Y66D12A.7, Y73B6BL.14, ZK1248.11, aars-1, aars-2, acs-1, acs-13, acs-14, acs-15, acs-17, acs-18, acs-19, acs-2, acs-20, acs-22, acs-3, acs-4, acs-5, acs-7, adss-1, aos-1, asns-1, asns-2, bpl-1, cars-1, ctps-1, dars-1, dars-2, dph-6, ears-1, ears-2, fars-1, fars-2, fars-3, gars-1, gcs-1, gln-1, gln-2, gln-3, gln-5, gln-6, glp-4, gmps-1, gss-1, hars-1, iars-1, iars-2, kars-1, lars-1, lars-2, lig-1, lig-4, mars-1, mars-2, mccc-1, mccc-2, nars-1, nars-2, nprt-1, paic-1, pars-1, pars-2, pcca-1, pfas-1, pod-2, prx-10, pyc-1, pyr-1, qars-1, qns-1, rars-1, rars-2, rfl-1, rtcb-1, sars-1, sars-2, suca-1, sucg-1, sucl-1, sucl-2, sur-5, tars-1, ttll-11, ttll-15, ttll-4, ttll-5, ttll-9, uba-1, ubc-13, ubc-16, ubc-17, vars-1, wars-1, yars-1, yars-2"
GO:0016925,8,"ZK1248.11, aos-1, gei-17, miz-1, smo-1, uba-2, ubc-9, ulp-4"
GO:0019948,2,"aos-1, uba-2"
GO:0031510,2,"aos-1, uba-2"
GO:0005680,16,"Y48G1C.12, apc-1, apc-10, apc-11, apc-2, cdc-26, emb-1, emb-27, emb-30, fzr-1, fzy-1, gfi-3, mat-1, mat-3, sam-4, such-1"
GO:0006511,115,"C01G6.4, C02B8.6, C16D2.1, C17H11.6, C18B12.4, C26B9.6, C55A6.1, F49C12.9, F54F7.10, F56D2.2, F56D2.5, H05L14.2, H10E21.5, Y105E8A.14, Y49F6B.9, Y53G8AR.5, Y92H12A.2, apc-11, apc-2, ari-1.1, ari-1.2, ari-1.3, ari-1.4, ari-2, csn-3, cul-1, cul-2, cul-3, cul-4, cul-5, cul-6, din-1, dre-1, eel-1, elc-1, elc-2, etc-1, fbxo-11.2, fsn-1, glo-4, hecd-1, hecw-1, herc-1, hrdl-1, kel-8, lep-2, let-70, lin-23, lin-28, math-33, npl-4.1, npl-4.2, oxi-1, pas-1, pas-2, pas-3, pas-4, pas-5, pas-6, pas-7, pdr-1, plr-1, rbpl-1, rbx-1, rbx-2, rle-1, rnf-5, rpm-1, rpn-10, rpn-3, rpn-6.1, rpn-6.2, rpn-9, rpt-1, siah-1, skr-1, skr-10, skr-12, skr-13, skr-14, skr-15, skr-16, skr-17, skr-18, skr-19, skr-2, skr-20, skr-21, skr-3, skr-4, skr-5, skr-6, skr-7, skr-8, skr-9, tag-314, tli-1, toe-4, uba-1, ubc-14, ubc-18, ubc-24, ubc-3, ubc-8, ubh-1, ubh-2, ubh-3, ubh-4, ubq-1, ubql-1, ufd-1, ufd-2, unc-11, wwp-1, zif-1"
GO:0007091,3,"apc-1, apc-2, mat-1"
GO:0007346,24,"Y71G12B.27, apc-10, apc-11, apc-2, cdc-26, cdkr-3, cks-1, egl-43, emb-1, emb-27, emb-30, gad-1, gfi-3, ints-13, lmn-1, mat-1, mat-3, par-5, prk-1, prk-2, ran-3, sam-4, sma-5, such-1"
GO:0016567,147,"C06A5.8, C16C8.14, C16C8.16, C16C8.20, C16C8.4, C17H11.6, C34F6.7, C36B1.9, C45G7.4, C55A6.1, F10G7.10, F14D2.11, F52C6.2, F52C6.3, F56D2.2, F56D2.5, H05L14.2, T01G5.7, T20F5.6, T20F5.7, Y38F1A.2, Y49F6B.9, Y54E10A.11, Y92H12A.2, ZK993.2, ZK993.5, apc-10, apc-11, apc-2, arc-1, ari-1.1, ari-1.2, ari-1.3, ari-1.4, ari-2, bath-15, bath-40, bath-41, bath-42, brap-2, brc-1, brd-1, cand-1, cdc-26, chn-1, cpna-1, cpna-2, cul-1, cul-2, cul-3, cul-4, cul-5, cul-6, cyn-4, dcaf-1, dcaf-13, ddb-1, din-1, eel-1, eipr-1, emb-1, emb-27, emb-30, etc-1, exc-14, fem-1, fsn-1, gfi-3, glo-4, grif-1, hecd-1, hecw-1, herc-1, kel-8, lep-2, let-70, madd-2, marc-1, marc-2, marc-3, mat-1, mat-3, mel-26, mfb-1, mgrn-1, mib-1, ned-8, nhl-1, ntl-4, pdr-1, plr-1, prp-19, prx-10, prx-12, rbpl-1, rbx-1, rbx-2, rfp-1, rnf-1, rnf-113, rnf-121, rnf-5, rpm-1, rps-27A, sel-11, siah-1, skr-10, skr-12, skr-13, skr-14, skr-15, skr-16, skr-17, skr-18, skr-19, skr-2, skr-20, skr-3, skr-4, skr-5, skr-7, skr-8, skr-9, sli-1, spat-3, spop-1, such-1, swah-1, toe-4, trim-21, trul-1, uba-1, ubc-1, ubc-13, ubc-16, ubc-18, ubc-21, ubc-25, ubc-7, ubq-1, ubq-2, ubr-1, ufd-2, vhl-1, wwp-1, zif-1, znf-598"
GO:0031145,18,"Y48G1C.12, apc-1, apc-10, apc-11, apc-2, cdc-26, cul-2, emb-1, emb-27, emb-30, fzr-1, fzy-1, gfi-3, mat-1, mat-3, sam-4, such-1, zyg-11"
GO:0031625,47,"C16C8.14, C16C8.16, C16C8.20, C16C8.4, F14D2.11, F52C6.2, F52C6.3, ZC247.1, apc-2, bath-40, bath-41, bath-42, bath-44, chn-1, cul-1, cul-2, cul-3, cul-4, cul-5, cul-6, cyb-1, daf-16, dlk-1, erl-1, ify-1, jamp-1, let-70, lgg-1, lgg-2, mel-26, ned-8, npl-4.1, npl-4.2, par-1, ppm-2, pry-1, rps-27A, rpt-2, sop-2, spop-1, ubc-1, ubc-15, ubc-18, ubq-1, ubq-2, ufd-2, unc-45"
GO:0051445,16,"apc-10, apc-11, apc-2, cdc-26, cdk-2, cyb-3, cye-1, emb-1, emb-27, emb-30, gfi-3, mat-1, mat-3, sam-4, skr-2, such-1"
GO:0070979,7,"Y48G1C.12, apc-1, apc-10, apc-2, emb-30, gfi-3, such-1"
GO:0000280,6,"ZK430.5, apc-11, bub-1, gld-3, sep-1, tbg-1"
GO:0004842,62,"C02B8.6, C17H11.6, C26B9.6, C55A6.1, C56A3.4, F16A11.1, F40G9.17, F56D2.2, F56D2.5, T02C1.2, Y105E8A.14, Y49F6B.9, Y57A10A.31, Y92H12A.2, apc-11, ari-1.1, ari-1.2, ari-1.3, ari-1.4, ari-2, brd-1, chn-1, cpna-1, cpna-2, cyn-4, eel-1, etc-1, exc-14, gid-2, hecd-1, hecw-1, herc-1, let-70, lin-41, madd-2, maea-1, marc-1, marc-2, marc-3, marc-4, marc-5, marc-6, mgrn-1, nhl-1, nse-1, ntl-4, oxi-1, pdr-1, plr-1, prp-19, prx-12, rfp-1, rle-1, rnf-113, rnf-5, sel-1, sli-1, ubc-13, ubc-14, ubr-5, ufd-2, wwp-1"
GO:0045132,37,"apc-11, atl-1, capg-1, capg-2, cep-1, csc-1, dpy-26, dpy-28, eri-1, gcna-1, hcp-6, him-10, him-3, him-5, him-8, htp-1, htp-2, htp-3, kle-2, mix-1, plk-1, pzf-1, rde-2, rde-3, smc-4, syp-1, syp-2, syp-3, syp-4, syp-5, syp-6, szy-20, zhp-3, zhp-4, zim-1, zim-2, zim-3"
GO:0045842,6,"apc-11, cyb-3, emb-27, gfi-3, mat-3, such-1"
GO:0061630,94,"C01G6.4, C02B8.6, C06A5.8, C10E2.2, C14B1.3, C17H11.6, C18B12.4, C26B9.6, C34F6.7, C36B1.9, C45G7.4, C55A6.1, F10D7.5, F10G7.10, F56D2.2, F56D2.5, H05L14.2, H10E21.5, R05G6.4, T01G5.7, T05A12.4, T20F5.6, T20F5.7, T22C1.1, Y105E8A.14, Y38F1A.2, Y49F6B.9, Y53G8AR.5, Y54E10A.11, Y71F9AL.10, Y71H2AM.3, Y92H12A.2, ZC13.1, ZK993.2, ZK993.5, apc-11, arc-1, ari-1.1, ari-1.2, ari-1.3, ari-1.4, ari-2, brap-2, brc-1, brd-1, chn-1, cyn-4, din-1, eel-1, etc-1, glo-4, grif-1, hecd-1, hecw-1, herc-1, hrdl-1, lep-2, marc-4, marc-5, mgrn-1, mib-1, nhl-1, nhl-2, nhl-3, oxi-1, par-2, pdr-1, peli-1, plr-1, prp-19, rbpl-1, rbx-1, rbx-2, rfp-1, rle-1, rnf-1, rnf-113, rnf-121, rnf-126, rnf-145, rnf-5, rpm-1, sel-11, siah-1, sli-1, spat-3, tag-314, tam-1, toe-4, trul-1, ubr-1, ufd-2, wwp-1, znf-598"
GO:0097602,28,"C16D2.1, R08E3.3, apc-11, dcn-1, inso-1, mel-26, rbx-1, rbx-2, skr-1, skr-10, skr-12, skr-13, skr-14, skr-15, skr-16, skr-17, skr-18, skr-19, skr-2, skr-20, skr-21, skr-3, skr-4, skr-5, skr-6, skr-7, skr-8, skr-9"
GO:0098813,8,"ZK430.5, apc-11, hcp-3, hcp-4, icp-1, pptr-2, sep-1, tbg-1"
GO:0002039,4,"ape-1, prmt-5, set-11, taf-3"
GO:0007220,3,"aph-1, aph-2, pen-2"
GO:0030674,35,"C46H11.3, F54F7.10, aph-1, arx-7, atg-18, bbs-4, bec-1, cash-1, cdt-2, cpna-1, cul-1, cul-2, cul-5, cul-6, daf-15, ehs-1, elc-1, elc-2, epg-6, eri-5, itsn-1, lin-7, mel-26, npp-22, pat-4, prx-3, rme-1, rsa-2, scpl-1, sepa-1, ttr-52, unc-112, unc-76, vps-11, vps-18"
GO:0034394,3,"aph-1, apt-9, ric-3"
GO:0043085,2,"aph-1, dcap-1"
GO:0045165,24,"aph-1, blmp-1, cfi-1, cwn-1, cwn-2, egl-13, egl-18, egl-20, egl-46, elt-1, elt-2, elt-3, elt-6, elt-7, end-1, end-3, lin-44, mab-21, med-1, med-2, mom-2, nsy-1, pen-2, vab-3"
GO:0048598,41,"aph-1, aph-2, apr-1, atg-18, atp-2, bub-1, ced-10, ced-4, cyp-31A2, cyp-31A3, dsh-1, dsh-2, elpc-1, elpc-3, eps-8, eya-1, inx-3, itr-1, kal-1, let-502, mel-11, mig-5, mig-6, mom-1, mom-2, mom-5, mrck-1, mup-2, nuo-1, pak-1, pat-12, pen-2, pha-4, rib-2, rnp-4, tut-1, unc-15, vab-15, vab-19, wve-1, zoo-1"
GO:0048599,14,"aph-1, arf-1, atx-2, copb-2, copz-1, elpc-1, elpc-3, kgb-1, lip-1, mek-1, mep-1, rme-2, tra-2, tut-1"
GO:0060581,2,"aph-1, aph-2"
GO:0070765,6,"aph-1, aph-2, hop-1, pen-2, sel-12, spe-4"
GO:0005769,44,"C56E6.2, F33E11.3, ZK632.12, apl-1, apt-9, clh-5, cup-2, ddl-2, eea-1, emc-5, hgrs-1, hmt-1, mom-5, plr-1, rab-10, rab-14, rab-21, rab-35, rab-5, rabx-5, rme-1, rme-6, rme-8, sac-2, sand-1, sdpn-1, snx-1, snx-13, snx-17, snx-27, sorf-1, sorf-2, spe-39, stam-1, tat-1, tbc-16, tbc-8, unc-108, usp-50, vha-16, vps-18, vps-33.1, vps-33.2, wdfy-2"
GO:0007409,18,"apl-1, cdh-1, cdh-12, cdh-5, cdh-8, cdk-5, fmi-1, hmr-1, lim-6, lim-7, lin-18, maph-1.1, maph-1.2, maph-1.3, sad-1, ttx-3, unc-51, vab-1"
GO:0007417,11,"apl-1, ceh-100, ceh-2, ceh-5, ceh-87, ceh-99, htt-1, ref-2, tra-1, zag-1, ztf-14"
GO:0008201,7,"C15C8.4, apl-1, kal-1, nex-1, nex-2, nex-3, slt-1"
GO:0010171,21,"apl-1, aps-2, ced-10, dpy-1, dpy-23, egl-27, exc-9, hil-1, hlh-14, hlh-2, ina-1, lim-7, lon-3, mig-15, pdi-3, rab-7, rpm-1, sand-1, sma-1, unc-119, unc-44"
GO:0030154,329,"C25A8.5, C34B4.2, C35D6.4, C35E7.10, C44H4.6, C52B9.19, C55C3.4, F19F10.1, F22B3.8, F23C8.7, F26E4.5, F29G6.1, F38C2.7, F57B9.8, F59A3.8, K09B11.5, M176.9, R11E3.1, T06C10.3, T16G12.1, T21G5.1, T25B9.4, T25B9.5, W01B6.5, Y116A8C.20, Y46G5A.29, Y47G6A.5, Y52D5A.2, Y53C12A.3, Y69E1A.3, ZK622.1, ZK813.6, agr-1, ani-2, apl-1, apx-1, arg-1, ast-1, bcl-7, ccch-2, ccch-5, ceh-10, ceh-14, ceh-16, ceh-18, ceh-22, ceh-23, ceh-24, ceh-27, ceh-28, ceh-30, ceh-32, ceh-34, ceh-36, ceh-41, ceh-43, ceh-44, ceh-51, ceh-58, ceh-6, ceh-7, ceh-83, ceh-89, ceh-9, ceh-93, cgh-1, cif-1, cnd-1, cog-1, cpb-1, crb-1, csn-1, csn-2, csn-3, csn-4, csn-5, csn-6, cyd-1, cyn-4, dab-1, daf-12, daf-14, daf-3, daf-8, daz-1, dct-13, ddr-1, dmd-3, dpy-19, drsh-1, dsc-1, dsl-4, egl-13, egl-44, egl-46, elf-1, elt-2, elt-7, ets-4, ets-5, ets-7, ets-8, ets-9, eya-1, fbf-1, fbf-2, fcp-1, fem-1, fem-2, fem-3, fer-1, fkh-10, fkh-2, fkh-3, fkh-4, fkh-6, fkh-8, fkh-9, fox-1, frk-1, gck-1, gck-3, gld-1, glh-1, glh-2, glh-3, glp-1, gsk-3, gskl-1, gsp-3, gsp-4, hda-1, hlh-1, hlh-13, hlh-3, hlh-34, hlh-8, hmr-1, htip-2, ife-1, ift-81, impt-1, inx-19, kgb-1, kin-14, kin-21, kin-26, kin-5, laf-1, lag-2, larp-1, lep-2, let-381, let-502, let-858, lin-1, lin-12, lin-15A, lin-15B, lin-25, lin-29, lin-31, lin-32, lin-35, lin-42, lin-45, lin-59, lip-1, lis-1, mab-21, mab-3, mag-1, max-2, mef-2, mek-2, mep-1, met-2, mex-1, mig-23, moe-3, mpk-1, mut-14, myrf-1, myrf-2, nab-1, nhr-1, nhr-10, nhr-100, nhr-101, nhr-114, nhr-116, nhr-118, nhr-120, nhr-129, nhr-136, nhr-137, nhr-14, nhr-141, nhr-147, nhr-148, nhr-149, nhr-152, nhr-153, nhr-154, nhr-168, nhr-17, nhr-173, nhr-2, nhr-204, nhr-206, nhr-207, nhr-208, nhr-209, nhr-221, nhr-236, nhr-239, nhr-35, nhr-36, nhr-40, nhr-41, nhr-47, nhr-48, nhr-49, nhr-60, nhr-64, nhr-67, nhr-68, nhr-69, nhr-7, nhr-76, nhr-8, nhr-85, nhr-91, nhr-93, nipi-4, oma-1, oma-2, pam-1, par-3, par-4, par-6, pat-4, pes-1, pgl-1, pgl-2, pha-2, pha-4, phip-1, pkc-3, plx-2, pos-1, pro-1, pro-2, pro-3, prp-19, ptp-2, puf-11, puf-3, puf-5, puf-6, puf-7, puf-8, puf-9, rde-12, rsp-1, rsp-2, rsp-5, rsp-6, sdc-1, sdc-2, sea-2, sec-61.G, sel-10, sex-1, sfrp-1, siah-1, sma-2, sma-3, sma-4, smp-1, somi-1, sor-3, sox-2, sox-4, spe-10, spe-11, spe-17, spe-27, spe-39, spe-4, spe-6, spe-8, src-1, src-2, srdf-2.1, srdf-2.2, sup-12, svh-5, swm-1, syd-1, tab-1, tag-68, tir-1, tra-1, tra-2, tra-3, trd-1, trr-1, try-5, ubxn-1, ubxn-2, ubxn-3, unc-105, unc-130, unc-4, unc-45, unc-51, unc-52, unc-55, unc-64, unc-98, vab-3, vab-8, vbh-1, vps-33.2, wee-1.1, wee-1.3, xol-1, zipt-7.1"
GO:0031410,139,"F59C12.3, R07E5.19, R07E5.7, Y110A7A.9, Y71H2AM.12, ZK632.12, aho-3, alx-1, apb-3, apg-1, apl-1, apm-1, apm-3, aps-1, aps-2, aps-3, atg-18, bec-1, catp-6, ced-1, ced-10, chc-1, chup-1, clic-1, cnx-1, copb-1, copb-2, copd-1, cope-1, copg-1, copz-1, cpl-1, ctns-1, cup-4, cup-5, daf-2, daf-6, denn-4, dpy-23, dyn-1, egl-21, egl-3, epg-5, epn-1, flwr-1, htt-1, ida-1, ina-1, ins-1, kqt-3, lec-8, lgc-23, lgc-24, lgc-25, lgc-26, lgc-28, lgc-46, lgg-1, lgg-2, lst-4, lys-1, mgrn-1, mig-14, nlp-40, npp-20, ocrl-1, odr-4, piki-1, pld-1, ptc-3, ptp-2, qua-1, rab-11.1, rab-14, rab-19, rab-35, rab-39, rab-5, rab-6.1, rab-6.2, rac-2, ric-19, rme-2, rme-4, rme-6, sca-1, scm-1, sec-23, sec-24.1, sec-24.2, sel-1, sel-9, shn-1, slc-17.1, slc-30A5, sma-10, smf-1, smf-2, smf-3, snb-1, sng-1, snt-1, snt-2, snx-1, snx-17, spe-39, spe-41, sph-1, sup-1, sup-17, suro-1, swm-1, tat-5, tbc-7, tbc-8, tmem-135, toca-1, toca-2, trak-1, try-5, tsp-12, tsp-14, tsp-21, ttm-1, unc-101, unc-11, unc-14, unc-17, unc-26, unc-31, unc-46, unc-47, unc-57, vha-5, vit-2, vps-18, vps-29, vps-33.2, vps-41"
GO:0046914,1,apl-1
GO:0006886,105,"C26C6.9, C56E6.2, E03H4.8, F26F4.9, F32B4.2, F38A1.8, F54C8.7, R06F6.8, R186.3, Y116A8C.10, Y41C4A.32, Y54E10BR.2, Y54G2A.18, Y57G11C.22, Y59A8B.25, Y59A8B.8, apa-2, apb-1, apb-3, apd-3, apg-1, apm-1, apm-3, aps-1, aps-2, apt-9, arc-1, arf-1, arf-5, arf-6, arl-1, arl-5, arl-6, asps-1, chc-1, clic-1, cogc-3, copa-1, copb-1, copb-2, copg-1, copz-1, dpy-23, glo-1, ifta-2, imb-1, imb-2, mig-14, rab-1, rab-14, rab-18, rab-19, rab-21, rab-28, rab-5, rab-6.1, rab-6.2, rep-1, sar-1, sec-15, sec-23, sec-24.1, sec-24.2, sec-61.B, sec-61.G, sel-9, sly-1, snap-1, snpn-1, snx-17, snx-27, spe-39, syx-16, syx-17, syx-2, syx-3, syx-4, syx-5, syx-7, tbc-13, tmed-1, tmed-10, tmed-12, tmed-13, tmed-3, tmed-4, tomm-20, tomm-22, unc-101, unc-18, unc-64, uncp-18, uso-1, vps-16, vps-26, vps-29, vps-33.1, vps-33.2, vps-35, vps-41, vps-45, vti-1, warf-1, xpo-1, xpo-2"
GO:0015031,263,"C01A2.4, C30B5.2, C32D5.11, C47G2.3, F11C1.1, F26G1.1, F27D4.7, F32B4.2, F36F2.1, F45G2.8, F53B2.5, F56B3.11, T01C3.2, T03F1.12, T23G11.7, T25G3.3, W01G7.4, W09G3.8, Y54G2A.18, Y59A8B.8, Y69A2AR.16, Y71H2B.2, ZK938.11, ZK970.8, agef-1, amn-1, apa-2, apb-1, apb-3, apd-3, apg-1, apm-1, apm-3, apr-1, aps-1, aps-2, aps-3, apt-9, arf-1, arf-5, arf-6, arl-1, arl-3, arl-5, arrd-1, arrd-10, arrd-11, arrd-13, arrd-14, arrd-15, arrd-16, arrd-17, arrd-18, arrd-19, arrd-2, arrd-22, arrd-23, arrd-24, arrd-25, arrd-26, arrd-28, arrd-3, arrd-4, arrd-5, arrd-6, arrd-7, arrd-8, arrd-9, atg-3, atg-4.1, atg-4.2, atg-7, bbs-1, bbs-2, bbs-4, bbs-5, bbs-8, bbs-9, calu-1, ceph-41, chpf-1, chpf-2, cnt-1, cnt-2, cogc-1, cogc-2, cogc-3, cogc-4, cogc-6, cogc-8, copa-1, copb-1, copb-2, copd-1, cope-1, copg-1, copz-1, cubn-1, cup-2, ddp-1, der-2, did-2, dnj-21, dnj-29, doxa-1, dpy-23, dyf-13, eas-1, erd-2.1, erd-2.2, exoc-7, exoc-8, gdi-1, gon-1, gopc-1, gos-28, icd-2, ima-1, ima-2, ima-3, imb-1, imb-2, imb-3, istr-1, let-413, lin-7, lst-4, mdt-9, mel-28, memb-1, memb-2, mon-2, mtx-1, mtx-2, mvb-12, nbet-1, ncap-1, npp-10, npp-13, npp-14, npp-15, npp-16, npp-18, npp-19, npp-2, npp-20, npp-22, npp-5, nsf-1, nxt-1, osm-12, pad-1, pbo-1, pept-1, pept-2, pept-3, pgap-1, pro-3, prx-1, prx-10, prx-12, prx-13, prx-14, prx-2, rab-1, rab-10, rab-11.1, rab-14, rab-18, rab-21, rab-3, rab-35, rab-5, rab-6.1, rab-6.2, rae-1, ran-1, ran-4, rep-1, rer-1, rfgp-1, rilp-1, sar-1, scm-1, scpl-4, sec-10, sec-12, sec-15, sec-16A.2, sec-22, sec-23, sec-24.1, sec-24.2, sec-3, sec-31, sec-5, sec-6, sec-61.A, sec-61.B, sec-61.G, sec-62, sec-8, sel-9, sft-4, sftd-3, snap-1, snap-29, snx-1, snx-17, snx-3, snx-6, spe-39, stam-1, syx-16, syx-18, timm-17B.1, timm-17B.2, tin-10, tin-13, tin-44, tin-9.1, tin-9.2, tmyb-1, tomm-20, tomm-22, tomm-40, tomm-7, tram-1, tsg-101, ttm-2, unc-101, unc-108, unc-119, unc-18, unc-31, use-1, vamp-7, vps-11, vps-16, vps-2, vps-20, vps-22, vps-24, vps-25, vps-26, vps-28, vps-29, vps-33.1, vps-35, vps-36, vps-37, vps-4, vps-41, vps-50, vps-51, vps-52, vps-54, vti-1, warf-1, xpo-1, xpo-2, xpo-7, yif-1"
GO:0016192,145,"B0393.7, C34D4.4, DH11.5, E03H4.8, F09B12.5, F27D4.7, K05C4.2, R11G1.1, R186.3, T10F2.5, T27E4.1, Y25C1A.7, Y54G2A.18, Y59A8B.8, apa-2, apb-1, apb-3, apd-3, apg-1, apm-1, apm-3, aps-1, aps-2, aps-3, arc-1, arf-1, arf-5, arf-6, arl-1, arl-3, arl-5, arl-6, ccz-1, chc-1, cla-1, clic-1, cni-1, copa-1, copb-1, copb-2, copd-1, cope-1, copg-1, copz-1, dpy-23, eas-1, erd-2.1, erd-2.2, flwr-1, gbf-1, gdi-1, gon-1, gos-28, hum-1, lrpc-1, lrx-1, memb-1, memb-2, mppe-1, nbet-1, ncap-1, npp-20, nsf-1, ppk-3, rab-30, rab-39, rabr-2, rabr-3, rabr-4, rabx-5, rep-1, rfgp-1, rin-1, rme-6, rsef-1, sand-1, sar-1, scav-1, scav-2, scav-3, scav-4, scav-5, scav-6, sec-12, sec-16A.1, sec-16A.2, sec-20, sec-23, sec-24.2, sec-31, sedl-1, sel-9, sft-4, sftd-3, sly-1, snap-1, snb-1, snb-2, snb-5, snb-6, snb-7, snt-1, snt-2, snt-3, snt-4, snt-5, snt-6, snt-7, stam-1, sue-1, syx-16, syx-17, syx-2, syx-3, syx-4, syx-5, syx-7, tbc-20, tfg-1, trpp-1, trpp-3, trpp-4, trpp-5, unc-101, unc-104, unc-108, unc-16, unc-18, unc-57, unc-64, unc-70, uncp-18, use-1, uso-1, vamp-7, vamp-8, vps-32.1, vps-33.1, vps-33.2, vps-39, vps-41, vps-45, vti-1, warf-1, ykt-6"
GO:0030131,6,"apa-2, apb-1, apm-1, apm-3, dpy-23, unc-101"
GO:0030136,13,"apm-1, dab-1, fcho-1, hipr-1, rab-35, rme-4, rme-6, tag-138, unc-101, unc-11, vps-18, vps-33.2, vps-41"
GO:0030665,4,"apb-3, apg-1, apm-1, unc-101"
GO:0035615,9,"apa-2, apg-1, apm-1, ced-6, dpy-23, hipr-1, tag-138, unc-101, unc-41"
GO:0045176,11,"apg-1, apm-1, aps-1, chc-1, insc-1, rab-5, sel-12, sel-2, soap-1, unc-101, wts-1"
GO:0003906,3,"apn-1, exo-3, nth-1"
GO:0006284,7,"apn-1, crn-1, ercc-1, exo-3, nth-1, ung-1, xpa-1"
GO:0008081,27,"F13H10.5, F38E9.1, T03G6.3, T09B9.3, T12B3.3, T22G5.1, T27F6.6, Y40C5A.4, ZC155.4, ZK856.5, apn-1, egl-8, exo-3, gpcp-1, gpcp-2, pde-1, pde-2, pde-3, pde-4, pde-5, pde-6, plc-1, plc-2, plc-3, plc-4, pll-1, tdpo-1"
GO:0008311,3,"apn-1, exo-3, mrt-2"
GO:0017005,2,"apn-1, tdpo-1"
GO:0004177,33,"AC3.5, C50B6.9, F01D5.7, F01D5.8, F49B2.6, F53B6.5, K07A1.3, R03G8.6, T16G12.1, T27A8.3, VB0395L.1, Y41E3.18, Y42A5A.1, Y53F4B.20, Y67D8C.9, abhd-12, anp-1, app-1, dnpp-1, dpf-1, dpf-2, dpf-6, dpt-1, icpp-55, lap-1, lap-2, ltah-1.1, ltah-1.2, map-1, map-2, pam-1, pid-5, tpp-2"
GO:0051603,50,"C02G6.2, C32B5.13, C32B5.7, D2030.2, F15D4.4, F16A11.1, F32H5.1, F44E7.4, K02E7.10, K07A3.3, R07E3.1, R09F10.1, W07B8.4, Y113G7B.15, Y40H7A.10, Y51A2D.1, Y51A2D.8, Y65B4A.2, Y70C5C.1, Y71H2AM.25, Y71H2AR.2, app-1, cpl-1, cpr-1, cpr-2, cpr-3, cpr-4, cpr-5, cpr-6, cpr-9, cpz-1, cpz-2, cul-4, lgmn-1, pas-1, pas-2, pas-3, pas-4, pas-5, pas-6, pas-7, pbs-1, pbs-2, pbs-3, pbs-4, pbs-5, pbs-6, pbs-7, tag-196, tag-329"
GO:0070006,20,"AC3.5, F49B2.6, K12C11.1, R03G8.6, T12E12.6, T16G12.1, Y42A5A.1, Y53F4B.20, Y67D8C.9, anp-1, app-1, dnpp-1, icpp-55, lap-1, lap-2, ltah-1.2, map-1, map-2, mnp-1, pam-1"
GO:0001714,17,"apr-1, dsh-2, end-1, end-3, lit-1, med-1, med-2, mig-14, mig-5, mom-1, mom-2, mom-4, mom-5, skn-1, src-1, tap-1, wrm-1"
GO:0005881,15,"T19C3.4, apr-1, che-12, cls-1, cls-2, cls-3, dhc-1, ebp-1, ebp-2, ebp-3, klp-4, lis-1, rpi-1, wdr-5.2, wdr-5.3"
GO:0007026,5,"apr-1, ptrn-1, spc-1, tac-1, zyg-8"
GO:0007389,6,"R151.8, apr-1, ceh-8, cog-1, odd-1, zig-5"
GO:0007492,5,"apr-1, elt-2, lit-1, mom-4, wrm-1"
GO:0008013,13,"ZK1248.19, apr-1, daf-16, deb-1, frk-1, hmp-1, hmr-1, lin-23, lit-1, magi-1, pop-1, pry-1, rsa-2"
GO:0008017,81,"C16C8.18, C36B1.14, D2096.11, F33H2.6, F54A3.2, H03A11.2, H13N06.7, K09E2.2, M116.5, R04E5.8, T08G11.3, T19C3.4, Y55F3C.17, ani-1, apr-1, bmk-1, che-12, clip-1, cls-1, cls-2, cls-3, dnc-1, drp-1, dyf-11, dyn-1, eat-3, ebp-1, ebp-2, ebp-3, elp-1, figl-1, gasr-8, grdn-1, him-10, ift-74, ift-81, klp-11, klp-12, klp-13, klp-15, klp-16, klp-17, klp-18, klp-19, klp-20, klp-3, klp-4, klp-6, klp-7, knl-1, lgg-2, maco-1, maph-1.1, maph-1.2, maph-1.3, maph-9, mei-1, ndc-80, nud-2, osm-3, par-2, ptl-1, ptrn-1, rhgf-1, rmd-1, rmd-2, rmd-3, rmd-6, ska-1, spas-1, spc-1, spd-1, sup-35, unc-104, unc-116, vab-10, vab-8, zen-4, zyg-12, zyg-8, zyg-9"
GO:0008356,24,"apr-1, csnk-1, cyd-1, cyp-31A2, cyp-31A3, dsh-2, egl-20, emb-27, emb-30, fzy-1, insc-1, lin-17, lin-44, lit-1, mat-1, mat-3, mes-1, mom-4, par-2, par-3, par-4, pop-1, rnt-1, tcl-2"
GO:0016055,41,"C02B8.6, C26B9.6, C55A6.1, Y105E8A.14, apr-1, axl-1, bar-1, bcl-7, bmy-1, cam-1, cfz-2, cwn-1, cwn-2, dsh-1, dsh-2, egl-20, egl-27, eor-1, eor-2, gsk-3, hmg-1.2, kin-10, kin-19, kin-3, lin-18, lin-44, lit-1, mig-14, mig-5, mom-1, mom-2, mom-4, mom-5, plr-1, pop-1, pry-1, pygo-1, sfrp-1, sys-1, tcl-2, wrm-1"
GO:0016342,7,"apr-1, bar-1, hmp-1, hmp-2, hmr-1, jac-1, wrm-1"
GO:0016476,3,"apr-1, nmy-1, nmy-2"
GO:0030177,5,"M18.6, T14B4.3, apr-1, mig-14, vha-20"
GO:0030178,6,"C05G5.5, apr-1, axl-1, eel-1, plr-1, pry-1"
GO:0030334,62,"F59C12.3, acin-1, apr-1, bar-1, cacn-1, ced-10, ced-12, ceh-10, cogc-1, cogc-2, cogc-3, cogc-4, cogc-6, cogc-8, crml-1, daf-9, egl-17, egl-20, egl-27, egl-43, hda-1, hse-5, hst-2, itr-1, let-756, lin-11, lin-17, lon-2, lrp-1, lrp-2, mab-20, mab-5, mig-1, mig-10, mig-14, mig-15, mig-17, mig-21, mig-23, mig-32, mtm-6, mtm-9, ndc-80, ndk-1, nhr-67, pat-3, plx-1, plx-2, pmr-1, rack-1, sem-5, sop-2, sor-3, spat-3, unc-33, unc-39, unc-40, unc-6, unc-83, unc-84, vab-8, wip-1"
GO:0030877,2,"apr-1, pry-1"
GO:0040027,44,"C17G10.13, F19F10.11, Y32B12B.4, ZK662.5, apr-1, ark-1, chd-3, dpl-1, dpy-22, efl-1, ets-6, gei-4, gon-14, hda-1, hpl-1, hpl-2, ivph-3, let-418, lin-13, lin-15A, lin-15B, lin-35, lin-37, lin-38, lin-52, lin-53, lin-54, lin-8, lin-9, met-1, met-2, mgrn-1, mig-32, pry-1, rad-54.L2, sdz-19, sft-4, sli-1, spat-3, sra-13, swsn-1, tam-1, tra-4, trr-1"
GO:0043652,16,"apr-1, ced-1, ced-10, ced-12, ced-2, ced-5, ced-6, ced-7, ced-8, gsk-3, lis-1, mig-2, mom-5, nex-1, psr-1, unc-73"
GO:0045295,1,apr-1
GO:0048557,22,"apr-1, dsh-2, efl-1, hda-1, let-413, let-418, lin-35, lin-36, lin-37, lin-53, mes-1, mig-14, mig-5, mom-1, mom-2, mom-4, mom-5, pha-1, src-1, sup-37, ubc-18, umps-1"
GO:0051782,7,"apr-1, cyd-1, frk-1, hmp-2, pop-1, unc-22, wrm-1"
GO:0060070,25,"apr-1, bar-1, cfz-2, cwn-1, cwn-2, dsh-1, dsh-2, egl-20, frk-1, hmp-2, lin-17, lin-44, lit-1, mig-1, mig-14, mig-5, mom-1, mom-2, mom-4, mom-5, pop-1, pry-1, sfrp-1, sptf-2, wrm-1"
GO:0071944,21,"T27F6.6, Y50D7A.10, Y55F3AM.9, Y71G12B.17, apr-1, cbd-1, cdc-42, cmd-1, csnk-1, ctn-1, deb-1, emb-9, hmp-1, let-2, mig-14, par-1, pix-1, rin-1, rol-3, tiam-1, wts-1"
GO:0090090,14,"C44H4.6, apr-1, cst-1, cst-2, frk-1, frm-10, gsk-3, gskl-1, kin-19, nphp-4, otub-4, pry-1, unc-37, unc-4"
GO:0005905,12,"apa-2, aps-1, aps-2, chc-1, clic-1, dab-1, dpy-23, fcho-1, lrp-1, rab-35, rme-4, unc-11"
GO:0006897,101,"C28A5.6, F14B4.1, K09C6.2, K09C6.7, K09C6.8, Y55F3AM.5, Y64G10A.7, alfa-1, apa-2, apm-3, aps-2, bec-1, bed-2, cdc-42, cdc-7, chw-1, cnb-1, cnt-1, cnt-2, crp-1, csnk-1, cup-16, cup-2, cup-4, daf-6, dpy-23, dyn-1, eea-1, ehs-1, epn-1, fcho-1, gldi-2, hipr-1, hum-1, hum-10, hum-2, hum-4, hum-5, hum-6, hum-8, kin-20, lgc-23, lgc-24, lgc-25, lgc-26, lgc-28, lrp-1, lrp-2, lst-4, mca-3, mtm-6, mtm-9, ncap-1, ppt-1, ptr-1, ptr-10, ptr-11, ptr-12, ptr-13, ptr-14, ptr-15, ptr-16, ptr-17, ptr-18, ptr-19, ptr-2, ptr-20, ptr-21, ptr-22, ptr-23, ptr-24, ptr-25, ptr-3, ptr-4, ptr-5, ptr-6, ptr-8, ptr-9, rab-5, rabn-5, rme-1, rme-2, rme-4, rme-6, rsd-3, sid-2, soap-1, spe-15, tag-138, tat-1, tat-5, tat-6, tax-6, toca-1, toca-2, unc-11, unc-26, unc-41, unc-57, vps-34, wdfy-2"
GO:0030276,11,"Y45G5AM.9, apb-1, apg-1, aps-2, dnj-25, epn-1, hipr-1, rsd-3, tag-138, tmyb-1, unc-11"
GO:0072583,9,"apa-2, aps-2, clic-1, dnj-25, dpy-23, fcho-1, unc-11, unc-41, unc-57"
GO:0098588,4,"aps-2, rap-2, vha-20, vti-1"
GO:0098797,5,"T02G5.3, aps-2, catp-4, ilcr-1, ilcr-2"
GO:0006896,5,"apd-3, apg-1, vps-52, vps-54, vti-1"
GO:0009306,14,"C34D4.4, apg-1, apt-9, copg-1, dab-1, ehbp-1, ekl-6, hrg-10, hrg-9, popl-7, rab-5, rab-8, tfg-1, trpp-3"
GO:0030117,10,"E03H4.8, apa-2, apb-1, apb-3, apd-3, apg-1, copa-1, copb-1, copb-2, copg-1"
GO:0030121,5,"Y45G5AM.9, apg-1, aps-1, unc-101, unc-17"
GO:0030659,62,"aho-3, apm-3, aps-1, aps-3, chc-1, clic-1, cup-4, daf-6, ida-1, kqt-3, lgc-23, lgc-24, lgc-25, lgc-26, lgc-28, lst-4, ptr-1, ptr-10, ptr-11, ptr-12, ptr-13, ptr-14, ptr-15, ptr-16, ptr-17, ptr-18, ptr-19, ptr-2, ptr-20, ptr-21, ptr-22, ptr-23, ptr-24, ptr-25, ptr-3, ptr-4, ptr-5, ptr-6, ptr-8, ptr-9, rab-14, rab-39, rap-2, ric-19, sel-9, sma-10, smf-1, smf-2, smf-3, snx-17, sup-17, tbc-7, tbc-8, tmem-135, tsp-12, tsp-14, tsp-21, ttm-1, uda-1, unc-31, unc-47, ykt-6"
GO:0006898,15,"amn-1, apa-2, apb-1, chc-1, dab-1, dnj-25, dpy-23, dyn-1, rab-11.1, rab-5, rabs-5, rlbp-1, rme-8, unc-11, vps-45"
GO:0008104,81,"C18B2.5, M117.3, Y54G2A.18, amn-1, ani-1, apa-2, cdk-2, cgef-1, chc-1, che-13, che-3, chin-1, csnk-1, cul-2, dab-1, dsh-2, dyf-5, elks-1, exoc-8, fat-3, fbl-1, ftt-2, hcp-1, hcp-2, hipr-1, iff-1, ifta-2, istr-1, klc-1, klc-2, kpc-1, let-2, lgl-1, lin-10, lin-2, lmn-1, lmtr-2, lrk-1, lyst-1, mig-17, mksr-1, mksr-2, mlc-4, nmy-1, nphp-1, nphp-4, npp-5, odr-4, ooc-3, osm-12, pac-1, par-3, par-5, pkc-3, ppk-1, rab-5, rab-6.2, rgs-5, sad-1, sas-6, sel-2, sep-1, snx-1, soap-1, spd-2, spd-5, spe-4, sun-1, syd-1, syd-2, tba-2, tir-1, ttx-7, unc-10, unc-116, unc-59, unc-61, unc-89, vab-19, vps-36, zyg-1"
GO:0030122,4,"apa-2, dpy-23, unc-17, unc-41"
GO:0030139,20,"amn-1, apa-2, chc-1, eea-1, hum-8, itsn-1, lrp-1, mrp-4, rab-19, rab-5, rabx-5, rfip-1, rhgf-2, rin-1, rme-1, rme-6, snf-12, soap-1, spe-15, sta-2"
GO:0032794,11,"apa-2, crml-1, kbrl-1, mpz-1, rab-10, rab-35, rab-5, rab-8, rabn-5, rho-1, rme-6"
GO:0036062,7,"apa-2, itsn-1, nab-1, rpm-1, snn-1, sphk-1, wsp-1"
GO:0045334,4,"apa-2, chc-1, rme-6, sac-2"
GO:0048488,9,"apa-2, ehs-1, inpp-5K, lpd-3, nlg-1, snt-1, unc-11, unc-26, unc-41"
GO:0006623,9,"CD4.11, apd-3, sand-1, vps-13A, vps-13D, vps-15, vps-37, vps-41, vps-8"
GO:0016182,1,apd-3
GO:0030123,2,"apb-3, apd-3"
GO:0043195,7,"T14E8.2, apd-3, cat-1, cpx-1, hen-1, unc-13, unc-17"
GO:0048490,3,"apd-3, syd-2, unc-104"
GO:0048499,1,apd-3
GO:0098830,1,apd-3
GO:0098943,1,apd-3
GO:1904115,20,"apd-3, arl-8, arp-11, cdk-5, cdka-1, cyy-1, dhc-1, dli-1, klp-20, lis-1, nsy-1, pct-1, syd-2, tir-1, unc-104, unc-116, unc-43, unc-76, wdr-5.2, wdr-5.3"
GO:0007040,23,"aexr-2, apb-3, apm-3, ccz-1, cln-3.1, cln-3.2, cln-3.3, ctns-1, cup-14, cup-15, cup-5, elt-3, gba-1, gba-2, gba-3, gba-4, glo-1, mrp-4, ril-2, snpn-1, tat-1, umps-1, vps-18"
GO:0019915,26,"F11C1.4, F26A3.1, acbp-1, acbp-3, acbp-4, apm-3, cox-5B, ech-4, eif-2Bdelta, fitm-2, glo-1, lpd-5, lpd-6, lpd-7, lpd-9, lpin-1, maa-1, mac-1, nfu-1, nhx-2, oga-1, ogt-1, pept-1, pgp-2, seip-1, tph-1"
GO:0006893,12,"C16A11.2, C31E10.5, C31E10.6, apt-9, exoc-8, lgl-1, sec-10, sec-15, sec-3, sec-5, sec-8, tom-1"
GO:0031267,63,"F09F7.5, R06F6.8, R07G3.8, T10D4.6, T16G12.6, Y25C1A.7, ani-1, apt-9, cccp-1, ced-12, ced-5, cla-1, cnt-1, cyk-1, daam-1, dgk-1, ehbp-1, frl-1, gasr-8, gex-2, ggtb-1, git-1, golg-4, imb-1, imb-2, lin-10, lin-45, lst-6, max-2, par-6, plc-1, plx-1, rabx-5, ran-2, rbg-1, rbg-2, rfip-2, rhgf-2, ric-19, rilp-1, rin-1, rlbp-1, rme-6, rod-1, rsf-1, rund-1, soc-2, sql-1, srgp-1, swan-1, syd-1, tbc-11, tbc-8, tir-1, uig-1, unc-10, unc-73, unc-89, vps-52, wsp-1, xpo-1, xpo-2, xpo-3"
GO:0035091,24,"Y54F10AR.1, Y71G12B.17, ZK632.12, apt-9, esyt-2, hgrs-1, itr-1, lst-4, nish-1, par-3, piki-1, pitp-1, pld-1, rskd-1, snx-1, snx-13, snx-14, snx-17, snx-27, snx-3, snx-6, stam-1, tmyb-1, unc-132"
GO:0043130,30,"C06E1.9, F43C1.5, F44B9.5, H40L08.1, Y57A10A.31, Y71G12B.27, apt-9, bub-3, cks-1, dcn-1, dmd-4, hgrs-1, hrdl-1, npl-4.1, npl-4.2, otub-1, rad-23, rae-1, spe-48, stam-1, tli-1, tmyb-1, tsg-101, ubc-23, ubr-5, ubxn-2, ubxn-3, ufd-3, vps-36, wdr-48"
GO:0005112,27,"C02B10.3, F55H12.3, T25F10.3, Y41D4B.6, alx-1, apx-1, arg-1, cpg-24, dos-1, dos-3, dsl-1, dsl-2, dsl-3, dsl-4, dsl-5, dsl-6, dsl-7, eat-20, gly-11, gly-8, kola-2, lag-1, lag-2, lin-12, osm-11, osm-7, sel-8"
GO:0008595,15,"T05H10.1, apx-1, cdk-1, cul-2, cyb-2.1, cyb-2.2, elc-1, emb-30, math-33, nop-1, pam-1, rbx-1, src-1, usp-46, zyg-11"
GO:0009880,14,"apx-1, glp-1, mbk-2, mex-1, mex-3, nob-1, oma-1, pal-1, par-1, pie-1, pop-1, pos-1, skn-1, unc-62"
GO:0016331,14,"apx-1, arx-1, arx-2, arx-4, arx-5, arx-6, arx-7, cdh-3, efn-4, mab-20, paf-2, rsf-1, vab-1, wsp-1"
GO:0031129,2,"apx-1, lin-3"
GO:0046331,3,"apx-1, mdt-29, sel-7"
GO:0048858,9,"abi-1, apx-1, lag-1, lin-12, madd-2, mig-10, sel-12, unc-40, unc-53"
GO:1905936,8,"apx-1, atx-2, fem-1, fem-3, gld-1, glp-1, hecd-1, lag-2"
GO:0006833,9,"aqp-1, aqp-12, aqp-2, aqp-3, aqp-4, aqp-5, aqp-6, aqp-7, aqp-8"
GO:0015250,9,"aqp-1, aqp-12, aqp-2, aqp-3, aqp-4, aqp-5, aqp-6, aqp-7, aqp-8"
GO:0015254,5,"aqp-1, aqp-2, aqp-3, aqp-7, aqp-8"
GO:0015267,15,"T18D3.9, aqp-1, aqp-10, aqp-11, aqp-12, aqp-2, aqp-3, aqp-4, aqp-5, aqp-6, aqp-7, aqp-8, aqp-9, ced-9, spp-5"
GO:0015793,5,"aqp-1, aqp-2, aqp-3, aqp-7, aqp-8"
GO:0016323,54,"F21G4.1, F47E1.2, F47E1.4, F53B1.8, K02G10.5, Y32F6B.1, Y70G10A.3, abts-1, abts-2, abts-3, abts-4, alx-1, aqp-1, aqp-2, aqp-3, aqp-7, aqp-8, arf-6, cdf-1, cdh-3, cnnm-1, cnnm-3, cnt-1, dlg-1, dsc-4, egl-19, fdgt-1, itx-1, kqt-3, let-23, let-413, lgl-1, lin-18, lin-7, mig-14, mrp-5, num-1, orai-1, pat-3, pbo-4, pmr-1, slc-17.1, slcf-1, sulp-2, sulp-8, sup-17, tat-1, toca-1, tsp-14, tsp-21, unc-2, unc-64, vang-1, zmp-1"
GO:0019755,1,aqp-4
GO:0004303,3,"ard-1, dhs-11, dhs-25"
GO:0006631,116,"B0272.3, C17C3.1, C17C3.3, C31H5.6, C37H5.13, D2021.4, F21C10.10, F25E2.3, F32H2.6, F54C8.1, F58A6.1, K05B2.4, R10E4.9, T05E7.1, T26C12.1, T28F3.5, W03D8.8, W03F9.4, Y25C1A.13, Y55D5A.3, Y71F9B.9, ZK550.6, aakb-1, aakb-2, acbp-1, acbp-3, acbp-4, acbp-6, acbp-7, acdh-1, acdh-10, acdh-11, acdh-12, acdh-13, acdh-3, acdh-7, acdh-8, acox-1.1, acox-1.2, acox-1.3, acox-1.4, acox-1.5, acox-1.6, acox-3, acs-1, acs-11, acs-13, acs-15, acs-16, acs-17, acs-18, acs-2, acs-20, acs-21, acs-22, acs-3, acs-4, acs-5, acs-7, alkb-7, ard-1, art-1, asah-1, asah-2, ath-1, bckd-1A, cpt-1, cpt-3, cpt-4, cpt-5, cpt-6, dbt-1, dhs-11, dhs-25, dld-1, ech-1.1, ech-1.2, ech-2, ech-6, ech-7, ech-8, ech-9, elo-1, elo-2, elo-3, elo-4, elo-5, elo-6, elo-7, elo-8, elo-9, fasn-1, fat-1, fat-2, fat-3, fat-4, fat-5, fat-6, fat-7, fath-1, hacd-1, hadb-1, hpo-8, let-767, maa-1, mcat-1, mecr-1, mecr-2, mmcm-1, ndab-1, ndab-2, paqr-1, pges-2, pod-2, sur-5, tmem-189"
GO:0008209,2,"ard-1, let-767"
GO:0008210,4,"ard-1, dhs-11, dhs-25, let-767"
GO:0007005,37,"D2023.6, ant-1.1, arf-1, atad-3, clp-1, clu-1, ddp-1, dnj-10, dnj-18, eat-3, fzo-1, gbf-1, har-1, hsp-60, immt-1, immt-2, letm-1, lonp-1, miro-1, mtx-1, mtx-2, pat-2, pat-3, pat-4, pat-6, phb-1, phb-2, pink-1, polg-1, ppt-1, stl-1, tomm-7, unc-112, unc-52, unc-97, vdac-1, vps-13D"
GO:0007276,21,"arf-1, cdk-11.1, cgh-1, glh-1, glh-2, glh-3, glh-4, gsk-3, iff-1, iff-2, ima-3, laf-1, lin-41, mes-1, mes-2, mut-14, pgl-1, prg-1, rde-12, ten-1, vbh-1"
GO:0048259,3,"C15C8.4, arf-1, cnt-2"
GO:1904748,1,arf-1
GO:0007281,46,"arf-5, cdk-9, cir-1, cye-1, ddx-19, ddx-23, ego-1, elac-2, eri-1, gcl-1, glh-1, glh-2, glh-3, gsk-3, hpl-1, hpl-2, hrde-1, lip-1, lis-1, lmn-1, mes-2, mog-4, mog-5, mrg-1, noca-1, nos-2, nst-1, pab-1, pan-1, pen-2, plp-1, pro-1, puf-6, puf-7, rbbp-5, rde-12, rha-1, riok-1, rtcb-1, skp-1, smn-1, stau-1, uaf-1, vbh-1, wdr-5.2, wdr-5.3"
GO:0055038,18,"arf-6, chat-1, cnt-1, ehbp-1, maa-1, nhx-5, rab-10, rab-11.1, rab-35, rab-8, rap-2, rfip-1, rme-1, scm-1, sdpn-1, tat-1, tsp-12, tsp-14"
GO:0098592,7,"arf-6, ccm-3, cnt-1, egl-26, frm-7, gck-1, let-653"
GO:1902647,4,"arf-6, cnt-1, rab-10, rab-8"
GO:1902648,1,arf-6
GO:1905751,2,"arf-6, cnt-1"
GO:0042059,9,"ark-1, dpy-22, ipp-5, lst-2, pat-2, pat-3, sft-4, sli-1, tln-1"
GO:0110039,35,"abcx-1, arl-1, blmp-1, bub-1, cdc-42, cdt-1, daf-4, dmd-3, inx-12, inx-13, lit-1, mab-3, mix-1, nfya-1, nhr-25, nmy-2, nob-1, npp-3, npp-6, php-3, plk-1, pri-2, ptl-1, ran-3, rcan-1, rme-8, rpa-1, sma-2, sma-3, smc-4, smo-1, spg-7, ubc-12, vav-1, wht-5"
GO:0060271,59,"F52B5.2, F59G1.4, K07C11.10, R02E12.4, arl-13, arl-3, arl-6, bbs-1, bbs-2, bbs-4, bbs-5, bbs-8, bbs-9, cdc-14, cfap-20, che-10, che-11, che-13, che-2, che-3, daf-10, daf-11, dct-14, dyf-1, dyf-11, dyf-13, dyf-19, dyf-3, dyf-5, dyf-6, hyls-1, ift-139, ift-20, ift-43, ift-74, ift-81, ifta-1, ifta-2, jbts-14, klp-20, mks-1, mks-3, mks-5, mksr-1, mksr-2, odr-3, osm-1, osm-12, osm-3, osm-5, osm-6, ptp-8, rilp-1, rme-1, tctn-1, tmem-231, txdc-15, unc-101, unc-119"
GO:0000226,53,"E02A10.3, F54A3.2, K03A1.4, R08D7.5, T08D2.8, T27C10.9, Y73C8B.5, arl-5, atat-2, ben-1, cal-8, cdc-14, che-12, cmd-1, coel-1, dli-1, elp-1, gcn-1, gip-1, maph-1.1, maph-1.2, maph-1.3, mec-12, mec-17, mec-7, mei-1, par-1, par-3, rsa-1, spas-1, spd-1, spd-2, spd-3, szy-5, tba-1, tba-2, tba-4, tba-5, tba-6, tba-7, tba-8, tba-9, tbb-1, tbb-2, tbb-4, tbb-6, tbcd-1, tbce-1, ttll-11, ttll-4, ttll-5, ttll-9, txdc-9"
GO:1903292,2,"arl-5, rei-1"
GO:0030010,17,"R02C2.1, cdc-42, chw-1, crp-1, cyk-3, lgl-1, mex-1, mlc-4, mom-2, par-1, par-2, par-3, par-4, pkc-3, sad-1, warf-1, yap-1"
GO:0036498,115,"C14B9.2, C36B7.6, C47E12.3, F18H3.4, F22E5.6, F41B4.3, F46C5.9, F52B11.2, F54C8.7, R07E5.7, R12E2.13, T06D8.9, T13C5.6, T14G8.3, T24H7.2, Y38F1A.2, Y41C4A.11, Y41E3.8, Y54G2A.18, ZK1307.8, acl-12, acs-11, apy-1, atln-1, bca-1, bre-1, calu-1, catp-3, cdc-48.2, cdkr-3, cdr-4, ckb-2, ckb-4, clec-121, cnx-1, col-109, col-89, crld-1, crt-1, cup-2, cutc-1, der-2, dhhc-10, dnj-27, dpy-18, dsc-4, ech-3, erd-2.1, ero-1, fipr-24, fis-2, frpr-11, gad-3, gale-1, ger-1, gfat-1, gly-5, gst-1, hsp-16.11, hsp-16.41, hsp-16.49, hsp-3, hsp-70, hut-1, idpc-2, idpc-5, ile-1, imp-2, ire-1, irld-6, lec-8, let-607, lips-11, lonp-1, mals-1, mpdu-1, nlp-28, nsf-1, ostb-1, pdi-1, pdi-2, pept-2, rer-1, rfgp-1, rfgp-2, rft-2, rrf-2, rtcb-1, sca-1, sdz-35, sec-11, sec-12, sec-22, sel-1, sel-11, skn-1, snap-1, sox-2, spcs-1, spcs-2, spcs-3, sre-23, srp-7, stc-1, tag-335, tag-353, tmed-1, ubc-13, ubxn-1, uggt-1, uggt-2, unc-68, vsra-1, warf-1, xbp-1"
GO:0008088,4,"arl-8, sad-1, syd-1, syd-2"
GO:0008089,5,"arl-8, cyy-1, klp-20, pct-1, unc-104"
GO:0008333,7,"ZK632.12, arl-8, rab-7, snpn-1, stam-1, tsg-101, vps-18"
GO:0048786,15,"arl-8, ccb-1, cla-1, dyn-1, elks-1, git-1, hlb-1, nab-1, nrx-1, ppm-2, rsy-1, snb-1, syd-2, unc-10, unc-13"
GO:1903742,1,arl-8
GO:0005930,23,"K09E2.2, arl-6, bbs-1, bbs-5, cfap-36, che-11, che-13, che-3, dyf-11, dyla-1, dylt-2, efhc-1, famh-161, ifta-1, ifta-2, kap-1, maph-9, mapk-15, osm-1, osm-12, rab-28, xbx-1, yap-1"
GO:0036499,23,"F22E5.6, F32D8.7, F57B9.3, R02D3.8, T20D4.7, Y58A7A.5, ZC168.2, ZK1307.8, acl-12, arl-6, cbp-3, clec-67, dnj-28, dnj-7, fbxa-60, ggtb-1, gst-38, lgmn-1, nas-38, pek-1, rnf-121, sdz-35, tbb-6"
GO:0046907,5,"Y45G5AM.9, arl-6, npp-9, ran-5, vps-41"
GO:0061512,8,"arl-6, bbs-1, bbs-4, daf-10, ift-139, ift-20, ifta-1, tub-1"
GO:0001664,25,"arr-1, capa-1, egl-30, goa-1, gpa-1, gpa-10, gpa-11, gpa-12, gpa-13, gpa-14, gpa-15, gpa-16, gpa-17, gpa-18, gpa-2, gpa-3, gpa-4, gpa-5, gpa-6, gpa-7, gpa-8, grk-2, gsa-1, odr-3, rhgf-1"
GO:0002031,1,arr-1
GO:0007600,7,"C35B1.5, F29B9.5, T20D4.7, arr-1, che-12, goa-1, trx-5"
GO:0040010,22,"arr-1, clk-1, cng-3, dab-1, grk-2, hlh-14, hpl-1, hpl-2, kin-29, lon-1, mboa-6, mca-3, mcd-1, ncr-1, nhx-2, pept-1, rad-8, rbd-1, swsn-1, tax-4, trr-1, unc-104"
GO:0043204,88,"arr-1, atg-13, bec-1, bicd-1, cam-1, casy-1, cat-2, ccpp-1, ced-3, ced-9, che-12, daf-11, daf-18, ddr-1, ddr-2, dmd-3, dyf-5, dyf-6, egl-21, egl-8, elt-1, fbxl-1, flp-14, gcy-12, gcy-28, glr-1, hmit-1.2, hmit-1.3, ida-1, irk-1, jkk-1, jnk-1, kin-10, kin-3, kpc-1, kvs-4, lect-2, let-92, lgg-1, lin-10, mak-2, maph-1.1, mapk-15, max-2, mec-15, mig-10, mig-13, msi-1, nfyb-1, nfyc-1, nsy-1, pag-3, pak-1, pat-6, pef-1, pkd-2, plr-1, ptrn-1, qui-1, rab-28, rab-6.1, rab-6.2, rig-6, rsks-1, sax-7, selt-1.2, snet-1, sphk-1, srb-12, srb-13, srb-16, srb-3, srb-5, srx-43, strd-1, sup-1, tac-1, tax-6, tdc-1, ttll-11, ttx-3, uev-1, unc-25, unc-43, unc-64, usp-46, vps-52, vps-53"
GO:0046628,3,"arr-1, daf-18, mpz-1"
GO:0062049,3,"arr-1, daf-18, mpz-1"
GO:0000049,35,"C35D10.12, K03B4.1, T16G12.6, Y48C3A.18, Y71F9AL.1, Y82E9BR.18, aars-1, aars-2, alkb-8, ears-2, eif-2A, eif-2gamma, elpc-1, elpc-3, fars-1, fars-2, hpo-31, kars-1, mars-1, metl-1, mttu-1, nath-10, nsun-2, pqn-68, pstk-1, sars-1, sars-2, secs-1, trm-1, trmt-10A, trmt-10C.1, trmt-10C.2, tut-1, tut-2, xpo-3"
GO:0002161,8,"aars-1, aars-2, glp-4, iars-1, iars-2, lars-1, pqn-68, vars-1"
GO:0004812,35,"aars-1, aars-2, cars-1, dars-1, dars-2, ears-1, ears-2, fars-1, fars-2, fars-3, gars-1, glp-4, hars-1, iars-1, iars-2, kars-1, lars-1, lars-2, mars-1, mars-2, nars-1, nars-2, pars-1, pars-2, prx-10, qars-1, rars-1, rars-2, sars-1, sars-2, tars-1, vars-1, wars-1, yars-1, yars-2"
GO:0004813,2,"aars-1, aars-2"
GO:0006412,216,"C37C3.2, C39B5.6, F45E12.5, F46B6.6, F57B9.3, Y119D3B.14, Y41D4A.6, Y66D12A.7, ZK1236.1, ZK973.1, aars-1, aars-2, abce-1, cars-1, cif-1, cpb-1, cpb-2, cpb-3, dars-1, dars-2, ears-1, ears-2, eef-1A.2, eef-1B.1, eef-1B.2, eef-1G, eef-2, egl-45, eif-1, eif-1.A, eif-2A, eif-2Balpha, eif-2Bbeta, eif-2Bdelta, eif-2Bgamma, eif-2alpha, eif-2beta, eif-2gamma, eif-3.B, eif-3.C, eif-3.D, eif-3.E, eif-3.F, eif-3.G, eif-3.H, eif-3.I, eif-3.J, eif-3.K, eif-3.L, eif-6, elpc-1, elpc-3, erfa-1, erfa-3, fars-1, fars-2, fars-3, fau-1, fog-1, gars-1, gfm-1, glp-4, hars-1, hbs-1, iars-1, iars-2, ife-1, ife-2, ife-3, ife-4, ife-5, iff-1, iff-2, iffb-1, inf-1, kars-1, lars-1, lars-2, mars-1, mars-2, metl-17, mrpl-10, mrpl-11, mrpl-12, mrpl-13, mrpl-15, mrpl-16, mrpl-17, mrpl-18, mrpl-19, mrpl-2, mrpl-20, mrpl-22, mrpl-23, mrpl-24, mrpl-30, mrpl-32, mrpl-36, mrpl-37, mrpl-4, mrpl-41, mrpl-47, mrpl-49, mrpl-51, mrpl-55, mrpl-9, mrps-11, mrps-12, mrps-14, mrps-16, mrps-18.C, mrps-18A, mrps-18C, mrps-2, mrps-21, mrps-23, mrps-30, mrps-5, mrps-6, mrps-7, mrps-9, mrrf-1, mtrf-1L, nars-1, nars-2, pars-1, pars-2, prx-10, qars-1, rars-1, rars-2, rpl-10L, rpl-10a, rpl-11.1, rpl-11.2, rpl-12, rpl-13, rpl-13A, rpl-14, rpl-15, rpl-17, rpl-18, rpl-18A, rpl-19, rpl-21, rpl-22, rpl-23, rpl-23A.1, rpl-23A.2, rpl-26, rpl-27, rpl-28, rpl-29, rpl-3, rpl-31, rpl-32, rpl-34, rpl-35, rpl-35A, rpl-36, rpl-36A, rpl-37.1, rpl-37.2, rpl-37A, rpl-38, rpl-39, rpl-4, rpl-41.1, rpl-41.2, rpl-5, rpl-6, rpl-8, rpl-9, rplp-1, rps-11, rps-12, rps-13, rps-14, rps-15, rps-15A, rps-16, rps-17, rps-18, rps-19, rps-2, rps-20, rps-21, rps-23, rps-24, rps-26, rps-27, rps-27A, rps-28, rps-29, rps-3, rps-3A, rps-4, rps-5, rps-6, rps-7, rps-8, rps-9, rpsa-1, sars-1, secs-1, tars-1, tsfm-1, tufm-1, tufm-2, tut-1, ubq-2, utp-11, vars-1, wars-1, yars-1, yars-2"
GO:0006419,2,"aars-1, aars-2"
GO:0043039,9,"aars-1, aars-2, ears-1, ears-2, fars-1, fars-2, qars-1, tars-1, yars-2"
GO:0106074,8,"aars-1, aars-2, glp-4, iars-1, iars-2, lars-1, pqn-68, vars-1"
GO:0006633,44,"F10G8.9, F32H2.6, R10E4.9, T28F3.5, acly-1, acly-2, acs-7, art-1, bckd-1A, dbt-1, dhs-11, dhs-25, dld-1, elo-1, elo-2, elo-3, elo-4, elo-5, elo-6, elo-7, elo-8, elo-9, fasn-1, fat-1, fat-2, fat-3, fat-4, fat-5, fat-6, fat-7, fath-1, hpo-8, let-767, mcat-1, mecr-1, mecr-2, mlcd-1, ndab-1, ndab-2, pges-2, pks-1, pod-2, sbp-1, sur-7"
GO:0006665,38,"C29E4.10, F13H10.8, F33D4.4, F53B1.2, T27F6.6, W02F12.2, Y37E11AM.3, art-1, arv-1, asah-1, asah-2, asm-1, asm-2, asm-3, cerk-1, cgt-1, cgt-2, cgt-3, gba-1, gba-2, gba-3, gba-4, hyl-1, hyl-2, lagr-1, sms-1, sms-2, sms-3, sms-5, sphk-1, spl-1, spl-2, spl-3, spp-10, sptl-1, sptl-2, sptl-3, ttm-5"
GO:0016627,32,"F54D5.7, ZK1251.3, acdh-1, acdh-10, acdh-11, acdh-12, acdh-13, acdh-2, acdh-3, acdh-4, acdh-5, acdh-6, acdh-7, acdh-8, acdh-9, acds-10, acox-1.1, acox-1.2, acox-1.3, acox-1.4, acox-1.5, acox-1.6, acox-3, art-1, dhod-1, dpyd-1, ivd-1, sdha-1, sdha-2, srdf-2.1, srdf-2.2, srdf-3"
GO:0042761,12,"R10E4.9, art-1, elo-1, elo-2, elo-3, elo-4, elo-5, elo-6, elo-7, elo-8, elo-9, hpo-8"
GO:0102758,1,art-1
GO:0005885,8,"C46H11.3, arx-1, arx-2, arx-3, arx-4, arx-5, arx-6, arx-7"
GO:0010631,8,"arx-1, arx-2, arx-4, arx-5, arx-6, arx-7, spv-1, wsp-1"
GO:0031252,8,"ani-1, arx-1, laf-1, madd-2, plx-2, rol-3, unc-34, wsp-1"
GO:0034314,9,"C46H11.3, arx-1, arx-2, arx-3, arx-4, arx-5, arx-6, arx-7, ddl-2"
GO:0000176,11,"crn-3, crn-5, dis-3, exos-1, exos-2, exos-3, exos-4.1, exos-4.2, exos-7, exos-8, exos-9"
GO:0000177,9,"crn-5, dis-3, exos-2, exos-3, exos-4.1, exos-4.2, exos-7, exos-8, exos-9"
GO:0016075,8,"crn-5, dis-3, exos-4.1, exos-4.2, exos-7, exos-8, exos-9, xrn-1"
GO:0034475,8,"crn-5, exos-2, exos-3, exos-4.1, exos-4.2, exos-7, exos-8, exos-9"
GO:0071028,12,"F33D11.10, crn-5, eol-1, exos-4.1, exos-4.2, exos-7, exos-8, exos-9, hel-1, mag-1, prp-19, rnp-4"
GO:0071051,6,"crn-3, crn-5, exos-2, exos-3, exos-4.1, exos-4.2"
GO:0030833,12,"C46H11.3, F54F2.7, R07G3.8, T10D4.6, arx-5, arx-7, cas-2, dbn-1, gex-2, lev-11, unc-78, wsp-1"
GO:0055120,96,"C04G6.4, C46G7.2, C47B2.2, C55A6.10, D1007.4, D2063.1, F15G9.1, F22B5.10, F22F7.7, F25H2.12, F25H2.4, F26A3.4, F42C5.9, F42H10.3, M79.2, T03G6.3, W03C9.2, W03F9.1, Y43F8B.2, Y45G5AM.6, Y57G11C.3, aldo-1, allo-1, alp-1, anmt-1, arrd-15, arx-5, atn-1, bkip-1, bre-1, cnb-1, cpna-1, ctn-1, cutc-1, cysl-1, deb-1, dyc-1, dys-1, eva-1, exl-1, famh-136, frg-1, gei-15, gldi-9, glrx-3, gsnl-1, gyg-1, har-1, hgo-1, hip-1, hsp-12.1, hsp-25, inso-1, ltd-1, madd-2, mlp-1, mom-4, ndrr-1, pat-2, pat-3, pat-4, pat-6, pck-1, pfd-2, pfn-3, phaf-1, pkn-1, pxl-1, pyk-2, rml-1, rnf-5, rsbp-1, set-18, sgca-1, slo-1, smg-8, spon-1, sup-10, sup-9, tln-1, tmie-1, tns-1, ttll-12, ufc-1, uig-1, unc-112, unc-23, unc-52, unc-70, unc-93, unc-95, unc-97, upb-1, wdr-23, zig-12, zyx-1"
GO:0030041,11,"arx-4, arx-6, cyk-1, ddl-1, exc-6, ifas-1, ifas-2, ifas-3, inft-2, ttc-17, wshc-5"
GO:0030863,3,"C46H11.3, arx-7, cap-1"
GO:0032991,37,"C46H11.3, F02E9.10, R06F6.8, R08D7.4, arx-7, bub-1, cap-1, ced-4, crb-1, dct-1, dpy-27, erl-1, fem-1, fem-2, fem-3, gei-8, gld-2, him-1, hsp-90, klp-11, klp-20, mdt-20, mix-1, odr-4, odr-8, osm-3, paa-1, par-2, pph-5, rfc-3, rib-1, rib-2, rnp-8, smc-3, smc-4, spas-1, spp-3"
GO:0005743,190,"B0035.18, C14B9.10, C14C10.1, C16A3.5, C16C10.1, C33F10.12, C47E12.2, C47G2.3, D2023.6, F01G4.6, F17E5.2, F20D6.11, F25B4.7, F25B5.6, F28D9.4, F30F8.9, F45G2.8, F45H10.2, F54A3.5, F55A11.4, F56B3.11, F58F12.1, K02F3.2, K11H12.8, K11H3.3, R04F11.2, R05D3.6, R07E3.4, R07E4.3, T02H6.11, T05F1.8, T09F3.2, T18D3.9, T27E9.2, W04C9.2, W09G3.7, Y111B2A.2, Y39B6A.34, Y53F4B.14, Y62E10A.20, Y69A2AR.18, Y71F9B.2, ZC262.5, ZK1236.1, abtm-1, acdh-12, acl-3, ant-1.1, ant-1.2, ant-1.3, ant-1.4, asb-1, asb-2, atad-3, atp-1, atp-2, atp-3, atp-4, atp-5, atp-6, bcs-1, cchl-1, chch-3, clk-1, coa-1, coa-3, coq-2, coq-3, coq-4, coq-5, coq-6, cox-11, cox-15, cox-16, cox-18, cox-4, cox-5A, cox-6A, cox-6C, cox-7C, cps-6, crls-1, ctb-1, ctc-1, ctc-2, ctc-3, cyc-1, ddl-3, ddp-1, dhod-1, dif-1, dnj-21, eat-3, ech-1.1, ech-1.2, emre-1, eral-1, gas-1, haf-1, haf-6, hpo-12, hpo-18, hsp-60, hsp-75, immp-1, immp-2, immt-1, immt-2, isp-1, let-721, letm-1, lpd-5, mcu-1, mev-1, micu-1, micu-3, misc-1, mpc-1, mpc-2, mrpl-18, mrpl-4, mrpl-46, mrps-16, mrps-2, mrps-5, mtg-1, mtp-18, ncx-9, ndua-12, ndua-13, ndua-2, ndua-5, ndua-7, ndua-8, ndub-10, ndub-11, ndub-2, ndub-3, ndub-5, ndub-7, nduc-2, nduf-5, nduf-6, nduo-1, nduo-2, nduo-5, nduv-2, nnt-1, nuaf-3, nuo-1, nuo-3, nuo-5, nuo-6, oxa-1, pde-2, phb-1, phb-2, psd-1, sco-1, scpl-4, sdha-1, sdha-2, sdhb-1, sdhd-1, sft-1, sfxn-1.1, sfxn-1.2, sfxn-1.3, sfxn-1.4, sfxn-1.5, sfxn-2, sfxn-5, slc-25A10, slc-25A18.1, slc-25A18.2, slc-25A21, slc-25A26, slc-25A37, slc-25A51, spg-7, timm-17B.1, timm-17B.2, tin-10, tin-13, tin-44, tin-9.1, tin-9.2, ucp-4, ucr-11, ymel-1"
GO:0015078,15,"R04F11.2, Y82E9BR.3, asb-1, asb-2, asg-1, asg-2, atp-4, atp-5, atp-6, vha-1, vha-10, vha-11, vha-2, vha-3, vha-4"
GO:0015986,19,"F58F12.1, R04F11.2, R05D3.6, T26E3.7, Y69A2AR.18, Y82E9BR.3, ZC262.5, asb-1, asb-2, asg-1, asg-2, atp-1, atp-2, atp-3, atp-4, atp-5, atp-6, hpo-18, unc-32"
GO:0045259,20,"F58F12.1, R04F11.2, R05D3.6, R53.4, T26E3.7, Y69A2AR.18, Y82E9BR.3, ZC262.5, asb-1, asb-2, asg-1, asg-2, atp-1, atp-2, atp-4, atp-5, atp-6, hpo-18, immt-1, immt-2"
GO:0046933,16,"F58F12.1, R05D3.6, R53.4, T26E3.7, Y69A2AR.18, ZC262.5, asb-1, asb-2, asg-1, asg-2, atp-1, atp-2, atp-3, atp-5, atp-6, hpo-18"
GO:1902600,80,"F41E7.2, F58F12.1, R04F11.2, R53.4, Y69A2AR.18, Y82E9BR.3, ZC262.5, asb-1, asb-2, asg-1, asg-2, atp-1, atp-2, atp-3, atp-4, atp-5, atp-6, catp-1, catp-2, catp-3, catp-4, clh-6, ctb-1, ctc-1, ctc-2, ctc-3, eat-6, gas-1, isp-1, ndfl-4, nduo-1, nduo-2, nduo-3, nduo-6, ndus-8, nduv-2, nhx-1, nhx-2, nhx-3, nhx-4, nhx-5, nhx-6, nhx-8, nhx-9, nnt-1, nuo-1, nuo-2, nuo-5, otpl-1, otpl-2, otpl-3, otpl-4, otpl-5, otpl-6, otpl-7, otpl-8, pbo-4, pept-3, slc-9B.1, slc-9B.2, spe-5, unc-32, vha-1, vha-10, vha-11, vha-12, vha-13, vha-14, vha-15, vha-16, vha-17, vha-18, vha-2, vha-3, vha-4, vha-5, vha-6, vha-7, vha-8, vha-9"
GO:0045893,75,"B0310.2, C18B2.4, D1044.6, K07B1.7, R11H6.5, T01C3.2, Y73E7A.1, ada-2, bro-1, ceh-20, cfp-1, ctbp-1, egl-43, egl-44, eya-1, fos-1, ham-3, hcf-1, hlh-15, hlh-8, hmbx-1, lag-1, let-526, lin-12, lin-39, lin-40, mab-5, mab-9, mbk-1, mdt-15, mdt-20, mdt-6, miz-1, mls-1, myrf-1, myrf-2, nfi-1, npp-2, pop-1, pqm-1, sea-1, sel-8, skp-1, sma-9, sna-1, snfc-5, swsn-1, taf-6.1, taf-6.2, taf-7.1, tag-294, tag-342, tbp-1, tbx-11, tbx-2, tbx-30, tbx-31, tbx-32, tbx-33, tbx-34, tbx-35, tbx-36, tbx-37, tbx-38, tbx-39, tbx-40, tbx-41, tbx-42, tbx-43, tbx-7, tbx-8, tbx-9, trip-4, ttx-3, wbp-2"
GO:0072344,6,"Y53G8AR.5, Y54E10A.11, Y82E9BR.18, rack-1, trip-4, znf-598"
GO:0180022,1,trip-4
GO:0006754,13,"F58F12.1, R04F11.2, R53.4, Y69A2AR.18, ZC262.5, asg-1, asg-2, atp-1, atp-2, atp-3, atp-6, ndx-4, vha-10"
GO:0031966,48,"F32D8.5, F56B3.11, M05D6.5, R07B7.10, R53.4, T10F2.2, T20D3.6, Y37B11A.3, Y53F4B.14, Y67A10A.7, Y82E9BR.3, acds-10, acl-3, acl-6, asg-1, asg-2, ced-9, coa-3, coq-2, cox-10, cox-16, cpt-1, ctc-2, dct-1, dpy-11, eat-3, klp-6, kmo-1, ndfl-4, nduo-3, nduo-4, nduo-6, ogdh-1, phb-1, phb-2, sdhb-1, sfxn-1.2, sfxn-1.3, sfxn-1.4, sfxn-1.5, sfxn-2, sfxn-5, slc-25A29, slc-25A37, slc-30A9, slfl-3, sphk-1, tomm-40"
GO:0004767,4,"T27F6.6, asm-1, asm-2, asm-3"
GO:0006685,4,"R05D11.9, asm-1, asm-2, asm-3"
GO:0016798,56,"C29E4.10, C33G3.4, C47E12.3, C50B6.7, F10C2.5, R08F11.1, T02E9.6, T24C12.3, W03G11.3, Y105E8B.9, ZC506.1, aagr-1, aagr-2, aagr-3, aagr-4, agl-1, aman-1, aman-2, aman-3, asm-1, asm-2, asm-3, bgal-1, bgal-2, chhy-1, cht-1, cht-2, cht-3, cht-4, eng-1, gana-1, hex-1, hpo-13, ilys-1, ilys-2, ilys-3, ilys-4, ilys-5, ilys-6, klo-1, klo-2, lmd-4, lmd-5, lys-5, mans-1, mans-2, mans-3, mans-4, mogs-1, nth-1, oga-1, tre-1, tre-2, tre-3, tre-4, tre-5"
GO:0046513,20,"F33D4.4, F52C9.3, F53B1.2, R05D11.9, T27F6.6, asm-1, asm-2, asm-3, ceh-93, hyl-1, hyl-2, lagr-1, sms-1, sms-2, sms-3, sms-5, sptl-1, sptl-2, sptl-3, ttm-5"
GO:0061750,3,"asm-1, asm-2, asm-3"
GO:1905691,3,"asm-3, ccz-1, cpl-1"
GO:0004190,19,"asp-1, asp-12, asp-13, asp-14, asp-15, asp-16, asp-17, asp-18, asp-19, asp-2, asp-3, asp-4, asp-5, asp-6, asp-7, asp-8, asp-9, ddi-1, hrg-7"
GO:0012501,38,"ash-2, asp-1, asp-3, asp-4, atg-18, bec-1, ced-1, ced-2, ced-3, ced-6, ced-7, ced-8, crt-1, cul-3, dpl-1, dyn-1, eor-1, eor-2, hsf-1, itr-1, lgg-1, mcd-1, nhr-67, nob-1, pis-1, pmk-1, rbbp-5, set-16, snt-1, swd-2.2, tra-3, unc-104, unc-51, unc-57, utx-1, vha-10, vha-2, wdr-5.1"
GO:0098591,2,"asp-1, let-653"
GO:0097300,2,"asp-3, asp-4"
GO:0000122,125,"C16C10.8, F10E7.11, T07F8.4, Y37E11B.1, Y39E4B.6, atf-2, atf-7, athp-1, blmp-1, bnc-1, bro-1, ccct-1, ceh-16, ceh-39, ces-1, cfi-1, clk-1, ctbp-1, daf-12, daf-16, daf-3, daf-5, daf-6, daf-8, dcp-66, dro-1, egl-18, egl-43, egl-44, egl-46, egl-5, ekl-4, elt-1, elt-2, elt-3, elt-6, elt-7, end-1, end-3, fcp-1, flcn-1, fos-1, ham-3, hbl-1, hcf-1, hda-1, hda-2, hda-3, hda-4, hlh-10, hlh-25, irx-1, lag-1, ldb-1, let-418, lin-1, lin-14, lin-37, lin-40, mab-3, mab-5, mab-9, mbd-2, med-1, med-2, mef-2, mes-6, met-1, met-2, mml-1, mrg-1, nfx-1, nfya-1, nfyb-1, nfyc-1, nhr-2, nhr-48, nhr-66, nhr-69, nhr-7, nhr-8, nhr-80, nhr-85, nsy-7, odd-1, pag-3, peb-1, pie-1, pos-1, prdx-2, pro-2, ref-1, ref-2, sdc-1, sdc-2, sdc-3, sel-7, sem-2, sem-4, sex-1, sin-3, sir-2.4, smo-1, sox-2, sox-3, tlf-1, tra-1, uba-1, ubc-9, unc-130, unc-37, unc-4, unc-55, uri-1, vab-7, wdr-23, zag-1, zgpa-1, znf-236, ztf-11, ztf-14, ztf-2, ztf-23, ztf-27, ztf-3"
GO:0000977,110,"F47E1.20, alr-1, aptf-1, aptf-2, aptf-3, aptf-4, atf-2, atf-4, atf-6, atfs-1, bed-3, cdc-5L, ceh-10, ceh-14, ceh-17, ceh-20, ceh-27, ceh-30, ceh-31, ceh-36, ceh-44, ceh-45, ceh-53, ceh-54, ceh-63, ceh-8, ces-1, ces-2, che-1, cky-1, daf-16, dpl-1, dsc-1, egl-38, elt-2, elt-3, elt-6, fkh-3, fkh-5, fos-1, gei-3, gldi-8, hbl-1, hif-1, hlh-1, hlh-10, hlh-12, hlh-13, hlh-14, hlh-19, hlh-2, hlh-3, hlh-4, hlh-8, hnd-1, lag-1, let-391, let-418, lim-4, lim-6, lin-1, lin-11, lin-14, lin-26, lin-29, lin-35, lin-54, mab-3, mab-5, mec-3, mls-2, mxl-3, nfi-1, nfx-1, nhr-23, nhr-43, nhr-66, nhr-67, odd-1, pal-1, plp-1, plp-2, pop-1, ref-2, scrt-1, sea-1, sem-4, sex-1, skn-1, snai-1, sox-2, syd-9, szy-5, tbx-9, tra-1, ttx-1, ttx-3, unc-130, unc-3, unc-4, unc-42, unc-86, unc-98, vab-15, xbp-1, zip-3, zip-9, ztf-14, ztf-15, ztf-17"
GO:0007623,4,"C05E11.6, Y53G8AL.4, ZC168.2, atf-2"
GO:0001228,37,"C27A2.7, aptf-1, aptf-2, aptf-3, aptf-4, atf-4, atfs-1, cec-10, ceh-10, ceh-14, ceh-17, che-1, crh-1, daf-16, dve-1, egl-43, end-1, grh-1, ham-1, lag-1, lin-29, nfyb-1, odr-7, pop-1, rnt-1, sem-2, sox-2, sox-3, sox-4, spe-44, ttx-3, unc-62, unc-86, zfp-2, zip-3, zip-9, ztf-23"
GO:0070814,1,atf-4
GO:0035966,9,"atf-6, dnj-19, hsf-1, hsp-110, hsp-16.21, ire-1, pek-1, stc-1, xbp-1"
GO:0036500,7,"ZC168.2, apy-1, atf-6, cht-1, fbxb-53, manf-1, skn-1"
GO:0000785,140,"C09H5.7, C50F7.3, F10D11.5, F13C5.2, F25B3.4, F40F9.3, F52H3.6, R09A8.1, R09A8.2, T15H9.4, T16G12.7, Y17G9B.8, ZK354.9, akir-1, asfl-1, atf-7, athp-2, atm-1, baz-2, bet-1, bet-2, btf-1, camt-1, ccep-290, cdk-2, cdt-1, ceh-28, ceh-60, chd-1, chd-3, chd-7, crh-1, csb-1, cye-1, dscc-1, dve-1, eco-1, egl-38, evl-14, gei-17, gei-8, grh-1, gsp-3, gsp-4, hda-1, him-1, him-17, hira-1, his-44, hsf-1, htp-3, htz-1, hus-1, isw-1, jmjd-2, klf-1, knl-1, lag-1, let-418, let-607, let-858, lin-35, lin-59, lin-61, lsd-1, lsy-12, mab-9, mau-2, mei-1, mes-4, met-1, mix-1, miz-1, mls-1, mpz-4, mrg-1, mys-4, nap-1, nhr-10, nhr-23, nhr-68, pax-2, pop-1, pph-1, pqn-15, rbr-2, rec-8, rsr-2, scc-3, sea-1, set-12, set-13, set-15, set-19, set-20, set-21, set-32, set-6, sin-3, smc-3, smrd-1, smz-1, smz-2, spch-1, spch-2, spch-3, spr-2, spr-5, spt-5, swsn-4, tbx-11, tbx-2, tbx-31, tbx-32, tbx-33, tbx-34, tbx-35, tbx-36, tbx-37, tbx-38, tbx-39, tbx-40, tbx-41, tbx-42, tbx-43, tbx-7, tbx-8, tbx-9, tdp-1, tipn-1, tlf-1, tlk-1, txt-1, uad-2, ubxn-3, unc-62, unc-85, vrk-1, zfp-1, ztf-17"
GO:0034614,3,"atf-7, gpx-1, pdk-1"
GO:0035497,2,"atf-7, crh-2"
GO:0042427,10,"atf-7, bas-1, basl-1, cat-2, daf-19, hlh-3, lim-4, tir-1, tph-1, unc-43"
GO:0045089,2,"akir-1, atf-7"
GO:0045824,4,"atf-7, nol-6, octr-1, zip-3"
GO:0051019,6,"atf-7, gck-1, mak-1, mak-2, ppm-1.D, tap-1"
GO:0071248,4,"atf-7, mtl-1, pdk-1, pmk-1"
GO:0140367,12,"atf-7, dkf-2, ilys-3, irg-1, irg-2, nsy-1, pmk-1, sek-1, sysm-1, tir-1, tpa-1, zip-2"
GO:0005975,141,"B0205.4, B0495.5, C01B4.6, C05C8.7, C06E1.7, C14C6.3, C17A2.4, C18G1.8, C33G3.4, C47E12.3, C50B6.7, C50D2.7, C55B6.1, EGAP9.3, F08F8.7, F10C2.5, F11A5.5, F17B5.6, F26D11.1, F31F4.11, F31F4.17, F41D3.6, K08F9.3, R03E9.2, R08D7.7, R08F11.1, R09D1.14, R11F4.1, T03F6.3, T04A8.7, T19H5.6, T26E4.3, T26E4.4, T26H5.8, T28A8.2, T28F2.1, W03G11.3, W07G4.2, Y105E8B.9, Y19D10A.16, Y57G11C.3, Y71H2AM.14, ZC506.1, ZK632.4, aagr-1, aagr-2, aagr-3, aagr-4, agl-1, aman-1, aman-2, aman-3, atgp-1, atgp-2, bgal-1, bgal-2, bre-4, chhy-1, chil-1, chil-10, chil-11, chil-12, chil-13, chil-15, chil-16, chil-17, chil-18, chil-19, chil-2, chil-21, chil-22, chil-23, chil-24, chil-25, chil-26, chil-27, chil-3, chil-4, chil-5, chil-6, chil-7, chil-8, chil-9, cht-1, cht-2, cht-3, cht-4, chts-1, cts-1, dpy-19, fbp-1, fut-2, gana-1, glct-1, glct-2, glct-3, glct-4, glct-5, glct-6, gpdh-1, gpdh-2, hex-1, hex-2, hex-3, hex-4, hex-5, hpo-13, hxk-1, hxk-2, hxk-3, ipgm-1, klo-1, klo-2, lgx-1, lmd-4, lmd-5, mans-1, mans-2, mans-3, mans-4, mogs-1, ngat-1, parg-1, parg-2, pgm-1, pgm-2, pgm-3, phka-1, phkb-1, prx-5, pygl-1, shpk-1, sqv-3, sqv-8, svh-11, tald-1, tre-1, tre-2, tre-3, tre-4, tre-5"
GO:0000723,22,"C11G6.2, T19C9.10, Y116F11A.1, atl-1, ceh-37, cku-70, cku-80, clk-2, dog-1, hus-1, mre-11, mrt-1, mrt-2, pif-1, pot-1, pot-2, rad-50, rfs-1, rif-1.1, rif-1.2, trt-1, wrn-1"
GO:0030018,7,"ZK1321.4, alp-1, atn-1, chn-1, fbp-1, lim-9, pat-3"
GO:0030054,29,"F35H12.1, F42H10.3, Y57G11C.22, atn-1, bar-1, bbln-1, cle-1, cutc-1, eva-1, gei-15, gex-2, gex-3, gldi-9, ifb-2, ifc-2, inso-1, kin-32, lin-2, lin-7, pac-1, pak-1, rnf-5, sma-1, spc-1, spc-2, tns-1, unc-34, unc-70, vab-9"
GO:0030864,15,"Y50D7A.10, aipl-1, atn-1, dbn-1, hipr-1, lgl-1, nab-1, pkc-3, sma-1, spc-1, spc-2, tag-138, unc-70, unc-78, wsp-1"
GO:0055001,4,"atn-1, csk-1, cst-1, pat-3"
GO:0097433,3,"atn-1, deb-1, sorb-1"
GO:0007617,11,"atp-2, bar-1, cat-2, fox-1, lov-1, pkd-2, rab-3, rcan-1, unc-10, unc-103, unc-53"
GO:0008406,57,"ani-2, atp-2, bub-1, cacn-1, cki-1, cki-2, cog-1, csn-5, cyd-1, cye-1, dpl-1, dre-1, ehn-3, elf-1, fkh-6, gon-1, gon-2, gon-4, hda-1, hlh-2, hmg-1.2, hnd-1, hpl-1, hpl-2, lag-2, let-526, lin-17, lin-26, lin-35, lin-5, lin-9, mcm-4, mep-1, nekl-3, nuo-1, par-3, par-6, pbrm-1, pfd-1, phb-1, phb-2, pkc-3, polg-1, pro-1, rbd-1, riok-1, rsp-1, rsp-2, rsp-6, spd-1, swsn-4, sys-1, ten-1, tra-1, vrk-1, xnp-1, ztf-16"
GO:0010629,74,"C04B4.1, C04B4.2, C04B4.4, C05C8.5, T25B9.9, Y56A3A.33, atp-2, atx-2, capg-1, cec-3, ceh-23, clec-38, cmd-1, cog-1, daf-16, daf-2, daf-7, dmd-3, dpy-26, dpy-27, dpy-28, eef-2, efl-1, efl-3, emb-30, fox-1, fsn-1, ftt-2, gld-1, gpa-3, gpb-2, his-24, hpl-1, hpl-2, hsf-1, kgb-1, laf-1, lim-6, lin-22, lin-28, lin-41, lin-66, mab-23, mes-2, mes-3, mes-6, met-2, mix-1, mut-14, mxl-2, ned-8, nipi-3, par-5, pop-1, pqe-1, rad-54.L2, rnt-1, rpt-2, sam-10, sca-1, sdc-1, sdc-2, sdc-3, sea-2, sftb-1, skpo-1, skr-1, skr-2, sma-9, spg-7, sys-1, tir-1, tor-2, vbh-1"
GO:0019904,29,"F54C8.7, Y57G11C.22, aspm-1, atp-2, dab-1, elb-1, elc-1, gld-3, hmp-2, lim-8, lim-9, lov-1, mex-5, mex-6, mxl-1, ndc-80, num-1, pkc-3, ppfr-1, ric-19, rme-1, rod-1, sas-6, tac-1, uig-1, unc-40, unc-95, vab-1, vpr-1"
GO:0040039,16,"atp-2, bir-1, ccdc-55, cle-1, dgn-1, git-1, max-2, mig-5, nuo-1, pak-1, pix-1, rnf-121, rnf-5, ten-1, tin-9.2, unc-129"
GO:0042776,7,"R53.4, ZC262.5, atp-2, atp-3, cox-5B, cyc-1, hpo-18"
GO:0043050,20,"aak-1, aak-2, alp-1, atp-2, csk-1, eat-2, fat-3, gsa-1, hlh-34, myo-1, nas-5, nas-6, nas-7, nuo-1, pxl-1, ser-5, slo-1, smn-1, tni-4, unc-36"
GO:0046034,10,"F38B2.4, argk-1, atp-1, atp-2, figl-1, let-754, ntp-1, spe-5, vha-12, vha-13"
GO:0008585,5,"atx-2, hlh-25, sys-1, ten-1, tra-2"
GO:0009794,12,"atx-2, cks-1, klp-7, npp-13, npp-3, pab-1, szy-20, taf-10, taf-4, taf-9, tbg-1, zyg-1"
GO:0010494,24,"F57B9.3, T07F10.3, atx-2, casc-3, cgh-1, ddx-19, gtbp-1, ife-2, inf-1, laf-1, larp-1, larp-5, lsm-1, pab-1, pab-2, pqn-59, rle-1, rnp-9, sir-2.4, ssb-1, stau-1, tiar-1, tiar-2, vbh-1"
GO:0010824,6,"atx-2, sun-1, szy-2, szy-20, szy-4, zyg-1"
GO:0010826,6,"atx-2, cul-1, lin-23, sel-10, skr-1, skr-2"
GO:0016048,7,"atx-2, gcy-18, gcy-23, gcy-8, sel-12, tbg-1, zyg-1"
GO:0030716,3,"atx-2, gld-1, tra-2"
GO:0030953,10,"atx-2, cls-1, cls-2, cls-3, dcn-1, klp-7, knl-1, let-711, tac-1, tpxl-1"
GO:0034063,7,"atx-2, car-1, cgh-1, gcn-2, gtbp-1, tiar-1, tiar-2"
GO:0040001,18,"atx-2, cdc-42, cls-1, cls-2, cls-3, csn-3, dcn-1, gpr-1, gpr-2, let-711, lin-5, mes-1, pab-1, par-3, par-6, pph-6, saps-1, zyg-8"
GO:0040038,21,"ani-1, atx-2, cdc-14, csc-1, cyk-4, cyp-31A2, cyp-31A3, egg-3, egg-4, egg-5, fzy-1, ify-1, kca-1, klc-1, klc-2, plk-1, ppfr-1, rack-1, sep-1, unc-116, zen-4"
GO:0045977,7,"atx-2, cdc-48.1, npp-1, spd-5, szy-20, ubxn-3, zyg-1"
GO:0051661,8,"C54G6.2, atx-2, dhc-1, klp-7, lis-1, math-33, pam-1, tbg-1"
GO:0060282,11,"atx-2, fem-3, fog-3, gld-1, lin-41, oma-1, oma-2, rnp-1, sig-7, unc-13, vha-19"
GO:0060903,4,"atx-2, gld-2, gld-3, nmad-1"
GO:0071539,2,"atx-2, klp-7"
GO:0090169,4,"atx-2, pab-1, szy-20, zyg-1"
GO:1902846,1,atx-2
GO:1903436,6,"atx-2, klp-7, pab-1, szy-20, tbg-1, zyg-1"
GO:1903438,2,"atx-2, szy-20"
GO:1904779,2,"atx-2, zyg-1"
GO:1904780,4,"atx-2, cdc-48.2, szy-20, ubxn-2"
GO:1905516,9,"atx-2, laf-1, nmad-1, nsun-1, oma-1, oma-2, szy-20, vbh-1, zipt-7.1"
GO:1905833,2,"atx-2, klp-7"
GO:1905938,4,"atx-2, glp-1, hop-1, pab-1"
GO:2000196,2,"atx-2, gld-1"
GO:0005254,83,"C09B9.85, acc-1, acc-2, acc-3, acc-4, anoh-1, anoh-2, avr-14, avr-15, best-1, best-10, best-11, best-12, best-13, best-14, best-15, best-16, best-17, best-18, best-19, best-2, best-20, best-21, best-22, best-23, best-24, best-25, best-26, best-3, best-4, best-5, best-6, best-7, best-8, best-9, clh-2, clh-3, clh-4, clh-5, clh-6, dat-1, exc-4, exl-1, exp-1, gab-1, glc-1, glc-2, glc-3, glc-4, lgc-23, lgc-24, lgc-28, lgc-32, lgc-33, lgc-34, lgc-35, lgc-36, lgc-37, lgc-38, lgc-39, lgc-40, lgc-41, lgc-42, lgc-43, lgc-44, lgc-45, lgc-46, lgc-47, lgc-48, lgc-49, lgc-50, lgc-51, lgc-52, lgc-53, lgc-54, lgc-55, lgc-56, lgc-57, lgc-58, mod-1, ooc-3, ttyh-1, unc-49"
GO:0008068,3,"avr-14, glc-1, glc-2"
GO:0031987,7,"avr-14, avr-15, bas-1, glc-1, glc-3, pdf-1, pdfr-1"
GO:0043051,38,"avr-14, avr-15, cca-1, cyp-33E2, daf-1, daf-12, daf-3, daf-7, eat-16, eat-18, eat-2, eat-4, egl-19, egl-30, egl-8, flp-3, gar-3, goa-1, gon-14, gpb-2, hlb-1, itr-1, kin-18, mlc-2, nfi-1, nhx-2, phb-1, phb-2, rab-3, snb-1, snt-1, tph-1, unc-10, unc-119, unc-13, unc-17, unc-29, unc-7"
GO:1902476,100,"B0303.11, C09B9.85, F10E7.9, T04B8.5, abts-1, acc-1, acc-2, acc-3, acc-4, anoh-1, anoh-2, avr-14, avr-15, best-1, best-10, best-11, best-12, best-13, best-14, best-15, best-16, best-17, best-18, best-19, best-2, best-20, best-21, best-22, best-23, best-24, best-25, best-26, best-3, best-4, best-5, best-6, best-7, best-8, best-9, clh-1, clh-2, clh-3, clh-4, clh-5, clh-6, dat-1, exc-4, exl-1, exp-1, gab-1, glc-1, glc-2, glc-3, glc-4, kcc-1, kcc-2, kcc-3, lgc-23, lgc-24, lgc-28, lgc-32, lgc-33, lgc-34, lgc-35, lgc-36, lgc-37, lgc-38, lgc-39, lgc-40, lgc-41, lgc-42, lgc-43, lgc-44, lgc-45, lgc-46, lgc-47, lgc-48, lgc-49, lgc-50, lgc-51, lgc-52, lgc-53, lgc-54, lgc-55, lgc-56, lgc-57, lgc-58, mod-1, nkcc-1, ooc-3, sulp-1, sulp-2, sulp-3, sulp-4, sulp-5, sulp-6, sulp-7, sulp-8, ttyh-1, unc-49"
GO:0001508,19,"avr-15, eat-2, eat-6, egl-36, exp-2, flp-9, gar-3, kqt-1, kqt-2, kqt-3, kvs-1, kvs-2, kvs-3, kvs-4, kvs-5, shk-1, shl-1, shw-1, shw-3"
GO:0000779,5,"baf-1, dpy-28, hcp-3, hcp-4, hcp-6"
GO:0003690,36,"C27F2.10, F21D5.5, R03H10.6, Y43C5A.3, baf-1, camt-1, cku-70, cku-80, crn-5, dxbp-1, elt-2, elt-4, eor-1, gtf-2H4, hil-1, hil-2, hil-3, hil-4, hil-5, hil-6, him-14, his-24, hmg-5, lag-1, lin-14, mcm-10, msh-5, nlp-31, plp-1, rad-51, rha-1, set-23, set-25, set-8, smc-3, tdpo-1"
GO:0010165,9,"baf-1, clk-2, emr-1, him-1, him-6, lem-2, lem-3, smk-1, umps-1"
GO:0051276,9,"baf-1, dpy-27, him-1, him-6, lem-2, mix-1, smc-3, smc-4, smc-6"
GO:0000774,8,"C34C12.8, T14G8.3, T24H7.2, Y38E10A.22, bag-1, cas-2, hsp-110, unc-23"
GO:0001671,14,"T09B4.2, ahsa-1, bag-1, dnj-12, dnj-13, dnj-15, dnj-21, gei-18, gtf-2H4, nkb-1, nkb-2, nkb-3, unc-23, vha-19"
GO:0006457,98,"B0281.5, C14B9.2, C34C12.8, C47A4.1, F11F1.1, F35G2.1, F35H10.6, F47B7.2, F53A3.7, K07E8.6, K10B2.4, M04D5.1, T10H10.2, T14G8.3, T22F3.12, T24H7.2, W03F9.1, Y17G9B.4, Y22D7AL.10, ZC250.5, ahsa-1, bag-1, bmy-1, catp-6, cct-1, cct-2, cct-3, cct-4, cct-5, cct-6, cct-7, cct-8, cdc-37, cnx-1, crt-1, cyn-1, cyn-10, cyn-11, cyn-12, cyn-13, cyn-15, cyn-16, cyn-2, cyn-3, cyn-4, cyn-5, cyn-6, cyn-7, cyn-8, cyn-9, daf-41, dnj-10, dnj-12, dnj-13, dnj-19, dnj-2, dnj-20, dnj-24, dpy-11, enpl-1, erp-44.1, erp-44.2, erp-44.3, evl-20, fkb-3, fkb-4, fkb-5, hsp-110, hsp-3, hsp-4, hsp-6, hsp-60, hsp-75, hsp-90, idha-1, lea-1, let-607, nud-1, ogdh-1, pdi-1, pdi-2, pdi-3, pfd-1, pfd-2, pfd-3, pfd-4, pfd-5, pfd-6, poml-1, ric-3, snpc-4, stc-1, tbca-1, tbcc-1, tbcd-1, ttc-4, ucr-2.3, unc-45"
GO:0050821,14,"F13G3.10, F53A3.7, K07E8.6, bag-1, cdc-37, hsp-90, ify-1, lin-15A, lin-56, phb-1, phb-2, pqm-1, rab-6.2, unc-23"
GO:0002009,20,"bar-1, bus-1, bus-18, cogc-1, dgn-1, dgn-2, eff-1, erm-1, lin-17, lin-18, sqv-1, sqv-2, sqv-3, sqv-4, sqv-5, sqv-6, sqv-7, sqv-8, swsn-1, xnp-1"
GO:0003713,47,"C05C9.3, C18B2.4, T01C3.2, T13F2.2, Y73E7A.1, ada-2, attf-5, bar-1, bro-1, cbp-1, crtc-1, ctbp-1, dpy-22, eya-1, glp-1, ham-3, hcf-1, hmp-2, let-19, lin-40, lpin-1, mbk-1, mdt-15, mdt-20, mdt-6, mec-3, miz-1, pqn-21, pqn-73, sea-2, sel-8, set-16, set-27, set-29, sma-3, sma-9, sna-1, snfc-5, sys-1, taf-6.1, taf-6.2, taf-7.1, taf-9, tag-342, wbp-2, wrm-1, yap-1"
GO:0007155,60,"F26E4.7, F47F2.1, T13B5.9, Y43F4A.1, afd-1, bar-1, casy-1, cdh-1, cdh-10, cdh-12, cdh-3, cdh-4, cdh-7, cdh-8, cdh-9, ceh-43, ctn-1, daf-2, deb-1, dim-1, egl-27, epi-1, hmp-1, hmp-2, hmr-1, igcm-2, ina-1, jac-1, klc-2, lad-2, lam-1, let-413, lnkn-1, mua-3, mup-4, ncam-1, nid-1, nlg-1, par-3, par-6, pat-2, pat-3, pat-4, pat-6, rig-1, rig-4, rig-5, rig-6, sax-7, spe-9, spon-1, syg-1, syg-2, tln-1, trk-1, unc-104, unc-112, unc-52, wrm-1, zyx-1"
GO:0007265,21,"R05G6.10, Y34B4A.4, bar-1, brap-2, cav-1, eor-1, eor-2, epac-1, ksr-1, ksr-2, let-60, lin-45, mek-2, mpk-1, pac-1, plc-1, pxf-1, ral-1, rgef-1, rgl-1, sos-1"
GO:0010623,17,"bar-1, cul-3, egl-20, hsf-1, let-70, lin-17, lin-29, lin-44, mig-14, mig-5, rbx-1, rpn-11, rpn-3, rpn-8, siah-1, uba-1, ubq-1"
GO:0016922,5,"bar-1, hmp-2, mdt-15, swsn-3, wrm-1"
GO:0019903,9,"bar-1, fem-1, fem-3, hmp-2, mei-1, mtm-9, rpm-1, saps-1, wrm-1"
GO:0034514,24,"atfs-1, bar-1, clpp-1, dcp-66, dve-1, egl-20, flp-2, gcn-2, haf-1, hda-1, hsp-6, hsp-60, jmjd-1.2, lin-40, lin-53, lin-65, mig-1, mig-14, mom-1, pop-1, sphk-1, ubl-5, ulp-4, zip-3"
GO:0034599,7,"F10D7.3, bar-1, daf-16, gsr-1, lonp-1, msra-1, pink-1"
GO:0040002,31,"ani-1, bar-1, bli-1, bli-2, bli-3, bli-4, col-14, col-19, col-34, col-38, col-40, col-49, col-71, dao-4, doxa-1, dpy-10, dpy-18, dpy-5, fat-2, fat-3, nas-37, pah-1, pdi-3, pxf-1, rap-1, rap-2, rbd-1, sqt-1, sqt-3, tsp-15, vha-5"
GO:0040026,39,"bar-1, cdf-1, cnnm-1, cnnm-3, cye-1, dep-1, egl-26, elac-2, gale-1, isw-1, ksr-1, ksr-2, lag-1, ldb-1, let-23, let-60, let-653, lin-10, lin-11, lin-2, lin-3, lin-39, lin-7, lip-1, ndk-1, pab-1, pop-1, ptp-2, ral-1, rgl-1, riok-1, rom-1, sem-2, sig-7, sos-1, sqv-5, sur-6, tsp-12, tsp-14"
GO:0045294,4,"bar-1, deb-1, hmp-2, wrm-1"
GO:0045296,6,"bar-1, ctn-1, hmp-1, hmp-2, jac-1, wrm-1"
GO:0070986,19,"bar-1, ced-1, ced-10, ced-12, ced-5, ced-6, ced-7, dsh-2, egl-20, gsk-3, hmp-2, mes-1, mig-14, mig-5, mom-1, mom-2, mom-5, src-1, wrm-1"
GO:0098609,34,"C34F6.10, bar-1, cdh-4, cdh-7, cdh-9, ceh-13, dlg-1, frk-1, hmp-1, hmp-2, hmr-1, igcm-1, igcm-2, ina-1, jac-1, mua-6, nsy-4, pat-2, pat-3, pin-2, sax-3, sax-7, syg-1, syg-2, tln-1, unc-40, unc-71, unc-97, vab-23, vab-9, vha-12, wrm-1, zoo-1, zyx-1"
GO:0140297,24,"bar-1, cbp-1, cebp-1, cog-1, ctbp-1, daf-16, ets-4, ftt-2, gmn-1, ham-3, hcf-1, hlh-13, ima-3, ldb-1, lin-12, lsy-22, mab-10, nhr-49, nipi-3, prmt-5, ref-2, sel-8, wrm-1, zip-11"
GO:1903356,15,"bar-1, ced-1, ced-10, ced-12, ced-2, ced-5, ced-6, ced-7, egl-20, gsk-3, hlh-12, hlh-2, ina-1, mom-5, rig-6"
GO:0004058,3,"bas-1, basl-1, hdl-1"
GO:0006520,20,"C06A6.4, C10C5.3, C10C5.4, C10C5.5, C27A7.5, R102.4, T04F3.1, bas-1, basl-1, gdh-1, got-1.2, got-2.1, got-2.2, hdl-1, hdl-2, hgo-1, mmcm-1, pyr-1, tatn-1, tdc-1"
GO:0006584,2,"bas-1, basl-1"
GO:0006585,3,"bas-1, cat-2, cat-4"
GO:0007606,197,"C54C6.4, D2023.1, F57G9.7, K11E4.6, R02D5.6, R05F9.7, R11G10.3, R13A5.15, T10G3.2, T10G3.4, Y54G2A.38, Y54G2A.77, Y57G11C.46, arl-13, bas-1, ceh-36, che-6, clr-1, cng-1, cng-2, cng-3, gcy-28, gcy-9, glc-3, gpa-17, gsa-1, hen-1, mod-1, pkc-1, scd-2, ser-1, ser-5, sra-1, sra-10, sra-11, sra-12, sra-13, sra-14, sra-17, sra-18, sra-2, sra-20, sra-21, sra-22, sra-23, sra-24, sra-25, sra-26, sra-27, sra-28, sra-29, sra-3, sra-30, sra-31, sra-32, sra-33, sra-34, sra-35, sra-36, sra-38, sra-4, sra-6, sra-7, sra-8, sra-9, srb-1, srb-11, srb-12, srb-13, srb-15, srb-16, srb-17, srb-18, srb-19, srb-3, srb-5, srb-6, sre-1, sre-10, sre-11, sre-12, sre-13, sre-14, sre-15, sre-16, sre-18, sre-19, sre-2, sre-20, sre-21, sre-22, sre-23, sre-24, sre-26, sre-27, sre-28, sre-29, sre-3, sre-30, sre-31, sre-32, sre-33, sre-34, sre-35, sre-36, sre-37, sre-38, sre-39, sre-4, sre-40, sre-41, sre-42, sre-43, sre-44, sre-45, sre-46, sre-47, sre-48, sre-49, sre-5, sre-50, sre-51, sre-52, sre-53, sre-54, sre-55, sre-56, sre-6, sre-7, sre-8, sre-9, srg-1, srg-10, srg-11, srg-13, srg-14, srg-15, srg-16, srg-17, srg-2, srg-20, srg-21, srg-22, srg-23, srg-24, srg-25, srg-26, srg-27, srg-28, srg-29, srg-3, srg-30, srg-31, srg-32, srg-33, srg-34, srg-36, srg-37, srg-38, srg-39, srg-4, srg-40, srg-41, srg-42, srg-44, srg-45, srg-46, srg-47, srg-48, srg-5, srg-50, srg-51, srg-53, srg-54, srg-55, srg-56, srg-57, srg-58, srg-59, srg-6, srg-60, srg-61, srg-62, srg-64, srg-65, srg-66, srg-67, srg-68, srg-69, srg-7, srg-8, srg-9, srv-2, srv-3, srv-5, tax-4, tmc-1"
GO:0016830,10,"bas-1, basl-1, hacl-1, hdl-1, hdl-2, spl-1, spl-2, spl-3, tdc-1, unc-25"
GO:0016831,18,"C14H10.3, Y48B6A.13, acsd-1, bas-1, basl-1, hdl-1, hdl-2, odc-1, paic-1, pck-1, pck-2, pck-3, psd-1, smd-1, sqv-1, tdc-1, umps-1, unc-25"
GO:0019752,13,"bas-1, basl-1, hdl-1, hdl-2, icl-1, ldh-1, mdh-1, mdh-2, spl-1, spl-2, spl-3, tdc-1, unc-25"
GO:0030170,43,"C32F10.8, F09E5.8, F22B8.7, F26H9.5, F53E10.1, F56A11.5, T04F3.1, T09B4.8, T25B9.1, Y51H7C.9, bas-1, basl-1, cbl-1, cbs-1, cbs-2, cth-1, cth-2, eppl-1, gldc-1, got-1.2, got-2.1, got-2.2, gta-1, hdl-1, hdl-2, kynu-1, mel-32, mocs-1, nfs-1, nkat-1, nkat-3, oatr-1, pygl-1, serr-1, spl-1, spl-2, spl-3, sptl-1, sptl-2, sptl-3, tatn-1, tdc-1, unc-25"
GO:0034607,5,"bas-1, cat-2, nphp-1, nphp-4, sek-1"
GO:0036468,2,"bas-1, hdl-1"
GO:0042416,4,"bas-1, cat-2, hdl-1, pah-1"
GO:0042423,4,"bas-1, basl-1, cat-2, hdl-1"
GO:0004497,98,"C01H6.4, C46H11.2, W06D12.6, cat-2, clk-1, coq-6, cyp-13A1, cyp-13A10, cyp-13A11, cyp-13A12, cyp-13A2, cyp-13A3, cyp-13A4, cyp-13A5, cyp-13A6, cyp-13A7, cyp-13A8, cyp-13B1, cyp-13B2, cyp-14A1, cyp-14A2, cyp-14A3, cyp-14A4, cyp-14A5, cyp-23A1, cyp-25A1, cyp-25A2, cyp-25A3, cyp-25A4, cyp-25A6, cyp-29A2, cyp-29A3, cyp-29A4, cyp-31A2, cyp-31A3, cyp-31A5, cyp-32A1, cyp-32B1, cyp-33A1, cyp-33B1, cyp-33C1, cyp-33C11, cyp-33C12, cyp-33C2, cyp-33C3, cyp-33C4, cyp-33C5, cyp-33C6, cyp-33C7, cyp-33C8, cyp-33C9, cyp-33D1, cyp-33D3, cyp-33E1, cyp-33E2, cyp-33E3, cyp-34A1, cyp-34A10, cyp-34A2, cyp-34A5, cyp-34A6, cyp-34A7, cyp-34A8, cyp-34A9, cyp-35A1, cyp-35A2, cyp-35A3, cyp-35A4, cyp-35A5, cyp-35B1, cyp-35B2, cyp-35B3, cyp-35C1, cyp-35D1, cyp-36A1, cyp-37A1, cyp-37B1, cyp-42A1, cyp-43A1, cyp-44A1, dach-1, daf-9, dohh-1, fmo-1, fmo-2, fmo-3, fmo-4, fmo-5, kmo-1, kmo-2, osgn-1, pah-1, pamn-1, pghm-1, tbh-1, tph-1, tyr-1, tyr-3"
GO:0004505,1,pah-1
GO:0004510,2,"pah-1, tph-1"
GO:0005506,117,"C14E2.4, C17G10.1, C54E4.5, F15E6.6, F35C8.5, F42F12.4, F49E12.10, W07E11.1, Y43F8B.19, Y54G11A.9, abce-1, agmo-1, cat-2, cdo-1, cyp-13A1, cyp-13A10, cyp-13A11, cyp-13A12, cyp-13A2, cyp-13A3, cyp-13A4, cyp-13A5, cyp-13A6, cyp-13A7, cyp-13A8, cyp-13B1, cyp-13B2, cyp-14A1, cyp-14A2, cyp-14A3, cyp-14A4, cyp-14A5, cyp-23A1, cyp-25A1, cyp-25A2, cyp-25A3, cyp-25A4, cyp-25A6, cyp-29A2, cyp-29A3, cyp-29A4, cyp-31A2, cyp-31A3, cyp-31A5, cyp-32A1, cyp-32B1, cyp-33A1, cyp-33B1, cyp-33C1, cyp-33C11, cyp-33C12, cyp-33C2, cyp-33C3, cyp-33C4, cyp-33C5, cyp-33C6, cyp-33C7, cyp-33C8, cyp-33C9, cyp-33D1, cyp-33D3, cyp-33E1, cyp-33E2, cyp-33E3, cyp-34A1, cyp-34A10, cyp-34A2, cyp-34A5, cyp-34A6, cyp-34A7, cyp-34A8, cyp-34A9, cyp-35A1, cyp-35A2, cyp-35A3, cyp-35A4, cyp-35A5, cyp-35B1, cyp-35B2, cyp-35B3, cyp-35C1, cyp-35D1, cyp-36A1, cyp-37A1, cyp-37B1, cyp-42A1, cyp-43A1, cyp-44A1, dach-1, daf-9, dohh-1, dpy-18, drd-1, egl-9, fat-5, fat-6, fat-7, fath-1, gad-3, gbh-1, gbh-2, glb-1, glb-14, glb-34, glb-6, haao-1, iscu-1, jmjc-1, let-268, nfu-1, pah-1, pef-1, phy-2, phy-3, phy-4, tph-1, xdh-1"
GO:0006559,9,"Y53G8B.1, fah-1, gst-42, gst-43, hgo-1, hpd-1, pah-1, qdpr-1, tatn-1"
GO:0006569,5,"haao-1, kmo-1, kynu-1, pah-1, tdo-2"
GO:0006571,1,pah-1
GO:0006576,3,"cat-2, pah-1, tph-1"
GO:0006587,2,"pah-1, tph-1"
GO:0009072,10,"C31H2.4, Y53G8B.1, cat-2, fah-1, gst-42, gst-43, hpd-1, pah-1, tatn-1, tph-1"
GO:0016714,3,"cat-2, pah-1, tph-1"
GO:0019293,1,pah-1
GO:0042438,2,"cat-4, pah-1"
GO:0046189,3,"cat-2, pah-1, tph-1"
GO:0005113,1,bbs-1
GO:0005119,3,"bbs-1, ptc-1, ptc-3"
GO:0030030,36,"bbs-1, bbs-2, bbs-4, bbs-5, bbs-8, bbs-9, cdkl-1, ceph-41, che-10, che-12, che-3, dnj-13, dyf-1, dyf-11, dyf-3, dyf-5, hyls-1, ift-139, ift-81, ifta-1, jbts-14, mapk-15, mks-1, mks-5, mksr-1, mksr-2, nphp-1, nubp-1, osm-12, osm-3, syd-1, tctn-1, tmem-107, tmem-138, unc-119, xbx-1"
GO:0034464,9,"K07C11.10, bbs-1, bbs-2, bbs-4, bbs-5, bbs-8, bbs-9, dct-14, osm-12"
GO:0035721,10,"bbs-1, che-11, che-13, che-3, daf-10, dyf-2, ift-139, ift-43, ifta-1, xbx-1"
GO:1905515,35,"arl-13, bbs-1, bbs-2, bbs-8, ccep-290, cdkl-1, che-12, che-13, che-3, daf-10, dyf-11, dyf-19, dyf-5, dyf-6, fkh-2, ifta-1, jbts-14, mks-2, mks-3, mks-5, mks-6, mksr-1, mksr-2, nphp-1, nphp-4, osm-1, osm-12, osm-3, osm-5, osm-6, tmem-107, tmem-17, tmem-218, tmem-231, xbx-1"
GO:0031514,16,"B0281.4, C17E4.2, C33D9.10, F09C6.12, R02E12.4, R11.3, T22A3.12, Y45G5AM.7, ZC247.1, ZK809.5, bbs-2, cank-26, cfap-20, dnj-13, dyf-6, strt-10"
GO:0008355,22,"bbs-8, casy-1, daf-11, daf-22, dcr-1, egl-4, elpc-1, elpc-3, fbf-1, gpa-2, hpl-2, ins-6, ins-7, mut-7, nep-2, nrde-3, olrn-1, osm-9, sra-11, srbc-66, tax-6, ttx-3"
GO:0042073,22,"F52B5.2, arl-13, bbs-8, che-11, che-13, che-2, dyf-1, dyf-11, dyf-13, dyf-3, dyf-5, dyf-6, ift-20, ift-74, ift-81, ifta-1, ifta-2, osm-1, osm-12, osm-3, osm-5, osm-6"
GO:0097546,19,"K04F10.2, bbs-5, bbs-8, ccdc-149, cfap-36, cil-7, dyf-13, dyla-1, famh-161, ift-20, ifta-2, maph-9, nphp-1, nphp-4, osm-5, rab-28, rpi-1, xbx-1, yap-1"
GO:1903569,2,"T02G5.3, bbs-8"
GO:1904107,3,"bbs-8, daf-25, osm-12"
GO:1905798,2,"bbs-8, che-11"
GO:1905801,2,"bbs-8, che-11"
GO:0004089,8,"bca-1, bca-2, cah-1, cah-2, cah-3, cah-4, cah-5, cah-6"
GO:0000045,32,"D2085.7, T07F12.4, Y105C5A.24, ZC247.1, allo-1, atg-10, atg-13, atg-16.1, atg-16.2, atg-2, atg-3, atg-4.1, atg-4.2, atg-5, atg-7, bec-1, egli-1, emc-6, epg-3, epg-6, epg-7, epg-8, epg-9, hpk-1, lgg-1, lgg-2, lgg-3, rab-1, rab-19, ubxn-2, unc-51, vps-34"
GO:0000407,15,"D2085.7, T07F12.4, Y105C5A.24, atg-10, atg-13, atg-2, atg-3, atg-7, atg-9, bec-1, epg-9, lgg-1, phaf-1, unc-51, vps-34"
GO:0000423,27,"K02D10.1, T07F12.4, Y105C5A.24, ZC247.1, atg-13, atg-4.1, atg-4.2, atg-5, atg-7, atg-9, bec-1, ced-9, dct-1, epg-8, fndc-1, gldi-4, lgg-1, lgg-2, pdr-1, phb-2, pink-1, sqst-1, sqst-2, sqst-3, sqst-4, sqst-5, unc-51"
GO:0006914,64,"C35E7.2, C35E7.3, C35E7.4, C35E7.5, C35E7.6, F44F1.4, F44F1.6, F56C9.10, T04D3.1, T07F12.4, ZK1053.3, ZK1053.4, alfa-1, allo-1, atg-10, atg-13, atg-16.1, atg-16.2, atg-18, atg-2, atg-3, atg-4.1, atg-4.2, atg-5, atg-7, atg-9, bec-1, ceh-86, cup-14, dct-1, dnj-27, dnj-8, epg-2, epg-3, epg-4, epg-5, epg-6, epg-7, epg-8, epg-9, fndc-1, gba-1, gba-2, gba-3, gba-4, gop-1, hpk-1, ikke-1, lgg-1, lgg-2, lgg-3, nhr-62, pdr-1, rab-39, rbg-1, sdz-30, sepa-1, smcr-8, tli-1, unc-51, vet-2, vet-6, vps-18, vps-39"
GO:0006995,6,"ZC247.1, atg-5, atg-7, bec-1, lgg-1, lgg-2"
GO:0009267,9,"bec-1, daf-15, epg-8, max-2, pak-1, pak-2, raga-1, ragc-1, vps-41"
GO:0030163,25,"F19B2.7, R13H4.6, atg-18, atg-7, bath-40, bath-41, bath-42, bath-44, bec-1, bli-5, ced-3, cul-2, cul-3, cup-5, dcn-1, lonp-1, lonp-2, mel-26, ppt-1, spop-1, ubh-1, ubh-2, ubh-3, ubr-1, vhp-1"
GO:0034271,3,"bec-1, vps-15, vps-34"
GO:0034272,3,"bec-1, vps-15, vps-34"
GO:0036093,15,"atg-16.2, atg-18, bec-1, inx-14, inx-21, inx-22, inx-8, inx-9, map-2, meg-1, meg-3, meg-4, mus-101, pab-1, riok-1"
GO:0040014,30,"bec-1, bir-1, che-2, daf-11, dpy-2, dpy-30, drag-1, eat-2, eat-3, egl-4, eif-2beta, gcy-12, gro-1, kin-29, let-607, lin-59, mdt-15, nst-1, obr-3, pde-2, pha-2, rad-8, sbp-1, spd-1, tfg-1, tin-10, tin-9.1, tin-9.2, unc-51, unc-64"
GO:0042078,11,"atg-16.2, atg-18, bec-1, cul-2, gld-3, lag-1, let-858, mes-2, pgl-1, prg-1, uri-1"
GO:0043277,10,"atg-18, bec-1, ced-6, cmd-1, cpl-1, crn-2, crn-3, klf-1, unc-108, unc-51"
GO:0043548,2,"bec-1, ist-1"
GO:0045324,6,"C01A2.4, bec-1, did-2, vps-15, vps-2, vps-24"
GO:0048284,6,"bec-1, rab-7, sorf-1, sorf-2, vps-11, vps-18"
GO:0051036,2,"bec-1, vps-34"
GO:2000643,8,"bec-1, erm-1, nfm-1, rab-7, sand-1, sorf-1, sorf-2, tbc-2"
GO:0005198,28,"E03H4.8, ben-1, cdh-3, chc-1, clic-1, copa-1, copb-1, copb-2, cope-1, copg-1, erm-1, frm-1, him-10, hlb-1, jph-1, lmn-1, npp-18, npp-20, rpn-6.1, rpn-6.2, rpn-9, sec-31, stn-1, stn-2, unc-52, unc-76, vab-10, vps-25"
GO:0005874,104,"C06C3.3, W07G1.1, Y19D2B.1, ani-1, atat-2, ben-1, bmk-1, ccep-97, cct-3, cdc-14, cfap-20, che-3, cls-1, cls-2, cls-3, dhc-1, dlc-1, dlc-2, dlc-3, dlc-4, dli-1, dnc-1, dnc-2, drp-1, dyn-1, dyrb-1, eat-3, ebp-1, ebp-2, ebp-3, elp-1, exc-6, gasr-8, gip-1, gip-2, him-10, kbp-3, kbp-4, klc-1, klc-2, klp-11, klp-12, klp-13, klp-15, klp-16, klp-18, klp-19, klp-20, klp-3, klp-4, klp-6, klp-7, lis-1, maph-1.1, maph-1.2, maph-1.3, mec-12, mec-17, mec-7, mei-1, mei-2, ndc-80, noca-1, osm-3, pals-37, ptl-1, ptrn-1, rmd-1, rpi-1, rsf-1, ska-1, ska-3, sma-1, spas-1, spd-1, spdl-1, sup-35, tac-1, tba-1, tba-2, tba-4, tba-5, tba-6, tba-7, tba-8, tba-9, tbb-1, tbb-2, tbb-4, tbb-6, tbca-1, tbcb-1, tbcd-1, tbg-1, tppp-1, tpxl-1, unc-104, unc-116, vab-10, vab-8, xbx-1, zen-4, zyg-12, zyg-9"
GO:0007017,33,"Y19D2B.1, ben-1, dlc-1, dlc-2, dlc-3, dlc-4, dlc-5, dlc-6, dnc-2, dnj-13, klp-17, klp-3, lis-1, mbk-2, mec-12, mec-7, pfd-3, tac-1, tba-1, tba-2, tba-4, tba-5, tba-6, tba-7, tba-8, tba-9, tbb-1, tbb-2, tbb-4, tbb-6, tbg-1, zyg-8, zyg-9"
GO:0005581,171,"C03C11.1, F42H11.1, F53G12.18, F59F5.4, H17B01.2, bli-1, bli-2, bli-6, cle-1, col-10, col-101, col-102, col-103, col-104, col-105, col-106, col-107, col-108, col-109, col-110, col-111, col-113, col-114, col-116, col-118, col-119, col-12, col-120, col-121, col-122, col-123, col-124, col-125, col-127, col-129, col-13, col-130, col-132, col-133, col-135, col-137, col-138, col-139, col-14, col-140, col-141, col-142, col-143, col-144, col-145, col-146, col-147, col-148, col-149, col-150, col-151, col-152, col-153, col-154, col-155, col-156, col-157, col-158, col-159, col-160, col-161, col-162, col-164, col-165, col-166, col-167, col-168, col-169, col-170, col-171, col-172, col-173, col-174, col-175, col-176, col-178, col-179, col-180, col-181, col-183, col-184, col-185, col-186, col-19, col-2, col-20, col-3, col-33, col-34, col-35, col-36, col-37, col-39, col-40, col-41, col-42, col-43, col-44, col-45, col-46, col-47, col-48, col-50, col-51, col-52, col-54, col-55, col-58, col-60, col-61, col-62, col-63, col-64, col-65, col-68, col-69, col-7, col-72, col-73, col-74, col-75, col-76, col-77, col-79, col-8, col-80, col-81, col-83, col-84, col-85, col-86, col-87, col-88, col-89, col-9, col-90, col-91, col-92, col-93, col-94, col-95, col-96, col-97, col-98, col-99, dpy-10, dpy-13, dpy-14, dpy-17, dpy-2, dpy-3, dpy-4, dpy-5, dpy-7, dpy-8, dpy-9, emb-9, let-2, lon-3, ram-2, rol-1, rol-6, rol-8, sqt-1, sqt-2, sqt-3"
GO:0042302,193,"F59F5.4, bli-1, bli-2, bli-6, col-10, col-101, col-102, col-103, col-104, col-105, col-106, col-107, col-108, col-109, col-110, col-111, col-113, col-114, col-116, col-117, col-118, col-119, col-12, col-120, col-121, col-122, col-123, col-124, col-125, col-126, col-127, col-129, col-13, col-130, col-132, col-133, col-137, col-138, col-139, col-14, col-140, col-141, col-142, col-143, col-144, col-145, col-146, col-147, col-148, col-149, col-150, col-151, col-152, col-153, col-154, col-155, col-156, col-157, col-158, col-159, col-160, col-161, col-162, col-164, col-165, col-166, col-167, col-168, col-169, col-17, col-170, col-171, col-172, col-173, col-174, col-175, col-176, col-178, col-179, col-180, col-181, col-183, col-184, col-185, col-186, col-19, col-2, col-20, col-3, col-33, col-34, col-35, col-36, col-37, col-38, col-39, col-40, col-41, col-42, col-43, col-44, col-45, col-48, col-49, col-50, col-51, col-54, col-58, col-60, col-61, col-62, col-63, col-64, col-65, col-68, col-69, col-7, col-71, col-73, col-74, col-75, col-76, col-77, col-79, col-8, col-80, col-81, col-83, col-84, col-85, col-86, col-88, col-89, col-9, col-90, col-91, col-92, col-93, col-94, col-95, col-96, col-97, col-98, col-99, cut-1, cut-2, cut-3, cut-4, cut-5, cut-6, cutl-1, cutl-10, cutl-11, cutl-12, cutl-13, cutl-14, cutl-15, cutl-16, cutl-2, cutl-22, cutl-23, cutl-25, cutl-3, cutl-4, cutl-5, cutl-6, cutl-7, cutl-8, cutl-9, dpy-1, dpy-10, dpy-13, dpy-14, dpy-17, dpy-2, dpy-3, dpy-4, dpy-5, dpy-7, dpy-8, dpy-9, let-653, lon-3, ram-2, ram-5, rocf-1, rol-1, rol-6, rol-8, sqt-1, sqt-2, sqt-3, unc-64"
GO:0042329,11,"bli-1, bli-2, bli-5, col-19, dpy-10, dpy-2, dpy-5, dpy-7, lon-3, rol-6, sqt-1"
GO:0042338,29,"bli-1, bli-3, bli-5, bli-6, col-19, cup-5, dpy-10, dpy-11, dpy-13, dpy-17, dpy-18, dpy-2, dpy-3, dpy-31, dpy-4, dpy-5, dpy-7, dpy-8, duox-2, mlt-10, mlt-11, mlt-7, rol-6, sqt-1, sqt-2, sqt-3, tpst-1, trpp-3, tsp-15"
GO:0060109,1,bli-1
GO:0030312,7,"C39D10.7, R02F2.4, bli-2, cbd-1, cpg-1, cpg-2, ule-1"
GO:0004601,26,"C46A5.4, K10B4.1, R08F11.7, T06D8.10, bli-3, ctl-1, ctl-2, ctl-3, duox-2, gpx-1, gpx-2, gpx-3, gpx-4, gpx-5, gpx-6, gpx-7, hpx-2, mlt-7, prdx-2, prdx-3, prdx-6, pxn-1, pxn-2, skpo-1, skpo-2, skpo-3"
GO:0006952,7,"T12G3.2, bli-3, duox-2, spig-16, sta-1, sta-2, tol-1"
GO:0009886,4,"bli-3, ceh-32, duox-2, nhr-31"
GO:0016174,8,"bli-3, duox-2, fmo-1, fmo-2, fmo-3, fmo-4, fmo-5, wah-1"
GO:0016175,2,"bli-3, duox-2"
GO:0020037,158,"B0361.4, C09D4.1, C46A5.4, D2023.1, F58B4.2, K10B4.1, R08F11.7, T06D8.10, T19C4.5, Y52B11A.3, bli-3, cbs-1, ctc-1, ctl-1, ctl-2, ctl-3, cyc-1, cyc-2.1, cyc-2.2, cyp-13A1, cyp-13A10, cyp-13A11, cyp-13A12, cyp-13A2, cyp-13A3, cyp-13A4, cyp-13A5, cyp-13A6, cyp-13A7, cyp-13A8, cyp-13B1, cyp-13B2, cyp-14A1, cyp-14A2, cyp-14A3, cyp-14A4, cyp-14A5, cyp-23A1, cyp-25A1, cyp-25A2, cyp-25A3, cyp-25A4, cyp-25A6, cyp-29A2, cyp-29A3, cyp-29A4, cyp-31A2, cyp-31A3, cyp-31A5, cyp-32A1, cyp-32B1, cyp-33A1, cyp-33B1, cyp-33C1, cyp-33C11, cyp-33C12, cyp-33C2, cyp-33C3, cyp-33C4, cyp-33C5, cyp-33C6, cyp-33C7, cyp-33C8, cyp-33C9, cyp-33D1, cyp-33D3, cyp-33E1, cyp-33E2, cyp-33E3, cyp-34A1, cyp-34A10, cyp-34A2, cyp-34A5, cyp-34A6, cyp-34A7, cyp-34A8, cyp-34A9, cyp-35A1, cyp-35A2, cyp-35A3, cyp-35A4, cyp-35A5, cyp-35B1, cyp-35B2, cyp-35B3, cyp-35C1, cyp-35D1, cyp-36A1, cyp-37A1, cyp-37B1, cyp-42A1, cyp-43A1, cyp-44A1, cytb-5.1, cytb-5.2, dach-1, daf-9, duox-2, gcy-31, gcy-32, gcy-33, gcy-34, gcy-35, gcy-36, gcy-37, glb-1, glb-10, glb-11, glb-12, glb-13, glb-14, glb-15, glb-16, glb-17, glb-18, glb-19, glb-2, glb-20, glb-21, glb-22, glb-23, glb-24, glb-25, glb-26, glb-27, glb-28, glb-29, glb-3, glb-30, glb-31, glb-32, glb-33, glb-34, glb-4, glb-5, glb-6, glb-7, glb-8, glb-9, hmt-1, hpx-2, hrg-1, hrg-2, hrg-3, hrg-4, hrg-5, hrg-6, mev-1, mlt-7, pash-1, pxn-1, pxn-2, sdhd-1, skpo-1, skpo-2, skpo-3, suox-1, tdo-2"
GO:0040032,16,"bli-3, cct-4, cpz-1, dpy-10, dpy-11, dpy-2, dpy-5, dpy-7, duox-2, eff-1, mboa-6, mlt-7, skr-10, ten-1, tni-3, unc-98"
GO:0042303,5,"bli-3, duox-2, nekl-2, nekl-3, skp-1"
GO:0042335,9,"bli-3, calu-1, duox-2, gale-1, lin-29, nsun-1, rab-6.1, rab-6.2, tbc-11"
GO:0042554,2,"bli-3, duox-2"
GO:0042744,8,"bli-3, ctl-1, ctl-2, ctl-3, duox-2, prdx-2, prdx-3, pxn-1"
GO:0043020,2,"bli-3, duox-2"
GO:0098869,50,"C02D5.4, C46A5.4, K10B4.1, R08F11.7, R53.5, T06D8.10, T07E3.3, T20D4.7, bli-3, ctl-1, ctl-2, ctl-3, duox-2, gpx-1, gpx-2, gpx-3, gpx-4, gpx-5, gpx-6, gpx-7, gsr-1, gst-11, gst-20, gst-30, gst-36, gst-38, gst-44, gst-5, gst-6, gst-7, gst-8, gst-9, gstk-1, gstk-2, gsto-1, gsto-2, gsto-3, hpx-2, mlt-7, prdx-3, pxn-1, pxn-2, selt-1.1, selt-1.2, skpo-1, skpo-2, skpo-3, sod-4, trxr-1, trxr-2"
GO:1990204,3,"bli-3, doxa-1, tsp-15"
GO:0004867,69,"B0222.5, C02F12.5, C04E6.12, C08G9.2, C09F9.2, C10G8.2, C10G8.3, C10G8.4, C25E10.10, C25E10.8, C34F6.1, C49H3.16, C53B7.2, C54D10.10, E01G6.1, F22E12.1, F29G6.1, F30H5.3, F32D8.3, F32D8.7, F36H9.4, F47G3.4, K05F1.10, K07A1.6, K10D3.4, K11D12.11, K11D12.13, K11D12.6, K11D12.7, K12G11.6, R12A1.3, T01D3.3, T01D3.6, T06E6.10, T21D12.12, T21D12.7, T22F7.3, W05B2.2, Y26D4A.12, Y43F8B.3, Y49G5A.1, Y55F3BR.2, Y57E12AR.1, Y69H2.10, Y69H2.3, ZC504.1, ZC84.1, ZC84.6, ZK287.4, bli-5, crim-1, mec-1, mec-9, mig-6, mlt-11, piit-1, spi-1, spi-2, spi-3, spi-4, spon-1, srp-1, srp-2, srp-3, srp-6, srp-7, srp-8, swm-1, tag-290"
GO:0003774,30,"bmk-1, hum-1, hum-10, hum-2, hum-4, hum-5, hum-6, hum-7, hum-8, klp-11, klp-13, klp-15, klp-16, klp-17, klp-18, klp-3, klp-4, klp-6, klp-7, myo-1, myo-2, myo-3, myo-5, myo-6, nmy-1, nmy-2, nmy-3, spe-15, unc-54, zen-4"
GO:0003777,21,"bmk-1, che-3, kap-1, klp-11, klp-12, klp-13, klp-15, klp-16, klp-17, klp-18, klp-19, klp-20, klp-3, klp-4, klp-6, klp-7, osm-3, unc-104, unc-116, vab-8, zen-4"
GO:0007018,31,"bmk-1, che-3, dhc-1, dhc-3, dli-1, dylt-1, dylt-2, dylt-3, dyrb-1, kap-1, klc-1, klc-2, klp-11, klp-12, klp-13, klp-15, klp-16, klp-17, klp-18, klp-19, klp-20, klp-3, klp-4, klp-6, klp-7, lis-1, osm-3, unc-104, unc-116, vab-8, zen-4"
GO:0008574,5,"bmk-1, osm-3, unc-104, unc-116, zen-4"
GO:0051231,3,"bmk-1, cls-1, zyg-9"
GO:0072686,26,"ZK430.5, bmk-1, car-1, cdc-14, cdc-37, chc-1, cls-1, cls-2, cls-3, cmd-1, efhc-1, elp-1, gpr-1, gpr-2, klp-15, klp-16, lin-5, mbk-2, mdf-1, nmy-2, paa-1, pph-5, rpn-2, sep-1, ska-1, tba-1"
GO:1902845,2,"bmk-1, efa-6"
GO:0004077,1,bpl-1
GO:0036211,14,"R119.5, bpl-1, lipt-1, lpl-1, pcm-1, tsg-101, ttll-11, ttll-12, ttll-15, ttll-4, ttll-5, ttll-9, uba-1, ubl-5"
GO:0003714,39,"C16C10.4, F10E7.11, F28F8.7, K04C2.2, T07F8.4, Y105C5A.1, athp-1, bra-1, bra-2, bro-1, cir-1, ctbp-1, egl-27, ekl-4, fog-3, ham-3, hcf-1, hda-1, hda-2, hda-3, hda-4, hlh-10, hsb-1, lin-40, pag-3, phf-32, pop-1, pos-1, pro-2, rcor-1, saeg-1, sin-3, sir-2.1, sir-2.4, sma-9, spr-1, unc-130, unc-37, uri-1"
GO:0005102,69,"C01F1.6, C17G10.13, C25A8.5, C35E7.10, C55C3.4, F19F10.11, F22B3.8, F23C8.7, F26E4.5, F57B9.8, F59A3.8, K09B11.5, M176.9, R11E3.1, T06C10.3, T21G5.1, T25B9.4, T25B9.5, W01B6.5, Y32B12B.4, Y47G6A.5, Y52D5A.2, Y69E1A.3, ZK622.1, ZK662.5, bra-1, cni-1, cwn-1, cwn-2, ddr-1, ebax-1, egl-20, ets-6, frk-1, gba-1, gba-2, gba-3, gba-4, gon-14, grd-2, grd-3, grd-5, grd-7, her-1, ivph-3, kin-14, kin-21, kin-26, kin-5, kpc-1, lin-15B, lin-2, lin-44, lin-7, madd-2, madd-4, mom-2, nipi-4, pat-4, slt-1, spe-8, spe-9, src-1, src-2, syd-1, unc-129, unc-34, unc-6, wrt-5"
GO:0030512,6,"bra-1, che-2, che-3, egl-4, lon-2, unc-2"
GO:0034243,4,"bra-1, bra-2, ceh-24, ceh-28"
GO:0045892,47,"C16C10.4, C50F4.12, D1044.6, F28F8.7, K04C2.2, T26A8.4, Y105C5A.1, athp-1, bet-1, bra-1, bra-2, bro-1, cir-1, egl-27, ekl-4, flh-1, flh-2, flh-3, fog-3, hinf-1, hsb-1, htz-1, jmjc-1, jmjd-2, jmjd-5, lin-53, lin-61, mab-10, mbtr-1, melo-1, mys-1, nfya-2, phf-32, pop-1, prmt-5, rcor-1, saeg-1, sir-2.1, sma-9, smo-1, sop-2, sor-3, spr-1, swsn-3, sys-1, tbx-2, unc-37"
GO:0000724,39,"C23H4.6, D1007.8, K02F3.12, R03H10.6, R03H10.7, ZK1248.11, brc-1, brc-2, dss-1, gen-1, him-6, hus-1, lem-3, mcm-6, mre-11, mus-81, mys-1, nabp-1, nap-1, nse-1, pph-4.1, pph-4.2, rad-51, rad-54.B, rcq-5, rev-3, rfs-1, rmh-1, rmh-2, rpa-1, rpa-2, rpa-4, slx-1, smc-5, smc-6, sws-1, wdr-48, wrn-1, xpf-1"
GO:0006289,25,"D1007.8, R03H10.6, R03H10.7, brc-1, dog-1, fcd-2, gtf-2H1, gtf-2H2C, gtf-2H3, gtf-2H4, gtf-2H5, hus-1, mnat-1, mrt-1, mrt-2, nth-1, rad-23, rpa-1, rpa-2, rpa-4, ubql-1, xpa-1, xpb-1, xpc-1, xpd-1"
GO:0031436,3,"F40G9.17, brc-1, brd-1"
GO:0051307,12,"ZK430.5, brc-1, bub-1, cls-2, hcp-1, hcp-2, him-6, ify-1, knl-1, sep-1, slx-1, xpf-1"
GO:0071479,4,"brc-1, hpr-9, lem-3, polq-1"
GO:1905168,3,"brc-1, brd-1, wapl-1"
GO:0070531,2,"F40G9.17, brd-1"
GO:0085020,2,"F40G9.17, brd-1"
GO:0008446,2,"bre-1, gmd-2"
GO:0009636,14,"bre-1, bre-2, bre-3, bre-4, bre-5, djr-1.1, jun-1, lec-8, pdr-1, pgp-10, pgp-12, pgp-13, pgp-14, sek-1"
GO:0019673,2,"bre-1, gmd-2"
GO:0030017,27,"C04G6.4, F36F2.1, W03F9.1, Y57G11C.3, aldo-1, allo-1, bre-1, clp-1, cnb-1, hip-1, ketn-1, mak-1, pfd-2, pyk-2, rml-1, sax-7, set-18, stn-2, tag-243, tni-1, tni-3, tni-4, ttll-12, ttn-1, unc-22, unc-27, zig-12"
GO:0042350,4,"K03H1.13, bre-1, ger-1, gmd-2"
GO:0042351,3,"bre-1, ger-1, gmd-2"
GO:0006486,88,"B0024.15, B0205.4, C38H2.2, C47F8.3, C47F8.5, C47F8.6, C54C8.3, E03H4.11, F08A8.5, F14B6.4, F14B6.6, F32D1.3, F37B12.3, F38B6.6, F48F7.3, T07A5.1, T07A5.7, T07D3.4, T09E11.10, T09F5.1, T15D6.5, W02B3.4, W02B3.7, Y22D7AL.11, algn-1, algn-12, algn-2, algn-3, algn-6, algn-7, algn-8, algn-9, bre-2, bre-3, bre-4, bre-5, bus-17, bus-2, bus-8B, dad-1, dpm-1, dpm-3, fut-1, fut-2, fut-3, fut-4, fut-5, fut-6, fut-8, glct-1, glct-2, glct-3, glct-4, glct-5, glct-6, gly-10, gly-11, gly-12, gly-13, gly-14, gly-2, gly-20, gly-3, gly-4, gly-5, gly-6, gly-7, gly-8, gly-9, let-268, mans-2, ngat-1, ogt-1, ostb-1, ostd-1, pad-2, pfut-1, rib-1, rib-2, ribo-1, sqv-2, sqv-3, srdf-3, stt-3, tag-335, tmem-258, uggt-1, uggt-2"
GO:0006493,27,"B0024.15, C47F8.3, C47F8.5, C47F8.6, C54C8.3, E03H4.11, F14B6.4, F14B6.6, F48F7.3, T09E11.10, T09F5.1, T15D6.5, bre-2, bre-5, bus-17, bus-2, gly-10, gly-11, gly-3, gly-4, gly-5, gly-6, gly-7, gly-8, gly-9, ogt-1, sqv-2"
GO:0008375,14,"ZC250.2, bre-2, bre-5, gly-1, gly-12, gly-13, gly-14, gly-15, gly-16, gly-17, gly-18, gly-19, rib-1, rib-2"
GO:0016757,287,"B0024.15, B0205.4, B0228.7, BAH-4, C02H6.1, C03A7.13, C06E1.7, C14C6.3, C16D9.6, C17A2.3, C17A2.4, C18G1.8, C38H2.2, C47B2.2, C47F8.3, C47F8.5, C47F8.6, C54C8.3, E03H4.11, E03H4.3, EGAP9.3, F08A8.5, F10D2.8, F11A5.5, F14B6.4, F14B6.6, F17B5.6, F26D2.3, F31F4.11, F31F4.17, F32D1.3, F35C11.4, F35H8.2, F41D3.6, F48F7.3, F54C1.1, F56H6.1, H12D21.10, H41C03.3, R07B7.6, R07C3.3, R12E2.11, T04A8.7, T09E11.10, T09E11.6, T09E11.9, T09F5.1, T10B10.8, T14B4.9, T15D6.5, T26E4.3, T26E4.4, T26H5.8, T27F6.1, T28A8.2, T28F2.1, T28F3.9, W07G4.2, W09D10.5, Y38C1AB.1, Y38C1AB.5, Y43D4A.2, Y51H4A.25, Y65B4BL.4, Y71H2AM.14, ZC250.2, ZK1225.2, agl-1, algn-1, algn-10, algn-11, algn-12, algn-13, algn-2, algn-5, algn-6, algn-7, algn-8, algn-9, aprt-1, bah-1, bah-2, bre-2, bre-3, bre-4, bre-5, bus-17, bus-2, bus-4, bus-8B, cgt-1, cgt-2, cgt-3, chs-1, chs-2, dpm-1, dpy-19, fut-1, fut-2, fut-3, fut-4, fut-5, fut-6, fut-8, galt-1, gly-1, gly-10, gly-11, gly-12, gly-13, gly-14, gly-15, gly-16, gly-17, gly-18, gly-19, gly-2, gly-20, gly-21, gly-3, gly-4, gly-5, gly-6, gly-7, gly-8, gly-9, gsy-1, gtnt-1, gtnt-10, gtnt-11, gtnt-12, gtnt-13, gtnt-14, gtnt-15, gtnt-16, gtnt-17, gtnt-18, gtnt-19, gtnt-2, gtnt-20, gtnt-21, gtnt-22, gtnt-23, gtnt-24, gtnt-25, gtnt-26, gtnt-27, gtnt-28, gtnt-29, gtnt-3, gtnt-30, gtnt-31, gtnt-32, gtnt-33, gtnt-34, gtnt-35, gtnt-36, gtnt-37, gtnt-38, gtnt-39, gtnt-4, gtnt-40, gtnt-41, gtnt-42, gtnt-43, gtnt-44, gtnt-45, gtnt-46, gtnt-47, gtnt-48, gtnt-49, gtnt-5, gtnt-50, gtnt-51, gtnt-52, gtnt-53, gtnt-54, gtnt-55, gtnt-56, gtnt-57, gtnt-58, gtnt-6, gtnt-7, gtnt-8, gtnt-9, gyg-1, gyg-2, hprt-1, let-268, lge-1, ngat-1, ogt-1, pad-2, parp-1, parp-2, pfut-1, pigb-1, pigc-1, pigm-1, pigv-1, pnp-1, ppat-1, pygl-1, rib-1, rib-2, sqv-2, sqv-3, sqv-6, sqv-8, srf-2, stt-3, subs-4, svh-11, tank-1, tgt-1, tps-1, tps-2, uggt-1, ugt-1, ugt-10, ugt-11, ugt-12, ugt-13, ugt-14, ugt-15, ugt-16, ugt-17, ugt-18, ugt-19, ugt-2, ugt-20, ugt-21, ugt-22, ugt-23, ugt-24, ugt-25, ugt-26, ugt-27, ugt-28, ugt-29, ugt-3, ugt-30, ugt-31, ugt-32, ugt-33, ugt-34, ugt-35, ugt-36, ugt-37, ugt-38, ugt-39, ugt-4, ugt-40, ugt-41, ugt-42, ugt-43, ugt-44, ugt-45, ugt-46, ugt-47, ugt-48, ugt-49, ugt-5, ugt-50, ugt-51, ugt-52, ugt-53, ugt-54, ugt-55, ugt-56, ugt-57, ugt-58, ugt-59, ugt-6, ugt-60, ugt-61, ugt-62, ugt-63, ugt-64, ugt-65, ugt-66, ugt-67, ugt-7, ugt-8, ugt-9, umps-1, upp-1"
GO:0016758,29,"B0024.15, C47F8.3, C47F8.5, C47F8.6, C54C8.3, E03H4.11, F13G3.6, F14B6.4, F14B6.6, F48F7.3, T09E11.10, T09F5.1, T15D6.5, algn-13, algn-6, algn-8, bre-2, bre-5, bus-17, bus-2, chs-1, chs-2, gba-1, gba-2, gba-3, gba-4, gly-2, sqv-2, tps-1"
GO:0016051,3,"bre-3, bre-5, fut-1"
GO:0019187,1,bre-3
GO:0140269,1,bre-3
GO:0006688,2,"bre-4, ngat-1"
GO:0008376,3,"bre-4, mig-22, sqv-5"
GO:0033842,2,"bre-4, ngat-1"
GO:0045747,14,"bre-4, bre-5, dos-1, dos-3, ego-2, gakh-1, hecd-1, mdt-29, osm-11, osm-7, sel-12, sel-5, sel-7, tsp-21"
GO:0008194,72,"C03A7.13, F10D2.8, F54C1.1, Y43D4A.2, bre-5, ugt-1, ugt-10, ugt-11, ugt-12, ugt-13, ugt-14, ugt-15, ugt-16, ugt-17, ugt-18, ugt-19, ugt-2, ugt-20, ugt-21, ugt-22, ugt-23, ugt-24, ugt-25, ugt-26, ugt-27, ugt-28, ugt-29, ugt-3, ugt-30, ugt-31, ugt-32, ugt-33, ugt-34, ugt-35, ugt-36, ugt-37, ugt-38, ugt-39, ugt-4, ugt-40, ugt-41, ugt-42, ugt-43, ugt-44, ugt-45, ugt-46, ugt-47, ugt-48, ugt-49, ugt-5, ugt-50, ugt-51, ugt-52, ugt-53, ugt-54, ugt-55, ugt-56, ugt-57, ugt-58, ugt-59, ugt-6, ugt-60, ugt-61, ugt-62, ugt-63, ugt-64, ugt-65, ugt-66, ugt-67, ugt-7, ugt-8, ugt-9"
GO:0042661,23,"bre-5, cgt-3, daf-4, dbl-1, lag-1, lag-2, lin-12, lon-1, lon-2, mls-2, sel-7, sel-8, sma-10, sma-2, sma-3, sma-4, sma-9, sup-17, tsp-12, tsp-14, tsp-21, unc-130, unc-40"
GO:0000126,2,"brf-1, vep-1"
GO:0000995,2,"brf-1, tbp-1"
GO:0001006,5,"brf-1, snpc-3.1, snpc-3.2, snpc-3.4, snpc-4"
GO:0006352,13,"M106.7, brf-1, rpb-4, rpb-7, rpc-25, taf-1, taf-10, taf-12, taf-4, taf-9, tbp-1, tlf-1, ttb-1"
GO:0006383,8,"F26E4.4, W09C3.4, Y47G6A.9, brf-1, rpac-19, rpc-2, tbp-1, tftc-3"
GO:0017025,8,"B0336.13, brf-1, btf-1, dro-1, gtf-2A2, taf-1, taf-12, ttb-1"
GO:0070897,2,"brf-1, ttb-1"
GO:0097550,3,"brf-1, ttb-1, xpb-1"
GO:0016513,2,"bro-1, rnt-1"
GO:0019827,2,"bro-1, elt-1"
GO:0090326,21,"bro-1, che-2, dat-1, deg-3, dop-2, eat-2, egl-21, egl-3, eipr-1, rnt-1, rund-1, unc-29, unc-38, unc-63, usp-46, vps-50, vps-51, vps-52, vps-53, wdr-20, wdr-48"
GO:0003682,65,"C37H5.5, F53E4.1, R151.8, Y48E1C.1, ada-2, btf-1, camt-1, ccep-290, cec-1, cec-3, cec-6, ceh-91, chd-1, chd-3, chd-7, coh-1, csb-1, ctf-4, egl-27, evl-18, fos-1, gfl-1, hpl-1, hpl-2, hpr-17, hsf-1, isw-1, jmjd-5, kle-2, let-418, let-504, lex-1, lin-40, lin-59, lin-61, lron-7, lsd-1, lsy-12, mbtr-1, mes-2, mix-1, mys-4, nap-1, pafo-1, pbrm-1, pqn-15, rec-8, scc-1, scc-2, scc-3, smrd-1, sor-3, spat-3, spr-2, spr-5, sptf-3, swd-2.1, swd-2.2, swsn-4, swsn-6, taf-2, tdp-1, uri-1, wac-1.1, zfp-1"
GO:0004386,108,"B0491.6, B0511.6, C05C10.2, C08F8.2, C11G6.2, C24H12.4, C28H8.3, C46F11.4, F10E7.1, F11C3.1, F33D11.10, F55F8.2, F57B9.3, H20J04.4, K02F3.12, R03D7.2, R04E5.8, T19C9.10, T26G10.1, Y106G6D.5, Y108F1.5, Y116F11A.1, Y52E8A.1, Y54E2A.4, Y54G11A.3, Y55F3BR.1, Y69H2.7, Y94H6A.5, ZK512.2, ZK686.2, btf-1, cgh-1, chd-1, chd-7, chl-1, cku-70, cku-80, dcr-1, ddx-10, ddx-15, ddx-17, ddx-19, ddx-23, ddx-27, ddx-35, ddx-46, ddx-52, dna-2, dog-1, drh-1, drh-3, eif-4A3, emb-4, eri-7, glh-1, glh-2, glh-3, glh-4, hel-1, helq-1, herd-1, him-6, hzl-1, inf-1, isw-1, laf-1, let-355, let-418, mcm-2, mcm-3, mcm-4, mcm-5, mcm-6, mcm-7, mel-46, mog-1, mog-4, mog-5, mtr-4, mut-14, pif-1, pqn-15, rad-54.L, rad-54.L2, rcq-5, rde-12, rha-1, rha-2, rtel-1, ruvb-1, ruvb-2, sacy-1, skih-2, smg-2, smgl-2, smrd-1, snrp-200, sosi-1, ssl-1, swsn-4, twnk-1, vbh-1, wrn-1, xnp-1, xpb-1, xpd-1, ythc-2, znfx-1"
GO:0031507,35,"btf-1, cec-1, cec-3, cec-6, csb-1, hda-1, hda-2, hda-3, his-35, his-7, hpl-1, hpl-2, htas-1, htz-1, ifa-1, ifa-3, ifa-4, ifb-1, ifb-2, ifc-1, ifc-2, ifd-1, ifd-2, ifp-1, isw-1, lmn-1, mes-2, mes-4, mes-6, mrg-1, mua-6, pole-3, pqn-15, smrd-1, swsn-4"
GO:0140750,6,"btf-1, csb-1, isw-1, pqn-15, smrd-1, swsn-4"
GO:0000212,12,"aspm-1, bub-1, cdc-25.1, cls-2, hcp-1, hcp-2, knl-1, mei-1, mei-2, tbb-2, tbg-1, zyg-9"
GO:0000775,38,"bub-1, bub-3, cls-2, csc-1, czw-1, dscc-1, hcp-3, hcp-4, hcp-6, him-10, kbp-2, kbp-3, kin-20, kle-2, knl-1, knl-2, lin-5, lin-53, lis-1, mel-28, mix-1, ndc-80, npp-5, pal-1, plk-1, plk-2, pptr-2, ran-1, rod-1, set-31, sgo-1, ska-1, smc-4, spdl-1, spot-1, sys-1, tac-1, zwl-1"
GO:0000940,3,"bub-1, knl-1, ska-1"
GO:0007094,10,"bub-1, bub-3, czw-1, knl-1, mdf-1, mdf-2, rod-1, san-1, spdl-1, zwl-1"
GO:0034501,12,"bub-1, czw-1, knl-1, knl-3, ndc-80, npp-10, npp-2, npp-5, npp-6, rod-1, spdl-1, zwl-1"
GO:0043515,2,"bub-1, klp-7"
GO:0048666,29,"alr-1, atat-2, bub-1, ceh-10, ceh-14, ceh-17, ceh-20, ceh-40, ceh-45, ceh-53, ceh-54, ceh-8, dsc-1, hlh-2, lim-6, lin-14, lin-32, mec-15, mec-17, mec-8, ref-1, smu-1, smu-2, unc-4, unc-42, unc-70, unc-86, zig-4, ztf-11"
GO:0051316,4,"bub-1, cls-2, hcp-1, hcp-2"
GO:0051754,4,"bub-1, paa-1, pptr-2, san-1"
GO:1903394,5,"bub-1, knl-1, ndc-80, rod-1, zwl-1"
GO:1905342,7,"bub-1, knl-1, ndc-80, rod-1, spdl-1, zwl-1, zyg-1"
GO:1990298,2,"bub-1, bub-3"
GO:1990299,2,"bub-1, bub-3"
GO:0006364,90,"B0280.9, C16C10.8, C18A3.3, C25G4.3, C34E10.10, C48B6.2, E02H1.1, E02H1.6, F10E7.5, F25H8.2, F30A10.9, F32D8.4, F44G4.1, F45G2.9, F49D11.10, F52C12.2, F53E10.6, F58B3.4, H06I04.3, H20J04.4, K12H4.3, T22H9.1, T26G10.1, W09C5.1, Y23H5B.5, Y32H12A.8, Y41C4A.9, Y44F5A.1, Y45F10D.7, Y45F3A.9, Y48A6B.3, Y51H7C.7, Y53C12B.1, Y54E10A.10, Y62E10A.24, Y6B3B.9, Y75B8A.7, Y94H6A.5, ZC434.4, ZK795.3, bop-1, byn-1, crn-3, crn-5, ddx-10, ddx-15, ddx-27, dis-3, dkc-1, drsh-1, emg-1, exos-1, exos-2, exos-3, exos-4.1, exos-8, fib-1, frg-1, garr-1, krr-1, let-716, lpd-6, lpd-7, lsm-6, nath-10, nobh-1, nol-14, nol-53, nol-6, nol-9, nola-3, nsun-1, nsun-4, nsun-5, pinn-4, popl-4, popl-5, pro-1, pwp-1, rbd-1, rps-7, rrp-1, rrp-8, tfbm-1, toe-1, tsr-2, utp-11, utp-14, wdr-12, wdr-46"
GO:0030515,10,"C48B6.2, F13H8.2, T02H6.1, Y54E5B.2, ZK795.3, byn-1, nol-56, nol-58, nola-3, toe-1"
GO:0030688,8,"T23D8.3, ZK792.5, byn-1, nobh-1, riok-1, riok-2, riok-3, rrp-1"
GO:0016836,5,"R107.2, cah-1, cah-2, ech-2, nit-1"
GO:0044281,6,"F07A11.5, adh-5, cah-4, mel-32, mmcm-1, mthf-1"
GO:0005509,162,"B0393.5, B0563.7, C03H5.4, C07E3.9, C29E4.14, C40H5.2, C47E12.3, C50C3.5, C56C10.9, E02A10.3, F10C2.5, F14B4.1, F17E5.2, F19C6.3, F23F1.2, F43B10.1, F43C9.2, F55A11.1, F55A11.4, F55H12.3, H10E21.4, K02F3.2, K03A1.4, M04F3.4, R05G6.9, R08D7.5, R09H10.6, T01D3.6, T03F1.11, T04F3.4, T09B4.4, T27C10.9, Y43F8C.13, Y46G5A.29, Y64G10A.7, Y69A2AL.2, Y73C8B.5, ZC506.1, ZK1307.8, ZK563.7, agr-1, apy-1, bug-1, cal-1, cal-2, cal-3, cal-4, cal-5, cal-7, cal-8, calm-1, calu-1, calu-2, casy-1, cbn-1, ccd-5, ccdc-47, cdh-1, cdh-10, cdh-12, cdh-3, cdh-4, cdh-5, cdh-7, cdh-8, cdh-9, chpf-1, chpf-2, clec-78, cmd-1, cnb-1, cnx-1, crb-1, crld-1, crt-1, csq-1, cubn-1, cyk-3, dex-1, dgk-3, dgn-1, dig-1, eat-20, efhd-1, efk-1, egas-1, egas-2, egas-3, egas-4, egl-8, esyt-2, fbl-1, fbn-1, fmi-1, fmil-1, gldi-2, glp-1, gpdh-3, him-4, hmr-1, itr-1, lin-12, lrp-1, mans-1, mans-2, mans-3, mans-4, mctp-1, mec-1, mec-9, micu-1, micu-3, miro-1, mlc-1, mlc-2, mlc-3, mlc-4, mlc-5, mlc-6, mlc-7, mua-3, mup-4, nas-39, ncs-1, ncs-2, ncs-3, ncs-4, ncs-5, ncs-6, ncs-7, nex-1, nex-2, nex-3, nex-4, nid-1, nlr-1, nucb-1, ost-1, pat-10, pbo-1, pef-1, pkd-2, rgef-1, rme-2, rsef-1, sgca-1, sli-1, slt-1, smoc-1, snt-1, snt-3, spc-1, spe-36, spe-9, stim-1, tax-6, tct-1, test-1, tnc-2, unc-31, unc-52, unc-68"
GO:0001764,41,"C34F6.10, abi-1, cam-1, ced-10, ceh-10, cfz-2, cle-1, cwn-1, cwn-2, egl-20, egl-46, egl-5, eor-1, eor-2, epi-1, gpn-1, ham-1, hch-1, hlh-14, ina-1, kal-1, lin-44, mig-10, mig-2, mig-21, mig-5, mom-2, mom-5, nid-1, pix-1, ptp-3, rac-2, rin-1, sax-3, slt-1, tbx-2, unc-39, unc-40, unc-73, vab-8, wve-1"
GO:0004714,31,"B0252.1, F09A5.2, F09G2.1, F11E6.8, F59F5.3, R09D1.12, R09D1.13, W03A5.1, W04G5.10, Y50D4B.6, cam-1, daf-2, ddr-2, egl-15, flor-1, hir-1, kin-15, kin-16, kin-30, kin-36, kin-9, let-23, lin-18, old-1, old-2, scd-2, svh-2, vab-1, ver-1, ver-3, ver-4"
GO:0005109,9,"cam-1, cwn-1, cwn-2, dsh-1, dsh-2, egl-20, lin-44, mig-5, mom-2"
GO:0007169,60,"B0252.1, C25A8.5, C35E7.10, C55C3.4, F09A5.2, F09G2.1, F11E6.8, F22B3.8, F23C8.7, F26E4.5, F57B9.8, F59A3.8, F59F5.3, K09B11.5, M176.9, R09D1.12, R09D1.13, R11E3.1, T06C10.3, T21G5.1, T25B9.4, T25B9.5, W01B6.5, W03A5.1, W04G5.10, Y47G6A.5, Y50D4B.6, Y52D5A.2, Y69E1A.3, ZK622.1, ave-1, cam-1, ddr-1, ddr-2, flor-1, frk-1, gfrl-1, hir-1, kin-14, kin-15, kin-16, kin-21, kin-26, kin-30, kin-36, kin-5, kin-9, lin-18, nipi-4, num-1, old-1, old-2, spe-8, src-1, src-2, svh-2, vab-1, ver-1, ver-3, ver-4"
GO:0007411,68,"C34F6.10, M04G7.2, ZK616.65, ast-1, axl-1, cam-1, cdh-1, cdh-4, cdka-1, ceh-17, cle-1, col-99, crml-1, dep-1, dgn-1, dgn-2, efn-2, efn-3, efn-4, egl-46, epi-1, fax-1, fln-1, fmi-1, gex-2, lam-1, lam-2, mab-20, madd-2, ncam-1, pak-1, pink-1, pry-1, pxn-2, rig-3, rig-6, rpm-1, sad-1, sax-3, sax-7, slt-1, smp-1, smp-2, sop-2, sor-3, src-1, ten-1, unc-116, unc-3, unc-30, unc-33, unc-34, unc-39, unc-40, unc-42, unc-51, unc-53, unc-6, unc-73, vab-1, vab-2, vab-8, wrk-1, zag-1, zfr-1, zig-1, zig-11, zig-3"
GO:0009653,61,"C30H6.5, C34B4.2, C48E7.6, F32B4.8, F47F2.1, F52C9.5, H42K12.3, R07A4.4, T26C5.2, T28F4.4, ZC449.1, cam-1, cdc-42, cdh-3, ceh-16, ceh-32, ceh-34, cutl-17, cutl-18, cutl-27, cutl-28, daf-14, daf-3, daf-6, daf-8, dcr-1, dyf-7, egl-13, egl-15, fkh-10, fkh-2, fkh-3, fkh-4, fkh-6, fkh-8, fkh-9, fos-1, gon-1, let-381, let-653, lin-29, lin-31, lit-1, madd-4, mig-6, ngn-1, noah-1, noah-2, pana-1, pat-4, pes-1, pha-4, sma-2, sma-3, sma-4, smp-1, tag-68, unc-130, unc-30, vab-15, wts-1"
GO:0017147,8,"cam-1, cfz-2, lin-17, mig-1, mig-14, mom-1, mom-5, sfrp-1"
GO:0031594,19,"cam-1, casy-1, col-99, dlg-1, eat-2, elp-1, exp-1, fsn-1, molo-1, oig-4, rpm-1, rpy-1, sng-1, tom-1, unc-13, unc-46, unc-49, unc-57, unc-63"
GO:0032809,15,"cam-1, casy-1, dat-1, dmsr-1, egl-36, fer-1, inx-19, lag-2, mig-10, mps-1, sax-7, seb-3, shw-1, shw-3, sup-1"
GO:0038023,50,"C24A8.6, K11C4.2, T14B4.3, cam-1, clec-148, clec-161, clec-178, clec-48, clec-49, clec-50, clec-51, clec-52, clec-53, clec-89, dop-1, dop-2, dop-3, dop-4, dop-5, dop-6, egg-1, egg-2, gab-1, gar-2, gfrl-1, glr-1, glr-2, glr-3, glr-5, glr-6, glr-7, gur-3, ina-1, lite-1, mig-21, nlg-1, nmr-1, nmr-2, octr-1, paqr-1, paqr-2, pat-2, ser-2, ser-3, ser-5, sma-10, tol-1, tra-2, tyra-2, vha-20"
GO:0043235,37,"B0252.1, F09A5.2, F09G2.1, F11E6.8, F59F5.3, R09D1.12, R09D1.13, R11G1.1, W03A5.1, W04G5.10, Y50D4B.6, cam-1, daf-4, ddr-2, drag-1, egl-15, flor-1, gfrl-1, hir-1, ilcr-1, ilcr-2, kin-15, kin-16, kin-30, kin-36, kin-9, let-23, let-805, lin-18, old-1, old-2, svh-2, unc-40, vab-1, ver-1, ver-3, ver-4"
GO:0045200,1,cam-1
GO:0097402,15,"cam-1, cdh-4, cfz-2, cwn-1, cwn-2, egl-20, lin-17, lin-44, mab-5, mig-1, mig-21, mom-2, mom-5, ptp-3, unc-40"
GO:0097475,10,"cam-1, cfz-2, cwn-1, cwn-2, egl-20, lin-17, lin-44, mig-1, mom-2, mom-5"
GO:1904936,8,"cam-1, cwn-1, cwn-2, egl-20, lin-17, lin-44, mom-2, mom-5"
GO:1904937,7,"cam-1, cfz-2, cwn-2, egl-20, lin-18, mig-1, mom-5"
GO:0005869,11,"F42C5.9, arp-1, arp-11, cap-1, cap-2, dnc-1, dnc-2, dnc-3, dnc-4, dnc-5, dnc-6"
GO:0008290,2,"cap-1, cap-2"
GO:0051693,6,"cap-1, cap-2, gsnl-1, sma-1, spc-1, unc-70"
GO:0000578,2,"cap-2, gpa-16"
GO:0000902,17,"cap-2, cas-1, cas-2, cutl-20, cutl-24, cutl-26, cutl-29, cwn-2, egl-20, egl-26, exc-5, gex-2, gex-3, hmr-1, mig-6, rhgf-2, sax-2"
GO:0010591,3,"cap-2, twf-2, unc-115"
GO:0051490,1,cap-2
GO:0007015,48,"B0303.7, W02H5.2, Y57G11C.1147, Y71H2AM.12, aipl-1, cas-1, cas-2, cdap-2, cdc-42, ced-10, ced-12, chw-1, clik-1, clik-2, cor-1, cpn-1, cpn-2, cpn-3, cpn-4, crp-1, erm-1, fhod-1, fln-1, gex-3, hipr-1, hum-1, hum-10, hum-2, hum-4, hum-5, hum-6, hum-8, lev-11, mig-2, nab-1, rac-2, rga-6, rho-1, rsf-1, spe-15, tag-138, tmd-2, tth-1, unc-78, unc-87, unc-94, wve-1, zoo-1"
GO:0008179,2,"cas-1, cas-2"
GO:0005330,2,"cat-1, dat-1"
GO:0005335,2,"cat-1, mod-5"
GO:0006837,1,cat-1
GO:0007631,13,"cat-1, clec-4, egl-10, egl-30, feh-1, flp-21, gcy-36, glr-1, gpb-2, kin-18, npr-1, unc-104, unc-119"
GO:0015842,1,cat-1
GO:0015872,1,cat-1
GO:0030672,23,"DH11.5, cat-1, cla-1, clic-1, dop-3, eat-4, flwr-1, mctp-1, sam-4, slc-17.1, snb-1, sng-1, snn-1, snt-1, snt-2, snt-3, snt-5, sph-1, unc-13, unc-17, unc-47, vglu-2, vglu-3"
GO:0042417,2,"cat-1, rnt-1"
GO:0051610,2,"cat-1, mod-5"
GO:0090494,3,"cat-1, dat-1, mapk-15"
GO:0001963,5,"cat-2, dop-1, dop-2, dop-3, dop-4"
GO:0004511,1,cat-2
GO:0006570,5,"cat-2, hgo-1, sup-18, tph-1, ttc-36"
GO:0007638,29,"cat-2, dmd-10, dop-1, flp-1, kvs-1, ldb-1, lgc-55, mec-1, mec-10, mec-12, mec-14, mec-15, mec-18, mec-2, mec-3, mec-4, mec-5, mec-6, mec-7, mec-8, mec-9, mps-1, rab-6.2, rme-8, smu-1, smu-2, snx-1, unc-86, vps-4"
GO:0032094,13,"cat-2, dgk-1, dop-1, dop-2, dop-3, eat-16, goa-1, gpb-2, hlh-2, hlh-3, hlh-4, mxl-3, tmem-135"
GO:0034609,5,"cat-2, dop-2, dop-3, lev-11, unc-7"
GO:0046959,4,"cat-2, dop-1, glr-1, magi-1"
GO:0050890,1,cat-2
GO:0071419,3,"cat-2, dat-1, dop-2"
GO:0090327,6,"cat-2, dat-1, dop-2, nsun-1, nsun-5, rig-6"
GO:1902437,4,"cat-2, dop-2, dop-3, eat-4"
GO:0003934,1,cat-4
GO:0006729,4,"cat-4, pcbd-1, ptps-1, qdpr-1"
GO:0046148,1,cat-4
GO:0046654,2,"cat-4, dhfr-1"
GO:0005901,3,"T27F6.6, cav-1, cav-2"
GO:0030133,6,"cav-1, mutd-1, nrsn-1, rab-11.1, rab-6.1, rab-8"
GO:0046662,48,"T12E12.6, T16G12.1, Y67D8C.9, aff-1, cav-1, cav-2, cln-3.1, cln-3.2, cln-3.3, daf-25, dgk-1, dyc-1, eat-16, egl-10, egl-17, egl-30, egl-4, egl-8, flp-1, goa-1, gpb-1, gpb-2, hlh-3, irk-1, lap-1, lev-1, lin-44, lnp-1, mig-32, mtm-3, ncr-1, nfi-1, pam-1, pde-2, rund-1, scpl-1, sek-1, spr-2, stn-1, swsn-1, tph-1, unc-103, unc-119, unc-13, unc-29, unc-38, unc-63, zipt-7.1"
GO:0060090,25,"C18B2.5, apc-1, arrd-11, bbln-1, cav-1, cav-2, dlgr-1, ecps-1, epg-7, feh-1, fis-1, fis-2, let-711, lin-46, lmtr-2, mat-3, mei-1, mel-28, pry-1, sav-1, sgt-1, spd-2, unc-59, unc-61, wsp-1"
GO:0060473,7,"cav-1, rab-11.1, rab-6.1, sep-1, snb-1, syx-4, ugtp-1"
GO:0070836,2,"cav-1, cav-2"
GO:0007166,11,"cav-2, cfz-2, goa-1, lin-17, mig-1, mom-5, mpk-1, pdfr-1, sli-1, tol-1, trf-1"
GO:0007567,8,"cav-2, pdf-1, pdf-2, ras-1, sma-4, sma-5, unc-58, vab-15"
GO:0000123,3,"B0025.4, cbp-1, trr-1"
GO:0003712,45,"C29F9.5, C29F9.6, E01B7.2, F22F1.3, akir-1, camt-1, cbp-1, cbp-2, dpy-22, fust-1, gei-17, gon-4, ham-3, hmg-12, jhdm-1, jmjd-1.1, jmjd-1.2, ldb-1, let-19, let-49, lim-9, lsy-12, mab-10, mdt-10, mdt-11, mdt-15, mdt-17, mdt-18, mdt-19, mdt-20, mdt-21, mdt-22, mdt-31, mdt-4, mdt-6, mdt-8, mys-4, rad-54.L2, rgr-1, sepa-1, swsn-2.2, tag-294, tcer-1, ulp-4, xnp-1"
GO:0004402,15,"C29F9.5, C29F9.6, C49F5.5, F30F8.10, ZK1010.10, cbp-1, cbp-2, cbp-3, hat-1, lsy-12, mys-1, mys-2, mys-4, pcaf-1, taf-1"
GO:0004468,3,"atat-2, cbp-1, mec-17"
GO:0008630,9,"cbp-1, ced-9, cep-1, gen-1, hus-1, mrt-2, prmt-5, sir-2.1, tank-1"
GO:0010975,6,"cbp-1, cwn-1, lin-44, pxn-2, unc-104, unc-3"
GO:0016746,126,"B0395.3, C01G10.10, C53D5.5, D2023.4, F10G8.9, F30F8.10, F32H2.6, F40F4.7, F41E7.6, F43H9.4, F44B9.5, H14N18.4, H27A22.1, K07B1.4, M79.2, T02G5.7, T03D8.6, T10B10.4, T20B3.1, T25B9.1, W03F9.4, Y38A10A.7, Y38C1AA.1, Y53G8B.2, Y67D2.5, Y71H2AM.1, Y75B8A.37, Y7A9A.1, ZK899.2, acaa-2, acl-1, acl-11, acl-12, acl-13, acl-14, acl-2, acl-3, acl-4, acl-5, acl-6, acl-7, acl-8, acl-9, atat-2, ate-1, bus-1, bus-18, cbp-1, cha-1, cpt-1, cpt-2, cpt-3, cpt-4, cpt-5, cpt-6, daf-22, daf-31, dbt-1, dgat-2, dgtr-1, dhhc-1, dhhc-10, dhhc-11, dhhc-12, dhhc-13, dhhc-14, dhhc-2, dhhc-3, dhhc-4, dhhc-6, dhhc-7, dhhc-8, dhhc-9, dlat-1, dlat-2, dlst-1, eco-1, egl-26, elpc-3, fasn-1, gna-1, gna-2, hadb-1, hat-1, hhat-2, hmgs-1, kat-1, lpl-1, mboa-1, mboa-2, mboa-3, mboa-4, mboa-6, mboa-7, mec-17, mom-1, mys-1, natb-1, natc-2, nath-10, nmt-1, oac-1, oac-10, oac-15, oac-2, oac-24, oac-27, oac-30, oac-37, oac-40, oac-41, oac-42, oac-46, oac-54, oac-55, oac-56, oac-58, pcaf-1, pcs-1, pigw-1, pks-1, spe-10, spe-21, sptl-1, sptl-2, sptl-3"
GO:0017053,8,"arid-1, cbp-1, cep-1, egl-46, lin-37, lin-53, lin-9, prmt-5"
GO:0031490,12,"C18B2.4, cbp-1, jmjd-3.1, jmjd-3.2, jmjd-3.3, lem-2, let-765, pole-3, rbm-39, sca-1, utx-1, wbp-2"
GO:0043065,24,"ant-1.1, cbp-1, ced-13, ced-4, ced-9, cst-1, cst-2, cul-1, daf-16, dapk-1, dct-1, dre-1, eel-1, egl-1, eif-3.K, ned-8, pal-1, pig-1, sav-1, skr-1, sptf-3, toe-2, unc-3, wts-1"
GO:0061733,6,"cbp-1, eco-1, lsy-12, mys-1, mys-2, mys-4"
GO:1903354,8,"cbp-1, gale-1, let-2, let-607, mig-17, pat-2, pat-3, sqv-7"
GO:0001518,1,cca-1
GO:0005245,10,"cca-1, ccb-1, ccb-2, clhm-1, egl-19, stg-1, stg-2, tag-180, unc-2, unc-36"
GO:0005248,1,cca-1
GO:0005261,17,"F13B12.3, F17C8.6, cca-1, ced-11, clhm-1, cup-5, gon-2, gtl-1, gtl-2, nca-2, osm-9, pezo-1, trpl-2, trpl-4, unc-77, unc-8, unc-80"
GO:0005262,31,"F22B5.10, K11H12.8, Y42H9AR.2, cca-1, clhm-1, cup-5, egl-19, flwr-1, itr-1, lov-1, mcu-1, ncx-4, ncx-5, ocr-1, ocr-2, ocr-3, ocr-4, osm-9, pkd-2, spe-41, stim-1, tag-120, tag-180, tmbi-4, trp-1, trp-2, trp-4, unc-2, unc-36, unc-68, xbx-6"
GO:0005891,8,"cca-1, ccb-1, ccb-2, egl-19, orai-1, tag-180, unc-2, unc-36"
GO:0006816,41,"F22B5.10, T06D8.9, Y41E3.8, cca-1, ccb-1, ccb-2, clhm-1, egl-19, emre-1, flwr-1, itr-1, mca-1, mca-2, mca-3, mcu-1, micu-1, ncx-1, ncx-10, ncx-2, ncx-3, ncx-4, ncx-5, ncx-6, ncx-7, ncx-8, ncx-9, ocr-1, ocr-2, ocr-3, ocr-4, osm-9, pkd-2, pmr-1, sca-1, spe-41, stim-1, tag-180, unc-105, unc-2, unc-36, unc-68"
GO:0008332,1,cca-1
GO:0034702,30,"cca-1, ccb-1, clhm-1, egl-19, egl-2, egl-36, exc-4, exl-1, exp-2, irk-1, irk-2, irk-3, kqt-1, kqt-3, kvs-1, kvs-2, kvs-3, kvs-4, kvs-5, shk-1, shl-1, shw-1, shw-3, slo-1, tag-180, twk-14, unc-103, unc-2, unc-36, unc-77"
GO:0035725,68,"B0303.11, C09E8.1, F56F4.3, ZK563.2, abts-1, acd-1, acd-2, acd-3, acd-4, acd-5, asic-1, asic-2, cca-1, dat-1, deg-1, degl-1, degl-2, degt-1, del-1, del-10, del-3, del-4, del-5, del-6, del-7, del-8, del-9, delm-1, delm-2, egas-1, egas-2, egas-3, egas-4, flr-1, mec-10, mec-2, mec-4, mec-6, mod-5, ncx-1, ncx-10, ncx-2, ncx-3, ncx-4, ncx-5, ncx-6, ncx-7, ncx-8, ncx-9, nhx-4, nhx-5, nhx-6, nhx-8, nkcc-1, snf-1, snf-10, snf-11, snf-12, snf-2, snf-3, snf-5, snf-6, snf-7, snf-9, tmc-1, unc-105, unc-77, unc-8"
GO:0045760,1,cca-1
GO:0051899,1,cca-1
GO:0070509,2,"cca-1, sca-1"
GO:0070588,41,"F22B5.10, Y42H9AR.2, Y54F10AL.1, cca-1, ccb-1, ccb-2, clhm-1, cup-5, egl-19, flwr-1, itr-1, lov-1, mca-1, mca-2, mca-3, mcu-1, ncx-4, ncx-5, ocr-1, ocr-2, ocr-3, ocr-4, orai-1, osm-9, pkd-2, pmr-1, sca-1, spe-41, stg-1, stg-2, stim-1, tag-120, tag-180, tmbi-4, trp-1, trp-2, trp-4, unc-2, unc-36, unc-68, xbx-6"
GO:0086010,1,cca-1
GO:0008331,4,"ccb-1, ccb-2, egl-19, unc-2"
GO:0051924,2,"ccb-1, unc-36"
GO:0061199,1,ccb-1
GO:0000288,6,"ccf-1, dcs-1, let-711, panl-3, pde-12, rle-1"
GO:0000289,12,"ccf-1, ccr-4, let-711, ntl-11, ntl-2.1, ntl-2.2, ntl-3, ntl-4, ntl-9, panl-2, panl-3, parn-1"
GO:0004518,72,"C05C8.5, C08B6.8, C27H6.9, C37H5.14, F07H5.10, M01G12.14, M01G12.7, M01G12.9, M02B7.2, R02D3.8, W02F12.4, Y17G7B.12, Y47H10A.3, Y47H10A.4, Y47H10A.5, Y55F3BR.1, Y56A3A.33, ZK1098.3, ccf-1, ccr-4, cps-6, cpsf-3, crn-1, crn-2, crn-3, crn-4, crn-6, cyn-13, dcr-1, dis-3, disl-2, dna-2, dom-3, drsh-1, elac-2, endu-1, endu-2, eol-1, eri-1, exo-1, exo-3, fan-1, gen-1, lem-3, mre-11, mrt-1, mrt-2, mus-81, mut-7, nobh-1, parn-1, pgl-1, pgl-3, pold-1, popl-4, pqe-1, rege-1, rnh-1.0, rnh-1.1, rnh-1.2, rnh-2, rnst-2, slx-1, tdpo-1, tdpt-1, tofu-2, tsn-1, vms-1, xpf-1, xpg-1, xrn-1, xrn-2"
GO:0004527,36,"C05C8.5, C08B6.8, C27H6.9, K05G3.1, M02B7.2, R02D3.8, W02F12.4, W04A8.4, Y17G7B.12, Y54F10AR.2, Y55F3BR.1, Y56A3A.33, Y57A10A.13, ZK1098.3, ccf-1, ccr-4, crn-1, crn-2, crn-3, crn-4, dis-3, disl-2, eri-1, exo-1, exo-3, jkk-1, mre-11, mrt-1, mrt-2, mut-7, parn-1, pold-1, pqe-1, tdpo-1, xrn-1, xrn-2"
GO:0004535,3,"ccf-1, ccr-4, panl-2"
GO:0030014,6,"ccf-1, ccr-4, let-711, ntl-11, ntl-4, ntl-9"
GO:0030015,9,"ccf-1, ccr-4, let-711, ntl-11, ntl-2.1, ntl-2.2, ntl-3, ntl-4, ntl-9"
GO:0032968,14,"ccf-1, ccr-4, cdc-73, cdk-12, cdk-9, ell-1, gtf-2F1, leo-1, let-711, ntl-11, ntl-2.1, ntl-3, ntl-4, ntl-9"
GO:0043186,99,"B0511.6, C35D6.4, C46F11.4, F33D11.10, F38C2.7, F57B9.3, H20J04.4, T26G10.1, Y116A8C.19, Y116A8C.20, Y54G11A.3, Y60A9.3, Y94H6A.5, ZK512.2, ZK686.2, alg-3, alg-4, alg-5, asd-2, car-1, ccch-1, ccch-2, ccch-5, ccf-1, cgh-1, cid-1, csr-1, dcap-1, dcap-2, dct-13, ddx-10, ddx-17, ddx-19, ddx-23, ddx-27, ddx-46, deps-1, drh-3, ego-1, eif-4A3, fbf-2, gld-1, gld-2, gld-3, gld-4, glh-1, glh-2, glh-3, glh-4, gls-1, ife-1, ifet-1, inf-1, laf-1, mbk-2, meg-1, meg-2, meg-3, meg-4, mel-46, mex-1, mex-3, mex-5, mex-6, moe-3, mut-14, nhl-2, npp-10, oma-1, oma-2, paa-1, pab-1, pan-1, par-1, par-2, par-3, par-6, parn-1, pgl-1, pgl-2, pgl-3, pie-1, plp-1, pos-1, prg-1, puf-5, puf-8, rde-12, sacy-1, sir-2.4, snr-1, snr-3, snr-6, snr-7, spn-4, tag-250, tiar-1, vbh-1, wago-1"
GO:0048477,50,"T16G12.1, ani-2, asfl-1, ccf-1, cgh-1, cif-1, cir-1, csn-1, csn-2, csn-3, csn-4, csn-5, csn-6, daz-1, dss-1, ego-1, fcp-1, gck-1, gld-1, ima-3, kgb-1, larp-1, let-502, let-60, let-711, lin-45, lip-1, lis-1, mag-1, mek-2, mpk-1, nos-1, nos-2, npp-1, pam-1, pgl-1, pgl-2, phb-1, phb-2, ptp-2, puf-5, puf-6, puf-7, ran-1, riok-1, sec-61.G, spas-1, spe-39, uba-1, wee-1.3"
GO:0005740,6,"cox-5B, dct-1, dif-1, immt-1, immt-2, sdhd-1"
GO:0006123,10,"cox-4, cox-5A, cox-5B, cox-6A, cox-7C, ctc-1, ctc-2, ctc-3, cyc-2.1, cyc-2.2"
GO:0045277,8,"cox-4, cox-5A, cox-5B, cox-6A, cox-6B, cox-7C, ctc-1, ctc-2"
GO:0016705,86,"C14E2.4, C17G10.1, Y43F8B.19, coq-6, cyp-13A1, cyp-13A10, cyp-13A11, cyp-13A12, cyp-13A2, cyp-13A3, cyp-13A4, cyp-13A5, cyp-13A6, cyp-13A7, cyp-13A8, cyp-13B1, cyp-13B2, cyp-14A1, cyp-14A2, cyp-14A3, cyp-14A4, cyp-14A5, cyp-23A1, cyp-25A1, cyp-25A2, cyp-25A3, cyp-25A4, cyp-25A6, cyp-29A2, cyp-29A3, cyp-29A4, cyp-31A2, cyp-31A3, cyp-31A5, cyp-32A1, cyp-32B1, cyp-33A1, cyp-33B1, cyp-33C1, cyp-33C11, cyp-33C12, cyp-33C2, cyp-33C3, cyp-33C4, cyp-33C5, cyp-33C6, cyp-33C7, cyp-33C8, cyp-33C9, cyp-33D1, cyp-33D3, cyp-33E1, cyp-33E2, cyp-33E3, cyp-34A1, cyp-34A10, cyp-34A2, cyp-34A5, cyp-34A6, cyp-34A7, cyp-34A8, cyp-34A9, cyp-35A1, cyp-35A2, cyp-35A3, cyp-35A4, cyp-35A5, cyp-35B1, cyp-35B2, cyp-35B3, cyp-35C1, cyp-35D1, cyp-36A1, cyp-37A1, cyp-37B1, cyp-42A1, cyp-43A1, cyp-44A1, dach-1, daf-9, dpy-18, egl-9, let-268, phy-2, phy-3, phy-4"
GO:0010332,10,"K08D8.5, clec-47, cyp-14A5, irg-6, mul-1, parg-1, parg-2, srlf-34, tank-1, umps-1"
GO:0000175,11,"C08B6.8, ccr-4, crn-3, crn-4, dis-3, disl-2, eri-1, parn-1, parn-2, pde-12, pnpt-1"
GO:0005832,9,"cct-1, cct-2, cct-3, cct-4, cct-5, cct-6, cct-7, cct-8, hsp-70"
GO:0051082,53,"C34C12.8, F02E9.1, F35H10.6, K07E8.6, Y22D7AL.10, Y53F4B.14, Y55F3BR.6, ZK1128.7, cct-1, cct-2, cct-3, cct-4, cct-5, cct-6, cct-7, cct-8, cdc-37, cnx-1, crt-1, dnj-10, dnj-12, dnj-13, dnj-19, dnj-20, dnj-24, enpl-1, hsp-12.3, hsp-12.6, hsp-16.11, hsp-16.2, hsp-16.20, hsp-16.21, hsp-16.41, hsp-16.49, hsp-17, hsp-25, hsp-43, hsp-6, hsp-75, hsp-90, icd-2, ire-1, nuaf-1, nud-1, pfd-1, pfd-2, pfd-4, pfd-5, pfd-6, shq-1, sip-1, uggt-1, uggt-2"
GO:0140662,12,"cct-1, cct-2, cct-3, cct-4, cct-5, cct-6, cct-7, cct-8, enpl-1, hsp-60, hsp-75, hsp-90"
GO:0003688,8,"cdc-6, evl-18, mcm-10, mcm-5, orc-1, orc-2, orc-4, orc-5"
GO:0006260,74,"C25F9.2, D1007.8, F44B9.8, K02F3.12, R03H10.6, R03H10.7, R04F11.3, T24C4.5, asfl-1, atz-1, cdc-6, cdk-2, crn-1, ctf-18, ctf-8, div-1, dna-2, dscc-1, dxbp-1, evl-18, him-6, hmg-3, hmg-4, lig-1, mcm-10, mcm-2, mcm-3, mcm-4, mcm-5, mcm-6, mcm-7, mtss-1, nfi-1, nmad-1, orc-1, orc-2, orc-4, orc-5, pcn-1, pola-1, pold-1, pold-2, pole-1, pole-2, polg-1, polk-1, polq-1, pri-1, pri-2, psf-1, psf-2, psf-3, rcq-5, rev-3, rfc-1, rfc-2, rfc-3, rfc-4, rha-1, rmh-1, rmif-2, rpa-1, rpa-2, rpa-4, sld-5, smc-5, smc-6, spt-16, tofu-6, top-1, tres-1, twnk-1, ubr-4, wrn-1"
GO:0006270,16,"C37H5.5, cdc-6, div-1, evl-18, mcm-10, mcm-2, mcm-3, mcm-4, mcm-5, mcm-6, mcm-7, mus-101, orc-1, orc-4, orc-5, pri-2"
GO:0033314,9,"cdc-6, chk-1, hpr-17, hus-1, lrr-1, mus-101, orc-1, sel-13, tres-1"
GO:0004721,72,"B0280.11, C04F12.8, C06A1.3, C09H5.7, C15H7.3, C16A3.2, C23G10.1, C24F3.2, C27B7.6, F13D11.3, F25B3.4, F26A3.4, F28C6.8, F52H3.6, T07F12.1, T13H5.1, T16G12.7, W09D10.4, W09H1.1, Y54F10BM.13, Y71G12B.30, Y94H6A.7, ZK354.9, ZK757.2, cdc-14, cdc-25.1, cdc-25.2, cdc-25.3, cdc-25.4, cel-1, clr-1, cnep-1, daf-18, dep-1, eak-6, eya-1, fcp-1, fem-2, gsp-1, gsp-2, gsp-3, gsp-4, ilkp-1, let-92, lip-1, pdp-1, pef-1, phlp-2, pir-1, pir-2, pph-1, pph-4.1, pph-4.2, pph-5, pph-6, ppm-1.A, ppm-1.D, ppm-1.G, ppm-1.H, ppm-2, ptp-1, ptp-2, ptp-3, ptp-8, ptrg-1, rpap-2, scpl-1, scpl-3, ssup-72, tax-6, tns-1, vhp-1"
GO:0004722,70,"C06A1.3, C09H5.7, C23G10.1, C24H11.1, C24H11.2, C25A6.1, C27B7.6, C34D4.2, C47A4.3, F20D6.6, F22D6.9, F23B12.1, F25B3.4, F26B1.5, F40E3.5, F42G8.8, F44B9.9, F49E11.7, F52H3.6, F58G1.3, R08A2.2, R08C7.8, R13A5.11, T16G12.7, T25B9.2, W03D8.2, W09D10.4, Y40H4A.2, Y69E1A.4, Y71G12B.30, ZC477.2, ZK354.9, ZK938.1, acp-2, cdc-14, cnep-1, daf-18, fcp-1, fem-2, gsp-1, gsp-2, gsp-3, gsp-4, ilkp-1, let-92, lip-1, oga-1, ogt-1, pdp-1, pef-1, pgam-5, phlp-2, pph-1, pph-4.1, pph-4.2, pph-5, pph-6, ppm-1.A, ppm-1.D, ppm-1.G, ppm-1.H, ppm-2, pptr-1, rpap-2, scpl-1, spe-57, ssup-72, tap-1, tax-6, vhp-1"
GO:0004725,101,"B0207.1, B0280.11, C02B10.6, C07E3.4, C15H7.3, C16A3.2, C17H12.3, C17H12.5, C24F3.2, C33F10.8, C33H5.16, C43E11.5, C46A5.1, C48B6.4, C50F2.5, C55B7.3, F10G8.1, F20H11.4, F25H5.7, F35C11.2, F36H1.3, F36H12.10, F38H4.4, F40G12.10, F42C5.5, F47B3.1, F47B3.2, F47B3.6, F47B3.7, F54F12.1, F55F8.7, F57H12.5, K07F5.6, K07F5.8, K09F6.3, M01A12.4, M04G7.2, M05B5.1, M05D6.3, R10F2.6, R155.3, T04F3.3, T13H5.1, T22C1.8, T27A3.5, T28F4.3, VW02B12L.2, W01B6.6, W03F11.4, Y113G7C.1, Y116A8C.37, Y22D7AR.7, Y39A3A.4, Y39B6A.30, Y48G1C.5, Y48G9A.9, Y54F10BM.3, Y62F5A.10, Y69A2AR.19, Y71G12B.31, Y80D3A.8, Y94H6A.7, ZK354.8, ZK484.7, ZK616.65, ZK809.1, cdc-14, cdc-25.1, cdc-25.2, cdc-25.3, cdc-25.4, clr-1, daf-18, dep-1, eak-6, egg-3, egg-4, egg-5, eya-1, hpo-7, ida-1, lip-1, moa-1, mtm-3, pir-2, pph-2, pph-7, ptp-1, ptp-2, ptp-3, ptp-4A2, ptp-5.1, ptp-5.2, ptp-5.3, ptp-8, ptpn-22, ptrg-1, sdf-9, spe-54, tns-1, vhp-1"
GO:0006470,112,"B0207.1, B0280.11, C02B10.6, C04F12.8, C07E3.4, C15H7.3, C16A3.2, C17H12.3, C17H12.5, C24F3.2, C33F10.8, C33H5.16, C43E11.5, C46A5.1, C48B6.4, C50F2.5, C55B7.3, F10G8.1, F13D11.3, F20H11.4, F25H5.7, F26A3.4, F28C6.8, F35C11.2, F36H1.3, F36H12.10, F38H4.4, F40G12.10, F42C5.5, F47B3.1, F47B3.2, F47B3.6, F47B3.7, F54F12.1, F55F8.7, F57H12.5, K07F5.6, K07F5.8, K09F6.3, M01A12.4, M04G7.2, M05B5.1, M05D6.3, R10F2.6, R155.3, T04F3.3, T13H5.1, T22C1.8, T27A3.5, T28F4.3, VW02B12L.2, W01B6.6, W03F11.4, Y113G7C.1, Y116A8C.37, Y22D7AR.7, Y39A3A.4, Y39B6A.30, Y48G1C.5, Y48G9A.9, Y54F10BM.13, Y54F10BM.3, Y62F5A.10, Y69A2AR.19, Y71G12B.31, Y80D3A.8, Y94H6A.7, ZK354.8, ZK484.7, ZK616.65, ZK757.2, ZK809.1, cdc-14, cdc-25.1, cdc-25.2, cdc-25.3, cdc-25.4, clr-1, dep-1, eak-6, egg-3, egg-4, egg-5, fem-2, hpo-7, ida-1, ilkp-1, lip-1, moa-1, pdp-1, pir-1, pir-2, pph-2, pph-7, ppm-1.A, ppm-1.D, ppm-1.G, ppm-1.H, ppm-2, ptp-1, ptp-2, ptp-3, ptp-5.1, ptp-5.2, ptp-5.3, ptp-8, ptpn-22, ptrg-1, sdf-9, spe-54, tap-1, vhp-1"
GO:0007096,4,"cdc-14, npp-19, npp-7, npp-8"
GO:0016791,60,"C08H9.16, C24F3.2, C27A2.12, C45E5.1, C52E4.7, F09C12.8, F26C11.1, F31D4.2, F53B6.7, F55A11.11, K02D10.1, K08B12.3, R151.10, T07F12.1, Y18H1A.4, ZK484.6, ZK792.1, ZK809.9, acp-1, acp-2, acp-3, acp-4, acp-5, acp-6, acp-7, cdc-14, cnep-1, daf-18, dep-1, fbp-1, figo-1, inpp-1, inpp-5K, ipp-5, lhpp-1, ocrl-1, pfkb-1.1, pfkb-1.2, pgam-5, pgph-1, pgph-2, pgph-3, pho-1, pho-10, pho-11, pho-12, pho-13, pho-14, pho-4, pho-5, pho-6, pho-7, pho-8, pho-9, pnk-1, sac-2, sacm-1L, scpl-1, scpl-3, unc-26"
GO:0032467,3,"cdc-14, pals-37, syx-4"
GO:0045786,3,"cdc-14, gmn-1, wee-1.3"
GO:0060284,1,cdc-14
GO:1902636,1,cdc-14
GO:1902807,3,"cdc-14, lin-35, phg-1"
GO:1903452,2,"cdc-14, cki-1"
GO:1990023,7,"car-1, cdc-14, csc-1, cyk-4, lem-3, spd-1, zen-4"
GO:0000086,6,"cdc-25.1, cdc-25.2, cdc-25.3, cdc-25.4, cdk-1, sad-1"
GO:0010971,4,"cdc-25.1, cdc-25.2, cdc-25.3, cdc-25.4"
GO:0045931,7,"cdc-25.1, cye-1, figl-1, pph-6, saps-1, spat-1, uri-1"
GO:0110032,4,"cdc-25.1, cdc-25.2, cdc-25.3, cdc-25.4"
GO:1902751,4,"cdc-25.1, cdc-25.2, cdc-25.3, cdc-25.4"
GO:0010481,1,cdc-25.2
GO:0007163,24,"T16G1.9, Y71H2AM.12, cdc-42, cdh-1, cdh-4, ced-10, chw-1, egl-27, hmr-1, let-413, lin-17, lin-44, mes-1, ooc-3, par-1, par-3, par-4, par-6, pkc-3, rac-2, sad-1, sax-1, strd-1, vrk-1"
GO:0007264,32,"F46H5.4, R05G6.10, T26C12.3, Y34B4A.4, ZK970.8, cdc-42, ced-10, ced-5, chw-1, crp-1, dock-11, epac-1, gbas-1, gdi-1, mdt-9, mig-2, pac-1, plc-1, plx-1, pxf-1, rac-2, rep-1, rga-1, rgef-1, rgl-1, rheb-1, rho-1, rlbp-1, sos-1, tag-325, tiam-1, vav-1"
GO:0032970,5,"cdc-42, ect-2, rga-3, rga-4, rho-1"
GO:0051130,3,"cdc-42, mlk-1, pat-3"
GO:0055037,24,"F53H1.3, alx-1, amph-1, cdc-42, crp-1, ddl-2, glr-1, hmt-1, nhx-5, rab-10, rab-11.1, rab-11.2, rab-14, rfip-2, rme-1, rme-8, sdpn-1, snap-29, spe-39, tat-1, tbc-12, toca-1, toca-2, vps-33.2"
GO:0060562,9,"cash-1, ccm-3, cdc-42, exc-6, farl-11, gck-1, gck-3, mrck-1, rig-6"
GO:1903358,5,"cash-1, ccm-3, cdc-42, gck-1, mrck-1"
GO:2000370,9,"abi-1, cdc-42, chc-1, gex-2, gex-3, toca-1, toca-2, wsp-1, wve-1"
GO:0004126,2,"cdd-1, cdd-2"
GO:0006217,2,"cdd-1, cdd-2"
GO:0009451,12,"B0024.11, K07E8.7, Y43B11AR.3, Y48C3A.20, Y73B6BL.29, ZK287.7, cdd-1, cdd-2, dkc-1, nath-10, pus-1, tag-124"
GO:0016070,9,"cdd-1, crn-3, gld-4, glh-1, glh-2, ncbp-1, rnh-2, srrt-1, swd-2.2"
GO:0046109,2,"cdd-1, cdd-2"
GO:0055086,4,"F38B6.4, cdd-1, cdd-2, umps-1"
GO:0072527,2,"cdd-1, cdd-2"
GO:1901135,9,"ZK1058.3, cdd-1, cdd-2, gfat-1, gfat-2, gpi-1, hxk-1, oga-1, uggt-1"
GO:0005385,17,"cdf-1, cdf-2, slc-30A5, ttm-1, zipt-1, zipt-11, zipt-13, zipt-15, zipt-16, zipt-17, zipt-2.1, zipt-2.2, zipt-2.3, zipt-2.4, zipt-3, zipt-7.1, zipt-7.2"
GO:0006812,35,"F41C6.7, F41E7.2, F56C9.3, K07G5.5, K07H8.2, PDB1.1, R02F11.3, ZK1053.6, ZK185.2, ZK185.5, cdf-1, cdf-2, cua-1, gon-2, ncx-10, ncx-6, ncx-7, ncx-8, ncx-9, nhx-1, nhx-2, nhx-3, nhx-4, nhx-5, nhx-6, nhx-8, nhx-9, pbo-4, slc-30A5, slc-30A9, slc-9B.1, slc-9B.2, toc-1, ttm-1, unc-8"
GO:0006829,16,"cdf-1, cdf-2, slc-30A5, slc-30A9, toc-1, ttm-1, zipt-1, zipt-11, zipt-2.1, zipt-2.2, zipt-2.3, zipt-2.4, zipt-3, zipt-7.1, zipt-7.2, zipt-9"
GO:0006882,8,"cdf-1, hizr-1, slc-30A5, slc-30A9, zipt-13, zipt-17, zipt-7.1, zipt-7.2"
GO:0008324,17,"F41C6.7, F56C9.3, K07G5.5, K07H8.2, PDB1.1, R02F11.3, ZK1053.6, ZK185.2, ZK185.5, cdf-1, cdf-2, cup-5, gon-2, slc-30A5, slc-30A9, toc-1, ttm-1"
GO:0010312,2,"cdf-1, pcs-1"
GO:0046579,8,"cdf-1, ksr-1, let-765, ptp-2, rgef-1, riok-1, soc-2, sur-7"
GO:0071294,4,"cdf-1, cdf-2, sbp-1, sur-7"
GO:0071577,14,"cdf-1, cdf-2, ttm-1, zipt-1, zipt-11, zipt-13, zipt-17, zipt-2.1, zipt-2.2, zipt-2.3, zipt-2.4, zipt-3, zipt-7.1, zipt-7.2"
GO:0098655,38,"F13B12.3, F17C8.6, F41C6.7, F56C9.3, K07G5.5, K07H8.2, PDB1.1, R02F11.3, ZK1053.6, ZK185.2, ZK185.5, catp-5, catp-6, catp-7, catp-8, cdf-1, ced-11, che-6, cng-1, cng-2, cng-3, cup-5, gon-2, gtl-1, gtl-2, irk-2, irk-3, kqt-3, nca-2, pezo-1, slc-30A9, tax-2, tax-4, toc-1, trpl-2, trpl-4, unc-63, unc-80"
GO:0005604,28,"VC5.2, agr-1, cdh-3, cle-1, elks-1, emb-9, epi-1, fbl-1, gon-1, him-4, hse-5, lam-1, lam-2, lam-3, lect-2, let-2, mig-17, mig-18, mig-6, nid-1, ost-1, pat-3, pxn-1, pxn-2, spon-1, tln-1, unc-52, unc-6"
GO:0007156,23,"casy-1, cdh-1, cdh-10, cdh-12, cdh-3, cdh-4, cdh-5, cdh-7, cdh-8, cdh-9, fmi-1, him-4, hmr-1, igcm-3, ncam-1, rig-1, rig-3, rig-4, rig-6, wrk-1, zig-1, zig-11, zig-3"
GO:0034769,5,"cdh-3, fos-1, him-4, hlh-2, zmp-1"
GO:0050839,14,"F26E4.7, afd-1, cdh-10, cdh-3, erm-1, igcm-1, igcm-2, sax-7, stn-2, syg-1, syg-2, unc-112, unc-44, zoo-1"
GO:0030855,5,"cdh-1, cdh-12, cdh-5, cdh-8, hmr-1"
GO:0044331,9,"cdh-1, cdh-12, cdh-5, cdh-7, cdh-8, fmi-1, hmp-1, hmp-2, hmr-1"
GO:0008306,13,"aho-3, casy-1, dyf-11, gap-1, gap-2, gap-3, gcy-22, glr-1, hen-1, let-60, mut-7, pkc-1, ttx-3"
GO:0043231,17,"C50F4.12, acs-20, casy-1, cisd-1, cisd-3.1, cisd-3.2, cyp-33E2, egl-1, gas-1, mboa-7, mter-4, nex-1, odr-4, pdha-1, rgef-1, ric-3, spe-4"
GO:0050806,2,"casy-1, unc-10"
GO:0051932,15,"casy-1, cdk-5, cdka-1, dhc-1, exp-1, gab-1, lgc-34, lgc-35, lgc-38, lgc-43, lis-1, nud-1, nud-2, unc-25, unc-49"
GO:0051965,9,"casy-1, cdk-5, clr-1, fsn-1, ppm-2, rpm-1, unc-104, unc-40, unc-6"
GO:0051966,6,"C30A5.10, F35H10.10, casy-1, mgl-1, mgl-2, mgl-3"
GO:1902805,2,"casy-1, mec-15"
GO:0004693,13,"cdk-1, cdk-11.1, cdk-11.2, cdk-12, cdk-14, cdk-2, cdk-4, cdk-5, cdk-7, cdk-8, cdk-9, cdkl-1, pct-1"
GO:0007095,9,"Y43D4A.6, cdk-1, cdt-2, chk-1, kin-33, kin-34, mre-11, mus-101, txt-2"
GO:0008353,5,"cdk-1, cdk-12, cdk-7, cdk-8, cdk-9"
GO:0032436,25,"C28A5.6, C44H4.6, K09C6.2, K09C6.7, K09C6.8, acs-19, bed-2, cdc-48.1, cdc-7, cdk-1, chn-1, daf-16, eor-1, gsk-3, gskl-1, hecd-1, kin-19, kin-20, let-23, mbk-2, mpk-1, nipi-3, pry-1, ufd-2, zyg-11"
GO:0045836,4,"atz-1, cdk-1, gld-3, nos-3"
GO:0051446,5,"cdk-1, cdk-2, gld-4, pzf-1, uri-1"
GO:0060255,13,"F25B5.5, Y17G9B.8, Y46G5A.29, abce-1, cdk-1, cdk-2, che-1, daf-3, dlk-1, lin-35, sma-4, ulp-1, usp-46"
GO:0090068,2,"cdk-1, cdk-2"
GO:0000082,18,"F08F1.9, R02F2.1, T07F10.5, T12C9.7, T24A6.1, cdk-2, cdk-4, cdk-8, cya-1, cya-2, cyb-1, cyb-2.1, cyb-2.2, cyb-3, cyd-1, cye-1, pph-6, wts-1"
GO:0000307,14,"F09G2.2, R02F2.1, Y71G12B.27, cdk-2, cdk-4, cks-1, cyb-1, cyb-2.1, cyb-2.2, cyb-3, cyd-1, cye-1, cyy-1, pct-1"
GO:0007530,10,"cdk-4, cyd-1, fem-1, fem-2, fem-3, sdc-1, sdc-2, sdc-3, sea-1, tra-2"
GO:0008584,6,"cdk-4, cyd-1, fkh-6, lin-9, sys-1, ten-1"
GO:0009791,33,"C34E11.2, K09A11.1, bed-3, cdk-4, cye-1, daf-14, daf-8, fat-5, fat-6, fat-7, glh-1, glh-2, lin-1, lin-2, lin-3, lin-7, mlc-4, mls-1, nhr-80, pak-1, ppt-1, sem-4, sma-2, sma-3, sma-4, sma-5, tag-68, unc-11, unc-59, unc-63, unc-83, unc-84, unc-85"
GO:0010389,2,"cdk-2, cdk-4"
GO:0030332,6,"Y71H2AM.3, cdk-12, cdk-14, cdk-2, cdk-4, zyg-11"
GO:0032877,3,"cdk-4, cyd-1, dbl-1"
GO:0044843,3,"cdk-4, cyd-1, fzr-1"
GO:0090727,12,"atz-1, cdk-4, cyd-1, lin-35, lin-41, pezo-1, prdx-2, rmh-1, rmif-2, simr-1, umps-1, zipt-7.1"
GO:0097128,2,"cdk-4, cyd-1"
GO:1900087,4,"cdk-2, cdk-4, cyd-1, cye-1"
GO:0016533,2,"cdk-5, cdka-1"
GO:0030951,7,"F54A3.2, T08D2.8, cdk-5, unc-116, unc-33, unc-44, zyg-9"
GO:0032880,35,"afd-1, ain-1, aipl-1, aspm-1, brc-2, cdc-48.1, cdc-48.2, cdk-5, cdka-1, cmd-1, csnk-1, ect-2, egl-9, frk-1, hmp-1, hmp-2, ipla-1, jac-1, lin-5, lnp-1, madd-2, magi-1, mex-5, mex-6, pkhm-2, pry-1, sand-1, spe-6, tbx-2, tmem-231, ubc-9, ulp-1, unc-14, unc-51, wrm-1"
GO:0048489,21,"cdk-5, cdka-1, cyy-1, dhc-1, htt-1, klc-2, lin-7, lis-1, lnp-1, lrk-1, nud-1, nud-2, pct-1, sad-1, sng-1, snpn-1, syd-2, unc-116, unc-16, unc-26, unc-4"
GO:0048491,2,"cdk-5, cdka-1"
GO:0051222,2,"cdk-5, unc-104"
GO:0051402,5,"cdk-5, eor-1, eor-2, ham-1, tbx-2"
GO:0051963,4,"cdk-5, myrf-1, myrf-2, prk-2"
GO:1901987,3,"cdk-14, cdk-5, pct-1"
GO:1902803,2,"cdk-5, cdka-1"
GO:1904799,4,"cdk-5, cyy-1, myrf-1, myrf-2"
GO:1904810,6,"cdk-5, egl-3, unc-104, vps-51, vps-52, vps-53"
GO:1904811,8,"cdk-5, dhc-1, eipr-1, rund-1, vps-50, vps-51, vps-52, vps-53"
GO:1990048,3,"cdk-5, cdka-1, dhc-1"
GO:2000331,2,"cdk-5, cyy-1"
GO:0005675,8,"cdk-7, gtf-2H1, gtf-2H2C, gtf-2H3, gtf-2H4, gtf-2H5, mnat-1, xpb-1"
GO:0009299,1,cdk-7
GO:0045448,1,cdk-7
GO:0051726,36,"D1037.1, D1053.2, F46B6.5, Y17G9B.8, Y71F9B.6, bub-3, cdk-11.1, cdk-11.2, cdk-12, cdk-7, cdk-8, cdk-9, cdkl-1, cki-1, cki-2, cmd-1, csn-5, dct-1, dot-1.1, dot-1.2, dot-1.3, dot-1.4, dot-1.5, dpl-1, jun-1, kin-3, lin-23, lin-35, lin-9, mdf-2, nos-2, plk-1, plk-2, san-1, sas-6, zyg-1"
GO:0070985,2,"cdk-7, cyh-1"
GO:0003730,52,"C35D6.4, F38C2.7, F39B2.3, R05D3.8, T07F10.3, Y116A8C.19, Y116A8C.20, Y60A9.3, angl-1, ccch-1, ccch-2, ccch-5, cdl-1, cpb-1, cpb-2, cpb-3, daz-1, dct-13, etr-1, exc-7, fbf-1, fbf-2, fog-1, gla-3, gld-1, hrpa-1, imph-1, larp-5, lin-28, lrpr-1, mex-1, mex-5, mex-6, mina-1, mma-1, moe-3, oma-1, oma-2, pab-1, pab-2, pie-1, pos-1, puf-11, puf-3, puf-5, puf-6, puf-7, puf-8, puf-9, rnp-9, sqd-1, sup-26"
GO:0006398,5,"C49H3.4, K07A1.15, cdl-1, cpsf-2, cpsf-3"
GO:0007076,8,"capg-1, ccep-290, cdl-1, dpy-27, dpy-28, hcp-6, mix-1, smc-4"
GO:0051028,25,"F33D11.10, T01C3.2, casc-3, cdl-1, eel-1, eif-4A3, mag-1, mel-28, npp-10, npp-13, npp-14, npp-15, npp-16, npp-18, npp-19, npp-2, npp-20, npp-22, npp-5, nxf-1, nxf-2, nxt-1, rae-1, rha-1, rnp-4"
GO:0071204,1,cdl-1
GO:0071207,1,cdl-1
GO:1990170,10,"cdr-1, cdr-2, cdr-3, cdr-4, fshr-1, natc-1, pgp-3, pgp-4, pgp-5, pgp-7"
GO:0000076,4,"cdt-1, hpr-9, tim-1, tipn-1"
GO:0030174,1,cdt-1
GO:0070182,5,"cdt-1, fcd-2, fnci-1, pcn-1, rtel-1"
GO:0071163,1,cdt-1
GO:0005721,4,"cec-1, cec-3, cec-6, hpl-1"
GO:0001845,3,"ced-1, rab-14, unc-108"
GO:0001891,8,"ced-1, dyn-1, epn-1, ina-1, mtm-1, piki-1, src-1, vps-34"
GO:0005044,8,"Y64G10A.7, ced-1, scav-1, scav-2, scav-3, scav-4, scav-5, scav-6"
GO:0030670,12,"atg-18, ced-1, dyn-1, epg-5, ina-1, lgg-1, lst-4, ocrl-1, piki-1, pipp-4P, rab-19, rab-7"
GO:0031260,4,"ced-1, fer-1, rab-11.2, spe-41"
GO:0034620,1,ced-1
GO:0043654,2,"ced-1, ttr-52"
GO:1901076,15,"abi-1, ced-1, ced-10, ced-12, ced-2, ced-5, ced-6, ced-7, gsk-3, jph-1, mom-5, nrf-5, pat-2, stim-1, vps-34"
GO:1902742,12,"ced-1, ced-12, ced-2, ced-3, ced-4, ced-5, ced-6, ced-7, ced-8, ced-9, egl-1, ttr-52"
GO:1904747,14,"blmp-1, ced-1, ced-3, ced-4, ced-6, ced-7, ceh-34, csp-1, csp-2, csp-3, dre-1, egl-1, eya-1, vha-12"
GO:0006909,11,"ced-10, ced-12, ced-2, ced-6, ctns-1, dyn-1, lis-1, mtm-1, piki-1, psr-1, vps-34"
GO:0007167,2,"ced-2, gap-3"
GO:0030971,10,"ced-2, cwn-1, dsh-1, egl-20, gap-3, lin-17, mlk-1, mom-2, nck-1, sli-1"
GO:0035591,10,"F39B2.5, abi-1, ced-2, dsh-1, dsh-2, gap-3, mig-5, nck-1, tir-1, trf-1"
GO:0044877,23,"Y57G11C.1147, cdc-48.1, ced-12, ced-2, ced-5, dve-1, him-10, his-41, his-44, his-66, his-8, knl-1, let-363, lev-11, lgl-1, ndc-80, nduf-9, npl-4.1, syg-1, tpxl-1, ubxn-3, ufd-1, vps-28"
GO:0004175,16,"C05G5.5, Y70C5C.1, ced-3, fce-1, fce-2, grd-2, hop-1, immp-2, lat-1, lat-2, lgmn-1, pbs-1, pbs-2, pbs-5, sel-12, spe-4"
GO:0004197,40,"C32B5.13, C32B5.7, F15D4.4, F32H5.1, K02E7.10, R07E3.1, R09F10.1, W07B8.4, Y113G7B.15, Y40H7A.10, Y51A2D.1, Y51A2D.8, Y65B4A.2, Y71H2AM.25, Y71H2AR.2, ZK430.5, atg-4.1, atg-4.2, ced-3, clp-2, cpl-1, cpr-1, cpr-2, cpr-3, cpr-4, cpr-5, cpr-6, cpr-9, cpz-1, cpz-2, csp-1, csp-2, csp-3, fce-2, lgmn-1, malt-1, sep-1, tag-196, tag-329, tra-3"
GO:0008047,4,"ced-3, dcap-1, mlt-8, mtss-1"
GO:0008234,90,"C04E6.5, C32B5.13, C32B5.7, F07A11.4, F15D4.4, F16H6.4, F16H6.7, F26E4.3, F32H5.1, F35F10.6, F35F10.7, F59E12.6, H12I13.1, K02E7.10, M04C9.1, M04C9.2, M04C9.3, R07E3.1, R09F10.1, T05H10.1, T22F3.2, W04E12.7, W07B8.4, Y113G7B.15, Y40H7A.10, Y51A2D.1, Y51A2D.8, Y55F3AM.9, Y65B4A.2, Y67D2.2, Y71H2AM.25, Y71H2AR.2, atg-4.1, atg-4.2, atx-3, ced-3, clp-1, clp-10, clp-2, clp-3, clp-4, clp-6, clp-7, clp-8, clp-9, cpl-1, cpr-1, cpr-2, cpr-3, cpr-4, cpr-5, cpr-6, cpr-8, cpr-9, cpz-1, cpz-2, csp-1, csp-2, csp-3, cyk-3, cyld-1, duo-1, duo-3, lgmn-1, math-33, odr-8, otub-1, otub-2, pigk-1, sep-1, tag-196, tag-329, tra-3, ubh-1, ubh-2, ubh-3, ubh-4, ulp-1, ulp-2, ulp-3, ulp-4, ulp-5, usp-14, usp-3, usp-33, usp-4, usp-46, usp-48, usp-5, usp28"
GO:0008303,3,"ced-3, ced-4, mac-1"
GO:0008656,3,"ced-3, ced-4, cpl-1"
GO:0010954,2,"ced-3, ced-4"
GO:0016540,17,"ced-3, csp-1, grd-1, grd-11, grd-2, hog-1, mig-17, myrf-1, myrf-2, psd-1, qua-1, tra-3, wrt-1, wrt-4, wrt-6, wrt-7, wrt-8"
GO:0030042,11,"F53E2.2, aipl-1, ced-3, ced-4, ced-9, egl-1, gsnl-1, ric-7, twf-2, unc-60, unc-78"
GO:0030155,8,"ced-3, ced-4, efn-4, egl-5, mab-20, pig-1, sma-6, vab-3"
GO:0031647,31,"C04E6.5, C34F6.9, F07A11.4, F35B3.3, T05H10.1, T22F3.2, T24B8.7, bet-1, ced-3, ced-4, ctsa-3.1, ctsa-4.1, ctsa-4.2, cul-1, egl-15, lin-23, math-33, rpm-1, rpt-4, sel-10, skr-1, skr-2, smo-1, sur-7, usp-33, usp-46, usp-48, usp-5, usp28, wip-1, wsp-1"
GO:0043525,3,"ced-3, csp-1, tra-1"
GO:0046716,19,"bet-1, ced-3, ced-4, clp-1, dyb-1, dyc-1, dys-1, egl-15, pat-2, pat-3, pat-4, pat-6, smo-1, stn-1, sur-7, unc-112, unc-52, unc-70, unc-97"
GO:0050807,15,"ced-3, ced-9, ceh-28, cima-1, dlk-1, mkk-4, pmk-3, ric-7, rpm-1, syd-2, unc-104, unc-37, unc-4, unc-69, unc-76"
GO:0097194,6,"F20D6.11, ced-3, ced-8, lst-4, snx-1, snx-6"
GO:0098793,48,"T27E4.1, abi-1, aex-4, atg-9, best-1, ced-3, ced-5, ced-9, eat-17, egl-1, egl-21, ehs-1, elks-1, fat-3, fsn-1, hipr-1, inpp-5K, ire-1, lin-7, lpd-3, mec-15, mod-5, nlg-1, pkc-1, rab-10, rab-5, ric-4, ric-7, snap-29, snt-4, snt-6, syx-2, syx-3, syx-4, syx-5, syx-6, tbc-2, tom-1, unc-104, unc-13, unc-18, unc-2, unc-31, unc-57, unc-64, uncp-18, vha-10, xbp-1"
GO:0140608,3,"ced-3, ced-4, csp-2"
GO:1900118,5,"ced-3, ced-4, ced-9, mac-1, npp-14"
GO:1905803,7,"ced-3, csp-1, dat-1, gst-1, jnk-1, smf-1, wdr-23"
GO:1905808,6,"ced-3, ced-4, ced-9, egl-1, gsnl-1, ric-7"
GO:1905845,2,"ced-3, csp-1"
GO:0000287,42,"C01G10.7, C26E6.12, F25B5.3, F58H1.3, M01E5.2, T04G9.4, T26C12.1, T28H10.1, W04G3.5, Y10G11A.1, Y62E10A.13, adss-1, calm-1, ced-4, crn-1, dut-1, enol-1, fars-3, figl-1, gss-1, hacl-1, hprt-1, idhg-1, idhg-2, kin-4, prps-1, pyk-1, pyk-2, pyp-1, rnh-1.0, rskn-1, rskn-2, serr-1, suca-1, sucg-1, tat-1, tat-2, tat-3, tat-4, tat-5, tat-6, ttx-7"
GO:0016505,1,ced-4
GO:0043531,3,"atp-1, ced-4, pgk-1"
GO:0051432,1,ced-4
GO:0051434,1,ced-4
GO:0061133,3,"ced-4, psme-3, rpn-13"
GO:0089720,3,"ced-4, csp-2, npp-14"
GO:0007520,1,ced-5
GO:0017124,6,"abi-1, ced-12, ced-5, mig-10, mvb-12, unc-15"
GO:0019899,44,"F07E5.5, F21C10.7, F40F12.9, K02F6.1, K08D12.3, atfs-1, ced-12, ced-5, cpsf-4, crn-5, cysl-1, daf-16, dve-1, egc-2, egl-27, eme-1, ercc-1, eri-5, glr-1, him-18, him-6, hpl-1, lin-28, mig-22, mus-81, rbpl-1, rde-12, rib-1, rib-2, rnp-8, rpa-1, rpa-2, sfa-1, sluh-7, slx-1, smg-3, sop-2, sqv-5, tbx-2, ttn-1, unc-22, unc-89, wah-1, xpf-1"
GO:0032045,3,"ced-12, ced-5, smcr-8"
GO:0097091,4,"abi-1, ced-5, cla-1, snn-1"
GO:0005124,2,"ced-6, ttr-52"
GO:0045335,14,"atg-18, ccz-1, ced-6, cpl-1, ctns-1, dyn-1, lmp-1, lst-4, rab-14, rab-5, rab-7, snx-1, snx-6, unc-108"
GO:0033700,1,ced-7
GO:0017128,9,"ced-8, scrm-1, scrm-2, scrm-3, scrm-4, scrm-5, scrm-6, scrm-7, scrm-8"
GO:0070782,2,"ced-8, scrm-1"
GO:0001836,1,ced-9
GO:0005096,79,"F53A10.2, T04C9.1, ced-9, chin-1, cnt-1, cnt-2, cyk-4, depd-5, eat-16, eat-17, ect-2, egl-10, flcn-1, gap-1, gap-2, gdi-1, gei-1, git-1, hgap-1, hgap-2, hum-7, lgl-1, npp-9, nprl-2, pac-1, pes-7, pxf-1, rabn-5, ran-2, rbg-1, rbg-2, rbg-3, rep-1, rfgp-1, rfgp-2, rga-1, rga-2, rga-3, rga-4, rga-5, rga-6, rga-8, rga-9, rgs-1, rgs-2, rgs-6, rgs-7, rhgf-1, rhi-1, rin-1, rlbp-1, rme-6, rpi-2, rrc-1, sec-23, sipa-1, smap-1, spv-1, srgp-1, syd-1, tag-325, tbc-10, tbc-11, tbc-12, tbc-13, tbc-14, tbc-16, tbc-17, tbc-18, tbc-19, tbc-2, tbc-20, tbc-3, tbc-6, tbc-8, tbc-9, tbcd-1, tbck-1, tom-1"
GO:0010636,1,ced-9
GO:0031090,11,"ced-9, cha-1, fer-1, flr-1, laat-1, mig-14, pkd-2, pmr-1, rab-7, smf-3, unc-17"
GO:0031333,2,"ced-9, kgb-1"
GO:0043069,3,"ced-9, ces-1, tank-1"
GO:0097192,1,ced-9
GO:0140311,5,"ced-9, ddl-1, ddl-2, ftt-2, impt-1"
GO:0008045,32,"C33F10.8, F20H11.4, T28F4.3, Y39A3A.4, Y48G9A.9, Y71G12B.31, Y71H2AM.12, bug-1, ced-10, clec-38, ddr-1, ddr-2, max-1, max-2, mig-2, pak-1, plx-2, ptp-3, rac-2, rack-1, rig-6, spon-1, ten-1, unc-129, unc-33, unc-34, unc-40, unc-5, unc-53, unc-6, unc-73, wve-1"
GO:0008360,13,"F09F7.5, Y71H2AM.12, alr-1, ced-10, erm-1, fozi-1, frl-1, let-502, nfm-1, pdi-3, plx-2, rac-2, sax-1"
GO:0010172,37,"ced-10, ceh-16, ddx-23, dpy-18, eff-1, fhod-1, frk-1, gex-2, gex-3, hmp-1, hmp-2, jac-1, let-502, mab-20, mel-11, mlc-4, mog-4, mog-5, mrck-1, nob-1, pak-1, ptp-3, pxn-2, rhgf-2, sma-1, spc-1, sym-2, tbx-8, tbx-9, ten-1, uaf-1, unc-70, vab-1, vab-23, vha-17, wip-1, wrm-1"
GO:0016601,4,"Y71H2AM.12, ced-10, rac-2, unc-73"
GO:0030031,9,"M04F3.5, Y71H2AM.12, ced-10, gex-2, gex-3, madd-2, pat-6, rac-2, sax-1"
GO:0030865,5,"Y71H2AM.12, ani-1, ced-10, rac-2, rsa-1"
GO:0030950,7,"ced-10, mig-2, unc-33, unc-44, unc-5, unc-6, unc-73"
GO:0031103,13,"cebp-1, ced-10, dlk-1, fkh-9, mig-10, mkk-4, mlk-1, pmk-3, rhgf-1, svh-1, svh-2, tph-1, unc-34"
GO:0031115,6,"ced-10, mig-2, unc-33, unc-44, unc-5, unc-6"
GO:0032228,9,"abts-1, ced-10, ina-1, kcc-2, mig-15, mig-2, pll-1, rab-3, unc-73"
GO:0032956,21,"F23H11.4, Y71H2AM.12, ced-10, citk-1, citk-2, ephx-1, hmp-1, jac-1, let-502, mab-20, mlst-8, natb-1, pat-3, pat-4, rac-2, rga-8, rho-1, sup-12, toca-1, toca-2, unc-15"
GO:0033563,23,"ced-10, clec-38, lad-2, madd-2, madd-4, mau-2, mig-15, mig-2, rac-2, rig-6, rin-1, rpm-1, sax-3, seu-1, slt-1, spon-1, unc-129, unc-30, unc-34, unc-40, unc-44, unc-5, unc-6"
GO:0038007,11,"ced-10, clr-1, max-2, mig-2, src-1, unc-33, unc-40, unc-44, unc-5, unc-6, unc-73"
GO:0048812,18,"ced-10, cmk-1, dbn-1, flr-4, gex-3, kin-18, lin-23, mel-11, mig-15, mig-2, ncam-1, rac-2, rig-6, sax-3, sax-7, tax-2, tax-4, unc-115"
GO:0048846,12,"ced-10, dgn-1, enu-3.1, enu-3.2, enu-3.3, enu-3.5, enu-3.6, lrk-1, mig-2, pink-1, rac-2, unc-130"
GO:0050764,2,"ced-10, sphk-1"
GO:0060326,3,"Y71H2AM.12, ced-10, rac-2"
GO:0061643,7,"ced-10, mig-2, unc-33, unc-40, unc-44, unc-5, unc-73"
GO:0097628,4,"ced-10, mig-6, unc-40, unc-5"
GO:1905815,11,"ced-10, clec-38, mig-2, ncx-9, rpm-1, unc-33, unc-40, unc-44, unc-5, unc-6, unc-73"
GO:0030001,26,"F13B12.3, Y54F10AL.1, ced-11, cuc-1, gon-2, gtl-1, gtl-2, smf-1, smf-2, smf-3, trpl-2, trpl-4, zipt-1, zipt-11, zipt-13, zipt-15, zipt-16, zipt-17, zipt-2.1, zipt-2.2, zipt-2.3, zipt-2.4, zipt-3, zipt-7.1, zipt-7.2, zipt-9"
GO:0006911,1,ced-12
GO:0035262,39,"acin-1, ced-12, ceh-22, cogc-1, cogc-2, cogc-3, cogc-4, cogc-6, cogc-8, cpz-1, dcr-1, dgn-1, dsh-2, gale-1, git-1, gon-14, hlh-12, hlh-2, iff-2, let-2, lim-7, max-2, mig-17, mig-23, ndc-80, nhr-67, nsun-1, pak-1, pax-3, pix-1, pop-1, sqv-7, src-1, swsn-1, sys-1, unc-34, unc-40, unc-5, unc-6"
GO:0048870,4,"Y57G11C.1147, ced-12, daf-18, gasr-8"
GO:0060097,1,ced-12
GO:0070064,1,ced-12
GO:0070273,8,"F55D12.2, Y47G6A.18, atg-18, ced-12, cnt-1, epg-6, ipla-1, unc-104"
GO:0080025,7,"F55D12.2, atg-18, ced-12, cup-5, epg-6, hipr-1, tag-138"
GO:0051400,1,ced-13
GO:0007420,11,"ceh-100, ceh-2, ceh-5, ceh-99, eyg-1, git-1, sem-2, sox-2, sox-3, unc-62, vab-3"
GO:0030182,51,"Y46G5A.29, acs-17, acs-4, alr-1, ast-1, ceh-10, ceh-100, ceh-14, ceh-16, ceh-2, ceh-23, ceh-31, ceh-32, ceh-37, ceh-5, ceh-8, ceh-87, ceh-9, ceh-99, cfi-1, che-1, cnd-1, cwn-1, cwn-2, daf-19, egl-20, egl-44, egl-46, fax-1, hlh-14, hlh-3, irx-1, kal-1, let-23, lim-4, lim-6, lin-11, lin-44, lsy-27, mec-3, mom-2, nhr-111, nhr-229, sem-2, sox-2, sox-3, sptf-1, ttx-1, ttx-3, unc-42, zfr-1"
GO:0050891,5,"ceh-6, gck-3, sca-1, vha-5, wnk-1"
GO:0060290,10,"ash-2, ceh-6, cfp-1, dpy-30, egl-27, jmjd-3.1, rbbp-5, sem-4, set-2, wdr-5.1"
GO:0021520,1,ceh-12
GO:0048663,3,"ceh-12, lin-32, unc-62"
GO:0040040,14,"ceh-14, cmk-1, gcy-18, gcy-23, gcy-8, ola-1, rcan-1, srtx-1, tax-2, tax-4, tax-6, ttx-1, ttx-3, zyg-8"
GO:0009957,7,"ceh-16, elt-1, lin-22, lin-41, pax-3, ref-1, ztf-6"
GO:0048859,1,ceh-16
GO:0030516,11,"ceh-17, daf-11, sad-1, swan-1, tax-2, tax-4, ttx-3, unc-104, unc-51, unc-69, unc-76"
GO:0008354,1,ceh-18
GO:0008544,9,"ceh-18, egl-27, lin-26, mlt-10, plx-1, ptp-3, pxf-1, rap-1, rap-2"
GO:0030728,13,"ani-2, ceh-18, ipp-5, let-23, lin-3, mup-2, orai-1, rme-2, sec-61.G, snap-29, stim-1, vha-1, vha-11"
GO:1900194,4,"ceh-18, egrh-1, kin-2, pde-6"
GO:0000987,12,"C27F2.9, ceh-20, ceh-40, ceh-43, ceh-60, crh-1, daf-3, ell-1, fkh-5, hizr-1, lin-39, unc-62"
GO:0001223,6,"ceh-20, crh-1, egl-44, lag-1, psa-3, wts-1"
GO:0007498,2,"ceh-20, egl-27"
GO:0007501,14,"ceh-20, ceh-34, ceh-51, drag-1, end-3, eya-1, fozi-1, hlh-8, let-381, pop-1, sem-2, sys-1, tbx-35, unc-62"
GO:0009786,14,"ceh-20, egl-27, hlh-14, insc-1, ipla-1, lin-17, lin-18, mom-1, nob-1, npp-1, pop-1, psa-3, sys-1, toe-2"
GO:0009887,20,"ceh-20, ceh-40, ces-2, dsh-1, dsh-2, epi-1, ina-1, lam-1, lam-2, lam-3, lin-48, mig-5, pak-1, pha-2, sptf-3, src-1, ten-1, ubc-18, unc-6, unc-62"
GO:0009952,19,"ceh-20, egl-5, ham-1, hlh-25, hlh-26, hlh-27, lat-1, lin-22, lin-39, mab-5, nob-1, pry-1, ref-1, ref-2, sop-2, sor-3, uba-2, ubc-9, vab-3"
GO:0042692,3,"ceh-20, sem-4, unc-62"
GO:0048337,10,"ceh-20, fozi-1, hlh-1, let-381, lin-12, lin-39, mab-5, sem-2, sma-9, sys-1"
GO:0048568,3,"ceh-20, ceh-40, egl-44"
GO:0048665,25,"ceh-20, ceh-36, ceh-37, cfi-1, egl-46, fax-1, fkh-2, hlh-2, hlh-34, lim-7, lin-32, lsy-2, mig-32, ref-2, sop-2, sor-3, sox-2, spat-3, unc-3, unc-42, unc-62, unc-86, zag-1, ztf-11, ztf-6"
GO:0071542,8,"ast-1, ceh-20, ceh-43, ceh-60, ham-1, manf-1, pig-1, tmem-132"
GO:0160096,9,"ceh-22, ceh-51, eff-1, glp-1, pha-2, pop-1, tbx-2, tbx-35, ubc-9"
GO:0010001,1,pros-1
GO:0021782,1,pros-1
GO:0048468,20,"Y46G5A.29, axl-1, dsh-1, dsh-2, him-4, hmr-1, irx-1, lam-1, let-4, mig-5, mpk-1, pros-1, pry-1, sym-1, unc-52, zig-1, zig-10, zig-11, zig-2, zig-3"
GO:0045664,15,"ceh-28, cmk-1, egl-43, exc-7, ham-2, hda-4, hlh-14, lim-4, pag-3, scd-2, tax-2, tax-4, ttx-3, unc-75, zag-1"
GO:0007548,34,"ceh-30, cyn-4, dmd-10, dmd-3, dmd-4, dmd-5, dmd-6, dmd-7, dmd-8, dmd-9, fbf-1, fbf-2, fem-1, fem-2, fem-3, fox-1, lep-2, lin-15A, lin-15B, mab-3, mep-1, met-2, phip-1, rsp-5, rsp-6, sdc-1, sdc-2, sea-2, sel-10, sex-1, sox-4, tra-1, tra-2, tra-3"
GO:0000781,21,"D1007.8, D1053.2, ceh-37, clk-2, dot-1.1, dot-1.2, dot-1.3, dot-1.4, dot-1.5, hat-1, his-24, hmg-5, hrpa-1, mrt-1, pot-1, pot-2, pot-3, rpa-2, rpa-4, sir-2.1, trt-1"
GO:0003691,4,"ceh-37, hmbx-1, plp-1, rad-50"
GO:0008301,1,ceh-37
GO:0016233,1,ceh-37
GO:0032200,1,ceh-37
GO:0042048,175,"C03H5.7, C03H5.9, C06B3.1, C55A1.1, F10A3.12, F59A1.15, K05D4.9, K10C9.4, R10E8.5, T06C12.11, W08G11.5, Y19D10A.1, Y19D10A.2, Y37H2C.4, Y45G12C.10, Y45G12C.6, Y6E2A.1, Y9C9A.5, ceh-37, dgk-3, gcy-28, grk-2, hot-1, hot-2, hot-3, hot-4, hot-5, hot-8, hot-9, odr-10, odr-2, odr-3, odr-4, osm-9, srx-97, str-1, str-101, str-102, str-103, str-106, str-108, str-109, str-111, str-112, str-113, str-114, str-115, str-116, str-118, str-119, str-121, str-123, str-124, str-125, str-129, str-130, str-131, str-134, str-135, str-136, str-138, str-139, str-140, str-141, str-143, str-144, str-145, str-146, str-148, str-149, str-150, str-151, str-153, str-155, str-156, str-158, str-159, str-160, str-161, str-162, str-163, str-164, str-165, str-166, str-168, str-169, str-170, str-171, str-172, str-173, str-174, str-175, str-177, str-178, str-180, str-181, str-182, str-185, str-187, str-188, str-190, str-193, str-196, str-198, str-199, str-2, str-200, str-204, str-205, str-206, str-207, str-208, str-209, str-211, str-214, str-217, str-220, str-221, str-222, str-225, str-226, str-227, str-228, str-229, str-230, str-231, str-232, str-233, str-236, str-238, str-240, str-243, str-244, str-245, str-246, str-247, str-248, str-249, str-250, str-252, str-253, str-254, str-255, str-256, str-260, str-261, str-262, str-263, str-264, str-267, str-268, str-3, str-77, str-78, str-79, str-81, str-82, str-83, str-84, str-85, str-86, str-87, str-88, str-89, str-90, str-92, str-93, str-94, str-96, str-97, str-99, tax-4, tax-6, tbx-2, vdac-1"
GO:0042162,10,"D1007.8, ceh-37, cku-70, cku-80, clk-2, hmg-5, rpa-2, rpa-4, smg-6, smg-7"
GO:0007538,3,"ceh-39, fox-1, sex-1"
GO:0043073,11,"ceh-39, csp-1, dpy-28, fbf-1, gon-4, hda-1, hus-1, let-858, rad-51, tam-1, wapl-1"
GO:0008061,42,"C39D10.7, E01G6.1, R02F2.4, T19H5.6, Y48G1C.13, cbd-1, chil-1, chil-11, chil-12, chil-13, chil-15, chil-16, chil-17, chil-18, chil-19, chil-2, chil-21, chil-22, chil-23, chil-24, chil-25, chil-26, chil-3, chil-4, chil-5, chil-6, chil-7, chil-8, chil-9, cht-1, cht-2, cht-3, cht-4, chtb-1, chtb-3, cpg-1, cpg-2, lmd-4, lmd-5, lrpc-1, pqn-74, ule-1"
GO:0030703,20,"C39D10.7, R02F2.4, cbd-1, chs-1, cpg-1, cpg-2, cyp-31A2, cyp-31A3, egg-1, egg-2, egg-3, egg-4, egg-5, emb-27, emb-8, gna-2, rab-11.1, sep-1, spe-11, ule-1"
GO:0004484,1,cel-1
GO:0004651,2,"cel-1, pir-2"
GO:0006139,24,"C29F7.3, F13E6.2, F38B2.4, F38E11.6, F40F8.1, K05G3.1, W04A8.4, Y57A10A.13, ZK1098.3, ZK673.2, ZK973.1, cel-1, chl-1, crn-3, dog-1, egal-1, emb-5, let-754, mut-7, nft-1, pnp-1, rtel-1, xpd-1, xrn-2"
GO:0006370,5,"cel-1, cmtr-1, cmtr-2, ncbp-1, tag-72"
GO:0016311,17,"C04F12.8, C16A3.2, C24F3.2, F13D11.3, F26A3.4, F28C6.8, K08B12.3, Y54F10BM.13, ZK757.2, cel-1, gob-1, lhpp-1, lip-1, pir-1, pir-2, ptp-8, vhp-1"
GO:0098507,1,cel-1
GO:0140818,1,cel-1
GO:0001666,27,"cep-1, cysl-1, egl-9, fat-7, fipr-15, glb-16, glb-19, glb-24, glb-25, glb-26, glb-27, glb-29, glb-3, glb-32, glb-34, glb-5, glb-6, glb-7, glb-8, glb-9, hif-1, nhr-57, pqm-1, rhy-1, unc-32, vha-12, vhl-1"
GO:0042594,30,"F56C9.10, T07F12.4, Y105C5A.24, cep-1, cul-1, daf-16, fos-1, ipla-2, jun-1, kgb-1, mef-2, mek-1, mlk-1, mtm-3, nhr-136, nhr-153, nhr-154, nhr-206, nhr-207, nhr-208, nhr-209, nhr-62, nsy-1, pck-1, pck-2, pck-3, pcm-1, prmt-1, unc-2, unc-51"
GO:0042770,2,"cep-1, eel-1"
GO:0072332,1,cep-1
GO:0043068,9,"ces-2, egl-1, hlh-2, hlh-3, spe-5, unc-32, unc-68, vha-10, vha-12"
GO:0043021,8,"bop-1, cey-3, cey-4, lpd-7, pqbp-1.1, rplp-1, wdr-12, znf-593"
GO:0035567,5,"cfz-2, lin-17, mig-1, mom-5, sfrp-1"
GO:0042813,3,"cfz-2, mig-1, mom-5"
GO:1905485,10,"cfz-2, cwn-1, cwn-2, egl-20, lin-17, lin-18, lin-44, mig-1, mom-2, mom-5"
GO:0003724,50,"B0511.6, C08F8.2, C24H12.4, C46F11.4, F33D11.10, F55F8.2, F57B9.3, H20J04.4, T26G10.1, Y54G11A.3, Y55F3BR.1, Y94H6A.5, ZK512.2, ZK686.2, cgh-1, ddx-10, ddx-15, ddx-17, ddx-19, ddx-23, ddx-27, ddx-35, ddx-46, ddx-52, drh-3, eif-4A3, glh-1, glh-2, glh-3, glh-4, hel-1, inf-1, laf-1, let-355, mel-46, mog-1, mog-4, mog-5, mtr-4, mut-14, pgl-1, rde-12, rha-1, rha-2, sacy-1, skih-2, smg-2, snrp-200, vbh-1, znfx-1"
GO:0016071,6,"cgh-1, dcap-2, fox-1, pab-1, sap-49, unc-75"
GO:0017148,26,"C23G10.2, Y38E10A.8, ZC190.4, cgh-1, fbf-1, fbf-2, fog-2, gcn-1, gld-1, ifet-1, let-711, lin-41, mals-1, mex-3, mrpl-13, ncl-1, nos-1, nos-2, ntl-9, oma-1, oma-2, pek-1, puf-6, puf-9, rpl-13A, sup-26"
GO:0033962,6,"car-1, cgh-1, edc-3, lsm-3, lsm-4, patr-1"
GO:0035770,6,"car-1, cgh-1, fask-1, ifet-1, lin-41, oma-1"
GO:0003746,18,"C08E8.5, F58G1.8, Y119D3B.14, cgp-1, eef-1A.1, eef-1A.2, eef-1B.1, eef-1B.2, eef-1G, eef-2, efsc-1, gfm-1, iff-1, iff-2, slfl-5, tsfm-1, tufm-1, tufm-2"
GO:0006414,17,"C08E8.5, F58G1.8, Y119D3B.14, cgp-1, eef-1A.1, eef-1A.2, eef-1B.1, eef-1B.2, eef-1G, eef-2, gfm-1, iff-1, iff-2, slfl-5, tsfm-1, tufm-1, tufm-2"
GO:0004102,1,cha-1
GO:0008292,2,"cha-1, cho-1"
GO:0060076,5,"cha-1, eat-4, unc-17, vglu-2, vglu-3"
GO:0000118,14,"F28F8.7, Y105C5A.1, chd-3, hda-1, hda-10, hda-11, hda-2, hda-3, hda-4, hda-5, hda-6, rcor-1, saeg-1, spr-1"
GO:0001709,7,"chd-3, ham-1, ham-2, lag-1, mig-5, pie-1, pop-1"
GO:0003678,20,"C08F8.2, C11G6.2, T19C9.10, Y116F11A.1, chd-3, chl-1, cku-70, dog-1, him-6, mcm-4, mcm-6, mcm-7, pif-1, rha-1, rtel-1, ruvb-1, ruvb-2, twnk-1, xpb-1, xpd-1"
GO:0016581,11,"chd-3, dcp-66, egl-27, hda-1, hda-2, hda-3, let-418, lin-40, lin-53, rad-54.L2, rba-1"
GO:0042393,40,"F33H2.3, JC8.7, T19H12.2, Y105E8B.7, Y32B12B.2, Y71G12B.27, asfl-1, chd-1, chd-3, chd-7, cks-1, dpy-28, emb-5, gfl-1, hat-1, hcp-6, hmg-3, hmg-4, hsr-9, jmjd-1.2, let-418, let-765, lex-1, lin-53, lin-61, lmn-1, mbtr-1, nap-1, nasp-1, nasp-2, pqn-15, pro-2, rba-1, sor-3, spr-2, ssl-1, swsn-1, swsn-4, unc-85, wdr-5.1"
GO:0046580,13,"chd-3, dpl-1, efl-1, gap-1, gap-2, gei-4, hda-1, hpl-1, hpl-2, lin-15B, lip-1, sra-13, tap-1"
GO:0140658,7,"F53H4.6, chd-1, chd-3, chd-7, let-418, rad-54.L2, xnp-1"
GO:0010226,4,"che-1, gcy-1, gcy-14, gcy-22"
GO:0010446,9,"che-1, dyf-3, gcy-14, ncs-1, pde-1, pde-2, pde-3, pde-5, tax-6"
GO:0032026,6,"che-1, cnnm-1, cnnm-3, gcy-22, gcy-6, gcy-7"
GO:0080090,23,"C35D6.4, F25B5.5, F38C2.7, Y116A8C.20, Y46G5A.29, ccch-2, ccch-5, che-1, daf-3, dct-13, dlk-1, ire-1, klf-1, klf-2, mex-1, moe-3, nhr-85, oma-1, oma-2, pinn-1, pos-1, sma-4, ulp-1"
GO:1904640,2,"che-1, gcy-22"
GO:0030992,14,"che-13, che-2, dyf-1, dyf-11, dyf-13, dyf-3, dyf-6, ift-20, ift-74, ift-81, ifta-2, osm-1, osm-5, osm-6"
GO:0090325,11,"cccp-1, che-2, egl-3, gcy-12, ric-19, rund-1, uev-1, unc-108, unc-31, unc-7, vps-54"
GO:0005868,17,"che-3, dhc-1, dlc-1, dlc-2, dlc-3, dlc-4, dlc-5, dlc-6, dli-1, dyci-1, dylt-1, dylt-2, dylt-3, dyrb-1, lis-1, wdr-60, xbx-1"
GO:0008569,4,"che-3, dhc-1, dhc-3, klp-15"
GO:0030286,17,"ccep-97, che-3, dhc-1, dhc-3, dlc-1, dlc-2, dlc-3, dlc-4, dlc-5, dlc-6, dli-1, dnc-1, dnc-2, dyla-1, dyrb-1, lis-1, xbx-1"
GO:0045505,14,"che-3, dhc-1, dhc-3, dlc-1, dlc-2, dlc-3, dlc-4, dlc-5, dlc-6, dnc-1, dylt-1, dylt-2, dylt-3, dyrb-1"
GO:0050793,12,"C34E11.2, che-3, daf-14, daf-18, daf-3, daf-8, dhc-1, sel-10, sma-2, sma-3, sma-4, tag-68"
GO:0051959,6,"che-3, dhc-1, dhc-3, grdn-1, rilp-1, zyg-12"
GO:0060170,123,"F10A3.12, K05D4.9, T02G5.3, T06C12.11, Y19D10A.1, Y19D10A.2, Y45G12C.10, Y45G12C.6, Y9C9A.5, arl-13, bbs-4, bbs-5, che-3, mapk-15, odr-10, pkd-2, rab-28, rpi-1, str-101, str-102, str-103, str-106, str-109, str-111, str-112, str-113, str-114, str-115, str-116, str-119, str-121, str-123, str-124, str-125, str-129, str-130, str-131, str-134, str-135, str-136, str-138, str-139, str-140, str-141, str-143, str-144, str-145, str-146, str-148, str-149, str-150, str-151, str-153, str-155, str-156, str-158, str-159, str-160, str-161, str-162, str-163, str-164, str-165, str-166, str-168, str-169, str-170, str-171, str-172, str-173, str-174, str-175, str-177, str-178, str-180, str-181, str-185, str-193, str-196, str-198, str-199, str-2, str-200, str-204, str-205, str-206, str-208, str-209, str-211, str-214, str-220, str-221, str-222, str-225, str-226, str-227, str-228, str-240, str-246, str-252, str-253, str-254, str-255, str-256, str-260, str-261, str-263, str-267, str-268, str-3, str-84, str-85, str-86, str-87, str-88, str-89, str-90, str-92, str-93, str-96, str-97, str-99, tmem-231"
GO:0060294,3,"R02E12.4, che-3, dhc-3"
GO:0061066,12,"aak-2, che-3, daf-10, daf-12, daf-16, daf-18, daf-3, daf-5, daf-6, osm-3, par-4, ttx-3"
GO:0097729,2,"che-3, dhc-3"
GO:0005221,6,"che-6, cng-1, cng-2, cng-3, tax-2, tax-4"
GO:0005222,6,"che-6, cng-1, cng-2, cng-3, tax-2, tax-4"
GO:0005223,6,"che-6, cng-1, cng-2, cng-3, tax-2, tax-4"
GO:0017071,6,"che-6, cng-1, cng-2, cng-3, tax-2, tax-4"
GO:0030553,8,"che-6, cng-1, cng-2, cng-3, egl-4, pkg-2, tax-2, tax-4"
GO:0005243,26,"che-7, eat-5, inx-1, inx-10, inx-11, inx-12, inx-13, inx-14, inx-15, inx-16, inx-17, inx-18, inx-19, inx-2, inx-20, inx-21, inx-22, inx-3, inx-5, inx-6, inx-7, inx-8, inx-9, nlr-1, unc-7, unc-9"
GO:0005921,27,"che-7, eat-5, inx-1, inx-10, inx-11, inx-12, inx-13, inx-14, inx-15, inx-16, inx-17, inx-18, inx-19, inx-2, inx-20, inx-21, inx-22, inx-3, inx-5, inx-6, inx-7, inx-8, inx-9, nlr-1, unc-1, unc-7, unc-9"
GO:0006972,24,"che-11, che-12, dyf-11, eat-4, flp-1, gck-3, glr-1, gpdh-2, grk-2, jkk-1, jnk-1, kvs-1, lea-1, mps-1, odr-3, osm-9, pmk-1, rnp-9, sol-1, sol-2, tax-6, tdp-1, tiar-2, wnk-1"
GO:0009408,62,"Y55F3BR.6, ZK1128.7, apy-1, che-11, cng-3, cnx-1, crt-1, daf-18, dcap-1, dcap-2, dcs-1, dpff-1, eif-2Bdelta, epi-1, flp-6, gcs-1, hid-1, hpk-1, hsf-1, hsp-1, hsp-12.1, hsp-12.2, hsp-12.3, hsp-12.6, hsp-16.11, hsp-16.2, hsp-16.20, hsp-16.21, hsp-16.41, hsp-16.49, hsp-17, hsp-25, hsp-43, hsp-70, hsp-90, jmjc-1, jnk-1, kin-29, lea-1, lgg-1, lmd-3, mtl-1, mtl-2, natc-1, pept-1, pmk-1, pptr-1, rle-1, rnp-9, scl-1, sea-2, seb-3, ser-1, sip-1, sir-2.4, skn-1, sti-1, swan-1, swan-2, tiar-2, unc-2, xbp-1"
GO:0030991,5,"che-11, daf-10, ift-139, ift-43, ifta-1"
GO:0035082,2,"che-12, rab-28"
GO:0005815,34,"C06C3.3, F01G10.5, F08F1.9, H05L14.3, T07F10.5, T12C9.7, T24A6.1, W07G1.1, che-13, cls-1, cls-2, cls-3, cya-1, cya-2, cyb-1, cyb-2.1, cyb-2.2, cyd-1, cye-1, cyk-3, dyf-3, dyf-6, ebp-1, ebp-2, ebp-3, gip-1, ift-81, klp-15, klp-16, lin-5, noca-2, osm-3, rfs-1, rpi-1"
GO:0035720,7,"che-13, dyf-13, dyf-5, kap-1, klp-11, klp-20, osm-3"
GO:0035869,28,"ccep-290, cdkl-1, che-10, che-13, dyf-17, famh-161, jbts-14, kap-1, mks-2, mks-3, mks-5, mks-6, mksr-1, mksr-2, nphp-1, nphp-4, osm-1, osm-6, pitp-1, rab-28, rpi-1, tctn-1, tmem-107, tmem-138, tmem-17, tmem-218, tmem-231, xbx-1"
GO:0007224,2,"che-14, ptd-2"
GO:0004100,2,"chs-1, chs-2"
GO:0006031,3,"chs-1, chs-2, gna-2"
GO:1904778,7,"cbd-1, chs-1, egg-1, egg-2, egg-3, egg-4, egg-5"
GO:0061063,7,"bckd-1B, chs-2, daf-22, dbt-1, dhs-28, let-653, mac-1"
GO:0035402,5,"Y43D4A.6, chk-1, kin-33, kin-34, txt-2"
GO:0044773,5,"K02E10.7, chk-2, chkr-2, sel-13, zyg-8"
GO:0000209,43,"C28G1.10, T05A12.4, Y71H2AM.3, chn-1, csa-1, cul-3, etc-1, hecd-1, herc-1, lep-2, let-70, lin-23, marc-1, marc-2, marc-3, marc-4, marc-5, marc-6, mel-26, nhl-1, oxi-1, par-2, peli-1, rle-1, ubc-1, ubc-14, ubc-16, ubc-18, ubc-19, ubc-20, ubc-21, ubc-22, ubc-24, ubc-25, ubc-26, ubc-3, ubc-6, ubc-7, ubc-8, ubr-5, uev-2, uev-3, ufd-2"
GO:0006515,5,"atx-3, chn-1, clpp-1, lonp-1, lonp-2"
GO:0030544,14,"F42A6.6, F47G9.4, chn-1, dnj-1, dnj-11, dnj-12, dnj-19, dnj-24, dnj-26, hip-1, pcrg-1, skn-1, sti-1, ttc-4"
GO:0034450,3,"chn-1, ubr-5, ufd-2"
GO:0045214,29,"aipl-1, chn-1, dyb-1, dyc-1, dys-1, hcp-2, igdb-1, igdb-2, mup-2, myo-1, myo-2, myo-3, myo-5, myo-6, nmy-3, sgn-1, slo-1, sorb-1, stn-1, tnt-2, tnt-3, tnt-4, unc-22, unc-27, unc-45, unc-54, unc-78, unc-89, unc-94"
GO:0045862,1,chn-1
GO:0051865,5,"Y105E8A.14, Y71H2AM.3, chn-1, pdr-1, ufd-2"
GO:0005307,1,cho-1
GO:0006814,63,"acd-1, acd-2, acd-3, acd-4, acd-5, asic-1, asic-2, cho-1, deg-1, degl-1, degl-2, degt-1, del-1, del-10, del-3, del-4, del-5, del-6, del-7, del-8, del-9, delm-1, delm-2, eat-4, eat-6, egas-1, egas-2, egas-3, egas-4, exp-1, flr-1, mec-10, mec-2, mec-4, mec-6, nac-1, nac-2, nac-3, ncx-1, ncx-2, ncx-3, ncx-6, ncx-7, ncx-9, nhx-1, nhx-2, nhx-3, nhx-4, nhx-5, nhx-6, nhx-8, nhx-9, nkb-1, nkb-2, nkb-3, pbo-4, slc-17.2, slc-17.3, slc-5A12, unc-105, unc-77, unc-8, vglu-3"
GO:0015220,2,"C09D4.1, cho-1"
GO:0015293,36,"C09E8.1, F56F4.3, Y43D4A.1, Y71G10AR.4, cho-1, ctns-1, dat-1, eat-4, glt-1, glt-3, glt-4, glt-5, glt-6, glt-7, kcc-3, mfsd-12, mod-5, nac-1, nac-2, nac-3, ncx-5, slc-17.1, slc-17.2, slc-17.3, slc-5A12, snf-1, snf-10, snf-11, snf-12, snf-2, snf-3, snf-5, snf-6, snf-7, snf-9, vglu-3"
GO:0015871,3,"C09D4.1, cho-1, snf-6"
GO:0051298,7,"F54A3.2, chp-1, ify-1, sas-5, sas-6, zyg-1, zyg-9"
GO:0000272,2,"cht-1, cht-3"
GO:0004568,10,"R10D12.15, T26F2.1, cht-1, cht-2, cht-3, cht-4, cht-5, cht-6, lmd-4, lmd-5"
GO:0006032,10,"R10D12.15, T26F2.1, cht-1, cht-2, cht-3, cht-4, cht-5, cht-6, lmd-4, lmd-5"
GO:0008843,1,cht-1
GO:0009620,1,cht-1
GO:0016538,22,"F08F1.9, F09G2.2, R02F2.1, T07F10.5, T12C9.7, T24A6.1, Y71G12B.27, ccnk-1, cic-1, cit-1.1, cit-1.2, cks-1, cya-1, cya-2, cyb-1, cyb-2.1, cyb-2.2, cyb-3, cyd-1, cye-1, cyh-1, cyl-1"
GO:0016592,27,"C05C9.3, R09F10.3, attf-5, cic-1, dpy-22, let-19, let-49, mdt-10, mdt-11, mdt-17, mdt-18, mdt-19, mdt-20, mdt-21, mdt-22, mdt-27, mdt-29, mdt-31, mdt-4, mdt-6, mdt-8, pqn-21, pqn-73, rgr-1, sea-2, sna-1, sur-2"
GO:0008024,4,"ccnk-1, cdk-12, cit-1.1, cit-1.2"
GO:0032786,3,"ccnk-1, cit-1.1, cit-1.2"
GO:0061575,7,"Y71G12B.27, ccnk-1, cdka-1, cit-1.1, cit-1.2, cks-1, mnat-1"
GO:0004103,6,"cka-1, cka-2, ckb-1, ckb-2, ckb-3, ckb-4"
GO:0004305,7,"cka-1, cka-2, ckb-1, ckb-2, ckb-3, ckb-4, ckc-1"
GO:0006646,14,"cept-1, cept-2, cka-1, cka-2, ckb-1, ckb-2, ckb-3, ckb-4, ckc-1, ept-1, mboa-6, pcyt-2.1, pcyt-2.2, psd-1"
GO:0006657,10,"Y18H1A.11, cept-1, cept-2, cka-1, cka-2, ckb-1, ckb-2, ckb-3, ckb-4, pcyt-1"
GO:0008654,35,"F28C6.8, M79.2, Y18H1A.11, Y71F9B.2, acl-1, acl-12, acl-2, acl-4, acl-5, acl-6, cdgs-1, cept-1, cept-2, cka-1, cka-2, ckb-1, ckb-2, ckb-3, ckb-4, ckc-1, crls-1, ept-1, fitm-2, inos-1, mboa-6, mboa-7, pcyt-1, pcyt-2.1, pgs-1, pisy-1, pmt-1, pmt-2, psd-1, pssy-1, pssy-2"
GO:0006656,9,"Y18H1A.11, cept-1, cept-2, cka-2, ckb-2, mboa-6, pcyt-1, pmt-1, pmt-2"
GO:0004860,12,"F37A4.2, K09E9.4, T10G3.8, cdc-48.3, cki-1, cki-2, egg-4, inx-19, lem-4, nsy-4, rei-1, rei-2"
GO:0004861,4,"Y39E4B.6, cki-1, cki-2, wee-1.3"
GO:0032875,3,"cki-1, cki-2, cyd-1"
GO:0045595,10,"F38B7.3, cec-4, cki-1, hda-1, hpl-1, hpl-2, kin-2, lin-11, mdl-1, zag-1"
GO:0045930,4,"cki-1, cki-2, cul-1, lin-35"
GO:0051302,12,"bed-3, cki-1, cki-2, cyd-1, dpl-1, elf-1, fzr-1, gld-2, lin-35, lin-39, ostd-1, ref-2"
GO:1902806,4,"cki-1, cki-2, cyd-1, lin-35"
GO:2000134,4,"cki-1, cki-2, lin-35, nhr-67"
GO:0004683,6,"ckk-1, cmk-1, mak-1, mak-2, mnk-1, unc-43"
GO:0019722,15,"ckk-1, cup-5, egl-19, gcy-9, inx-16, itr-1, nab-1, rcan-1, ser-1, srx-43, tax-4, tax-6, unc-2, unc-64, unc-68"
GO:0061762,1,ckk-1
GO:0006303,5,"cku-70, cku-80, lig-4, mre-11, mrt-1"
GO:0006310,35,"C11G6.2, C23H4.6, K02F3.12, K07C5.3, T19C9.10, Y116F11A.1, Y73B6BL.14, brc-2, cku-70, cku-80, cra-1, ercc-1, exo-1, him-14, him-6, lig-1, lig-4, mus-81, nse-4, pif-1, rad-51, rcq-5, rfs-1, rpa-1, rpa-2, slx-1, smc-5, smc-6, top-3A, top-3B, wrn-1, zhp-1, zhp-2, zhp-3, zhp-4"
GO:0043564,2,"cku-70, cku-80"
GO:0006302,15,"C44C10.10, JC8.7, T02C1.2, brc-2, cku-80, ercc-1, mre-11, mus-81, parp-1, parp-2, rad-50, rec-8, tank-1, tdpt-1, ztf-8"
GO:0010557,6,"cky-1, hif-1, hlh-34, hmg-12, lin-59, lsy-2"
GO:0090136,4,"clc-1, clc-2, clc-3, clc-4"
GO:0005587,4,"cle-1, col-135, emb-9, let-2"
GO:0030020,6,"cle-1, col-115, col-135, col-99, emb-9, let-2"
GO:0050808,15,"cle-1, madd-4, nid-1, sad-1, shn-1, snn-1, strd-1, syd-2, syg-1, syg-2, unc-42, wrk-1, zig-10, zig-6, zig-8"
GO:0005247,5,"clh-1, clh-2, clh-3, clh-4, clh-5"
GO:0006821,48,"C09B9.85, acc-1, acc-2, acc-3, acc-4, best-1, best-10, best-11, best-12, best-13, best-15, best-16, best-17, best-18, best-19, best-2, best-20, best-21, best-22, best-23, best-24, best-25, best-26, best-3, best-4, best-5, best-7, best-8, best-9, clh-1, clh-2, clh-3, clh-4, clh-5, clh-6, dat-1, exc-4, exl-1, gab-1, glc-2, icln-1, kcc-2, lgc-38, lgc-55, lgc-57, mod-1, ttyh-1, unc-49"
GO:0015108,15,"abts-1, clh-1, clh-2, clh-3, clh-4, clh-5, clh-6, sulp-1, sulp-2, sulp-3, sulp-4, sulp-5, sulp-6, sulp-7, sulp-8"
GO:0030321,1,clh-6
GO:0034707,38,"C09B9.85, acc-1, acc-2, acc-3, acc-4, best-1, best-10, best-11, best-12, best-13, best-15, best-16, best-17, best-18, best-19, best-2, best-20, best-21, best-22, best-23, best-24, best-25, best-26, best-3, best-4, best-5, best-7, best-8, best-9, clh-6, exc-4, exl-1, gab-1, glc-2, lgc-38, lgc-57, ttyh-1, unc-49"
GO:0062158,1,clh-6
GO:1905146,2,"clh-6, cup-16"
GO:0004869,6,"C39B5.5, cpi-1, cpi-2, csp-3, srp-2, tag-196"
GO:0030414,40,"C02F12.5, C04E6.12, C08G9.2, C10G8.4, C25E10.8, C49H3.16, F22E12.1, F29G6.1, F32D8.3, F36H9.4, F54E2.2, K05F1.10, K07A1.6, R12A1.3, T01D3.3, T28C12.6, Y25C1A.2, Y26D4A.12, Y69H2.10, Y69H2.3, ZC84.1, cpi-1, cpi-2, cri-2, kal-1, lev-9, mec-1, mec-9, mig-6, mlt-11, sbt-1, spi-1, spi-2, spi-3, spi-4, srp-1, srp-3, srp-6, srp-7, swm-1"
GO:0031982,7,"cpi-1, cpi-2, dab-1, dnj-25, snf-12, sta-2, vha-20"
GO:0042718,4,"cpi-2, cpl-1, cpz-1, vit-2"
GO:0060281,2,"cpi-2, gck-1"
GO:0070613,2,"cpi-2, cpl-1"
GO:1903188,5,"cpi-2, cpl-1, lin-29, pqm-1, sgk-1"
GO:0006119,6,"clk-1, cox-4, cox-5A, cox-6A, cox-7C, ctc-1"
GO:0006744,12,"clk-1, coq-1, coq-2, coq-3, coq-4, coq-5, coq-6, coq-8, nduf-9, prmt-4, prmt-6, rad-8"
GO:0008682,1,clk-1
GO:0016709,3,"C01H6.4, C46H11.2, clk-1"
GO:0030534,1,clk-1
GO:0031314,6,"clk-1, coq-1, coq-3, coq-4, coq-5, coq-6"
GO:0045333,3,"R144.13, clk-1, nuo-1"
GO:0048520,1,clk-1
GO:0051094,4,"blmp-1, clk-1, pat-3, zag-1"
GO:0160224,1,clk-1
GO:2000377,2,"clk-1, dhs-7"
GO:0009411,19,"clk-2, csb-1, daf-16, daf-2, dcap-1, dcap-2, him-1, lem-3, lite-1, polh-1, prmt-1, rad-8, scl-1, smk-1, tiar-1, umps-1, uvs-1, xpa-1, xpc-1"
GO:0051083,2,"clk-2, dnj-11"
GO:0051879,9,"clk-2, daf-41, ebax-1, fkb-6, pcrg-1, pph-5, sti-1, ttc-4, unc-45"
GO:0005773,14,"bgal-1, bgal-2, cln-3.1, cln-3.2, cln-3.3, hmt-1, lgmn-1, mrp-1, mrp-2, pyp-1, spe-39, tmem-138, tmem-208, vps-41"
GO:0051453,18,"abts-1, abts-4, cln-3.1, cln-3.2, cln-3.3, nhx-1, nhx-2, nhx-3, nhx-4, nhx-5, nhx-6, nhx-8, nhx-9, pbo-4, ril-2, vha-12, vha-14, vha-20"
GO:0004198,14,"clp-1, clp-10, clp-2, clp-3, clp-4, clp-6, clp-7, clp-8, clp-9, clpr-1, clpr-2, clpr-3, clpr-4, tra-3"
GO:0031430,32,"clp-1, cpna-1, eva-1, hsp-25, igdb-1, igdb-2, lim-8, lim-9, mel-26, pat-2, pat-3, pat-4, pat-6, pkn-1, pxl-1, scpl-1, slo-1, spon-1, tln-1, tns-1, unc-112, unc-22, unc-23, unc-52, unc-70, unc-82, unc-89, unc-95, unc-96, unc-97, unc-98, zyx-1"
GO:0060298,13,"clp-1, cpna-1, pat-2, pat-3, pat-4, pat-6, ttn-1, unc-112, unc-15, unc-22, unc-52, unc-89, unc-97"
GO:0070266,11,"clp-1, dpy-23, dyn-1, lgg-1, rme-1, snt-1, unc-104, unc-11, unc-116, unc-26, unc-57"
GO:0071277,6,"clp-1, cpna-3, cpna-4, cpna-5, gem-4, nra-1"
GO:0005001,3,"clr-1, ida-1, ptp-3"
GO:0031175,11,"clr-1, hlh-16, madd-2, manf-1, nab-1, nmgp-1, ptrg-1, sax-1, sax-2, unc-40, unc-6"
GO:0040037,1,clr-1
GO:0099536,5,"clr-1, dyb-1, dys-1, kcmf-1, rbg-2"
GO:0031134,2,"cls-2, hcp-1"
GO:0045180,3,"cls-1, cls-2, cls-3"
GO:0046785,8,"F54A3.2, T08D2.8, cebp-1, cls-2, dlk-1, ptl-1, tppp-1, zyg-9"
GO:0051306,8,"cls-2, hcp-2, ify-1, kle-2, sep-1, smo-1, tofu-6, top-2"
GO:0099636,3,"cls-2, fog-2, glp-1"
GO:0006996,1,clu-1
GO:0048312,2,"clu-1, drp-1"
GO:0005955,3,"cmd-1, cnb-1, tax-6"
GO:0030234,14,"E02A10.3, K03A1.4, T27C10.9, W04G3.5, Y73C8B.5, cal-8, cmd-1, cox-6A, pptr-2, rbg-2, rpn-1, rpn-2, rpn-3, sbt-1"
GO:0050918,4,"camt-1, cmd-1, odr-10, odr-7"
GO:0051296,5,"aspm-1, cmd-1, dhc-1, lin-5, unc-116"
GO:0008597,2,"cnb-1, rcan-1"
GO:0019902,7,"cnb-1, cpna-1, lin-23, lst-4, mtm-6, mtm-9, unc-89"
GO:0097720,2,"cnb-1, tax-6"
GO:0007413,10,"cnd-1, fln-1, ina-1, lin-11, mab-20, mup-2, plx-2, spon-1, ten-1, unc-76"
GO:0007423,12,"cnd-1, eyg-1, hlh-14, hlh-16, hlh-17, hlh-31, hlh-32, hum-6, lin-32, ngn-1, ram-2, vab-3"
GO:0014014,3,"cnd-1, lin-32, ngn-1"
GO:0061564,11,"Y47G6A.5, cnd-1, epi-1, hlh-16, hlh-17, hlh-31, hlh-32, lin-32, ngn-1, svh-2, unc-42"
GO:0070888,7,"cnd-1, hlh-16, hlh-17, hlh-31, hlh-32, lin-32, ngn-1"
GO:0010754,8,"cng-1, egl-4, pde-1, pde-2, pde-3, pde-5, tax-2, tax-4"
GO:0034703,7,"cng-1, spe-41, tax-2, tax-4, trp-1, trp-2, unc-80"
GO:0050893,8,"cng-1, gcy-28, glc-3, hen-1, ilcr-1, ilcr-2, pkc-1, scd-2"
GO:0070482,18,"camt-1, cng-1, egl-4, gcy-31, gcy-32, gcy-33, gcy-34, gcy-35, gcy-36, gcy-37, ilc-17.1, ilcr-1, npr-1, pde-1, pde-2, rad-8, tax-2, tax-4"
GO:0005546,16,"F55D12.2, cnt-1, exoc-7, fli-1, gsnl-1, hum-5, ipla-1, lst-4, mtm-1, par-2, sec-3, sinh-1, unc-104, unc-11, unc-31, viln-1"
GO:0055059,12,"cnt-2, egl-13, egl-44, ham-1, mop-25.2, nmy-2, par-1, par-4, pig-1, scrt-1, sptf-3, strd-1"
GO:0060582,1,cnt-2
GO:0030246,85,"C01B4.6, C25G4.17, C27C7.5, C53D6.7, F38A1.11, F40H6.5, F44E2.10, F46A8.3, F46A8.4, F46A8.5, F46A8.8, F47G9.6, F49F1.10, F49F1.11, F49F1.18, F49F1.9, F52E1.2, M6.11, W04B5.3, Y105E8B.9, Y19D10A.16, Y38H6C.8, aagr-1, aagr-2, aagr-3, aagr-4, aman-1, aman-2, aman-3, clec-1, clec-149, clec-150, clec-160, clec-161, clec-162, clec-180, clec-184, clec-185, clec-196, clec-199, clec-202, clec-204, clec-205, clec-219, clec-224, clec-266, clec-38, clec-45, clec-47, clec-86, clec-87, clec-88, clec-91, cnx-1, crt-1, eva-1, gly-10, gly-11, gly-3, gly-4, gly-5, gly-6, gly-7, gly-9, gpcp-1, gpcp-2, him-4, ile-1, ile-2, irg-7, lat-1, lat-2, lec-1, lec-10, lec-11, lec-12, lec-2, lec-3, lec-4, lec-5, lec-6, lec-7, lec-8, lec-9, pqn-84"
GO:0036503,46,"B0303.4, C04E6.5, C14B1.3, F07A11.4, F35B3.3, F48E8.4, Y105E8A.2, ZK688.5, arid-1, cdc-48.1, cdc-48.2, cnx-1, crt-1, cup-2, der-2, ecps-1, enpl-1, erl-1, fkh-9, hsp-3, hsp-4, jamp-1, mans-1, mans-2, mans-3, mans-4, marc-6, npl-4.2, png-1, rnf-121, rnf-145, rnf-5, rpt-4, sel-1, sel-11, ubc-14, ubc-23, ubc-26, ubc-6, ubql-1, ubxn-3, ubxn-4, ufd-1, ufd-2, vms-1, xbp-1"
GO:0003388,2,"cog-1, die-1"
GO:0007368,2,"cog-1, hum-5"
GO:0006891,20,"Y41C4A.32, cogc-1, cogc-2, cogc-3, cogc-5, cogc-6, cogc-8, cone-1, copa-1, copb-1, copb-2, cope-1, copg-1, copz-1, nsf-1, rab-6.1, rab-6.2, trpp-10, trpp-3, vti-1"
GO:0007030,31,"C26C6.9, C47D12.2, C56A3.8, R12B2.2, T02E1.7, Y42H9AR.1, Y47G6A.18, ZC8.6, cogc-2, cogc-3, cogc-4, epg-3, golg-2, golg-5, hrg-10, hrg-9, pkhm-2, sec-16A.1, sec-16A.2, sel-9, sft-4, sql-1, tat-2, tmed-1, tmed-10, tmed-12, tmed-13, tmed-3, tmed-4, ubxn-2, vps-51"
GO:0017119,7,"cogc-1, cogc-2, cogc-3, cogc-4, cogc-5, cogc-6, cogc-8"
GO:0007062,8,"coh-1, him-1, him-3, rec-8, scc-1, scc-3, smc-3, smcl-1"
GO:0008278,7,"coh-1, him-1, rec-8, scc-1, scc-3, smc-3, smcl-1"
GO:1990414,3,"coh-1, scc-1, scc-2"
GO:0051177,10,"akir-1, coh-3, coh-4, evl-14, ima-2, pptr-2, rec-8, scc-2, scc-3, tim-1"
GO:0002164,11,"col-10, mpk-1, mus-81, pat-3, rmh-1, rmh-2, skr-10, slx-1, svh-1, zag-1, zmp-2"
GO:0060102,14,"col-19, cpz-1, cut-1, dpy-13, dpy-5, dpy-7, lec-1, lon-3, lon-8, pxf-1, qua-1, rol-6, sqt-3, suro-1"
GO:0060107,2,"col-19, lon-3"
GO:0060111,2,"col-19, cut-6"
GO:0008150,33,"B0024.3, B0361.4, B0393.5, C02F12.5, C10A4.3, C50C3.5, F21H7.12, F54C8.6, F54H12.5, K01A12.2, M01A8.1, M106.2, T28A11.16, W10G11.1, ZK1320.7, ZK177.1, ZK353.4, cest-24, clec-160, clec-180, col-145, dpy-20, era-1, gst-2, gst-3, gst-8, lir-2, mask-1, nhr-5, scl-5, semi-1, srf-2, tsct-1"
GO:0004659,8,"M57.2, Y48E1B.3, coq-1, coq-2, fdps-1, fnta-1, fntb-1, ggtb-1"
GO:0008299,8,"Y48B6A.13, coq-1, coq-2, fdps-1, hmgr-1, hmgs-1, idi-1, mvk-1"
GO:0032476,1,coq-1
GO:0032478,1,coq-1
GO:0042811,8,"acox-1.1, acox-1.3, acox-1.4, acox-1.5, coq-1, daf-22, dhs-28, fdps-1"
GO:0008412,1,coq-2
GO:0010420,3,"coq-3, prmt-4, prmt-6"
GO:0061542,1,coq-3
GO:0008425,1,coq-5
GO:0016712,41,"coq-6, cyp-23A1, cyp-33A1, cyp-33B1, cyp-33C1, cyp-33C11, cyp-33C12, cyp-33C2, cyp-33C3, cyp-33C4, cyp-33C5, cyp-33C6, cyp-33C7, cyp-33C8, cyp-33C9, cyp-33D1, cyp-33D3, cyp-33E1, cyp-33E2, cyp-33E3, cyp-34A1, cyp-34A10, cyp-34A2, cyp-34A5, cyp-34A6, cyp-34A7, cyp-34A8, cyp-34A9, cyp-35A1, cyp-35A2, cyp-35A3, cyp-35A4, cyp-35A5, cyp-35B1, cyp-35B2, cyp-35B3, cyp-35C1, cyp-35D1, cyp-36A1, dach-1, daf-9"
GO:0106364,1,coq-6
GO:0120538,1,coq-6
GO:0000900,6,"cpb-1, cpb-2, cpb-3, fog-1, oma-1, oma-2"
GO:0008135,5,"cpb-1, cpb-2, cpb-3, eef-1A.2, fog-1"
GO:0043022,24,"F30F8.9, F54B8.4, K10C3.5, Y62E10A.20, ZK1236.1, cpb-1, cpb-2, cpb-3, dap-1, dnj-11, eef-2, eif-2A, eif-2alpha, eif-3.K, eif-6, fog-1, iff-1, iff-2, letm-1, ola-1, rack-1, sec-61.A, srpa-72, znf-598"
GO:0045182,8,"K08D12.3, cpb-1, cpb-2, cpb-3, egc-2, egl-45, fog-1, rack-1"
GO:2000766,4,"cpb-1, cpb-2, cpb-3, fog-1"
GO:0005848,1,cpf-1
GO:0031124,14,"cfim-1, cids-1, cids-2, clpf-1, cpf-1, cpf-2, cpsf-2, gls-1, ncbp-1, ncbp-2, nrd-1, pcf-11, pfs-2, suf-1"
GO:0005847,9,"cfim-2, cpf-2, cpsf-1, cpsf-2, cpsf-3, fipp-1, pfs-2, ssup-72, symk-1"
GO:0016607,40,"F21D5.7, K04F10.7, T28B8.3, T28B8.4, Y57G11A.5, casc-3, ccar-1, cpf-2, exc-7, hecd-1, let-756, let-858, lsy-2, nrde-2, parn-2, pfs-2, psme-4, rbd-1, rnp-1, rnp-4, rsp-2, rsp-3, rsp-4, rsp-5, rsp-6, rsr-2, rsy-1, sop-2, sor-1, sox-4, spop-1, sup-12, sut-2, sut-6, syd-9, sydn-1, tdrd-3, uaf-1, unc-75, vab-23"
GO:0016810,9,"F59B2.3, Y55D5A.3, amdh-1, cpin-1, dhp-1, dhp-2, lgx-1, pyr-1, unc-33"
GO:0019239,4,"C23G10.2, adah-1, adal-1, cpin-1"
GO:0005767,1,cpl-1
GO:0006955,23,"F52E1.2, Y38H6C.8, clec-1, clec-149, clec-150, clec-184, clec-196, clec-199, clec-202, clec-204, clec-219, clec-224, clec-266, clec-45, clec-47, clec-86, clec-87, clec-88, clec-91, cpl-1, marc-4, marc-5, pmk-1"
GO:0031983,2,"cpl-1, vit-2"
GO:0032010,1,cpl-1
GO:0036019,2,"cpl-1, cup-5"
GO:0060785,1,cpl-1
GO:2001235,2,"cpl-1, rps-3"
GO:0030016,16,"D2092.4, cpn-3, daf-41, dnc-4, myo-1, myo-2, myo-3, myo-5, pat-3, tmd-2, tni-3, tpi-1, twf-2, unc-54, unc-78, unc-94"
GO:0034644,1,cpr-4
GO:0071480,1,cpr-4
GO:0000014,4,"cps-6, dna-2, mre-11, xpf-1"
GO:0004519,41,"C01B10.3, F44E5.15, F58F9.3, K07D4.2, T06D4.1, T26H5.9, Y6B3B.9, algn-8, angl-1, com-1, cps-6, crn-1, dcr-1, dis-3, dna-2, drsh-1, elac-2, eme-1, endu-1, endu-2, exo-3, lem-3, mre-11, mus-81, nonu-1, pde-12, pgl-1, pgl-3, pms-2, popl-4, rege-1, rnh-1.0, rnh-1.1, rnh-1.2, rnh-2, rnst-2, slx-1, tofu-2, tsen-54, vms-1, xpf-1"
GO:0004520,5,"cps-6, crn-4, lem-3, mre-11, slx-1"
GO:0005758,25,"F11C1.1, F25H9.7, F42H10.2, F56C11.3, T20B12.7, T20D3.14, T23G5.2, ZK616.2, ZK616.3, blos-1, coa-7, cox-17, cox-19, cps-6, cyc-2.1, cyc-2.2, eat-3, let-754, micu-1, micu-3, ndub-7, nduf-5, prel-1, prel-3, suox-1"
GO:0006308,6,"W02F12.4, Y17G7B.12, cps-6, crn-4, lem-3, mus-81"
GO:0006309,12,"cps-6, crn-1, crn-2, crn-3, crn-4, crn-5, crn-6, crn-7, cyn-13, dcr-1, nuc-1, wah-1"
GO:0006401,11,"F21D5.6, ZK1127.13, cps-6, crn-4, dcr-1, dcs-1, eri-1, mtr-4, rnst-2, skih-2, ttc-37"
GO:1990238,1,cps-6
GO:0016807,3,"Y55F3AM.9, cpz-1, cpz-2"
GO:0007157,3,"crb-1, him-4, igcm-3"
GO:0045177,17,"alp-1, crb-1, dyn-1, eps-8, erm-1, exc-5, lec-10, let-4, lys-1, maa-1, nfm-1, osm-11, par-3, snf-12, sta-2, vha-6, wts-1"
GO:0045197,9,"acs-1, crb-1, dlg-1, let-767, lin-26, magu-2, par-3, pod-2, sptl-1"
GO:0007210,15,"aak-2, crh-1, dgk-1, dop-6, egl-30, gpa-11, gsa-1, hlh-34, hsf-1, mod-1, ser-1, ser-4, ser-5, tph-1, unc-36"
GO:0141156,1,crh-1
GO:0004523,9,"K12D12.5, T09F3.4, T09F3.5, crn-1, rnh-1.0, rnh-1.1, rnh-1.2, rnh-1.3, rnh-2"
GO:0008409,5,"crn-1, eol-1, fan-1, xrn-1, xrn-2"
GO:0017108,6,"crn-1, dna-2, exo-1, fan-1, gen-1, slx-1"
GO:0030145,20,"C38H2.2, K12C11.1, argn-1, crn-1, dcap-2, famk-1, gly-12, gly-14, icpp-55, ipgm-1, lap-1, lap-2, mre-11, pck-1, pck-2, pck-3, pef-1, sod-2, sod-3, ttx-7"
GO:0043137,9,"K12D12.5, T09F3.4, T09F3.5, crn-1, rnh-1.0, rnh-1.1, rnh-1.2, rnh-1.3, rnh-2"
GO:0048256,1,crn-1
GO:0004536,2,"crn-2, crn-4"
GO:0016788,32,"B0432.8, C24B5.4, C25H3.14, C25H3.3, F09C8.1, F13H8.11, F36A2.9, F54F11.1, R07B7.8, R07B7.9, T19D7.7, W02B12.1, Y24F12A.1, Y37H2A.1, Y39B6A.7, Y48G10A.1, Y65B4BR.1, Y73B6BL.37, ath-1, crn-2, dbr-1, fan-1, inpp-4B, lipl-1, lipl-2, lipl-3, lipl-4, lipl-5, lipl-7, lipl-8, pgap-1, pgap-3"
GO:0000178,10,"Y51H7C.7, crn-3, crn-5, dis-3, exos-1, exos-2, exos-3, exos-4.1, exos-7, exos-8"
GO:0000467,8,"crn-3, crn-4, eri-1, exos-2, exos-3, exos-7, exos-8, exos-9"
GO:0008408,12,"K05G3.1, W02F12.4, W04A8.4, Y57A10A.13, ZK1098.3, crn-3, crn-4, crn-5, egal-1, mrt-1, mut-7, polg-1"
GO:0071035,6,"crn-3, exos-2, exos-3, exos-7, exos-8, exos-9"
GO:0071036,1,crn-3
GO:0071037,1,crn-3
GO:0071038,6,"crn-3, exos-2, exos-3, exos-7, exos-8, exos-9"
GO:0071039,1,crn-3
GO:0071040,1,crn-3
GO:0071044,1,crn-3
GO:0003697,34,"C23H4.6, D1007.8, F10E9.4, brc-2, crn-4, dvc-1, ercc-1, evl-18, let-611, lin-14, lonp-1, mcm-10, mcm-2, mcm-3, mcm-4, mcm-5, mcm-6, mcm-7, mrt-1, mtss-1, rad-51, rfs-1, rpa-1, rpa-2, rpa-4, rpb-7, smc-5, smc-6, tdpo-1, tdpt-1, twnk-1, ubc-1, xpc-1, xpf-1"
GO:0004540,8,"crn-4, dis-3, disl-2, endu-1, endu-2, ire-1, smg-5, xrn-2"
GO:0004531,3,"crn-6, crn-7, nuc-1"
GO:0006259,17,"C25F9.2, R05D3.12, cin-4, crn-6, crn-7, dna-2, nuc-1, pms-2, pold-2, pole-1, polk-1, rev-1, rev-3, spo-11, top-2, top-3A, wrn-1"
GO:0004817,1,cars-1
GO:0006418,28,"cars-1, dars-1, dars-2, ears-1, gars-1, glp-4, iars-1, iars-2, kars-1, lars-1, lars-2, mars-1, mars-2, nars-1, nars-2, pars-1, pars-2, prx-10, qars-1, rars-1, rars-2, sars-1, sars-2, tars-1, vars-1, wars-1, yars-1, yars-2"
GO:0006423,1,cars-1
GO:0005788,30,"C14B9.2, F48E8.4, H12D21.10, Y105E8A.2, Y76B12C.3, calu-1, cest-17, crld-1, crt-1, dnj-27, dnj-28, dnj-7, dpy-18, enpl-1, erp-44.2, ges-1, hsp-3, hsp-4, let-268, manf-1, ooc-5, pdi-1, pdi-2, pdi-3, pdi-6, phy-2, tor-1, tor-2, uggt-1, uggt-2"
GO:0031581,15,"ccar-1, crt-1, eel-1, egl-27, hecd-1, hrpa-1, let-805, math-33, mec-8, ntl-9, pak-1, pat-12, pax-3, pig-1, unc-52"
GO:0032469,4,"F22B5.10, Y41E3.8, ccdc-47, crt-1"
GO:0045471,4,"crt-1, jmjc-1, odr-8, unc-79"
GO:0006283,5,"F53H4.6, csa-1, csb-1, rpb-9, uvs-1"
GO:0009650,1,csb-1
GO:0007079,6,"csc-1, icp-1, knl-3, ndc-80, rod-1, spdl-1"
GO:0007080,5,"csc-1, hcp-4, icp-1, ska-1, smo-1"
GO:1990385,1,csc-1
GO:1990386,2,"csc-1, cyk-4"
GO:0008180,8,"cif-1, csn-1, csn-2, csn-3, csn-4, csn-5, csn-6, sem-5"
GO:0060184,7,"cif-1, csn-1, csn-2, csn-3, csn-4, csn-5, csn-6"
GO:1905879,7,"cif-1, csn-1, csn-2, csn-3, csn-4, csn-5, csn-6"
GO:0000338,7,"cif-1, csn-2, csn-5, ubh-1, ubh-2, ubh-3, ulp-3"
GO:0017151,17,"csn-5, daf-16, ergo-1, glh-1, glh-3, kgb-1, let-92, mep-1, nhl-2, paa-1, pan-1, rad-51, rde-1, rrf-1, smg-5, wago-1, zyx-1"
GO:0019784,5,"csn-5, ubh-1, ubh-2, ubh-3, ulp-3"
GO:0031672,11,"C46G7.2, F21C10.7, csn-5, mak-1, myo-2, myo-3, ttn-1, unc-15, unc-22, unc-54, unc-89"
GO:0035375,2,"csp-2, csp-3"
GO:0043027,1,csp-2
GO:0061135,2,"csp-2, csp-3"
GO:0097179,1,csp-2
GO:1904746,3,"csp-3, pig-1, strd-1"
GO:0016529,22,"C29F5.1, F44A2.5, F57C2.5, K07F5.22, K08C7.6, R151.10, T03G6.3, Y54E5A.5, ccch-1, csq-1, dgtr-1, emc-2, itr-1, mekk-3, ndx-1, oig-2, pmr-1, ptp-1, sca-1, slc-17.1, spcs-2, unc-68"
GO:0033018,1,csq-1
GO:0042383,12,"R12G8.1, csq-1, dgn-1, dgn-2, dys-1, ncx-1, ncx-2, ncx-3, ptrn-1, sgca-1, sgcb-1, sgn-1"
GO:0051279,1,csq-1
GO:0055074,5,"calm-1, csq-1, hop-1, sel-12, spe-4"
GO:0006122,11,"C14B9.10, F45H10.2, R07E4.3, T02H6.11, T27E9.2, ctb-1, cyc-1, cyc-2.1, cyc-2.2, isp-1, ucr-11"
GO:0008121,2,"ctb-1, isp-1"
GO:0009055,14,"T20B12.7, Y71G12B.23, ctb-1, ctc-3, cyc-1, cyc-2.1, cyc-2.2, etfa-1, etfb-1, fdx-2, mev-1, sdha-1, sdha-2, sdhb-1"
GO:0022904,6,"ctb-1, ctc-1, ctc-3, let-721, ndua-5, sdhb-1"
GO:0045275,8,"C14B9.10, F45H10.2, R07E4.3, T02H6.11, T27E9.2, ctb-1, cyc-1, isp-1"
GO:0004096,3,"ctl-1, ctl-2, ctl-3"
GO:0042542,12,"ctl-1, ctl-2, ctl-3, daf-11, egl-4, frh-1, gst-10, pde-1, pde-2, pde-3, pde-5, prdx-2"
GO:0007031,13,"C32D5.11, ctl-2, pmp-1, pmp-2, pmp-3, pmp-4, pmp-5, prx-1, prx-10, prx-12, prx-2, prx-3, prx-6"
GO:0007266,10,"ctn-1, cyk-4, eps-8, gpa-12, let-502, pac-1, prhg-1, rga-5, rhgf-2, rhi-1"
GO:0006101,3,"acly-1, acly-2, cts-1"
GO:0036440,1,cts-1
GO:0046912,3,"acly-1, acly-2, cts-1"
GO:0005215,21,"catp-1, catp-2, catp-3, catp-4, catp-5, catp-6, catp-7, catp-8, cua-1, eat-6, mca-1, mca-2, mca-3, pmr-1, sca-1, tat-1, tat-2, tat-3, tat-4, tat-5, tat-6"
GO:0005375,10,"F27C1.2, F31E8.4, F58G6.3, F58G6.7, K12C11.3, K12C11.6, K12C11.7, Y58A7A.1, chca-1, cua-1"
GO:0005507,16,"F21D5.3, F35G12.7, cox-11, cox-17, ctc-2, cua-1, cutc-1, mig-38, mtl-1, pamn-1, pghm-1, sco-1, sod-1, sod-4, sod-5, tbh-1"
GO:0005774,17,"catp-6, cua-1, gba-1, gba-2, gba-3, gba-4, hmt-1, mrp-1, mrp-2, nprl-2, skat-1, slc-36.1, slc-36.2, slc-36.3, slc-36.4, slc-36.5, tmem-138"
GO:0006825,12,"F27C1.2, F31E8.4, F58G6.3, F58G6.7, K12C11.3, K12C11.6, K12C11.7, Y58A7A.1, chca-1, cua-1, cuc-1, mca-2"
GO:0006878,2,"cua-1, sco-1"
GO:0015677,2,"cua-1, cuc-1"
GO:0019829,5,"catp-5, catp-6, catp-7, catp-8, cua-1"
GO:0035434,10,"F27C1.2, F31E8.4, F58G6.3, F58G6.7, K12C11.3, K12C11.6, K12C11.7, Y58A7A.1, chca-1, cua-1"
GO:0043682,1,cua-1
GO:0060003,1,cua-1
GO:0140581,1,cua-1
GO:0016530,1,cuc-1
GO:0016531,3,"cox-17, cuc-1, sco-1"
GO:0006950,55,"F11F1.1, F22H10.2, F44E5.5, F53A9.1, F53A9.6, F53A9.7, Y53F4B.1, cul-1, cul-6, cup-2, daf-1, daf-12, dcr-1, dlk-1, epi-1, goa-1, gpa-2, gpa-3, gst-1, gst-10, gst-23, gst-25, gst-41, hsp-110, hsp-3, hsp-4, hsp-6, hsp-70, jkk-1, kreg-1, lgg-2, lin-45, lys-1, lys-10, lys-2, lys-3, lys-4, lys-5, lys-6, lys-7, lys-8, mcp-1, mek-1, mkk-4, mlk-1, nhr-48, odr-3, ola-1, pcm-1, pink-1, png-1, sek-4, sek-6, stc-1, zak-1"
GO:0008285,7,"aak-1, cul-1, lin-23, nfm-1, puf-6, sav-1, skr-2"
GO:0010564,5,"cul-1, daf-16, egl-46, hasp-1, lin-35"
GO:0019005,22,"C14B1.3, T01E8.1, Y50D7A.1, Y53G8AR.8, Y71G12B.27, cks-1, cul-1, cul-2, cul-5, cul-6, fbxl-1, fbxl-3, fsn-1, lin-23, mfb-1, rpm-1, skpt-1, skr-1, skr-10, skr-2, spsb-1, spsb-2"
GO:0031146,31,"C14B1.3, C16D2.1, T01E8.1, Y53G8AR.8, cul-1, cul-2, cul-5, cul-6, fbxl-1, fbxl-3, skpt-1, skr-1, skr-10, skr-12, skr-13, skr-14, skr-15, skr-16, skr-17, skr-18, skr-19, skr-2, skr-20, skr-21, skr-3, skr-4, skr-5, skr-6, skr-7, skr-8, skr-9"
GO:0090128,4,"cul-1, fsn-1, rpm-1, skr-1"
GO:1902532,1,cul-1
GO:0019100,3,"cul-2, fem-1, fkh-6"
GO:0019102,3,"cul-2, fem-1, fem-3"
GO:0030238,9,"cul-2, elb-1, elc-1, fem-1, fem-2, fem-3, her-1, rbx-1, xol-1"
GO:0031462,28,"C48D1.1, F44E5.2, F53G2.1, H04D03.4, H24K24.2, K05C4.3, K05C4.9, Y55F3C.9, Y71A12B.12, Y9C9A.13, cul-2, ebax-1, elb-1, elc-1, fem-1, fem-2, fem-3, gadr-2, gadr-3, gadr-4, gadr-5, gadr-6, lrr-1, rbx-1, vhl-1, zeel-1, zer-1, zyg-11"
GO:0051232,1,cul-2
GO:0051759,4,"cul-2, elc-1, rbx-1, zyg-11"
GO:1902104,5,"cul-2, elc-1, etc-1, rbx-1, zyg-11"
GO:0031208,1,cul-3
GO:0031463,13,"C53A5.11, C53A5.9, F47D12.7, cul-3, inso-1, ivns-1, kel-1, kel-10, kel-20, kel-3, kel-8, rike-1, spe-26"
GO:0071688,6,"cul-3, mei-1, mel-26, unc-82, unc-89, unc-96"
GO:0080008,7,"F15E6.9, F47D12.9, R11D1.1, adpr-1, cul-4, dcaf-1, wdr-23"
GO:0031466,2,"cul-5, rbx-2"
GO:0051607,2,"cul-6, rpc-2"
GO:0005047,4,"F38A1.8, cup-2, der-2, srpa-68"
GO:0051788,2,"cup-2, epi-1"
GO:0097038,7,"cni-1, cup-2, glr-1, haf-6, obr-1, obr-2, wee-1.3"
GO:0030100,6,"cup-4, cup-5, rfgp-1, sdpn-1, unc-41, vps-34"
GO:0061771,3,"cup-4, nlp-7, pha-4"
GO:1901046,29,"cup-4, dbt-1, ebax-1, egl-3, egl-4, eipr-1, eral-1, gex-2, gex-3, grk-2, kcnl-2, lury-1, mag-1, nlp-7, nmad-1, npr-22, nsun-1, nsy-1, pde-2, rund-1, sek-1, sem-2, ser-5, toca-1, toca-2, tsp-12, tsp-14, wsp-1, wve-1"
GO:1901562,4,"cup-4, natc-1, nlp-7, skn-1"
GO:0005217,1,cup-5
GO:0007041,5,"cup-5, haf-4, haf-9, vps-51, vps-52"
GO:0007042,5,"cup-5, vha-1, vha-13, vha-2, vha-9"
GO:0010508,12,"aak-1, aak-2, atg-18, atg-2, cup-5, depd-5, epg-8, laat-1, lipl-4, mtm-3, nprl-2, nprl-3"
GO:0045806,2,"cup-5, mtm-1"
GO:0072345,1,cup-5
GO:0005125,17,"C44B12.6, F25D1.3, cwn-1, cwn-2, daf-7, dbl-1, egl-20, ilc-17.1, lin-44, mif-1, mif-2, mif-3, mif-4, mom-2, tig-2, tig-3, unc-129"
GO:0007275,15,"cwn-1, cwn-2, egl-20, glp-1, grd-2, lin-12, lin-44, mom-2, qua-1, siah-1, vang-1, wrt-1, wrt-4, wrt-6, wrt-8"
GO:0031346,3,"cwn-1, let-413, lin-44"
GO:0048018,6,"F35B12.10, cwn-1, cwn-2, flp-6, lin-3, lin-44"
GO:1905491,5,"cwn-1, egl-20, lin-18, mig-1, mom-5"
GO:0009948,2,"cwn-2, pry-1"
GO:0010084,1,cwn-2
GO:0033564,5,"cwn-2, fmi-1, lad-2, lin-17, mau-2"
GO:0048699,10,"cwn-2, dsh-1, dsh-2, egl-20, hlh-14, hlh-3, magu-2, mig-5, mom-2, sem-4"
GO:0060573,4,"cwn-2, lin-44, mig-5, pha-4"
GO:0044772,4,"T12C9.7, cya-1, cyb-2.1, cyb-3"
GO:0097124,6,"F08F1.9, T07F10.5, T12C9.7, T24A6.1, cya-1, cya-2"
GO:0007098,9,"C09G1.4, bbs-4, cyb-3, mett-10, par-6, plk-1, spd-2, spd-5, szy-2"
GO:0045144,4,"capg-1, cyb-3, dpy-26, dpy-28"
GO:0051383,2,"cyb-3, him-10"
GO:0007506,13,"cyd-1, drsh-1, hnd-1, max-2, mep-1, mig-23, par-3, par-6, pkc-3, pro-1, pro-2, pro-3, rsp-2"
GO:0051781,8,"cyd-1, erh-2, gon-4, pid-3, pvf-1, tofu-6, tost-1, wrm-1"
GO:1904787,2,"cyd-1, wrm-1"
GO:0005814,20,"F59G1.4, H03A11.2, R08D7.5, T08G11.3, cfap-20, cye-1, dnc-1, dyf-19, grdn-1, hyls-1, osm-5, osm-6, sas-1, sas-4, sas-5, sas-6, sas-7, spd-2, szy-20, zyg-1"
GO:0007088,2,"cye-1, spat-1"
GO:0008284,14,"chl-1, cye-1, der-2, egl-15, egl-17, frk-1, let-756, lmn-1, mls-2, pvf-1, rnt-1, tipn-1, unc-62, uri-1"
GO:0010608,14,"cdk-2, cye-1, fbf-1, fbf-2, gld-1, glp-1, mett-10, puf-11, puf-3, puf-5, puf-6, puf-7, puf-8, puf-9"
GO:0042023,1,cye-1
GO:0051729,5,"cdk-2, cye-1, fbf-1, him-17, mog-2"
GO:0097134,2,"cdk-2, cye-1"
GO:1904776,2,"cdk-2, cye-1"
GO:0005826,5,"ani-1, ani-2, ani-3, cyk-1, rtkn-1"
GO:0016043,4,"cyk-1, daam-1, frl-1, let-2"
GO:0032154,19,"ani-1, cyk-1, cyk-4, dyn-1, let-502, mel-26, nmy-2, nop-1, pod-1, rfip-1, rho-1, sao-1, sep-1, syx-4, unc-45, unc-59, unc-61, zen-4, zfyv-19"
GO:0004843,36,"C04E6.5, C34F6.9, F07A11.4, F35B3.3, F59E12.6, H12I13.1, T05H10.1, T22F3.2, T24B8.7, Y55F3AM.9, Y67D2.2, atx-3, cyk-3, cyld-1, duo-1, duo-3, josd-1, math-33, otub-1, otub-2, otub-3, otub-4, ubh-1, ubh-2, ubh-3, ubh-4, usp-14, usp-3, usp-33, usp-39, usp-4, usp-46, usp-48, usp-5, usp-50, usp28"
GO:0009992,2,"cyk-3, vha-19"
GO:0016579,29,"C04E6.5, C34F6.9, F07A11.4, F35B3.3, F59E12.6, H12I13.1, T05H10.1, T22F3.2, T24B8.7, Y67D2.2, atx-3, cyk-3, cyld-1, duo-1, duo-3, josd-1, math-33, otub-1, ubh-4, usp-14, usp-3, usp-33, usp-39, usp-4, usp-46, usp-48, usp-5, usp-50, usp28"
GO:0031023,5,"cyk-3, lem-2, lis-1, wdr-5.2, wdr-5.3"
GO:1903673,1,cyk-3
GO:1904263,11,"F39C12.1, cyk-3, flcn-1, lmtr-5, mel-26, npp-18, otub-4, prk-2, raga-1, ragc-1, wac-1.1"
GO:1904785,1,cyk-3
GO:0051255,2,"cyk-4, zen-4"
GO:0097149,2,"cyk-4, zen-4"
GO:1903562,2,"cyk-4, zen-4"
GO:0000413,20,"T22F3.12, Y17G9B.4, ZC250.5, cyn-1, cyn-10, cyn-11, cyn-12, cyn-13, cyn-15, cyn-16, cyn-2, cyn-3, cyn-4, cyn-5, cyn-6, cyn-7, cyn-8, cyn-9, fkb-1, sig-7"
GO:0003755,31,"T22F3.12, Y17G9B.4, Y71H2AM.20, ZC250.5, aipr-1, cyn-1, cyn-10, cyn-11, cyn-12, cyn-13, cyn-15, cyn-16, cyn-2, cyn-3, cyn-4, cyn-5, cyn-6, cyn-7, cyn-8, cyn-9, fkb-1, fkb-2, fkb-3, fkb-4, fkb-5, fkb-6, fkb-7, fkb-8, pinn-1, pinn-4, sig-7"
GO:0016018,13,"T22F3.12, Y17G9B.4, ZC250.5, cyn-1, cyn-11, cyn-13, cyn-2, cyn-3, cyn-5, cyn-6, cyn-7, cyn-8, cyn-9"
GO:0016853,102,"B0024.11, B0272.4, C01B4.6, C01G10.9, C05C8.7, C05D11.5, C14B9.2, F08F8.7, F43E2.11, F52B11.2, F58A6.1, K02F3.12, K07E8.7, R02D1.2, R05D3.12, T04A11.4, T04A11.5, T22F3.12, Y17G9B.4, Y18D10A.3, Y19D10A.16, Y25C1A.13, Y48C3A.20, Y53G8B.1, Y71H2AM.20, Y73B6BL.29, ZK632.4, chl-1, crld-1, cyn-1, cyn-10, cyn-11, cyn-12, cyn-13, cyn-15, cyn-2, cyn-3, cyn-4, cyn-5, cyn-6, cyn-7, cyn-8, cyn-9, dhs-28, dkc-1, dog-1, dpy-11, ech-4, ech-8, ech-9, fahd-1, fkb-1, fkb-2, fkb-3, fkb-4, fkb-5, fkb-6, fkb-7, fkb-8, gale-1, ger-1, glf-1, gpi-1, gst-42, gst-43, helq-1, him-6, hsd-1, hse-5, idi-1, inos-1, ipgm-1, mce-1, mei-1, mif-1, mmcm-1, pdi-1, pdi-2, pdi-3, pdi-6, pges-2, pgm-1, pgm-2, pgm-3, pinn-1, pinn-4, pus-1, rcq-5, rpia-1, rtel-1, sig-7, spas-1, spo-11, tag-124, top-1, top-2, top-3A, top-3B, tpi-1, wrn-1, xpb-1, xpd-1"
GO:0071013,51,"F33D11.10, F40F8.11, R05D3.8, T12A2.21, Y17G9B.4, Y34D9A.7, Y54G2A.12, ZK632.11, bcas-2, cwc-15, cyn-1, cyn-10, cyn-12, cyn-13, cyn-16, cyn-4, cyn-8, ddx-23, ddx-35, eif-4A3, emb-4, ess-2, frg-1, gut-2, hrpa-1, isy-1, let-858, lsm-3, lsm-7, mag-1, mog-5, plrg-1, pnn-1, prp-17, prp-21, prp-6, prp-8, repo-1, sftb-1, sftb-2, snr-1, snr-2, snr-3, snr-4, snr-5, snr-7, snrp-40.1, snrp-40.2, sqd-1, syf-2, wdr-83"
GO:0040022,8,"cyn-4, mag-1, mog-1, mog-2, mog-3, mog-4, mog-5, rnp-4"
GO:0000398,102,"F33D11.10, R05D3.8, T23G11.4, Y108G3AL.2, Y54G2A.12, ZK1307.9, bud-13, bud-31, cacn-1, cdc-5L, cus-2, cwc-15, cwf-19L1, cwf-19L2, cyn-12, dbr-1, ddx-23, ddx-46, dib-1, eftu-2, eif-4A3, emb-4, gkow-1, gut-2, hel-1, hrpa-1, let-858, lsm-3, lsm-4, lsm-5, lsm-6, lsm-8, mfap-1, mina-1, mog-1, mog-2, mog-3, mog-5, mog-7, ncbp-1, ncbp-2, nova-1, pgl-1, phf-5, plrg-1, prp-17, prp-19, prp-21, prp-3, prp-31, prp-38, prp-4, prp-40, prp-6, prp-8, prp-9, ptb-1, rbm-17, rbm-42, rbm-5, rbmx-2, rnp-2, rnp-3, rnp-5, rnp-7, rsp-1, rsp-2, rsp-4, rsp-5, rsp-6, rsp-7, rsp-8, sacy-1, sap-49, sfa-1, sftb-2, skp-1, sluh-7, smu-1, smu-2, snr-2, snr-4, snr-5, snr-6, snr-7, snrp-200, snrp-3, snu-13, snu-23, snu-66, sqd-1, syf-1, syf-3, teg-4, tofu-7, uaf-1, uaf-2, ubl-5, wbp-4, wdr-83, yju-2, zfr-1"
GO:0000993,15,"cdc-73, cids-1, cids-2, ctr-9, elof-1, gls-1, gtf-2E1, gtf-2E2, nrd-1, pafo-1, pcf-11, sig-7, spt-4, uvs-1, wac-1.1"
GO:0140673,3,"emb-5, sig-7, spt-4"
GO:2000543,1,sig-7
GO:0005798,1,dab-1
GO:0032050,3,"clic-1, dab-1, unc-11"
GO:0045807,6,"chc-1, dab-1, mca-3, mtm-3, nekl-2, sel-2"
GO:0043052,14,"dac-1, dgk-3, egl-8, gcy-18, gcy-23, gcy-8, maco-1, npr-1, ola-1, tax-4, tax-6, ttx-3, ttx-7, zyg-8"
GO:0006487,26,"F52B11.2, R03E9.2, ZK686.3, algn-10, algn-11, algn-12, algn-5, algn-8, algn-9, dad-1, fut-1, fut-6, fut-8, gfat-1, gfat-2, gly-12, gly-13, gly-14, gly-2, gly-20, mogs-1, ostb-1, ostd-1, rfth-1, ribo-1, stt-3"
GO:0008250,7,"ZK686.3, dad-1, ostb-1, ostd-1, ribo-1, stt-3, tmem-258"
GO:0004675,4,"AC3.12, daf-1, daf-4, sma-6"
GO:0005024,2,"daf-1, daf-4"
GO:0007178,9,"AC3.12, D1053.4, F36H9.10, Y17G9B.5, daf-1, daf-4, sma-6, tig-3, unc-129"
GO:0007179,7,"daf-1, daf-5, daf-7, kin-29, obr-3, sma-10, sma-9"
GO:0016045,2,"daf-1, daf-7"
GO:0016361,2,"daf-1, sma-6"
GO:0032924,3,"daf-1, daf-8, sma-6"
GO:0048179,2,"daf-1, sma-6"
GO:0048185,2,"daf-1, sma-6"
GO:0061065,15,"daf-1, daf-10, daf-11, daf-12, daf-14, daf-16, daf-2, daf-25, daf-3, daf-4, daf-7, daf-8, drag-1, rund-1, strm-1"
GO:0061067,13,"daf-1, daf-11, daf-14, daf-25, daf-4, daf-7, daf-8, egl-4, gcy-12, ins-35, lin-29, lin-42, ubh-1"
GO:0071363,3,"daf-1, daf-4, sma-6"
GO:1903998,8,"daf-1, daf-2, daf-4, daf-7, egl-21, egl-3, egl-4, unc-31"
GO:0005009,1,daf-2
GO:0005899,1,daf-2
GO:0006606,31,"C37C3.12, F23F1.5, F42A6.6, akir-1, daf-18, daf-2, daf-28, dkf-2, ima-1, ima-2, ima-3, imb-1, imb-2, imb-3, npp-10, npp-11, npp-13, npp-14, npp-15, npp-16, npp-2, npp-20, npp-3, npp-4, npp-5, npp-7, npp-8, ran-1, ran-4, tsr-1, xpo-2"
GO:0010286,12,"daf-12, daf-16, daf-2, gst-10, hif-1, ocr-1, ocr-2, osm-9, par-5, prdx-2, prmt-1, zmp-2"
GO:0010883,9,"B0041.5, F54C9.7, daf-16, daf-2, ltah-1.2, mif-3, nspg-6, pptr-1, prmt-1"
GO:0010888,4,"daf-2, daf-22, dhs-28, sams-1"
GO:0017046,1,daf-2
GO:0032435,3,"daf-2, ubh-4, ubxn-1"
GO:0042169,2,"daf-2, mek-1"
GO:0042593,2,"asps-1, daf-2"
GO:0043054,11,"bpnt-1, daf-2, daf-22, daf-25, daf-31, hcf-1, hlh-13, hlh-25, lag-1, lin-12, nuo-1"
GO:0043410,14,"T14E8.2, cebp-1, daf-2, egl-15, egl-17, hen-1, let-23, let-756, msp-79, ndk-1, ser-5, svh-1, svh-2, tpa-1"
GO:0043560,1,daf-2
GO:0051425,1,daf-2
GO:0051897,4,"daf-2, ddr-2, lin-18, rict-1"
GO:1900075,5,"daf-16, daf-2, fsn-1, molo-1, rpy-1"
GO:1900181,6,"daf-2, daf-28, kgb-1, lab-1, nhr-14, vhp-1"
GO:1901031,2,"daf-2, sesn-1"
GO:1905909,10,"daf-16, daf-2, daf-28, daf-37, daf-38, fbxl-1, ins-1, ins-18, prmt-1, unc-10"
GO:1905910,9,"daf-2, daf-28, daf-7, egl-3, ins-2, ins-3, ins-4, ins-6, kpc-1"
GO:2000785,4,"daf-15, daf-2, ragc-1, tbc-12"
GO:0030509,11,"daf-14, daf-3, daf-4, daf-7, dbl-1, drag-1, sma-2, sma-3, sma-4, sma-6, tig-2"
GO:0051240,5,"blmp-1, daf-3, sma-4, vab-3, zag-1"
GO:0060395,7,"daf-14, daf-3, daf-8, sma-2, sma-3, sma-4, tag-68"
GO:0070411,7,"daf-14, daf-3, daf-8, sma-2, sma-3, sma-4, tag-68"
GO:0071144,7,"daf-14, daf-3, daf-8, sma-2, sma-3, sma-4, tag-68"
GO:0071444,3,"daf-3, daf-7, srx-43"
GO:0022604,6,"daf-4, dbl-1, fozi-1, frl-1, sma-6, sqv-3"
GO:0030513,5,"daf-4, png-1, tsp-14, tsp-21, unc-40"
GO:0030514,7,"daf-4, daf-5, lem-2, lon-1, lon-2, sma-9, spg-20"
GO:0036122,3,"F35B12.10, daf-4, sma-6"
GO:0046332,3,"daf-5, nhr-69, rnt-1"
GO:0018996,67,"bed-3, daf-6, dpy-31, dre-1, grh-1, hch-1, let-767, myrf-1, nas-16, nas-17, nas-18, nas-19, nas-20, nas-21, nas-22, nas-24, nas-25, nas-27, nas-28, nas-29, nas-30, nas-31, nas-32, nas-33, nas-36, nas-37, nas-38, nhr-23, nhr-25, noah-1, noah-2, pan-1, ptc-1, ptc-3, ptr-1, ptr-10, ptr-11, ptr-12, ptr-13, ptr-14, ptr-15, ptr-16, ptr-17, ptr-18, ptr-19, ptr-2, ptr-20, ptr-21, ptr-22, ptr-23, ptr-24, ptr-25, ptr-3, ptr-4, ptr-5, ptr-6, ptr-8, ptr-9, pxf-1, qua-1, rabn-5, rabx-5, rbd-1, rme-6, rnf-5, toh-1, unc-104"
GO:0046626,3,"daf-10, daf-6, osm-3"
GO:0005160,2,"daf-7, unc-129"
GO:0008083,9,"daf-7, dbl-1, egl-17, let-756, lin-3, pvf-1, tig-2, tig-3, unc-129"
GO:0009266,8,"daf-11, daf-25, daf-7, gcy-29, gcy-8, mek-1, oga-1, ogt-1"
GO:0032490,1,daf-7
GO:0071321,3,"daf-11, daf-7, gpa-3"
GO:0043476,2,"daf-14, daf-8"
GO:0006082,40,"cyp-23A1, cyp-33A1, cyp-33B1, cyp-33C1, cyp-33C11, cyp-33C12, cyp-33C2, cyp-33C3, cyp-33C4, cyp-33C5, cyp-33C6, cyp-33C7, cyp-33C8, cyp-33C9, cyp-33D1, cyp-33D3, cyp-33E1, cyp-33E2, cyp-33E3, cyp-34A1, cyp-34A10, cyp-34A2, cyp-34A5, cyp-34A6, cyp-34A7, cyp-34A8, cyp-34A9, cyp-35A1, cyp-35A2, cyp-35A3, cyp-35A4, cyp-35A5, cyp-35B1, cyp-35B2, cyp-35B3, cyp-35C1, cyp-35D1, cyp-36A1, dach-1, daf-9"
GO:0007267,12,"daf-9, grd-2, grd-3, qua-1, ser-5, syg-1, syg-2, tir-1, wrt-1, wrt-4, wrt-6, wrt-8"
GO:0008202,28,"F32D8.13, F35C8.5, T05H4.4, Y48B6A.13, Y7A5A.1, ZK1251.3, daf-36, daf-9, dhcr-24, dhcr-7, dhs-16, dhs-2, dhs-20, drd-5, fdx-2, gba-1, gba-2, gba-3, gba-4, hmgs-1, hpo-19, hsd-1, let-767, mboa-1, scp-1, srdf-2.1, srdf-2.2, strm-1"
GO:0008203,13,"F32D8.13, Y48B6A.13, Y62E10A.6, Y7A5A.1, daf-36, daf-9, dhcr-7, dhs-16, hosl-1, hsd-1, mboa-1, scp-1, strm-1"
GO:0008395,1,daf-9
GO:0097500,9,"K07C11.10, arl-13, daf-10, daf-25, dct-14, mks-5, odr-4, tub-1, unc-101"
GO:0001653,24,"daf-11, gcy-1, gcy-11, gcy-12, gcy-13, gcy-14, gcy-15, gcy-17, gcy-18, gcy-20, gcy-21, gcy-22, gcy-23, gcy-25, gcy-27, gcy-28, gcy-29, gcy-3, gcy-4, gcy-5, gcy-6, gcy-7, gcy-8, gcy-9"
GO:0007168,28,"daf-11, egl-4, gcy-1, gcy-11, gcy-12, gcy-13, gcy-14, gcy-15, gcy-17, gcy-18, gcy-20, gcy-21, gcy-22, gcy-23, gcy-25, gcy-27, gcy-28, gcy-29, gcy-3, gcy-4, gcy-5, gcy-6, gcy-7, gcy-8, gcy-9, hda-4, mef-2, pkg-2"
GO:0007602,13,"F57C9.6, ZK813.5, daf-11, gpa-3, lite-1, nmur-3, npr-3, pde-1, pde-2, pde-3, pde-5, sro-1, tax-4"
GO:0007608,123,"F10A3.12, K05D4.9, T06C12.11, Y19D10A.1, Y19D10A.2, Y45G12C.10, Y45G12C.6, Y9C9A.5, daf-11, mbk-1, odr-10, odr-2, odr-3, odr-4, odr-7, osm-9, sra-11, sra-13, str-101, str-102, str-103, str-106, str-109, str-111, str-112, str-113, str-114, str-115, str-116, str-119, str-121, str-123, str-124, str-125, str-129, str-130, str-131, str-134, str-135, str-136, str-138, str-139, str-140, str-141, str-143, str-144, str-145, str-146, str-148, str-149, str-150, str-151, str-153, str-155, str-156, str-158, str-159, str-160, str-161, str-162, str-163, str-164, str-165, str-166, str-168, str-169, str-170, str-171, str-172, str-173, str-174, str-175, str-177, str-178, str-180, str-181, str-185, str-193, str-196, str-198, str-199, str-2, str-200, str-204, str-205, str-206, str-208, str-209, str-211, str-214, str-220, str-221, str-222, str-225, str-226, str-227, str-228, str-240, str-246, str-252, str-253, str-254, str-255, str-256, str-260, str-261, str-263, str-267, str-268, str-3, str-84, str-85, str-86, str-87, str-88, str-89, str-90, str-92, str-93, str-96, str-97, str-99, unc-86"
GO:0009581,5,"daf-11, egl-19, gcy-29, gcy-8, unc-2"
GO:0009582,5,"daf-11, egl-19, gcy-29, gcy-8, unc-2"
GO:0019236,6,"T04F8.2, daf-11, daf-22, dhs-28, snet-1, tmem-145"
GO:0030511,10,"daf-11, dbl-1, flcn-1, sma-10, sma-3, sma-6, sup-17, tph-1, tsp-12, ubh-1"
GO:0042330,5,"Y51H7BR.7, Y97E10AL.1, daf-11, gcy-29, gcy-8"
GO:1902051,1,daf-12
GO:1902052,1,daf-12
GO:0010506,12,"T07F12.4, Y105C5A.24, Y50D4A.4, allo-1, atg-5, cisd-1, daf-15, hlh-30, ikke-1, pcm-1, unc-51, wac-1.1"
GO:0030295,7,"daf-15, icp-1, mob-1, mob-2, mob-3, rplp-1, tap-1"
GO:0030307,6,"daf-15, der-2, mel-26, sma-2, sma-4, sma-5"
GO:0031929,7,"ZK688.9, daf-15, let-363, mlst-8, rict-1, ruvb-1, smg-1"
GO:0031931,3,"daf-15, let-363, mlst-8"
GO:0038202,7,"F28C10.3, R04A9.7, daf-15, let-363, rskn-1, rskn-2, rsks-1"
GO:0071230,4,"daf-15, lmtr-2, lmtr-3, lmtr-5"
GO:0002821,1,daf-16
GO:0009896,1,daf-16
GO:0031349,1,daf-16
GO:0034605,5,"daf-16, hsp-90, pqm-1, sir-2.1, sma-9"
GO:0040015,9,"daf-16, egl-4, gcy-12, lon-1, lon-2, lon-3, rig-6, sop-2, sor-3"
GO:0046890,1,daf-16
GO:0050778,1,daf-16
GO:0051457,5,"daf-16, ftt-2, par-5, sir-2.1, sma-6"
GO:0060537,1,daf-16
GO:0071889,2,"daf-16, tbc-3"
GO:1900426,3,"daf-16, pmk-1, vhp-1"
GO:1990381,2,"daf-16, rpn-13"
GO:0016314,1,daf-18
GO:0046856,15,"bus-6, daf-18, figo-1, inpp-1, inpp-5K, ipp-5, mtm-1, mtm-3, mtm-6, mtm-9, ocrl-1, pipp-4P, sac-2, sacm-1L, unc-26"
GO:0050927,2,"daf-18, pkc-1"
GO:0051896,1,daf-18
GO:0006611,8,"Y69A2AR.16, hsp-90, par-5, ran-5, ubql-1, xpo-1, xpo-2, xpo-7"
GO:0008287,7,"F46C5.6, cdc-37, fem-1, fem-2, fem-3, hsp-90, pph-5"
GO:0035259,2,"hsp-90, nhr-6"
GO:0072542,6,"ZK688.9, hsp-90, ppfr-1, pptr-1, pptr-2, smk-1"
GO:1990565,2,"cdc-37, hsp-90"
GO:1990634,1,hsp-90
GO:0006970,17,"daf-25, dmd-10, elt-3, jmjc-1, nhr-31, osm-11, osm-5, osm-6, osm-7, osm-8, pmk-1, pmk-2, pmk-3, rnt-1, ssu-1, swan-1, swan-2"
GO:0010753,3,"daf-25, egl-4, pde-2"
GO:0097499,9,"daf-25, dpy-23, hgrs-1, odr-4, odr-8, rpi-2, stam-1, tax-6, tub-1"
GO:0005158,4,"daf-28, ins-35, ins-6, ist-1"
GO:0005179,26,"W01A8.8, daf-28, gplb-1, ins-1, ins-15, ins-19, ins-2, ins-20, ins-24, ins-25, ins-26, ins-27, ins-28, ins-29, ins-3, ins-30, ins-31, ins-32, ins-33, ins-37, ins-4, ins-5, ins-6, ins-7, ins-8, ins-9"
GO:0004596,6,"C56G2.15, F30F8.10, daf-31, natb-1, natc-1, natc-2"
GO:0006474,1,daf-31
GO:0008999,1,daf-31
GO:0016747,94,"C01G10.10, C56G2.15, D2023.4, F10G8.9, F21C10.9, F27C8.2, F30F8.10, F36G3.2, F40F4.7, F54E7.9, M79.2, R13D11.4, T02G5.7, T10B5.4, T24A6.20, Y38A10A.7, Y67D2.5, Y71H2AM.1, Y75B8A.37, ZK228.4, acaa-2, acl-4, acl-5, bus-1, daf-22, daf-31, elpc-3, gna-1, gna-2, hadb-1, jmjd-5, kat-1, natb-1, natc-2, nath-10, nrf-6, oac-1, oac-10, oac-11, oac-12, oac-13, oac-14, oac-15, oac-16, oac-17, oac-19, oac-2, oac-20, oac-21, oac-22, oac-23, oac-24, oac-25, oac-26, oac-27, oac-28, oac-29, oac-3, oac-30, oac-31, oac-32, oac-34, oac-35, oac-36, oac-37, oac-38, oac-39, oac-4, oac-40, oac-41, oac-42, oac-43, oac-44, oac-45, oac-46, oac-48, oac-49, oac-5, oac-50, oac-51, oac-52, oac-53, oac-54, oac-55, oac-56, oac-57, oac-58, oac-59, oac-6, oac-7, oac-8, oac-9, pcaf-1, rhy-1"
GO:0031415,4,"F40F4.7, F54E7.9, daf-31, hpo-29"
GO:1990189,2,"Y38A10A.7, daf-31"
GO:1990190,1,daf-31
GO:0004477,1,dao-3
GO:0004488,1,dao-3
GO:0035999,5,"K07E3.4, Y106G6E.4, dao-3, mel-32, mthf-1"
GO:0000182,1,dao-5
GO:0001042,2,"dao-5, tif-1A"
GO:0009303,1,dao-5
GO:0042790,3,"F23H11.2, dao-5, rpoa-1"
GO:0061187,1,dao-5
GO:0003735,144,"F45E12.5, T07A9.14, Y95D11A.1, ZK973.1, dap-3, fau-1, metl-17, mrpl-10, mrpl-11, mrpl-12, mrpl-13, mrpl-15, mrpl-16, mrpl-17, mrpl-18, mrpl-19, mrpl-2, mrpl-20, mrpl-21, mrpl-22, mrpl-23, mrpl-24, mrpl-28, mrpl-30, mrpl-32, mrpl-34, mrpl-36, mrpl-37, mrpl-4, mrpl-41, mrpl-46, mrpl-47, mrpl-49, mrpl-51, mrpl-54, mrpl-55, mrpl-9, mrps-11, mrps-12, mrps-14, mrps-15, mrps-16, mrps-17, mrps-18.C, mrps-18A, mrps-18B, mrps-18C, mrps-2, mrps-21, mrps-22, mrps-23, mrps-24, mrps-25, mrps-30, mrps-31, mrps-34, mrps-35, mrps-5, mrps-6, mrps-7, mrps-9, rpl-10L, rpl-10a, rpl-11.1, rpl-11.2, rpl-12, rpl-13, rpl-13A, rpl-14, rpl-15, rpl-17, rpl-18, rpl-18A, rpl-19, rpl-21, rpl-22, rpl-23, rpl-23A.1, rpl-23A.2, rpl-24, rpl-26, rpl-27, rpl-27A, rpl-28, rpl-29, rpl-3, rpl-30, rpl-31, rpl-32, rpl-34, rpl-35, rpl-35A, rpl-36, rpl-36A, rpl-37.1, rpl-37.2, rpl-37A, rpl-38, rpl-39, rpl-4, rpl-41.1, rpl-41.2, rpl-5, rpl-6, rpl-7, rpl-8, rpl-9, rplp-0, rplp-1, rplp-2.1, rplp-2.2, rps-10, rps-11, rps-12, rps-13, rps-14, rps-15, rps-15A, rps-16, rps-17, rps-18, rps-19, rps-2, rps-20, rps-21, rps-23, rps-24, rps-25, rps-26, rps-27, rps-27A, rps-28, rps-29, rps-3, rps-3A, rps-4, rps-5, rps-6, rps-7, rps-8, rps-9, rpsa-1, rsl-24D1, ubq-2"
GO:0005761,7,"C24D10.6, dap-3, mrpl-20, mrpl-40, mrpl-47, mrpl-48, mrpl-51"
GO:0005763,27,"dap-3, metl-17, mrps-10, mrps-11, mrps-12, mrps-14, mrps-15, mrps-16, mrps-17, mrps-18.C, mrps-18A, mrps-18B, mrps-2, mrps-21, mrps-22, mrps-23, mrps-24, mrps-25, mrps-26, mrps-28, mrps-31, mrps-34, mrps-35, mrps-5, mrps-6, mrps-7, mrps-9"
GO:0005840,179,"C09E9.1, C13F10.1, C15F1.8, C25D7.16, C38C3.3, C53H9.3, F19G12.9, F22D6.8, F28A10.13, F45E12.5, F48D6.4, F56H9.2, F59A6.2, K07A1.10, M02H5.8, R186.8, T08B6.1, T09F3.4, T11B7.2, T26G10.3, Y47G6A.30, Y50D7A.13, Y69A2AR.50, dap-3, fau-1, let-630, mrpl-1, mrpl-10, mrpl-11, mrpl-12, mrpl-13, mrpl-15, mrpl-16, mrpl-17, mrpl-18, mrpl-19, mrpl-2, mrpl-20, mrpl-21, mrpl-22, mrpl-23, mrpl-24, mrpl-28, mrpl-30, mrpl-32, mrpl-34, mrpl-35, mrpl-36, mrpl-37, mrpl-38, mrpl-39, mrpl-4, mrpl-40, mrpl-41, mrpl-42, mrpl-44, mrpl-45, mrpl-46, mrpl-47, mrpl-48, mrpl-49, mrpl-50, mrpl-51, mrpl-53, mrpl-54, mrpl-55, mrpl-9, mrps-10, mrps-11, mrps-12, mrps-14, mrps-15, mrps-16, mrps-17, mrps-18.C, mrps-18A, mrps-18B, mrps-18C, mrps-2, mrps-21, mrps-22, mrps-23, mrps-24, mrps-25, mrps-26, mrps-28, mrps-30, mrps-31, mrps-33, mrps-34, mrps-5, mrps-6, mrps-7, mrps-9, rack-1, rpl-10L, rpl-10a, rpl-11.1, rpl-11.2, rpl-12, rpl-13, rpl-13A, rpl-14, rpl-15, rpl-17, rpl-18, rpl-18A, rpl-19, rpl-21, rpl-22, rpl-23, rpl-23A.1, rpl-23A.2, rpl-24, rpl-26, rpl-27, rpl-27A, rpl-28, rpl-29, rpl-3, rpl-30, rpl-31, rpl-32, rpl-34, rpl-35, rpl-35A, rpl-36, rpl-36A, rpl-37.1, rpl-37.2, rpl-37A, rpl-38, rpl-39, rpl-4, rpl-41.1, rpl-41.2, rpl-5, rpl-6, rpl-7, rpl-7A, rpl-8, rpl-9, rplp-0, rplp-1, rplp-2.1, rplp-2.2, rps-10, rps-11, rps-12, rps-13, rps-14, rps-15, rps-15A, rps-16, rps-17, rps-18, rps-19, rps-2, rps-20, rps-21, rps-23, rps-24, rps-25, rps-26, rps-27, rps-27A, rps-28, rps-29, rps-3, rps-3A, rps-4, rps-5, rps-6, rps-7, rps-8, rps-9, rpsa-1, scbp-2, ubq-2"
GO:0015935,13,"dap-3, mrps-12, mrps-16, mrps-2, rps-15, rps-18, rps-2, rps-20, rps-23, rps-3, rps-5, rps-9, rpsa-1"
GO:0005275,1,dat-1
GO:0006836,21,"cpx-1, cpx-2, dat-1, dyb-1, eat-4, emb-27, emb-30, mat-3, ric-19, snf-3, snf-6, stn-1, syx-2, syx-3, syx-4, syx-5, syx-6, syx-7, unc-17, unc-47, unc-64"
GO:0008504,1,dat-1
GO:0015378,1,dat-1
GO:0015837,1,dat-1
GO:0015874,1,dat-1
GO:0030673,5,"dat-1, mps-1, sax-7, seb-3, shw-3"
GO:0032590,9,"dat-1, dex-1, dma-1, dyf-7, egl-36, mps-1, sax-7, shw-1, shw-3"
GO:0042734,14,"acc-4, dat-1, egl-36, flwr-1, itsn-1, lgc-46, rbg-2, shw-1, shw-3, sphk-1, syd-1, unc-10, unc-11, unc-13"
GO:0051583,1,dat-1
GO:0090493,1,dat-1
GO:0097060,5,"dat-1, pde-2, syd-1, syg-1, syg-2"
GO:1905847,1,dat-1
GO:0008494,2,"F44A2.5, daz-1"
GO:0045948,3,"F10E9.4, daz-1, rpb-7"
GO:0070935,1,daz-1
GO:0019216,7,"H43I07.1, cebp-2, dbl-1, klf-2, klf-3, lact-9, nhr-49"
GO:0045793,5,"dbl-1, sma-1, sma-3, sma-4, spe-10"
GO:0046622,4,"dbl-1, sma-1, sma-3, sma-4"
GO:0070700,1,dbl-1
GO:0000375,2,"dbr-1, snrp-40.1"
GO:0008419,1,dbr-1
GO:0003006,8,"dcr-1, fem-1, lin-48, lin-59, mes-1, mpk-1, npp-10, src-1"
GO:0004525,3,"dcr-1, drsh-1, mrpl-44"
GO:0004530,1,dcr-1
GO:0016891,2,"dcr-1, rde-1"
GO:0030422,20,"dcr-1, drh-3, ego-1, ekl-1, ergo-1, eri-5, henn-1, mut-16, nyn-1, nyn-2, rde-12, rde-2, rde-4, rde-8, rrf-1, rrf-2, rrf-3, simr-1, smg-2, smg-5"
GO:0031054,6,"dcr-1, ddx-17, ddx-23, drsh-1, lin-28, pup-2"
GO:0048731,19,"dcr-1, dex-1, dig-1, dyf-11, grd-2, lin-29, lin-48, mab-9, ptp-3, qua-1, smp-1, swsn-4, unc-52, vab-3, wrt-1, wrt-4, wrt-6, wrt-8, wts-1"
GO:0070578,2,"dcr-1, rde-4"
GO:0000290,5,"dcap-1, dcap-2, dcs-1, lsm-1, patr-1"
GO:0000340,7,"dcs-1, gex-2, ife-1, ife-2, ife-3, ife-4, ife-5"
GO:0004780,1,dcs-1
GO:0006402,10,"C23G10.2, dcs-1, disl-2, lin-41, ntl-9, parn-1, pnpt-1, puf-6, puf-9, tsn-1"
GO:0006790,6,"Y9C9A.16, dcs-1, pps-1, sqrd-1, ssu-1, suox-1"
GO:0009150,1,dcs-1
GO:0047627,1,dcs-1
GO:0110156,1,dcs-1
GO:0140932,3,"dcap-1, dcap-2, dcs-1"
GO:0005925,17,"C34F11.5, F42H10.3, Y38H6C.20, deb-1, kin-32, pat-3, pat-4, pat-6, pin-2, rnf-5, sorb-1, tln-1, tns-1, unc-34, unc-95, unc-97, zyx-1"
GO:0044291,4,"C26D10.7, aff-1, deb-1, eff-1"
GO:0060279,7,"deb-1, lin-3, myo-3, pat-3, pezo-1, unc-15, unc-52"
GO:0005272,35,"acd-1, acd-2, acd-3, acd-4, acd-5, asic-1, asic-2, deg-1, degl-1, degl-2, degt-1, del-1, del-10, del-3, del-4, del-5, del-6, del-7, del-8, del-9, delm-1, delm-2, egas-1, egas-2, egas-3, egas-4, flr-1, mec-10, mec-2, mec-4, mec-6, tmc-1, unc-105, unc-77, unc-8"
GO:0010447,2,"acd-1, deg-1"
GO:0015280,29,"acd-1, acd-2, acd-3, acd-4, acd-5, asic-1, asic-2, deg-1, degt-1, del-1, del-10, del-3, del-4, del-5, del-6, del-7, del-8, del-9, delm-1, delm-2, egas-1, egas-2, egas-3, egas-4, flr-1, mec-10, mec-4, unc-105, unc-8"
GO:0043200,1,deg-1
GO:0043067,3,"dct-1, deg-3, lin-29"
GO:0004143,6,"F52C9.3, dgk-1, dgk-2, dgk-3, dgk-4, dgk-5"
GO:0007200,9,"dgk-1, dgk-2, dgk-3, dgk-4, dgk-5, dkf-1, dkf-2, gpc-2, ser-5"
GO:0007212,12,"dgk-1, dop-1, dop-2, dop-3, dop-6, eat-16, egl-10, egl-30, egl-8, goa-1, gpb-2, ser-2"
GO:0044297,12,"cwp-5, dgk-1, exc-5, gcy-28, msd-4, rack-1, rhgf-2, rsbp-1, stn-2, strd-1, tir-1, unc-16"
GO:0046486,4,"dgk-1, dgk-2, dgk-4, mboa-2"
GO:0046834,2,"dgk-1, sphk-1"
GO:0006654,9,"abhd-5.1, abhd-5.2, acl-1, acl-2, dgk-3, dgk-4, dgk-5, lid-1, pld-1"
GO:0010646,4,"dgk-3, kcmf-1, pkc-1, tpa-1"
GO:0023051,5,"dgk-3, kcmf-1, pkc-1, sli-1, tpa-1"
GO:0046339,3,"dgk-3, dgk-4, dgk-5"
GO:0048169,1,dgk-3
GO:0009925,12,"cpna-1, dgn-1, gtl-2, hmit-1.2, let-23, mig-14, pat-12, pat-4, pat-6, unc-115, unc-97, vab-10"
GO:0016010,8,"dgn-1, dgn-2, dgn-3, dyb-1, dyc-1, dys-1, stn-1, stn-2"
GO:0016011,2,"dgn-1, dgn-2"
GO:0016203,6,"dgn-1, dgn-2, pxn-1, pxn-2, spon-1, unc-23"
GO:0021675,2,"dgn-1, dgn-2"
GO:0043236,3,"dgn-1, dgn-2, ina-1"
GO:0008090,5,"dhc-1, dli-1, lis-1, wdr-5.2, wdr-5.3"
GO:0016322,8,"dhc-1, egl-19, irx-1, oig-1, unc-104, unc-2, unc-55, unc-8"
GO:0031122,10,"C36B1.14, dhc-1, gip-1, grdn-1, mec-7, noca-1, ptrn-1, tbg-1, vab-10, zyg-12"
GO:0048469,1,dhc-1
GO:0048814,12,"Y92H12A.2, bicd-1, dhc-1, dli-1, dma-1, dnc-1, hecw-1, kpc-1, lect-2, mnr-1, sax-7, unc-116"
GO:0051235,1,dhc-1
GO:0051293,1,dhc-1
GO:0051642,7,"dhc-1, ify-1, ints-13, nud-2, sun-1, tba-2, zyg-12"
GO:0072384,3,"copg-1, dhc-1, sam-4"
GO:1902473,3,"dhc-1, sam-10, unc-104"
GO:0004157,3,"dhp-1, dhp-2, unc-33"
GO:0006208,3,"dhp-1, dhp-2, unc-33"
GO:0016812,3,"amdh-1, dhp-1, dhp-2"
GO:0046113,2,"dhp-1, dhp-2"
GO:0004022,6,"D2063.1, adh-1, adh-5, dhs-3, hphd-1, sodh-2"
GO:0005811,23,"B0524.2, D1054.1, F11C1.4, F22F7.2, F26A3.1, F44B9.5, Y50D4B.2, abhd-5.1, abhd-5.2, acs-17, acs-4, atg-2, atgl-1, dgat-2, dhs-19, dhs-29, dhs-3, dhs-4, ldp-1, lid-1, plin-1, psd-1, tmem-135"
GO:0016616,35,"B0272.3, C01G5.5, C32D5.12, C35D10.6, F13D11.4, F53F1.2, F53F1.3, F54C8.1, K07C5.2, Y39G8B.2, Y71F9B.9, ctbp-1, dhs-19, dhs-21, dhs-25, dhs-29, dhs-3, dhs-4, ech-1.1, ech-1.2, ech-8, ech-9, gpdh-1, gpdh-2, hacd-1, hmgr-1, hsd-1, hsd-2, hsd-3, ldh-1, mdh-1, mdh-2, men-1, phdh-1, sqv-4"
GO:0042572,4,"B0524.2, D1054.1, dhs-4, mboa-2"
GO:0052650,1,dhs-4
GO:0004090,3,"dhrs-4, dhs-13, dhs-21"
GO:0006706,1,dhs-16
GO:0016229,1,dhs-16
GO:0005997,2,"R08D7.7, dhs-21"
GO:0005998,1,dhs-21
GO:0006006,12,"C50D2.7, Y19D10A.16, dhs-21, gpd-1, gpd-2, gpd-3, gpd-4, gspd-1, hxk-1, hxk-2, hxk-3, mcp-1"
GO:0042732,2,"dhs-21, sqv-1"
GO:0050038,1,dhs-21
GO:0048038,7,"Y9C9A.16, dhs-25, gas-1, mig-38, nduf-2.2, nduf-7, sqrd-1"
GO:0000038,3,"daf-22, dhs-28, pmp-4"
GO:0003857,9,"B0272.3, F54C8.1, dhs-28, ech-1.1, ech-1.2, ech-8, ech-9, hacd-1, maoc-1"
GO:0004300,7,"dhs-28, ech-1.1, ech-1.2, ech-5, ech-6, ech-7, maoc-1"
GO:0006635,35,"B0272.3, C32E8.9, F54C8.1, F58A6.1, Y25C1A.13, acaa-2, acox-1.1, acox-1.2, acox-1.3, acox-1.4, acox-1.5, acox-1.6, acox-3, cpt-1, cpt-2, decr-1.1, decr-1.2, decr-1.3, dhs-28, ech-1.1, ech-1.2, ech-4, ech-5, ech-6, ech-7, ech-8, ech-9, hacd-1, hadb-1, maoc-1, pmp-1, pmp-2, pmp-3, pmp-4, pmp-5"
GO:0006637,15,"C17C3.1, C17C3.3, C31H5.6, C37H5.13, D2021.4, F25E2.3, F57F4.1, K05B2.4, T05E7.1, T07D3.9, T22B7.7, W03D8.8, Y87G2A.2, daf-22, dhs-28"
GO:0048639,2,"daf-22, dhs-28"
GO:1904070,15,"acox-1.1, acox-1.2, acox-1.3, acox-1.4, acox-1.5, acox-3, acs-7, cest-3, cest-7, cest-8, cest-9.1, cest-9.2, daf-22, dhs-28, hsf-1"
GO:0032039,11,"F53H1.4, Y56A3A.31, ints-1, ints-13, ints-2, ints-4, ints-5, ints-6, ints-7, ints-8, ints-9"
GO:0034472,8,"F53H1.4, ints-2, ints-5, ints-6, ints-7, ints-8, ints-9, parn-2"
GO:0061968,4,"die-1, lin-49, lsy-12, lsy-13"
GO:0005471,8,"C47E12.2, F25B4.7, R07E3.4, ant-1.1, ant-1.2, ant-1.3, ant-1.4, dif-1"
GO:0006839,1,dif-1
GO:0015227,1,dif-1
GO:0140021,8,"C47E12.2, F25B4.7, R07E3.4, ant-1.1, ant-1.2, ant-1.3, ant-1.4, dif-1"
GO:1902603,1,dif-1
GO:1902616,1,dif-1
GO:1990544,8,"C47E12.2, F25B4.7, R07E3.4, ant-1.1, ant-1.2, ant-1.3, ant-1.4, dif-1"
GO:0000956,29,"C37H5.14, F07H5.10, F10E7.5, F10E9.4, M01G12.14, M01G12.7, M01G12.9, Y47H10A.3, Y47H10A.4, Y47H10A.5, ain-1, ain-2, dis-3, disl-2, dom-3, eol-1, exos-2, exos-3, exos-4.1, let-711, ncbp-1, ncbp-2, rpb-7, smg-2, smgl-1, smgl-2, ttc-37, xrn-1, xrn-2"
GO:0010467,5,"dis-3, exos-4.1, kpc-1, rpb-2, ttb-1"
GO:0071031,1,dis-3
GO:0005658,5,"T24C4.5, div-1, pola-1, pri-1, pri-2"
GO:0005875,11,"bicd-1, dlc-1, dnc-1, egal-1, lis-1, maph-1.1, maph-1.2, maph-1.3, nud-2, wdr-5.2, wdr-5.3"
GO:0030473,10,"bicd-1, dlc-1, egal-1, klc-1, klc-2, lmn-1, samp-1, unc-116, unc-83, unc-84"
GO:0004385,2,"dlg-1, guk-1"
GO:0016328,11,"dlg-1, glp-1, let-23, lnkn-1, pat-3, sax-7, spc-1, tbcd-1, tln-1, unc-44, unc-70"
GO:0043113,4,"Y57G11C.22, dlg-1, syd-2, unc-104"
GO:0043297,2,"dlg-1, let-413"
GO:0045186,1,dlg-1
GO:0046037,3,"dlg-1, gmps-1, guk-1"
GO:0046710,4,"dlg-1, guk-1, ntp-1, uda-1"
GO:0098839,13,"F35H10.10, dlg-1, glr-1, glr-2, glr-3, glr-4, glr-5, glr-6, lin-7, mgl-2, nmr-2, stg-1, stg-2"
GO:0099072,1,dlg-1
GO:0035371,7,"F54A3.2, dli-1, dnc-1, ebp-1, ebp-2, ebp-3, zyg-9"
GO:0045504,6,"ccep-97, dli-1, dyci-1, dyla-1, wdr-60, xbx-1"
GO:0000165,37,"F09C12.2, Y105C5A.24, dlk-1, dyf-5, flr-4, gck-2, jkk-1, jnk-1, kin-18, lin-45, lit-1, mapk-15, mek-1, mek-2, mek-5, mig-15, mkk-4, mlk-1, mom-4, mpk-1, mpk-2, mtk-1, nsy-1, pkc-1, pmk-1, pmk-2, pmk-3, ptp-2, sek-1, sek-3, sek-4, sek-5, sek-6, sma-5, strd-1, unc-16, unc-43"
GO:0004709,7,"Y105C5A.24, dlk-1, lin-45, mlk-1, mom-4, nsy-1, zak-1"
GO:0038066,8,"dlk-1, mek-1, mkk-4, mlk-1, nsy-1, pmk-1, pmk-3, sek-1"
GO:0045773,6,"dbn-1, dlk-1, unc-5, unc-53, unc-73, zag-1"
GO:0046777,1,dlk-1
GO:0048677,1,dlk-1
GO:0048689,1,dlk-1
GO:0048691,9,"cebp-1, dlk-1, ets-4, ima-3, mak-2, mek-1, mkk-4, mlk-1, pmk-3"
GO:0048841,9,"cebp-1, crml-1, dlk-1, hlh-3, let-756, mak-2, mig-32, pmk-3, rpm-1"
GO:1905868,4,"dlk-1, mak-2, pmk-3, rpm-1"
GO:0017116,7,"dna-2, helq-1, mcm-2, mcm-3, mcm-4, mcm-5, mcm-7"
GO:0043139,5,"F11C3.1, R03D7.2, dna-2, pif-1, twnk-1"
GO:0071932,1,dna-2
GO:0035047,2,"dnc-1, dnc-2"
GO:0000242,5,"bbs-4, car-1, dnc-2, spd-2, sys-1"
GO:0065003,6,"dnj-1, dyf-11, nlf-1, nra-2, nra-4, spg-7"
GO:0034975,4,"dnj-27, dnj-28, dnj-7, ero-1"
GO:0051787,6,"ZK688.5, dnj-20, dnj-27, dnj-28, dnj-7, ebax-1"
GO:0042407,5,"W04C9.2, dnj-9, immt-1, immt-2, moma-1"
GO:0031072,16,"F11F1.1, F44E5.5, K07E8.6, cdc-37, dnj-10, dnj-12, dnj-19, dnj-23, hsp-1, hsp-12.2, hsp-12.3, hsp-3, hsp-4, hsp-6, hsp-70, unc-23"
GO:0006450,3,"Y48C3A.18, Y66D12A.7, dnj-11"
GO:0042026,26,"F11F1.1, F44E5.5, Y55F3BR.6, ZK1128.7, dnj-12, dnj-19, hsp-1, hsp-12.1, hsp-12.2, hsp-12.3, hsp-12.6, hsp-16.11, hsp-16.2, hsp-16.20, hsp-16.21, hsp-16.41, hsp-16.49, hsp-17, hsp-25, hsp-3, hsp-4, hsp-43, hsp-6, hsp-60, hsp-70, sip-1"
GO:0036126,3,"H03A11.2, T08G11.3, dnj-13"
GO:0007269,6,"dnj-14, hipr-1, lin-7, pkc-1, snn-1, unc-64"
GO:0061177,1,dnj-14
GO:1900073,4,"dnj-14, egl-3, fsn-1, inx-16"
GO:0044571,2,"dnj-15, nfs-1"
GO:0051259,3,"best-1, dnj-15, glc-1"
GO:0051604,21,"F11C1.1, F42H10.2, K11G12.6, T12D8.10, Y105E8A.11, Y39B6A.3, Y54G11A.9, ZK616.2, ZK616.3, ciao-1, ciao-2B, cisd-3.1, cisd-3.2, dnj-20, mms-19, nfu-1, poml-1, rom-5, spg-7, tasp-1, tsp-20"
GO:0001405,2,"C34C12.8, dnj-21"
GO:0030150,19,"C34C12.8, F32B4.2, F45G2.8, F53A3.7, F56B3.11, Y94A7B.11, dnj-21, haf-1, romo-1, scpl-4, timm-17B.1, timm-17B.2, timm-23, tin-44, tomm-20, tomm-22, tomm-40, tomm-7, tomm-70"
GO:0000390,3,"dnj-22, mog-7, stip-1"
GO:0005681,80,"C36B1.14, T12A2.21, T23G11.4, Y108G3AL.2, bcas-2, bud-31, cacn-1, car-1, casc-3, cdc-5L, ctnb-1, cus-2, cwc-15, ddx-15, dib-1, dnj-22, emb-4, gkow-1, gut-2, hel-1, icln-1, let-858, lsm-3, lsm-4, lsm-5, lsm-6, lsm-7, lsm-8, mfap-1, mog-1, mog-3, pmlr-1, prp-17, prp-18, prp-19, prp-21, prp-31, prp-38, prp-8, prp-9, prpf-4, rbm-17, rbm-22, repo-1, rnp-2, rnp-3, rsp-8, rsr-1, rsr-2, sacy-1, sap-49, sel-13, sfa-1, sftb-1, skp-1, sluh-7, smi-1, smu-1, smu-2, snr-1, snr-2, snr-3, snr-4, snr-5, snr-6, snr-7, snrp-200, snrp-40.1, snu-13, snu-23, stip-1, syf-1, syf-2, tdrd-3, teg-4, uaf-1, uaf-2, usp-39, yju-2, zfr-1"
GO:0044183,18,"F11F1.1, F44E5.5, K10B2.4, W03F9.1, Y22D7AL.10, dnj-24, hsp-1, hsp-3, hsp-4, hsp-6, hsp-70, lea-1, nud-1, pfd-1, pfd-2, poml-1, ric-3, unc-45"
GO:0072318,1,dnj-25
GO:0015035,20,"F11C1.1, F42H10.2, F56C11.3, Y49E10.4, Y55F3AR.2, ZC334.7, ZK616.2, ZK616.3, ZK973.11, dnj-27, dpy-11, ero-1, glrx-21, glrx-22, pdi-6, png-1, trx-1, trx-2, trx-4, txl-1"
GO:0015036,3,"C35D10.10, dnj-27, dpy-11"
GO:0016671,10,"C02D5.2, F37H8.5, F44E2.6, R07E5.4, W04A4.3, Y18D10A.2, ZK669.2, ZK669.3, dnj-27, pqn-48"
GO:0006614,9,"F21D5.7, F25G6.8, F37F2.2, F38A1.8, ZK512.4, dnj-29, srpa-68, srpa-72, trap-3"
GO:0006620,2,"dnj-29, sgt-1"
GO:0008320,12,"C47G2.3, F32B4.2, dnj-29, sec-61.A, sec-61.G, timm-17B.1, timm-17B.2, timm-23, tomm-20, tomm-22, tomm-40, tomm-70"
GO:0031207,1,dnj-29
GO:0071806,2,"C47G2.3, dnj-29"
GO:0016818,5,"chl-1, dog-1, ndx-7, rtel-1, xpd-1"
GO:0043570,3,"dog-1, msh-2, msh-6"
GO:0090329,2,"dog-1, fcd-2"
GO:1990918,4,"dog-1, fcd-2, scc-2, scc-3"
GO:0034353,10,"C37H5.14, F07H5.10, M01G12.14, M01G12.7, M01G12.9, Y47H10A.3, Y47H10A.4, Y47H10A.5, dom-3, eol-1"
GO:0110152,1,dom-3
GO:0110155,10,"C37H5.14, F07H5.10, M01G12.14, M01G12.7, M01G12.9, Y47H10A.3, Y47H10A.4, Y47H10A.5, dom-3, eol-1"
GO:0001588,1,dop-1
GO:0004993,10,"dop-1, dop-2, dop-4, dop-6, octr-1, ser-1, ser-4, ser-6, ser-7, tyra-3"
GO:0007187,16,"dop-1, dop-2, dop-4, dop-5, dop-6, gar-1, gar-2, gar-3, octr-1, ser-1, ser-3, ser-4, ser-6, ser-7, tag-89, tyra-3"
GO:0007191,4,"dop-1, dop-4, gpa-17, gsa-1"
GO:0030594,13,"dop-1, dop-2, dop-4, dop-5, dop-6, octr-1, ser-1, ser-3, ser-4, ser-6, ser-7, tag-89, tyra-3"
GO:0051379,1,dop-1
GO:0051380,1,dop-1
GO:0098664,7,"dop-1, dop-2, dop-6, ser-1, ser-6, ser-7, tyra-3"
GO:0001591,2,"dop-2, dop-3"
GO:0033602,1,dop-2
GO:0034608,8,"dop-2, dop-3, kin-10, kin-3, lov-1, pkd-2, rcan-1, tax-6"
GO:1902435,7,"dmd-3, dop-2, ebax-1, lov-1, mab-23, pkd-2, unc-7"
GO:1902847,3,"bpnt-1, dop-2, unc-7"
GO:0008239,14,"C26B9.5, F19C7.2, F19C7.4, F56F10.1, K12H4.7, dpf-1, dpf-2, dpf-3, dpt-1, pcp-1, pcp-2, pcp-3, pcp-4, pcp-5"
GO:0035189,4,"dpl-1, efl-1, efl-2, lin-35"
GO:0045787,4,"dpl-1, hmg-3, hmg-4, spt-16"
GO:0046599,2,"dpl-1, efl-1"
GO:0070176,8,"dpl-1, efl-1, lin-35, lin-37, lin-52, lin-53, lin-54, lin-9"
GO:0060108,1,dpy-7
GO:0003756,15,"C14B9.2, F35G2.1, F47B7.2, M04D5.1, T10H10.2, Y49E10.4, crld-1, dpy-11, erp-44.1, erp-44.2, erp-44.3, pdi-1, pdi-2, pdi-3, pdi-6"
GO:0004656,6,"C14E2.4, Y43F8B.19, dpy-18, phy-2, phy-3, phy-4"
GO:0031418,11,"C14E2.4, C17G10.1, Y43F8B.19, ZK550.6, dpy-18, egl-9, let-268, phy-2, phy-3, phy-4, phyh-1"
GO:0031545,5,"dpy-18, egl-9, pdi-2, phy-2, phy-4"
GO:0051213,38,"B0564.2, C14E2.4, C17G10.1, F42F12.4, F42G2.7, T01D1.4, Y105C5B.9, Y43F8B.19, Y50D4C.6, ZK550.6, alkb-1, alkb-8, cdo-1, dpy-18, dpy-21, egl-9, gbh-1, gbh-2, haao-1, hgo-1, hpd-1, jhdm-1, jmjc-1, jmjd-1.1, jmjd-1.2, jmjd-2, jmjd-3.1, jmjd-3.3, let-268, nmad-1, phy-2, phy-3, phy-4, phyh-1, psr-1, rbr-2, tdo-2, utx-1"
GO:0000030,7,"F32D1.3, F38B6.6, algn-1, algn-3, dpy-19, pigm-1, pigv-1"
GO:0018103,1,dpy-19
GO:0000805,11,"capg-1, dpy-21, dpy-26, dpy-27, dpy-28, him-8, mes-4, mix-1, sdc-1, sdc-2, sdc-3"
GO:0035575,1,dpy-21
GO:0050767,10,"dpy-23, hlh-14, hlh-25, hlh-26, hlh-27, lin-22, lin-52, lin-9, rba-1, ref-1"
GO:0061357,2,"dpy-23, mig-14"
GO:1990075,40,"Y19D10A.17, clic-1, dpy-23, dyn-1, odr-10, osta-1, rab-28, rab-5, rpi-2, srbc-48, srbc-49, srbc-50, srbc-51, srbc-54, srbc-55, srbc-56, srbc-57, srbc-58, srbc-59, srbc-60, srbc-61, srbc-62, srbc-63, srbc-64, srbc-65, srbc-66, srbc-67, srbc-68, srbc-70, srbc-71, srbc-75, srbc-76, srbc-77, srbc-78, srbc-79, srbc-82, srbc-83, srbc-84, tram-1, tub-1"
GO:0000228,9,"athp-2, dpy-26, dpy-27, mes-4, orc-2, sdc-1, sdc-2, snfc-5, spo-11"
GO:0000796,10,"capg-1, capg-2, ccep-290, dpy-26, dpy-27, dpy-28, hcp-6, kle-2, mix-1, smc-4"
GO:0042464,16,"capg-1, dpy-26, dpy-27, dpy-28, dpy-30, fox-1, lin-28, mes-4, mix-1, sdc-1, sdc-2, sdc-3, sea-1, sea-2, sex-1, xol-1"
GO:0046536,5,"capg-1, dpy-26, dpy-27, dpy-28, mix-1"
GO:0010032,6,"dpy-28, hcp-6, kle-2, klp-19, nmad-1, rad-51"
GO:0045128,1,dpy-28
GO:0008078,10,"dre-1, ina-1, mig-10, mig-2, unc-39, unc-5, unc-53, unc-6, unc-73, vab-8"
GO:0016251,20,"B0336.13, drap-1, dro-1, gtf-2A2, gtf-2F1, taf-1, taf-10, taf-11.1, taf-11.2, taf-11.3, taf-2, taf-4, taf-5, taf-6.1, taf-6.2, taf-7.1, taf-7.2, taf-9, tbp-1, ttb-1"
GO:0017054,2,"drap-1, dro-1"
GO:0051123,14,"B0336.13, dro-1, gtf-2A2, taf-1, taf-11.1, taf-11.2, taf-11.3, taf-12, taf-6.1, taf-6.2, taf-7.1, taf-7.2, taf-9, ttb-1"
GO:0140223,2,"dro-1, tlf-1"
GO:0000266,8,"F11C1.7, drp-1, fis-1, fis-2, mff-1, mff-2, mtp-18, slc-25A46"
GO:0008637,3,"drp-1, egl-1, hsp-60"
GO:0016559,5,"drp-1, eat-3, fis-1, fis-2, prx-11"
GO:0004815,2,"dars-1, dars-2"
GO:0006422,2,"dars-1, dars-2"
GO:0017101,6,"dars-1, ears-1, kars-1, mars-1, pars-1, qars-1"
GO:0005548,4,"Y54F10AR.1, Y71G12B.17, dsc-4, pitp-1"
GO:0015914,13,"Y54F10AR.1, Y71G12B.17, dsc-4, num-1, pitp-1, prel-1, prel-3, tat-1, tat-2, tat-3, tat-4, tat-5, tat-6"
GO:0034377,1,dsc-4
GO:0042157,4,"F07F6.7, F07F6.8, dsc-4, lea-1"
GO:0042953,2,"dsc-4, unc-119"
GO:0120009,9,"K08E4.2, Y54F10AR.1, Y71G12B.17, Y82E9BR.14, dsc-4, pitp-1, prel-1, prel-3, tag-296"
GO:0120013,4,"K08E4.2, Y82E9BR.14, dsc-4, tag-296"
GO:0003002,4,"Y46G5A.29, dsh-1, dsh-2, mig-5"
GO:0048646,5,"dsh-1, dsh-2, mig-5, sem-4, src-1"
GO:0048730,11,"alr-1, dsh-1, dsh-2, eps-8, gpn-1, kal-1, mig-5, sdn-1, vab-10, vab-2, vab-23"
GO:0060069,8,"dsh-1, dsh-2, gsk-3, kin-19, mig-14, mig-5, mom-1, mom-5"
GO:0048546,4,"dsh-2, egl-15, eps-8, vang-1"
GO:0005277,4,"dyb-1, snf-6, stn-1, unc-17"
GO:0007529,3,"dyb-1, lin-46, moc-1"
GO:0007626,22,"dop-3, dyb-1, dyc-1, dys-1, fax-1, flp-1, flp-9, lite-1, lnp-1, myo-3, nmr-1, pdfr-1, prmt-5, seb-3, snt-1, syd-2, unc-10, unc-2, unc-31, unc-49, unc-98, vab-15"
GO:0015870,6,"dyb-1, dys-1, snf-6, stn-1, unc-17, unc-26"
GO:0016014,2,"dyb-1, dys-1"
GO:0032224,8,"dyb-1, dys-1, molo-1, nca-2, ric-3, unc-10, unc-75, unc-77"
GO:0050804,17,"cpx-1, dlgr-1, dyb-1, dys-1, eat-16, glr-1, glr-2, glr-3, glr-4, glr-5, glr-6, glr-7, hpo-9, nlg-1, nmr-2, pdr-1, slo-1"
GO:0008307,5,"dyc-1, myo-1, pat-10, unc-54, unc-82"
GO:0030235,1,dyc-1
GO:0050998,1,dyc-1
GO:0005879,7,"H03A11.2, T08G11.3, cfap-20, dyf-1, rpi-1, tba-5, tbb-4"
GO:0018095,3,"dyf-1, ttll-11, ttll-4"
GO:0072659,13,"D1069.3, ccd-5, dhhc-3, dyf-1, efr-3, magu-2, nrfl-1, pacs-1, pkc-3, rme-1, tsp-12, tsp-20, ttc-7"
GO:0120170,2,"dyf-1, dyf-13"
GO:0004707,13,"F09C12.2, dyf-5, jnk-1, kgb-1, kgb-2, lit-1, mapk-15, mpk-1, mpk-2, pmk-1, pmk-2, pmk-3, sma-5"
GO:1902856,3,"dyf-5, kap-1, osm-3"
GO:1902857,3,"dyf-5, kap-1, osm-3"
GO:0120025,4,"aak-2, dyf-6, hum-4, nab-1"
GO:0003391,3,"dex-1, dyf-7, grdn-1"
GO:1990138,1,dyf-7
GO:0048513,13,"cdh-1, dex-1, dyf-11, emb-9, ina-1, let-2, lin-12, mpk-1, pat-2, pat-3, sem-4, swsn-4, unc-52"
GO:0055088,14,"B0524.2, D1054.1, D2023.6, abhd-5.1, abhd-5.2, atgl-1, cebp-1, ceh-60, dyf-11, fitm-2, lid-1, lipl-5, unc-62, xbp-1"
GO:0070507,8,"C44H4.6, atat-2, bicd-1, dyf-11, efa-6, gsk-3, gskl-1, mec-17"
GO:0035735,3,"dyf-13, ift-74, xbx-1"
GO:0016185,2,"dyn-1, unc-26"
GO:0031143,39,"C09H5.7, C36H8.1, F25B3.4, F52H3.6, T16G12.7, Y116A8A.2, Y116A8A.7, Y48B6A.5, Y50E8A.2, Y53C10A.15, Y59E9AR.7, Y59H11AM.1, ZK1248.17, ZK1248.4, ZK354.9, dyn-1, epn-1, gskl-1, gsp-3, gsp-4, msd-4, msp-152, msp-3, msp-32, msp-33, msp-38, msp-49, msp-57, msp-58, msp-63, msp-65, msp-76, msp-78, msp-79, piki-1, pph-1, shn-1, spe-47, spe-9"
GO:0090386,9,"ccz-1, dyn-1, lst-4, piki-1, rab-5, sand-1, snx-1, snx-6, vps-34"
GO:0043056,3,"dys-1, glr-1, kvs-1"
GO:0001725,7,"ZK1321.4, alp-1, dnc-4, lim-8, nab-1, unc-87, zyx-1"
GO:0031941,5,"ZK1321.4, alp-1, exc-6, mig-10, mlc-4"
GO:0032432,1,alp-1
GO:0045178,6,"alp-1, kqt-3, maa-1, myrf-1, nid-1, par-3"
GO:0051371,2,"ZK1321.4, alp-1"
GO:0061061,5,"ZK1321.4, alp-1, ltd-1, pxl-1, sem-4"
GO:0048609,1,eat-2
GO:0000303,9,"eat-3, frh-1, gcs-1, gsr-1, gsto-1, pmk-1, rad-8, sek-1, skn-1"
GO:0008053,3,"eat-3, fzo-1, miga-1"
GO:0035264,17,"cutc-1, eat-3, elo-2, fat-3, gon-14, haf-4, haf-9, hil-1, hrdl-1, ift-74, ift-81, lon-8, marc-6, mboa-7, nekl-3, sel-11, trpp-3"
GO:0005313,12,"K02F3.2, eat-4, glt-1, glt-3, glt-4, glt-5, glt-6, glt-7, slc-25A18.1, slc-25A18.2, vglu-2, vglu-3"
GO:0005326,3,"eat-4, vglu-2, vglu-3"
GO:0008344,9,"eat-4, glr-1, hpo-9, mak-1, nipa-1, rab-6.2, sol-1, stg-2, unc-22"
GO:0009612,17,"eat-4, egl-3, glr-1, lin-10, mec-1, mec-10, mec-12, mec-2, mec-3, mec-4, mec-5, mec-6, mec-7, mec-9, osm-9, pezo-1, unc-86"
GO:0015501,7,"eat-4, glt-1, glt-3, glt-4, glt-5, glt-6, glt-7"
GO:0015813,12,"K02F3.2, eat-4, glt-1, glt-3, glt-4, glt-5, glt-6, glt-7, slc-25A18.1, slc-25A18.2, vglu-2, vglu-3"
GO:0035249,12,"eat-4, glr-1, glr-2, glr-3, glr-4, glr-5, glr-6, glr-7, nmr-2, unc-13, vglu-2, vglu-3"
GO:0050803,7,"eat-4, lnp-1, syd-2, unc-37, unc-4, vglu-2, vglu-3"
GO:0061096,7,"eat-4, egl-3, flp-10, flp-12, flp-20, flp-8, mec-4"
GO:0098700,4,"eat-4, unc-47, vglu-2, vglu-3"
GO:1905852,4,"eat-4, egl-3, glr-1, lin-10"
GO:0055077,16,"eat-5, inx-10, inx-11, inx-12, inx-14, inx-16, inx-17, inx-19, inx-2, inx-3, inx-5, inx-6, inx-7, inx-8, unc-7, unc-9"
GO:0005391,5,"catp-1, catp-2, catp-3, catp-4, eat-6"
GO:0006813,58,"catp-4, eat-6, egl-2, egl-36, exp-1, exp-2, haf-6, irk-1, irk-2, irk-3, kcc-2, kcc-3, kcnl-1, kcnl-2, kcnl-3, kcnl-4, kqt-1, kqt-2, kqt-3, kvs-1, kvs-2, kvs-3, kvs-4, kvs-5, mec-10, mec-2, mec-4, mec-6, nkb-1, nkb-2, nkb-3, shk-1, shl-1, shw-1, shw-3, slo-1, slo-2, sup-10, sup-18, sup-9, tax-4, tric-1B.1, tric-1B.2, twk-12, twk-14, twk-16, twk-17, twk-18, twk-20, twk-26, twk-28, twk-46, twk-48, twk-7, twk-8, twk-9, unc-103, unc-93"
GO:0006883,8,"catp-1, catp-2, catp-3, catp-4, eat-6, nkb-1, nkb-2, nkb-3"
GO:0008556,2,"catp-4, eat-6"
GO:0010248,5,"catp-1, catp-2, catp-3, catp-4, eat-6"
GO:0015081,1,eat-6
GO:0030007,8,"catp-1, catp-2, catp-3, catp-4, eat-6, nkb-1, nkb-2, nkb-3"
GO:0036376,9,"M02D8.3, catp-1, catp-2, catp-3, catp-4, eat-6, nkb-1, nkb-2, nkb-3"
GO:1990573,17,"B0303.11, F10E7.9, catp-1, catp-2, catp-3, catp-4, eat-6, irk-1, irk-2, irk-3, kcc-1, kcc-2, kcc-3, nkb-1, nkb-2, nkb-3, nkcc-1"
GO:0008277,9,"dhhc-3, eat-16, egl-10, git-1, gpb-2, gpr-1, gpr-2, irk-1, lin-5"
GO:0009968,15,"F39B2.5, eat-16, egl-10, hecd-1, lin-52, rgs-1, rgs-10, rgs-11, rgs-2, rgs-3, rgs-5, rgs-6, rgs-7, rgs-9, rsbp-1"
GO:0030845,1,eat-16
GO:1904014,6,"abts-1, eat-16, egl-3, emb-9, flp-1, goa-1"
GO:0004084,2,"Y44A6D.5, bcat-1"
GO:0006550,1,bcat-1
GO:0006552,5,"Y71G12B.10, acdh-6, bcat-1, ivd-1, mccc-2"
GO:0008483,20,"C32F10.8, F26H9.5, T04F3.1, T09B4.8, T25B9.1, Y44A6D.5, agxt-1, bcat-1, eppl-1, gcst-1, gfat-1, gfat-2, got-1.2, got-2.1, got-2.2, gta-1, nkat-1, nkat-3, oatr-1, tatn-1"
GO:0008652,25,"C01G10.9, F26H9.5, F42F12.4, F58H1.3, F59A7.7, M18.3, W07E11.1, Y44A6D.5, Y62E10A.13, ZC373.5, alh-13, asns-1, asns-2, bcat-1, cbs-1, cbs-2, cth-2, cysl-1, cysl-2, cysl-3, cysl-4, metr-1, mtrr-1, pycr-1, pycr-4"
GO:0009081,2,"Y44A6D.5, bcat-1"
GO:0009082,2,"Y44A6D.5, bcat-1"
GO:0009098,2,"Y44A6D.5, bcat-1"
GO:0009099,3,"T26C12.1, Y44A6D.5, bcat-1"
GO:0052654,2,"Y44A6D.5, bcat-1"
GO:0052655,2,"Y44A6D.5, bcat-1"
GO:0052656,2,"Y44A6D.5, bcat-1"
GO:0016507,3,"ech-1.1, ech-1.2, hadb-1"
GO:0016509,2,"ech-1.1, ech-1.2"
GO:0070403,14,"B0272.3, F21C10.10, F54C8.1, Y71F9B.9, ech-1.1, ech-1.2, ech-8, ech-9, hacd-1, sir-2.1, sir-2.2, sir-2.3, sir-2.4, sqv-1"
GO:0000062,12,"F54D5.7, Y41E3.7, acbp-1, acbp-3, acbp-4, acbp-5, acbp-6, acbp-7, acbp-8, acdh-12, ech-4, maa-1"
GO:0004165,1,ech-4
GO:0018812,4,"R10E4.9, ech-6, hpo-8, maoc-1"
GO:0000768,3,"C26D10.7, aff-1, eff-1"
GO:0090597,26,"eff-1, grd-1, grd-2, grd-8, grd-9, hpl-2, mab-20, mab-21, mab-5, pdi-3, plx-1, ptr-1, ptr-18, ptr-2, ptr-20, ptr-23, ptr-4, qua-1, sin-3, sma-2, sma-3, smp-1, smp-2, vab-3, wrt-1, wrt-4"
GO:0140253,2,"eff-1, lin-29"
GO:0140522,1,eff-1
GO:1990392,1,eff-1
GO:0004686,1,efk-1
GO:0031037,1,efk-1
GO:0046875,5,"efn-2, efn-3, efn-4, vab-2, vpr-1"
GO:0048013,7,"efn-2, efn-3, efn-4, nck-1, stam-1, vab-1, vab-2"
GO:0042074,6,"efn-4, gad-1, hmp-1, hmp-2, hmr-1, sax-7"
GO:0098552,10,"F13H10.5, drag-1, efn-4, gpn-1, lon-2, phg-1, pho-1, rig-3, rig-6, sma-10"
GO:1902667,12,"ebax-1, efn-4, hst-2, lad-2, mab-20, plx-2, pxn-1, slt-1, sup-17, ttx-3, unc-6, vab-1"
GO:0008380,107,"C36B1.14, F28C1.1, T12A2.21, Y108G3AL.2, ZK1307.9, acin-1, asd-2, bcas-2, bud-31, car-1, casc-3, cdc-5L, cus-2, cwc-15, ddx-15, ddx-23, dib-1, eftu-2, emb-4, gut-2, hel-1, hpl-2, let-858, lsm-3, lsm-4, lsm-5, lsm-6, lsm-7, lsm-8, mag-1, mfap-1, mog-1, mog-3, mog-4, mog-5, ncbp-1, ncbp-2, pmlr-1, pnn-1, prp-17, prp-18, prp-19, prp-21, prp-3, prp-31, prp-38, prp-39, prp-6, prp-8, prp-9, prpf-4, rbm-17, rbm-22, repo-1, rha-1, rnp-2, rnp-3, rnp-4, rnp-5, rnp-6, rsp-1, rsp-2, rsp-3, rsp-4, rsp-5, rsp-6, rsp-7, rsr-2, sap-49, sart-3, sde-2, sfa-1, sftb-1, sftb-6, sluh-7, smi-1, smn-1, smu-1, smu-2, snr-1, snr-2, snr-3, snr-4, snr-5, snr-6, snr-7, snrp-200, snrp-27, snrp-40.1, snrp-40.2, snu-13, snu-66, stip-1, sup-12, swp-1, syf-1, syf-2, syf-3, sym-2, tdp-1, tdrd-3, teg-4, uaf-1, uaf-2, usp-39, wbp-4, yju-2"
GO:0030623,2,"eftu-2, prp-8"
GO:0046540,19,"dib-1, eftu-2, gut-2, lsm-3, lsm-4, lsm-5, lsm-6, lsm-8, prp-18, prp-3, prp-31, prp-4, prp-6, snr-2, snr-4, snr-6, snu-13, snu-23, snu-66"
GO:0071007,4,"eftu-2, rbm-22, syf-1, syf-3"
GO:0031334,2,"egl-1, wrm-1"
GO:0005249,18,"egl-2, egl-36, exp-2, kqt-1, kqt-2, kqt-3, kvs-1, kvs-2, kvs-3, kvs-4, kvs-5, shk-1, shl-1, shw-1, shw-3, slo-1, tax-4, unc-103"
GO:0005267,67,"B0310.1, egl-2, egl-23, egl-36, exp-2, kqt-1, kqt-3, kvs-1, kvs-2, kvs-3, kvs-4, kvs-5, shk-1, shl-1, shw-1, shw-3, slo-1, slo-2, sup-9, tric-1B.1, tric-1B.2, twk-1, twk-10, twk-11, twk-12, twk-13, twk-14, twk-16, twk-17, twk-18, twk-2, twk-20, twk-21, twk-22, twk-23, twk-24, twk-25, twk-26, twk-28, twk-29, twk-3, twk-30, twk-31, twk-32, twk-33, twk-34, twk-35, twk-36, twk-37, twk-39, twk-4, twk-40, twk-42, twk-43, twk-44, twk-45, twk-46, twk-47, twk-48, twk-49, twk-5, twk-6, twk-7, twk-8, twk-9, unc-103, unc-58"
GO:0006936,26,"egl-2, fat-3, gon-14, hcp-2, itr-1, jph-1, lev-11, mup-2, myo-1, myo-2, myo-3, myo-5, myo-6, nmy-3, pat-10, tni-1, tni-3, tni-4, tnt-2, tnt-3, tnt-4, twk-18, unc-26, unc-27, unc-54, unc-58"
GO:0008076,16,"egl-2, egl-36, exp-2, kqt-1, kqt-2, kqt-3, kvs-1, kvs-2, kvs-3, kvs-4, kvs-5, mps-1, shk-1, shl-1, shw-1, shw-3"
GO:0031528,5,"arl-13, egl-2, gcy-18, gcy-8, nrfl-1"
GO:0071805,89,"B0310.1, T04B8.5, egl-2, egl-23, egl-36, exp-2, irk-2, irk-3, kcc-1, kcc-2, kcnl-1, kcnl-2, kcnl-3, kcnl-4, kqt-1, kqt-3, kvs-1, kvs-2, kvs-3, kvs-4, kvs-5, ncx-4, ncx-5, nhx-1, nhx-2, nhx-3, nhx-4, nhx-5, nhx-6, nhx-8, nhx-9, pbo-4, shk-1, shl-1, shw-1, shw-3, slo-1, slo-2, sup-9, tax-4, tric-1B.1, tric-1B.2, twk-1, twk-10, twk-11, twk-12, twk-13, twk-14, twk-16, twk-17, twk-18, twk-2, twk-20, twk-21, twk-22, twk-23, twk-24, twk-25, twk-26, twk-28, twk-29, twk-3, twk-30, twk-31, twk-32, twk-33, twk-34, twk-35, twk-36, twk-37, twk-39, twk-4, twk-40, twk-42, twk-43, twk-44, twk-45, twk-46, twk-47, twk-48, twk-49, twk-5, twk-6, twk-7, twk-8, twk-9, unc-103, unc-36, unc-58"
GO:0016486,2,"egl-3, kpc-1"
GO:0030070,2,"egl-3, kpc-1"
GO:0030537,1,egl-3
GO:0060456,2,"egl-21, egl-3"
GO:0090472,1,egl-3
GO:0090474,1,egl-3
GO:0098770,1,egl-3
GO:1905850,2,"egl-3, glr-1"
GO:1905954,1,egl-3
GO:0004692,2,"egl-4, pkg-2"
GO:0030308,2,"egl-4, sax-1"
GO:0043577,1,egl-4
GO:0046621,1,egl-4
GO:0050849,1,egl-4
GO:0050913,9,"egl-4, gcy-27, gcy-33, gcy-34, glr-1, gpa-3, odr-1, rgs-1, rgs-3"
GO:0097305,1,egl-4
GO:1905959,1,egl-4
GO:1990834,15,"dop-3, egl-4, hot-1, hot-2, hot-3, hot-4, hot-5, hot-8, hot-9, hsf-1, odr-2, odr-3, odr-4, prmt-5, tph-1"
GO:0061525,1,egl-5
GO:0008528,158,"AH9.4, C25F9.13, C29F9.8, F09C6.16, F38E1.6, F40A3.7, K01A6.6, K03H6.1, K03H6.5, M01G12.16, M03F8.7, T26H8.4, T26H8.5, T27C5.10, Y70C5A.4, Y75B12B.10, ZC266.1, daf-38, dmsr-1, dmsr-10, dmsr-11, dmsr-12, dmsr-13, dmsr-14, dmsr-15, dmsr-16, dmsr-2, dmsr-3, dmsr-4, dmsr-5, dmsr-6, dmsr-7, dmsr-8, dmsr-9, egl-6, fshr-1, gnrr-2, gnrr-3, gnrr-5, gnrr-6, npr-14, npr-21, npr-27, npr-38, pdfr-1, seb-3, sprr-1, sprr-2, sprr-3, sqr-1, srw-1, srw-10, srw-100, srw-101, srw-102, srw-103, srw-107, srw-108, srw-109, srw-11, srw-111, srw-112, srw-113, srw-115, srw-117, srw-118, srw-119, srw-12, srw-120, srw-121, srw-122, srw-123, srw-124, srw-127, srw-129, srw-13, srw-130, srw-133, srw-134, srw-135, srw-136, srw-137, srw-138, srw-139, srw-14, srw-140, srw-141, srw-142, srw-143, srw-144, srw-145, srw-15, srw-16, srw-17, srw-19, srw-2, srw-20, srw-21, srw-22, srw-23, srw-24, srw-26, srw-29, srw-3, srw-31, srw-32, srw-33, srw-34, srw-35, srw-36, srw-38, srw-39, srw-4, srw-40, srw-41, srw-42, srw-43, srw-44, srw-48, srw-51, srw-53, srw-54, srw-55, srw-56, srw-57, srw-59, srw-6, srw-60, srw-61, srw-62, srw-63, srw-66, srw-67, srw-68, srw-69, srw-7, srw-71, srw-72, srw-73, srw-76, srw-77, srw-79, srw-8, srw-82, srw-83, srw-84, srw-85, srw-87, srw-88, srw-89, srw-9, srw-90, srw-91, srw-94, srw-95, srw-97, srw-98, srw-99"
GO:1901045,3,"egl-6, flp-10, flp-17"
GO:0004435,6,"egl-8, plc-1, plc-2, plc-3, plc-4, pll-1"
GO:0016042,65,"B0524.2, C03H5.4, C07E3.9, C29E4.10, C45B2.6, D1054.1, F09B12.3, F09G2.8, F13H10.5, Y37D8A.2, Y54F10AM.8, Y55D5A.3, Y69A2AL.2, abhd-5.2, atgl-1, dagl-2, egl-8, faah-1, faah-2, faah-4, fil-1, fil-2, hosl-1, ipla-2, ipla-3, ipla-4, ipla-5, ipla-6, ipla-7, lid-1, lipl-1, lipl-2, lipl-3, lipl-4, lipl-5, lipl-7, lipl-8, lips-1, lips-10, lips-11, lips-12, lips-13, lips-15, lips-17, lips-2, lips-3, lips-5, lips-6, lips-7, lips-8, lips-9, nape-1, nape-2, nte-1, nte-2, paf-1, paf-2, pcca-1, plc-1, plc-2, plc-3, plc-4, pld-1, pll-1, txt-8"
GO:0046488,12,"bus-18, egl-8, inpp-5K, ipla-1, mtm-6, plc-1, plc-2, plc-3, pll-1, ppk-1, ppk-2, ppk-3"
GO:0048680,16,"Y47G6A.5, ddr-1, ddr-2, egl-30, egl-8, emb-9, faah-1, mlk-1, pat-3, phip-1, shc-1, sqv-3, svh-11, svh-2, tns-1, tpa-1"
GO:0051209,6,"egl-8, itr-1, plc-1, plc-2, plc-3, pll-1"
GO:0008198,10,"F02E9.7, alkb-1, cdo-1, dph-3, egl-9, frh-1, ftn-1, ftn-2, haao-1, iscu-1"
GO:0031543,2,"C17G10.1, egl-9"
GO:0071456,2,"egl-9, hif-1"
GO:0160082,1,egl-9
GO:0007622,3,"egl-10, itr-1, shn-1"
GO:0048664,5,"ast-1, dmd-3, egl-13, mab-23, ztf-11"
GO:0007517,18,"egl-15, emb-9, frg-1, hlh-1, hnd-1, let-60, mlc-1, ptp-2, sem-5, sgcb-1, soc-2, unc-105, unc-112, unc-120, unc-45, unc-52, unc-97, unc-98"
GO:0008543,6,"egl-15, egl-17, let-756, rog-1, soc-2, unc-52"
GO:0031344,5,"egl-15, let-60, ptp-2, sem-5, soc-2"
GO:0005104,3,"egl-17, let-756, rog-1"
GO:0005105,1,egl-17
GO:0005111,1,egl-17
GO:0061025,10,"egl-18, fer-1, sec-20, spe-10, syx-3, syx-6, ubxn-2, use-1, uso-1, ykt-6"
GO:0006942,2,"egl-19, unc-104"
GO:0035545,11,"calf-1, egl-19, inx-19, mig-21, nsy-1, nsy-4, nsy-7, rig-6, sek-1, unc-2, unc-40"
GO:0042045,2,"egl-19, unc-2"
GO:0045989,6,"egl-19, pbo-4, pbo-5, ttn-1, unc-22, unc-89"
GO:0050906,7,"egl-19, glr-8, ift-74, ift-81, pef-1, tmc-1, unc-2"
GO:1905484,2,"egl-20, vab-8"
GO:1905809,1,egl-20
GO:0004180,25,"F02D8.4, T06A4.1, T06A4.3, W01A8.6, Y16B4A.2, Y18H1A.9, Y32F6A.5, Y47G6A.19, Y59C2A.1, ZC434.9, ccpp-1, ccpp-6, cpd-1, cpd-2, ctsa-1.1, ctsa-1.2, ctsa-2, ctsa-3.1, ctsa-3.2, ctsa-4.1, ctsa-4.2, egl-21, gcp-2.1, gcp-2.2, suro-1"
GO:0004181,15,"F02D8.4, T06A4.1, T06A4.3, W01A8.6, Y18H1A.9, Y47G6A.19, Y59C2A.1, ZC434.9, ccpp-1, ccpp-6, cpd-1, cpd-2, egl-21, gcp-2.1, suro-1"
GO:0006518,8,"Y67H2A.7, cpd-1, cpd-2, eelo-2, egl-21, pamn-1, pgal-1, pghm-1"
GO:0014055,2,"egl-21, fat-3"
GO:0071244,6,"egl-21, flp-16, hid-1, nlp-1, nlp-14, unc-31"
GO:1903745,6,"egl-21, flp-16, hid-1, nlp-1, nlp-14, unc-31"
GO:0015271,51,"B0310.1, egl-23, kqt-2, kqt-3, slo-2, sup-9, twk-1, twk-10, twk-11, twk-12, twk-13, twk-14, twk-16, twk-17, twk-18, twk-2, twk-20, twk-21, twk-22, twk-23, twk-24, twk-25, twk-26, twk-28, twk-29, twk-3, twk-30, twk-31, twk-32, twk-33, twk-34, twk-35, twk-36, twk-37, twk-39, twk-4, twk-40, twk-42, twk-43, twk-44, twk-45, twk-46, twk-47, twk-48, twk-49, twk-5, twk-6, twk-7, twk-8, twk-9, unc-58"
GO:0022841,48,"B0310.1, egl-23, sup-9, twk-1, twk-10, twk-11, twk-12, twk-13, twk-14, twk-16, twk-17, twk-18, twk-2, twk-20, twk-21, twk-22, twk-23, twk-24, twk-25, twk-26, twk-28, twk-29, twk-3, twk-30, twk-31, twk-32, twk-33, twk-34, twk-35, twk-36, twk-37, twk-39, twk-4, twk-40, twk-42, twk-43, twk-44, twk-45, twk-46, twk-47, twk-48, twk-49, twk-5, twk-6, twk-7, twk-8, twk-9, unc-58"
GO:0002253,3,"dkf-1, egl-30, plc-1"
GO:0005834,25,"egl-30, goa-1, gpa-1, gpa-10, gpa-11, gpa-12, gpa-13, gpa-14, gpa-15, gpa-16, gpa-17, gpa-18, gpa-2, gpa-3, gpa-4, gpa-5, gpa-6, gpa-7, gpa-8, gpb-1, gpb-2, gpc-1, gpc-2, gsa-1, odr-3"
GO:0019001,22,"egl-30, goa-1, gpa-1, gpa-10, gpa-11, gpa-12, gpa-13, gpa-14, gpa-15, gpa-16, gpa-17, gpa-18, gpa-2, gpa-3, gpa-4, gpa-5, gpa-6, gpa-7, gpa-8, gpa-9, gsa-1, odr-3"
GO:0031683,22,"egl-30, goa-1, gpa-1, gpa-10, gpa-11, gpa-12, gpa-13, gpa-14, gpa-15, gpa-16, gpa-17, gpa-18, gpa-2, gpa-3, gpa-4, gpa-5, gpa-6, gpa-7, gpa-8, gpa-9, gsa-1, odr-3"
GO:0042307,4,"dkf-1, egl-30, plc-1, ulp-4"
GO:0060158,1,egl-30
GO:1902474,5,"egl-30, gar-3, gex-3, unc-73, wve-1"
GO:0005244,3,"egl-36, shw-1, shw-3"
GO:0005251,5,"egl-36, shk-1, shw-1, shw-3, unc-36"
GO:0043679,4,"egl-36, shw-1, shw-3, unc-16"
GO:0051260,50,"B0281.5, B0281.6, C17F4.8, C40A11.2, C40A11.3, C40A11.4, C40A11.6, C40A11.7, F18A11.5, F22E5.11, F22E5.12, F22E5.6, F22E5.8, F46G10.1, F47D12.3, F49H12.3, F59F3.6, K02F6.5, K02F6.8, T05E12.3, T08G3.13, T23B12.6, T23G5.3, VM106R.1, ZC239.13, ZC239.14, ZC239.15, ZC239.16, ZC239.17, ZC239.3, ZC239.4, ZC239.5, ZC239.6, agns-1, atln-1, atln-2, egl-36, exp-2, inso-1, kvs-1, kvs-2, kvs-3, kvs-4, kvs-5, mcu-1, sdz-35, shk-1, shl-1, shw-1, shw-3"
GO:0060065,3,"egl-38, let-23, skp-1"
GO:0031536,2,"egl-44, egl-46"
GO:0035329,5,"egl-44, mob-1, sav-1, wts-1, yap-1"
GO:0106027,3,"egl-44, egl-46, mec-3"
GO:0001732,13,"C37C3.2, cif-1, egl-45, eif-3.B, eif-3.C, eif-3.D, eif-3.E, eif-3.F, eif-3.G, eif-3.H, eif-3.I, eif-3.K, eif-3.L"
GO:0002183,19,"F57B9.3, Y47D3A.21, cif-1, egl-45, eif-2Balpha, eif-2Bdelta, eif-2Bgamma, eif-2beta, eif-3.B, eif-3.C, eif-3.D, eif-3.E, eif-3.F, eif-3.G, eif-3.H, eif-3.I, eif-3.K, eif-3.L, inf-1"
GO:0002188,3,"C11D2.7, Y47D3A.21, egl-45"
GO:0003743,53,"C03H5.5, C37C3.18, C37C3.2, D2092.8, F40D4.13, F46B6.6, F49E2.5, F57B9.3, R07E5.6, T04C4.3, T04F8.8, Y47D3A.21, Y48E1C.1, Y55F3C.17, Y76B12C.4, ZC443.3, ZK856.11, cif-1, egl-45, eif-1, eif-1.A, eif-2A, eif-2Balpha, eif-2Bbeta, eif-2Bdelta, eif-2Bepsilon, eif-2Bgamma, eif-2D, eif-2alpha, eif-2beta, eif-2gamma, eif-3.B, eif-3.C, eif-3.D, eif-3.E, eif-3.F, eif-3.G, eif-3.H, eif-3.I, eif-3.J, eif-3.K, eif-3.L, eif-6, ife-1, ife-2, ife-3, ife-4, ife-5, iff-1, iffb-1, ifg-1, inf-1, mxt-1"
GO:0005852,15,"C03H5.5, ZC443.3, cif-1, egl-45, eif-3.B, eif-3.C, eif-3.D, eif-3.E, eif-3.F, eif-3.G, eif-3.H, eif-3.I, eif-3.J, eif-3.K, eif-3.L"
GO:0006413,53,"C03H5.5, C37C3.18, C37C3.2, D2092.8, F40D4.13, F46B6.6, F49E2.5, R07E5.6, T04C4.3, T04F8.8, Y47D3A.21, Y48E1C.1, Y55F3C.17, Y76B12C.4, ZC443.3, ZK856.11, abce-1, cif-1, egl-45, eif-1, eif-1.A, eif-2A, eif-2Balpha, eif-2Bbeta, eif-2Bdelta, eif-2Bepsilon, eif-2Bgamma, eif-2D, eif-2alpha, eif-2beta, eif-2gamma, eif-3.B, eif-3.C, eif-3.D, eif-3.E, eif-3.F, eif-3.G, eif-3.H, eif-3.I, eif-3.J, eif-3.K, eif-3.L, eif-6, ife-1, ife-2, ife-3, ife-4, ife-5, iff-1, iffb-1, ifg-1, inf-1, mxt-1"
GO:0016282,13,"cif-1, egl-45, eif-1, eif-3.B, eif-3.C, eif-3.D, eif-3.E, eif-3.F, eif-3.G, eif-3.H, eif-3.I, eif-3.K, eif-3.L"
GO:0033290,14,"cif-1, drr-2, egl-45, eif-2alpha, eif-3.B, eif-3.C, eif-3.D, eif-3.E, eif-3.F, eif-3.G, eif-3.H, eif-3.I, eif-3.K, eif-3.L"
GO:0043614,1,egl-45
GO:0071540,2,"egl-45, eif-3.E"
GO:0071541,4,"cif-1, egl-45, eif-3.F, eif-3.I"
GO:0001227,7,"ccct-1, egl-46, nhr-66, pag-3, zgpa-1, ztf-27, ztf-3"
GO:0003031,3,"egl-46, gcy-9, tax-4"
GO:0003032,2,"egl-46, glb-5"
GO:0055057,1,egl-46
GO:0050909,5,"egl-47, gpc-1, gpc-2, gur-3, lite-1"
GO:0001172,5,"F41H10.3, ego-1, rrf-1, rrf-2, rrf-3"
GO:0003968,5,"F41H10.3, ego-1, rrf-1, rrf-2, rrf-3"
GO:0031380,6,"ego-1, rrf-1, rrf-2, rrf-3, sosi-1, znfx-1"
GO:0051664,14,"ego-1, ifa-1, ifa-3, ifa-4, ifb-1, ifb-2, ifc-1, ifc-2, ifd-1, ifd-2, ifp-1, lmn-1, mua-6, npp-10"
GO:0070090,7,"bet-1, csr-1, drh-3, ego-1, ekl-1, gei-17, sep-1"
GO:1903863,10,"csr-1, drh-3, ego-1, ekl-1, elli-1, meg-3, meg-4, pptr-1, pptr-2, sir-2.4"
GO:0032456,23,"F26G1.1, alx-1, ddl-2, ego-2, ehbp-1, fat-3, hgrs-1, maa-1, num-1, rab-10, rab-35, rab-8, rabr-1, rfip-1, rme-1, rme-4, sdpn-1, snx-17, snx-27, snx-3, vps-50, vps-51, vps-52"
GO:0043162,6,"CD4.11, ego-2, spe-48, vps-36, vps-37, vps-4"
GO:0043328,6,"ego-2, stam-1, vps-22, vps-25, vps-28, vps-36"
GO:0045022,4,"ego-2, sand-1, sorf-1, sorf-2"
GO:1903361,7,"ego-2, erm-1, lin-10, lin-2, lin-7, mgrn-1, ppfr-4"
GO:0030132,3,"chc-1, clic-1, ehs-1"
GO:0006446,6,"F44A2.5, Y38E10A.8, eif-3.B, eif-3.K, impt-1, pek-1"
GO:0031369,9,"F10E9.4, ZC443.3, eif-2Bepsilon, eif-2beta, eif-3.B, eif-3.C, eif-3.F, rpb-4, rpb-7"
GO:0002191,1,eif-3.D
GO:0098808,1,eif-3.D
GO:0048027,2,"eif-3.G, gld-1"
GO:0000054,3,"C53H9.2, eif-6, ran-1"
GO:0000460,9,"C16A3.6, F29A7.6, F44G4.1, F53E10.6, W09C5.1, Y51H7C.7, Y6B3B.9, eif-6, mtr-4"
GO:0000470,10,"C04H5.1, C16A3.6, F44G4.1, F53E10.6, W09C5.1, Y54E10A.10, Y6B3B.9, eif-6, nsun-1, rpl-7A"
GO:0035195,4,"eif-6, ncbp-1, ncbp-2, tsn-1"
GO:0042254,60,"C18A3.3, C26E6.12, C34E10.10, C43E11.9, C48B6.2, E02H1.6, F10E7.5, F25H8.2, F30A10.9, F49D11.10, F52C12.2, F55F10.1, H06I04.3, K10C3.5, K12H4.3, M01E5.2, T20B12.3, T22H9.1, T26G10.1, W09C5.1, Y48A6B.3, Y61A9LA.10, Y75B8A.7, ZK1127.5, bop-1, ddx-27, dkc-1, drsh-1, eif-6, emg-1, frg-1, garr-1, grwd-1, krr-1, let-716, lpd-7, mac-1, nath-10, ncl-1, nog-1, nol-14, nol-53, nol-56, nol-58, nola-3, nsun-1, pro-1, pro-3, riok-1, rpl-34, rplp-0, rrsr-1, rsl-24D1, sbds-1, tag-151, toe-1, wdr-12, zhit-3, znf-593, znf-622"
GO:0042256,5,"K10C3.5, cri-3, eif-6, paml-2, sbds-1"
GO:0042273,22,"C16A3.6, C18A3.3, C43E11.9, F10E7.5, T06E6.1, W09C5.1, bop-1, cdc-48.3, eif-6, gldi-11, lpd-7, nog-1, nol-16, pro-2, pro-3, rpl-14, rpl-26, rpl-35A, rrsr-1, rsl-24D1, wdr-12, znf-622"
GO:0043023,7,"T25G3.3, Y54E10A.11, Y82E9BR.18, eif-6, mals-1, mrrf-1, ola-1"
GO:1902626,1,eif-6
GO:0006368,19,"C27F2.10, T01C3.2, T24H10.1, cdc-73, ctr-9, eaf-1, elb-1, ell-1, elof-1, emb-5, gtf-2F2, leo-1, pafo-1, pbrm-1, rtfo-1, spt-16, spt-4, spt-5, tceb-3"
GO:0030891,2,"elb-1, vhl-1"
GO:0070449,5,"F54F7.10, elb-1, elc-1, elc-2, tceb-3"
GO:0140535,2,"Y17G9B.8, elc-1"
GO:1990234,4,"Y17G9B.8, atg-5, elc-1, lgg-3"
GO:0006636,8,"elo-1, fat-1, fat-2, fat-3, fat-4, fat-5, fat-6, fat-7"
GO:0009922,9,"elo-1, elo-2, elo-3, elo-4, elo-5, elo-6, elo-7, elo-8, elo-9"
GO:0019367,9,"elo-1, elo-2, elo-3, elo-4, elo-5, elo-6, elo-7, elo-8, elo-9"
GO:0030148,14,"F33D4.4, R10E4.9, Y37E11AM.3, elo-1, elo-2, elo-3, elo-4, elo-5, elo-6, elo-7, elo-8, elo-9, hpo-8, ttm-5"
GO:0034625,9,"elo-1, elo-2, elo-3, elo-4, elo-5, elo-6, elo-7, elo-8, elo-9"
GO:0034626,9,"elo-1, elo-2, elo-3, elo-4, elo-5, elo-6, elo-7, elo-8, elo-9"
GO:1902321,3,"elo-5, elo-6, sbp-1"
GO:0001162,2,"elt-1, tra-1"
GO:0007286,18,"C27D6.11, Y38H8A.4, elt-1, ife-1, spe-10, spe-12, spe-15, spe-17, spe-19, spe-27, spe-29, spe-39, spe-4, spe-8, sqv-8, swm-1, tag-344, try-5"
GO:0009888,17,"elt-1, elt-2, epi-1, lam-1, lam-2, lam-3, mes-2, nfya-1, nfya-2, nfyb-1, nfyc-1, nhr-25, nhr-258, nhr-3, nhr-38, src-1, unc-6"
GO:0004857,5,"C08G9.2, cri-2, elt-2, gfi-2, mel-11"
GO:0007586,4,"daao-1, elt-2, ilys-3, phm-2"
GO:0030856,1,elt-2
GO:0008023,6,"eaf-1, ell-1, elof-1, elpc-4, emb-5, tceb-3"
GO:0031491,13,"T02C1.2, arp-6, emb-5, hira-1, hmg-3, hmg-4, isw-1, let-526, mes-6, picd-1, saeg-2, spt-16, zhit-1"
GO:0034728,2,"chd-1, emb-5"
GO:0003958,1,emb-8
GO:0006809,1,emb-8
GO:0009725,1,emb-8
GO:0010181,18,"F17A9.4, F17A9.5, F41E6.5, F48E8.3, F56D5.3, F57B9.1, T10B5.8, W06H8.2, W07E11.1, Y32H12A.6, Y73C8C.10, ZK742.3, ZK742.4, emb-8, fre-1, mtrr-1, nuo-1, ppcd-1"
GO:0050661,21,"B0250.5, C01H6.4, C46H11.2, F17C8.9, T25B9.9, dhfr-1, dpyd-1, emb-8, fmo-1, fmo-2, fmo-3, fmo-4, fmo-5, fre-1, gpd-1, gpd-2, gpd-3, gpd-4, gspd-1, gsr-1, nnt-1"
GO:0005201,18,"B0393.5, C16E9.1, C18H7.1, F26E4.3, F26E4.7, agr-1, emb-9, epi-1, fbl-1, fbn-1, him-4, let-2, mec-5, mec-9, mua-3, mup-4, nid-1, unc-52"
GO:0050714,6,"aak-2, aex-4, emb-9, flp-2, frpr-18, pdf-1"
GO:0009949,17,"emb-27, emb-30, fzy-1, lin-17, lin-18, lit-1, mat-1, mat-3, nmy-2, par-1, par-3, par-5, par-6, pod-2, sep-1, ubq-2, wrm-1"
GO:0034399,10,"C18A3.3, emb-30, fog-1, fog-3, hpl-2, lmn-1, mdf-1, ncbp-2, puf-8, tcer-1"
GO:1990949,2,"emb-30, fzy-1"
GO:0005784,3,"sec-61.A, sec-61.B, sec-61.G"
GO:0006605,3,"sec-61.G, tomm-20, trak-1"
GO:0015450,1,sec-61.G
GO:0031204,4,"sec-61.A, sec-61.B, sec-61.G, sec-62"
GO:0071261,1,sec-61.G
GO:0005521,4,"emr-1, lem-2, samp-1, unc-84"
GO:0005637,14,"H04D03.2, W08F4.3, cec-4, cec-5, cec-8, emr-1, lem-2, lmn-1, mel-28, nemp-1, samp-1, sir-2.1, uad-2, unc-84"
GO:0006998,17,"cnep-1, emr-1, ifa-1, ifa-3, ifa-4, ifb-1, ifb-2, ifc-1, ifc-2, ifd-1, ifd-2, ifp-1, lem-2, lmn-1, mua-6, rbm-39, vps-34"
GO:0005337,9,"ent-1, ent-2, ent-3, ent-4, ent-5, ent-6, ent-7, slc-28.1, slc-28.2"
GO:0015858,7,"ent-1, ent-2, ent-3, ent-4, ent-5, ent-6, ent-7"
GO:1901642,9,"ent-1, ent-2, ent-3, ent-4, ent-5, ent-6, ent-7, slc-28.1, slc-28.2"
GO:0007414,1,epi-1
GO:0042127,14,"T12G3.2, aptf-1, aptf-2, aptf-3, aptf-4, crls-1, epi-1, glh-4, jun-1, nst-1, pgs-1, sav-1, sta-1, sta-2"
GO:0071711,4,"epi-1, him-4, pxn-2, ten-1"
GO:0005543,17,"F54C8.7, M04F3.5, Y57G11C.22, Y69A2AL.2, amph-1, efa-6, epn-1, hipr-1, npp-11, npp-19, npp-4, rsd-3, sdpn-1, sma-1, tag-138, unc-11, unc-70"
GO:0030125,4,"clic-1, epn-1, ncap-1, rsd-3"
GO:0032009,5,"epn-1, lst-4, piki-1, snx-1, snx-6"
GO:0005903,1,eps-8
GO:0030056,15,"eps-8, gip-2, git-1, let-805, mua-3, mua-6, mup-4, noca-1, pak-1, pat-12, pix-1, sta-2, tbg-1, vab-10, vab-19"
GO:0035023,6,"F09F7.5, F46H5.4, dock-11, eps-8, gei-1, rhgf-3"
GO:0045109,1,eps-8
GO:0045185,3,"eps-8, sas-4, unc-130"
GO:0051017,9,"ani-1, eps-8, frg-1, ipla-2, ipla-3, plst-1, syg-1, tag-273, unc-87"
GO:0005801,8,"Y47G6A.7, cogc-3, eas-1, erd-2.1, golg-2, gos-28, rnf-145, trpp-6"
GO:0006621,3,"erd-2.1, erd-2.2, rer-1"
GO:0046923,2,"erd-2.1, erd-2.2"
GO:1900369,2,"eri-1, stau-1"
GO:0005902,4,"erm-1, hum-1, hum-5, hum-6"
GO:0008093,3,"bicd-1, erm-1, insc-1"
GO:0030175,4,"M04F3.5, erm-1, nfm-1, rin-1"
GO:0031974,1,erm-1
GO:0045179,8,"erm-1, exc-5, ifb-2, insc-1, let-767, mtm-1, par-3, rab-8"
GO:1902115,2,"erm-1, nfm-1"
GO:1902966,2,"erm-1, nfm-1"
GO:0016972,5,"F35G2.1, F47B7.2, F56C11.3, T10H10.2, ero-1"
GO:0034976,30,"C14B9.2, M04D5.1, Y49E10.4, Y59C2A.2, arid-1, cdc-48.1, cdc-48.2, ero-1, fkh-9, hcf-1, hpl-2, ire-1, kgb-1, lrk-1, mans-3, pdi-1, pdi-2, pdi-3, pdi-6, pek-1, pink-1, pmk-1, shc-1, sin-3, tmem-258, uba-5, ufc-1, ufl-1, ufm-1, xbp-1"
GO:0061024,7,"F35A5.8, M04F3.5, T09B4.2, gei-18, npp-25, sar-1, spe-4"
GO:0004819,1,qars-1
GO:0006425,1,qars-1
GO:0004818,2,"ears-1, ears-2"
GO:0006424,2,"ears-1, ears-2"
GO:0017102,1,ears-1
GO:0000381,35,"E02D9.1, Y57G11A.5, asd-1, asd-2, ccdc-55, etr-1, exc-7, fox-1, fubl-1, fubl-2, fubl-3, fubl-4, hrpk-2, mfap-1, mina-1, nova-1, rbd-1, rbm-25, rbm-7, rnp-1, rnp-6, rnp-8, rpl-12, rsp-2, rsp-3, rsp-4, rsp-5, rsp-6, sex-1, smu-1, smu-2, spn-4, sup-12, tofu-7, unc-75"
GO:0006376,8,"F07D3.3, Y119D3B.12, etr-1, luc-7L, luc-7L3, rnp-6, rsp-3, unc-75"
GO:0060142,4,"fos-1, vha-1, vha-12, vha-17"
GO:1903854,3,"fos-1, hda-1, vhp-1"
GO:0007064,10,"F40F4.7, F54E7.9, ctf-8, dscc-1, eco-1, evl-14, him-1, mau-2, smc-3, tim-1"
GO:0140670,2,"evl-14, wapl-1"
GO:0005818,7,"csnk-1, evl-20, gpr-1, gpr-2, lis-1, ooc-5, ric-8"
GO:0030540,1,evl-20
GO:0043622,1,evl-20
GO:0002064,9,"exc-1, exc-4, exc-5, exc-6, exc-7, exc-9, let-4, let-653, sma-1"
GO:0035150,10,"exc-1, exc-4, exc-5, exc-6, exc-7, exc-9, let-4, let-653, rig-6, sma-1"
GO:0046847,2,"exc-5, tag-77"
GO:1904531,2,"exc-5, exc-6"
GO:0008143,13,"EEED8.12, EEED8.4, T07F10.3, exc-7, fox-1, pab-1, pab-2, pabp-2, panl-3, rnp-9, sgnh-1, sup-26, sut-2"
GO:0008266,9,"T07F10.3, exc-7, fox-1, larp-1, pab-1, pab-2, pos-1, rnp-9, sup-26"
GO:0050686,1,exc-7
GO:0036195,2,"exl-1, sup-9"
GO:0004890,7,"exp-1, gab-1, lgc-34, lgc-35, lgc-38, lgc-43, unc-49"
GO:0016917,1,exp-1
GO:0045933,3,"exp-1, mec-15, unc-26"
GO:1902711,7,"exp-1, gab-1, lgc-34, lgc-35, lgc-38, lgc-43, unc-49"
GO:0005242,5,"exp-2, irk-1, irk-2, irk-3, unc-103"
GO:0015459,12,"exp-2, kvs-1, kvs-2, kvs-3, kvs-4, kvs-5, mps-1, mps-2, mps-3, mps-4, sup-10, unc-93"
GO:0045739,2,"eya-1, pcn-1"
GO:0048729,1,eya-1
GO:1900036,2,"eya-1, zmp-2"
GO:1902884,32,"B0273.115, C18B2.2, C31B8.9, C54F6.3, F01D5.10, F17B5.4, F20C5.7, F25E5.2, F36D1.8, F40C5.1, F49D11.3, F49D11.6, F55B12.2, F56H6.13, F56H6.4, F59D12.3, K06H6.5, K07H8.8, T09E11.3, T15D6.1, T24A6.16, T27C5.12, Y48G1BL.7, Y87G2A.16, ZK1025.2, ZK1025.8, chst-1, eya-1, mev-1, rab-39, rsf-1, vep-2"
GO:2001240,1,eya-1
GO:0005504,14,"acdh-11, acox-1.1, acox-1.2, acox-1.3, acox-1.4, acox-1.5, acox-1.6, acox-3, far-2, lbp-5, lbp-6, lbp-7, lbp-8, lbp-9"
GO:0019841,1,far-2
GO:0070538,2,"far-7, lbp-8"
GO:0004768,6,"fat-2, fat-3, fat-4, fat-5, fat-6, fat-7"
GO:0016717,6,"fat-2, fat-3, fat-4, fat-5, fat-6, fat-7"
GO:0030497,8,"R10E4.9, fat-2, hpo-8, let-767, stdh-1, stdh-2, stdh-3, stdh-4"
GO:0102985,1,fat-2
GO:0001820,2,"fat-3, unc-31"
GO:0016213,1,fat-3
GO:0045088,4,"dve-1, fat-3, hda-1, nhr-14"
GO:0062076,1,fat-4
GO:0032896,3,"fat-5, fat-6, fat-7"
GO:0042759,4,"fat-5, fat-6, let-767, lipl-4"
GO:0032364,3,"fat-7, hif-1, pqm-1"
GO:0043059,5,"fax-1, nmr-1, pag-3, stn-1, unc-26"
GO:0016504,5,"T28B8.3, T28B8.4, fbl-1, psme-4, sbt-1"
GO:0006000,3,"fbp-1, pfkb-1.1, pfkb-1.2"
GO:0006002,5,"fbp-1, gfat-1, gfat-2, pfk-1.1, pfk-1.2"
GO:0006094,8,"fbp-1, gpi-1, pck-1, pck-2, pck-3, pgk-1, pyc-1, tpi-1"
GO:0030388,5,"aldo-1, aldo-2, fbp-1, pfk-1.1, pfk-1.2"
GO:0042132,1,fbp-1
GO:0071586,2,"fce-1, fce-2"
GO:0080120,2,"fce-1, fce-2"
GO:0001540,2,"feh-1, itm-2"
GO:0000151,24,"B0546.3, B0546.4, C01G6.4, C17H11.6, F10G7.10, F56D2.2, F56D2.5, Y49F6B.9, Y71H2AM.3, ari-1.1, ari-1.2, ari-1.3, ari-1.4, ari-2, dcn-1, fem-1, hrdl-1, lep-2, lin-28, pdr-1, spat-3, tag-314, ubr-1, ufd-2"
GO:0042006,10,"fem-1, fem-2, fem-3, fog-3, gld-3, laf-1, ubxn-1, ubxn-2, ubxn-3, vbh-1"
GO:1990756,15,"C53A5.11, C53A5.9, F47D12.7, Y50D7A.1, fem-1, ivns-1, kel-1, kel-10, kel-20, kel-3, kel-8, lin-23, pry-1, rike-1, spe-26"
GO:0033192,2,"fem-2, tax-6"
GO:0035970,1,fem-2
GO:0043406,3,"fem-3, oma-1, oma-2"
GO:0071168,6,"bet-1, fem-3, mys-1, mys-2, oma-1, oma-2"
GO:1904146,3,"fem-3, oma-1, oma-2"
GO:0001778,5,"atg-18, fer-1, lgg-1, lgg-2, lgg-3"
GO:0005544,23,"DH11.5, T27E4.1, ccd-5, cla-1, cpna-3, cpna-4, cpna-5, esyt-2, fer-1, gem-4, nex-1, nex-2, nex-3, nex-4, nra-1, snt-1, snt-2, snt-3, snt-4, snt-5, snt-6, snt-7, sue-1"
GO:0007009,7,"F41H10.5, K12H6.6, M02B1.3, M04F3.5, Y48G8AL.13, fer-1, fld-1"
GO:0031268,2,"fer-1, spe-10"
GO:0033292,1,fer-1
GO:0097723,10,"C09H5.7, F25B3.4, F52H3.6, T16G12.7, ZK354.9, fer-1, gsp-3, gsp-4, pph-1, spe-10"
GO:0000494,1,fib-1
GO:0008649,2,"H06I04.3, fib-1"
GO:0015030,7,"fib-1, frg-1, parn-2, tcab-1, tdrd-3, tgs-1, vrk-1"
GO:0017126,2,"fib-1, ncl-1"
GO:0031167,9,"E02H1.1, F33A8.4, F45G2.9, H06I04.3, Y45F3A.9, fib-1, metl-5, nsun-4, tfbm-1"
GO:0031428,4,"fib-1, nol-56, nol-58, snu-13"
GO:0032040,47,"B0280.9, C34E10.10, C48B6.2, E02H1.1, F13H8.2, F30A10.9, F49D11.10, F55F8.3, K05C4.5, T01B7.5, T02H6.1, T20B12.3, Y41C4A.9, Y45F10D.7, Y53C12B.1, Y54E5B.2, Y61A9LA.10, Y75B8A.7, ZK1127.5, ZK795.3, dcaf-13, emg-1, fib-1, krr-1, let-716, lpd-2, nath-10, nol-10, nol-14, nol-56, nol-58, nol-6, pno-1, rps-12, rps-13, rps-14, rps-5, rps-6, rps-7, rps-8, rps-9, snu-13, toe-1, utp-11, utp-14, utp-20, wdr-46"
GO:1990259,1,fib-1
GO:0005778,25,"C32D5.11, acl-7, acs-22, fis-1, fis-2, hmgr-1, maoc-1, ndx-8, pmp-1, pmp-2, pmp-3, pmp-4, pmp-5, prx-1, prx-10, prx-11, prx-12, prx-13, prx-14, prx-19, prx-2, prx-3, prx-5, prx-6, pxmp-4"
GO:0010881,2,"fkb-2, fkb-8"
GO:0033017,6,"fkb-2, fkb-8, pmr-1, rnf-121, sca-1, unc-68"
GO:0016358,9,"fkh-2, maph-1.1, maph-1.2, maph-1.3, nphp-4, tmem-107, unc-6, unc-70, zag-1"
GO:0007612,1,fkh-9
GO:0010498,7,"arid-1, ate-1, cdc-48.1, cdc-48.2, fkh-9, mans-3, ufd-1"
GO:0008154,4,"fli-1, gsnl-1, unc-34, viln-1"
GO:0030239,8,"fli-1, pat-4, tmd-2, unc-15, unc-52, unc-54, unc-94, unc-98"
GO:0051014,5,"F53E2.2, fli-1, gsnl-1, unc-60, viln-1"
GO:0071855,9,"flp-1, flp-11, flp-13, flp-22, flp-7, flp-9, lury-1, nlp-29, nlp-40"
GO:0045759,1,flp-3
GO:0030718,2,"flp-6, hlh-2"
GO:0001966,8,"atat-2, flp-10, glr-1, mec-12, mec-17, nlp-1, sol-1, sol-2"
GO:0045187,2,"dmsr-1, flp-13"
GO:1900034,4,"dmsr-1, flp-13, icd-1, icd-2"
GO:0045988,1,flp-16
GO:0031841,2,"flp-18, flp-21"
GO:0007624,2,"flr-1, hipr-1"
GO:0043408,9,"cst-1, cst-2, flr-4, kin-18, max-2, mig-15, pak-1, pak-2, sem-5"
GO:0048511,3,"flr-4, kin-20, sssh-1"
GO:0040029,17,"F22B7.9, baz-2, damt-1, hda-10, hda-11, hda-4, hda-5, hda-6, lsd-1, mes-2, mes-4, met-2, rha-1, set-6, sop-2, sor-1, spr-5"
GO:0097376,5,"ddr-2, fmi-1, lin-17, nid-1, unc-6"
GO:0004499,7,"C01H6.4, C46H11.2, fmo-1, fmo-2, fmo-3, fmo-4, fmo-5"
GO:0034899,1,fmo-3
GO:0047822,1,fmo-3
GO:0018992,6,"fog-1, gld-3, gls-1, mes-4, tra-2, xtr-1"
GO:0030371,4,"ZC190.4, fog-2, lin-41, ncl-1"
GO:0040021,5,"ddx-23, fog-2, tra-2, xtr-1, xtr-2"
GO:1900195,6,"fog-2, gsa-1, kin-1, oma-1, oma-2, pam-1"
GO:2000648,5,"fog-2, glp-1, lag-2, rnt-1, sel-8"
GO:2000738,2,"fog-2, teg-1"
GO:0000366,2,"fox-1, xol-1"
GO:0034046,3,"fox-1, larp-1, rnp-8"
GO:0097157,4,"asd-2, fox-1, prp-8, sup-12"
GO:0016226,15,"F39H2.3, F53G2.12, T20B12.7, Y39B6A.3, Y54G11A.9, ciao-1, fre-1, frh-1, hsp-6, iscu-1, mms-19, nfs-1, nfu-1, nubp-1, oxy-4"
GO:0016651,7,"F20D6.11, fre-1, gas-1, nduf-2.2, ndus-8, nuo-2, nuo-5"
GO:0160246,1,fre-1
GO:0004322,3,"frh-1, ftn-1, ftn-2"
GO:0006783,4,"cox-10, cox-15, fecl-1, frh-1"
GO:0006826,5,"frh-1, ftn-1, ftn-2, slc-25A37, smf-3"
GO:0008199,4,"F02E9.7, frh-1, ftn-1, ftn-2"
GO:0018283,1,frh-1
GO:0034986,2,"dph-3, frh-1"
GO:0051537,20,"F10D7.3, F15E6.6, F20D6.11, T12D8.10, T20B12.7, Y39B6A.3, Y54G11A.9, cisd-1, cisd-3.1, cisd-3.2, daf-36, fdx-2, frh-1, gad-3, glrx-5, iscu-1, isp-1, nduv-2, sdhb-1, xdh-1"
GO:0045604,3,"frk-1, lin-41, pash-1"
GO:0031032,10,"citk-1, citk-2, frm-1, frm-2, frm-4, let-502, mrck-1, nmad-1, unc-15, unc-87"
GO:0050811,2,"frm-3, lgg-1"
GO:0097112,5,"frm-3, lin-2, lin-46, moc-1, nlg-1"
GO:0035332,2,"F35H12.1, frm-7"
GO:0004826,4,"Y54E10A.6, fars-1, fars-2, fars-3"
GO:0006432,4,"Y54E10A.6, fars-1, fars-2, fars-3"
GO:0009328,2,"fars-1, fars-3"
GO:0002020,6,"dct-1, dma-1, fsn-1, ify-1, tsp-12, tsp-14"
GO:0030517,5,"fsn-1, glo-4, ppm-2, rpm-1, unc-119"
GO:0048681,7,"efa-6, fsn-1, goa-1, jnk-1, ndk-1, pxn-2, rpm-1"
GO:0051961,1,fsn-1
GO:0060386,1,fsn-1
GO:1900182,11,"adbp-1, fsn-1, lab-1, lin-40, npl-4.1, pmk-1, prmt-1, sma-9, ufd-1, vhp-1, wrm-1"
GO:0042308,3,"ftt-2, wts-1, zmp-2"
GO:0004333,1,fum-1
GO:0006106,1,fum-1
GO:0006108,4,"fum-1, mdh-1, mdh-2, men-1"
GO:0006491,14,"ZK1307.8, aagr-3, aagr-4, aman-2, aman-3, eng-1, fut-1, fut-3, fut-5, fut-6, fut-8, galt-1, hex-1, mans-1"
GO:0008417,6,"fut-1, fut-3, fut-4, fut-5, fut-6, fut-8"
GO:0017060,3,"fut-1, fut-3, fut-5"
GO:0018392,1,fut-1
GO:0032580,22,"B0205.4, F08A8.5, fut-1, fut-2, fut-3, fut-4, fut-5, fut-6, fut-8, galt-1, golg-2, gphr-1, gphr-2, lin-10, mig-22, mob-4, pst-1, sar-1, slc-30A5, sqv-1, sqv-5, svh-11"
GO:0036065,17,"B0205.4, BE10.3, C05E4.15, C07E3.8, C27D9.1, F10E7.1, F53A2.11, F53C3.11, T05A7.11, T05A7.13, Y47D3A.1, fut-1, fut-3, fut-4, fut-5, fut-6, pha-1"
GO:0046920,16,"BE10.3, C05E4.15, C07E3.8, C27D9.1, F10E7.1, F53A2.11, F53C3.11, T05A7.11, T05A7.13, Y47D3A.1, fut-1, fut-3, fut-4, fut-5, fut-6, pha-1"
GO:1901137,6,"fut-1, fut-6, fut-8, galt-1, gfat-1, sqv-6"
GO:0008107,20,"B0205.4, C06E1.7, C14C6.3, C17A2.4, C18G1.8, EGAP9.3, F11A5.5, F17B5.6, F31F4.11, F31F4.17, F41D3.6, T26E4.3, T26E4.4, T26H5.8, T28A8.2, T28F2.1, W07G4.2, Y71H2AM.14, fut-2, svh-11"
GO:0043413,22,"C06E1.7, C14C6.3, C17A2.4, C18G1.8, EGAP9.3, F08A8.5, F11A5.5, F17B5.6, F31F4.11, F31F4.17, F41D3.6, F58D5.3, T25D10.1, T26E4.3, T26E4.4, T26H5.8, T28A8.2, T28F2.1, W07G4.2, Y71H2AM.14, fut-2, svh-11"
GO:0008424,1,fut-8
GO:0036071,1,fut-8
GO:0046702,1,fut-8
GO:0046921,1,fut-8
GO:0051646,2,"fzo-1, ric-7"
GO:0010997,2,"fzr-1, fzy-1"
GO:0097027,2,"fzr-1, fzy-1"
GO:1904668,2,"fzr-1, fzy-1"
GO:1905786,2,"fzr-1, fzy-1"
GO:1990757,2,"fzr-1, fzy-1"
GO:0035861,14,"C23H4.6, D1007.8, T02C1.2, cosa-1, ddb-1, gad-1, hus-1, mre-11, polh-1, rad-51, rpa-2, rpa-4, smc-6, wrn-1"
GO:0043087,6,"gap-1, gap-2, pes-7, rbg-2, rme-6, trpp-6"
GO:1902531,4,"gap-1, gap-2, ppm-1.D, tap-1"
GO:0007197,3,"gar-1, gar-2, gar-3"
GO:0007213,7,"gar-1, gar-2, gar-3, goa-1, gpb-2, kqt-1, kqt-3"
GO:0016907,4,"gar-1, gar-2, gar-3, goa-1"
GO:0032223,5,"gar-2, gbb-1, gbb-2, goa-1, unc-122"
GO:0006120,30,"C16A3.5, gas-1, lpd-5, ndfl-4, ndua-1, ndua-13, ndua-2, ndua-5, ndua-7, ndua-8, ndub-6, nduc-2, nduf-2.2, nduf-5, nduf-6, nduf-7, nduo-1, nduo-2, nduo-3, nduo-4, nduo-5, nduo-6, ndus-8, nduv-2, nuaf-1, nuo-1, nuo-2, nuo-3, nuo-4, nuo-5"
GO:0008137,13,"gas-1, ndfl-4, nduf-7, nduo-1, nduo-2, nduo-3, nduo-4, nduo-5, nduo-6, ndus-8, nduv-2, nuo-1, nuo-2"
GO:0045271,43,"C06A5.3, C16A3.5, Y116A8C.30, gas-1, lpd-5, ndab-1, ndab-2, ndfl-4, ndua-1, ndua-12, ndua-13, ndua-2, ndua-5, ndua-7, ndua-8, ndub-10, ndub-11, ndub-2, ndub-3, ndub-5, ndub-6, ndub-7, ndub-8, nduc-2, nduf-2.2, nduf-5, nduf-6, nduf-7, nduf-9, nduo-1, nduo-2, nduo-3, nduo-4, nduo-5, ndus-8, nduv-2, nduv-3, nuo-1, nuo-2, nuo-3, nuo-4, nuo-5, nuo-6"
GO:0051287,18,"B0250.5, ctbp-1, gas-1, gpd-1, gpd-2, gpd-3, gpd-4, gpdh-1, gpdh-2, htip-2, idhg-1, idhg-2, men-1, nduf-2.2, nuo-1, parp-1, phdh-1, sqv-4"
GO:0008336,1,gbh-1
GO:0045329,2,"gbh-1, gbh-2"
GO:0016706,5,"C17G10.1, gbh-2, jmjc-1, jmjd-4, nmad-1"
GO:0050353,1,gbh-2
GO:0043547,11,"R06F6.8, cash-1, ccm-3, ect-2, gck-1, hgap-1, mrck-1, rbg-1, rga-8, rrc-1, tbc-20"
GO:2001137,5,"cash-1, ccm-3, farl-11, gck-1, mrck-1"
GO:0000302,8,"gcs-1, gpx-5, gst-32, gst-44, immt-1, immt-2, pmk-1, sek-1"
GO:0004357,1,gcs-1
GO:0006750,3,"gclm-1, gcs-1, gss-1"
GO:0017109,2,"gclm-1, gcs-1"
GO:0035864,1,gcy-1
GO:0050850,2,"gcy-22, gcy-6"
GO:0032528,5,"gcy-8, kcc-3, pde-1, pde-5, wsp-1"
GO:0044306,5,"gcy-18, gcy-23, gcy-8, srtx-1, unc-47"
GO:0050907,43,"K11E4.6, Y105C5B.8, Y57G11C.46, gcy-9, lim-6, odr-10, sra-1, sra-10, sra-11, sra-12, sra-13, sra-14, sra-2, sra-3, sra-32, sra-33, sra-34, sra-35, sra-36, sra-37, sra-38, sra-39, sra-4, sra-6, sra-7, sra-8, sra-9, srb-18, srb-19, sri-10, sri-11, sri-12, sri-13, sri-14, sri-15, sri-16, sri-17, sri-4, sri-5, sri-6, sri-7, sri-9, tax-4"
GO:0071468,1,gcy-9
GO:1904457,1,gcy-9
GO:0010038,12,"F35G12.7, gcy-14, gcy-20, gcy-22, pcs-1, pgp-1, pgp-3, prdx-2, shc-1, smf-1, smf-2, smf-3"
GO:0008074,7,"gcy-31, gcy-32, gcy-33, gcy-34, gcy-35, gcy-36, gcy-37"
GO:0019826,5,"gcy-31, gcy-33, gcy-35, gcy-36, glb-5"
GO:0038060,2,"gcy-31, gcy-33"
GO:0070026,4,"gcy-31, gcy-33, gcy-35, glb-6"
GO:0019934,6,"gcy-32, gcy-34, gcy-35, gcy-36, gcy-37, pde-2"
GO:0070027,1,gcy-33
GO:0009454,3,"gcy-35, tax-2, tax-4"
GO:0019825,37,"B0361.4, T19C4.5, gcy-35, glb-1, glb-10, glb-11, glb-12, glb-13, glb-14, glb-15, glb-16, glb-17, glb-18, glb-19, glb-2, glb-20, glb-21, glb-22, glb-23, glb-24, glb-25, glb-26, glb-27, glb-28, glb-29, glb-3, glb-30, glb-31, glb-32, glb-33, glb-34, glb-4, glb-5, glb-6, glb-7, glb-8, glb-9"
GO:0055093,3,"gcy-35, tax-2, tax-4"
GO:0070025,2,"gcy-35, glb-6"
GO:0005093,2,"gdi-1, rep-1"
GO:0004451,1,icl-1
GO:0004474,1,icl-1
GO:0006097,3,"icl-1, idh-1, idh-2"
GO:0003995,13,"acdh-1, acdh-10, acdh-11, acdh-13, acdh-2, acdh-3, acdh-4, acdh-5, acdh-6, acdh-7, acdh-8, acdh-9, acds-10"
GO:0019185,8,"snpc-1.1, snpc-1.2, snpc-1.3, snpc-1.4, snpc-3.1, snpc-3.2, snpc-3.4, snpc-4"
GO:0042795,9,"ell-1, snpc-1.1, snpc-1.2, snpc-1.3, snpc-1.4, snpc-3.1, snpc-3.2, snpc-3.4, snpc-4"
GO:0042796,8,"snpc-1.1, snpc-1.2, snpc-1.3, snpc-1.4, snpc-3.1, snpc-3.2, snpc-3.4, snpc-4"
GO:0051640,3,"meg-3, meg-4, spe-15"
GO:0032021,1,gei-13
GO:0034244,1,gei-13
GO:0042177,2,"R06F6.8, gei-17"
GO:0043060,2,"gei-17, knl-1"
GO:0061665,3,"ZK1248.11, gei-17, miz-1"
GO:1904290,3,"gei-17, polh-1, smk-1"
GO:1904333,4,"gei-17, nlp-2, nlp-22, ulp-1"
GO:0009056,1,ges-1
GO:0106435,2,"cest-33, ges-1"
GO:0031209,5,"Y57G11C.1147, abi-1, gex-2, gex-3, wve-1"
GO:0048613,6,"gex-3, let-653, toca-1, toca-2, wsp-1, wve-1"
GO:0048668,4,"gex-3, syg-1, syg-2, wve-1"
GO:1903598,2,"gex-3, nlr-1"
GO:0017020,2,"gfi-2, mel-11"
GO:0035267,18,"B0025.4, F59E12.1, Y105E8B.7, Y43H11AL.1, ZK1127.3, cec-7, ekl-4, epc-1, gfl-1, ing-3, lsy-13, mrg-1, mys-1, mys-2, ruvb-1, ruvb-2, swsn-6, trr-1"
GO:0000930,4,"Y73B6BL.289, blos-2, gip-1, tbg-1"
GO:0007020,3,"gip-1, nud-2, tbg-1"
GO:0043015,4,"Y73B6BL.289, blos-2, ddl-2, gip-1"
GO:0051011,2,"gip-1, ptrn-1"
GO:0051225,8,"ebp-1, ebp-2, ebp-3, gip-1, lis-1, maph-9, paa-1, zyg-1"
GO:0009249,3,"lias-1, lipt-1, lpl-1"
GO:0017118,1,lipt-1
GO:0016595,1,glc-1
GO:0048024,11,"B0280.17, D1037.1, F54D1.1, K07H8.9, Y57G11C.36, Y69A2AR.32, asd-2, gld-1, hrpk-1, rsr-1, uaf-1"
GO:1903311,2,"asd-2, gld-1"
GO:2000623,1,gld-1
GO:0030880,4,"M106.7, gld-2, gld-3, rpb-4"
GO:0031123,15,"C53A5.16, F43E2.1, F43H9.3, cid-1, gld-2, gld-4, gldr-2, pap-1, pap-2, pap-3, pup-2, pup-3, rde-3, suf-1, usip-1"
GO:0031379,2,"gld-2, gld-3"
GO:0045840,3,"gld-2, gld-3, prg-1"
GO:0180011,3,"gld-2, gld-3, gld-4"
GO:1990817,12,"C53A5.16, cid-1, gld-2, gld-4, gldr-2, pap-1, pap-2, pap-3, pup-2, pup-3, rde-3, tent-5"
GO:1990749,2,"gld-3, rnp-8"
GO:0008432,6,"glh-1, glh-2, glh-3, glh-4, sacy-1, unc-16"
GO:0030490,14,"C04H5.1, F13H8.2, F52C12.2, ddx-52, glh-4, lsm-6, nobh-1, nol-14, riok-1, riok-2, riok-3, rps-28, snu-13, srfb-1"
GO:0004356,5,"gln-1, gln-2, gln-3, gln-5, gln-6"
GO:0006542,5,"gln-1, gln-2, gln-3, gln-5, gln-6"
GO:0007349,1,glp-1
GO:0022611,2,"glp-1, lin-12"
GO:0043055,4,"glp-1, ins-18, lag-2, strd-1"
GO:0048589,7,"cdh-1, ddx-23, glp-1, manf-1, mog-4, mog-5, uaf-1"
GO:2000737,2,"glp-1, rnt-1"
GO:0004970,1,glr-1
GO:0004971,1,glr-1
GO:0008066,7,"glr-1, glr-2, glr-3, glr-4, glr-5, glr-6, glr-7"
GO:0008328,3,"glr-1, sol-1, sol-2"
GO:0015276,11,"ZK867.2, glr-1, glr-2, glr-3, glr-4, glr-5, glr-6, glr-7, glr-8, nmr-1, nmr-2"
GO:0032589,11,"glr-1, lin-17, mec-2, mec-4, sol-1, sol-2, srtx-1, unc-7, zig-10, zig-6, zig-8"
GO:0035235,3,"glr-1, nmr-1, nmr-2"
GO:0050965,1,glr-3
GO:0120169,2,"glr-3, goa-1"
GO:0015175,6,"glt-1, glt-3, glt-4, glt-5, glt-6, glt-7"
GO:0015804,6,"glt-1, glt-3, glt-4, glt-5, glt-6, glt-7"
GO:0005795,5,"gly-2, gly-20, nsf-1, sul-1, uso-1"
GO:0030144,1,gly-2
GO:0004653,9,"gly-10, gly-11, gly-3, gly-4, gly-5, gly-6, gly-7, gly-8, gly-9"
GO:0008593,9,"Y46G5A.29, gldi-1, gly-11, gly-8, lgl-1, lin-29, sel-10, sel-11, sel-9"
GO:0003827,3,"gly-12, gly-13, gly-14"
GO:0005797,10,"gly-12, gly-13, gly-14, gos-28, hid-1, hsp-16.11, rab-10, tbc-8, ugtp-1, vps-52"
GO:0008455,1,gly-20
GO:0009312,2,"gly-20, mpdu-1"
GO:0004343,3,"gna-1, gna-2, jmjd-5"
GO:0006048,7,"C36A4.4, gfat-1, gna-1, gna-2, jmjd-5, ogt-1, pgm-3"
GO:0005793,23,"C26C6.9, T02E1.7, Y47G6A.7, copg-1, erp-44.1, erp-44.2, erp-44.3, gbf-1, gna-2, ile-1, ile-2, nucb-1, sec-16A.1, sel-9, sft-4, tfg-1, tmed-1, tmed-10, tmed-12, tmed-13, tmed-3, tmed-4, yif-1"
GO:0031667,1,goa-1
GO:0043495,18,"C14A4.8, F42G2.5, F54H5.3, F58E6.5, Y38F2AR.10, ZC196.2, atg-16.1, atg-16.2, atg-2, epg-8, goa-1, nrfl-1, osm-10, rpy-1, sun-1, unc-84, vpr-1, wrb-1"
GO:0051093,3,"Y46G5A.29, clec-78, goa-1"
GO:0004805,3,"gob-1, tps-1, tps-2"
GO:0005992,3,"gob-1, tps-1, tps-2"
GO:1901136,1,gob-1
GO:0006888,58,"C26C6.9, F32D8.14, M57.2, T10F2.5, W02D9.2, W09G3.8, Y41C4A.32, Y54G2A.18, Y60A3A.19, Y66D12A.8, Y71A12B.10, cni-1, copa-1, copb-1, copb-2, copd-1, cope-1, copg-1, czw-1, eas-1, ergi-1, ergi-2, ergi-3, ggtb-1, gon-1, gos-28, ile-1, ile-2, nbet-1, sar-1, sec-12, sec-16A.1, sec-22, sec-23, sec-24.1, sec-24.2, sec-31, sedl-1, sel-9, sly-1, sql-1, syx-5, tbc-20, tfg-1, tmed-1, tmed-10, tmed-12, tmed-13, tmed-3, tmed-4, trpp-1, trpp-3, trpp-4, trpp-5, trpp-6, uso-1, yif-1, ykt-6"
GO:0048644,5,"gon-1, mec-8, smu-1, smu-2, unc-52"
GO:1905607,1,gon-1
GO:0007034,14,"C01A2.4, R12C12.5, chmp-7, did-2, gop-1, spe-39, stam-1, vha-16, vps-2, vps-20, vps-24, vps-32.1, vps-41, vps-60"
GO:1901096,1,gop-1
GO:0019867,1,gop-3
GO:0045040,1,gop-3
GO:0031849,2,"gpa-3, odr-3"
GO:0017111,6,"cdc-48.1, cdc-48.2, drn-1, gpa-8, mig-23, ntp-1"
GO:0031526,2,"gpa-12, mfsd-10"
GO:0031752,1,gpa-12
GO:0061760,5,"gpa-12, nipi-3, pkc-3, pmk-1, rack-1"
GO:0019003,15,"D1081.12, D1081.4, T26C12.3, ZK669.5, drn-1, gpa-16, let-60, ral-1, rap-1, rap-2, rap-3, ras-1, ras-2, rheb-1, ssr-2"
GO:0030159,4,"gpb-1, gpb-2, syd-2, unc-16"
GO:0031681,2,"gpc-1, gpc-2"
GO:0004365,4,"gpd-1, gpd-2, gpd-3, gpd-4"
GO:0006096,21,"C50D2.7, aldo-1, aldo-2, enol-1, gpd-1, gpd-2, gpd-3, gpd-4, gpi-1, hxk-1, hxk-2, hxk-3, ipgm-1, ogdh-1, ogdh-2, pfk-1.1, pfk-1.2, pgk-1, pyk-1, pyk-2, tpi-1"
GO:0019682,4,"gpd-1, gpd-2, gpd-3, gpd-4"
GO:0009966,19,"K10B4.3, cash-1, gpn-1, grk-1, grk-2, lcmt-1, lon-2, lrk-1, ncs-1, ncs-2, ncs-3, ncs-4, ncs-5, ncs-6, ncs-7, nra-2, ppfr-4, saps-1, szy-2"
GO:0090263,12,"C03H12.1, C28A5.6, F45F2.10, K09C6.2, K09C6.7, K09C6.8, bed-2, cdc-7, csnk-1, gpn-1, kin-20, ubr-5"
GO:1905475,3,"C03H12.1, gpn-1, lon-2"
GO:0000022,4,"gpr-1, gpr-2, lin-5, tac-1"
GO:0015485,8,"chup-1, erl-1, grd-2, mec-2, nap-1, ncr-1, ncr-2, obr-3"
GO:0004703,2,"grk-1, grk-2"
GO:0042429,1,grk-2
GO:0045744,1,grk-2
GO:0060160,1,grk-2
GO:2001259,1,grk-2
GO:0006400,16,"C04F5.8, C11D2.4, C35D10.12, F25B5.5, F40F9.10, Y53C12A.10, Y71H2AM.1, alkb-8, gro-1, metl-1, mtcu-1, tgt-1, tgt-2, thum-1, trm-1, wdr-4"
GO:0008033,66,"B0024.11, C01G10.10, C04F5.8, C23G10.7, C45G9.2, C53A5.17, F36A2.2, F40F9.10, F52C12.6, F59A2.5, H35B03.2, R74.7, W03F8.4, W09B6.4, Y32H12A.6, Y37E11B.5, Y37E11B.6, Y47D3A.14, Y48C3A.20, Y49A3A.3, Y53C12A.10, Y62E10A.24, Y71F9AL.1, Y71H2AM.1, Y73B6BL.29, Y92H12A.5, Y92H12BL.1, arch-1, dus-2, elac-2, elpc-2, elpc-3, elpc-4, gro-1, hpo-31, lsm-6, metl-1, metl-2, moc-3, mtcu-1, mtcu-2, mttu-1, nath-10, nsun-2, nsun-4, popl-1, popl-4, popl-5, pus-1, rtcb-1, ssb-1, tag-124, tgt-1, tgt-2, thum-3, trm-1, trm-61A, trmt-10C.1, trmt-6, tsen-2, tsen-34, tsen-54, tut-1, tut-2, urm-1, wdr-4"
GO:0052381,1,gro-1
GO:0032012,8,"Y106G6G.2, agef-1, bris-1, efa-6, gbf-1, git-1, grp-1, rfgp-1"
GO:0004820,1,gars-1
GO:0006426,1,gars-1
GO:0015966,1,gars-1
GO:0070150,1,gars-1
GO:0141192,1,gars-1
GO:0004364,56,"C02D5.4, F55A11.6, F56A4.3, T07E3.3, W10C8.4, Y45G12C.3, Y53G8B.1, gst-1, gst-10, gst-11, gst-12, gst-13, gst-14, gst-15, gst-16, gst-17, gst-18, gst-19, gst-2, gst-20, gst-21, gst-22, gst-23, gst-24, gst-25, gst-26, gst-27, gst-28, gst-29, gst-3, gst-30, gst-31, gst-32, gst-33, gst-34, gst-35, gst-36, gst-37, gst-38, gst-39, gst-4, gst-40, gst-41, gst-42, gst-43, gst-44, gst-5, gst-6, gst-7, gst-8, gst-9, gstk-1, gstk-2, gsto-1, gsto-2, gsto-3"
GO:0006749,60,"C02D5.4, F55A11.6, F56A4.3, T07E3.3, W10C8.4, Y38F2AR.12, Y45G12C.3, Y53G8B.1, cblc-1, ethe-1, gsr-1, gst-1, gst-10, gst-11, gst-12, gst-13, gst-14, gst-15, gst-16, gst-17, gst-18, gst-19, gst-2, gst-20, gst-21, gst-22, gst-23, gst-24, gst-25, gst-26, gst-27, gst-28, gst-29, gst-3, gst-30, gst-31, gst-32, gst-33, gst-34, gst-35, gst-36, gst-37, gst-38, gst-39, gst-4, gst-40, gst-41, gst-42, gst-43, gst-44, gst-5, gst-6, gst-7, gst-8, gst-9, gstk-1, gstk-2, gsto-1, gsto-2, gsto-3"
GO:1905804,2,"gst-1, skn-1"
GO:1990748,3,"gst-1, skn-1, wdr-23"
GO:0043292,5,"gst-4, let-502, nmy-1, pat-10, src-1"
GO:0004602,17,"T07E3.3, gpx-1, gpx-2, gpx-3, gpx-5, gst-11, gst-20, gst-30, gst-36, gst-38, gst-5, gst-6, gst-7, gst-8, gst-9, gstk-1, gstk-2"
GO:0010225,4,"gst-10, lem-3, umps-1, xpa-1"
GO:0006572,8,"C31H2.4, Y53G8B.1, fah-1, gst-42, gst-43, hgo-1, hpd-1, tatn-1"
GO:0016034,3,"Y53G8B.1, gst-42, gst-43"
GO:0045174,5,"C02D5.4, gst-44, gsto-1, gsto-2, gsto-3"
GO:0050610,4,"C02D5.4, gst-44, gsto-1, gsto-2"
GO:0004373,1,gsy-1
GO:0005978,7,"D1005.2, T04A8.7, agl-1, gsy-1, gyg-1, gyg-2, rml-1"
GO:0009448,1,gta-1
GO:0034386,1,gta-1
GO:0047298,1,gta-1
GO:0009637,1,lite-1
GO:0009785,1,lite-1
GO:0009881,1,lite-1
GO:0009882,1,lite-1
GO:0046957,1,lite-1
GO:0051606,2,"gur-3, lite-1"
GO:0070141,1,lite-1
GO:0005688,7,"gut-2, lsm-3, lsm-4, lsm-5, lsm-6, lsm-7, lsm-8"
GO:0071011,19,"F40F8.11, Y108G3AL.2, gut-2, lsm-3, lsm-8, phf-5, prp-31, prp-38, rbmx-2, sap-49, sftb-2, smu-1, snr-1, snr-3, snr-4, snr-6, snr-7, snu-13, wbp-4"
GO:1990726,5,"gut-2, lsm-1, lsm-3, lsm-5, lsm-7"
GO:0015833,7,"haf-1, haf-2, haf-4, haf-9, pept-1, pept-2, pept-3"
GO:1904680,4,"haf-1, haf-2, haf-4, haf-9"
GO:0010273,2,"hmt-1, pcs-1"
GO:0015086,1,hmt-1
GO:0015439,1,hmt-1
GO:0015886,6,"hmt-1, hrg-1, hrg-3, hrg-4, hrg-5, hrg-6"
GO:0035351,1,hmt-1
GO:0070574,1,hmt-1
GO:0071585,2,"hmt-1, pcs-1"
GO:0098849,2,"hmt-1, pcs-1"
GO:0045167,19,"ect-2, eel-1, ham-1, lin-17, lin-18, lit-1, mbk-2, mes-1, mom-1, mom-2, mom-4, nmy-2, par-1, par-2, par-4, par-5, rga-3, rga-4, wrm-1"
GO:0051653,5,"csnk-1, ham-1, pph-6, saps-1, tcc-1"
GO:1990179,1,ham-1
GO:0009117,7,"F25B5.3, Y10G11A.1, adal-1, ampd-1, dut-1, gmpr-1, hap-1"
GO:0009143,1,hap-1
GO:0009204,1,hap-1
GO:0035870,1,hap-1
GO:0036220,1,hap-1
GO:0036222,1,hap-1
GO:0047429,2,"dod-18, hap-1"
GO:0001221,2,"ctbp-1, hcf-1"
GO:0035097,7,"dot-1.1, dot-1.2, dot-1.3, dot-1.4, dot-1.5, hcf-1, zfp-1"
GO:0051382,10,"F35H10.5, hcp-1, hcp-3, hcp-4, kbp-1, kbp-2, knl-1, knl-3, mis-12, npp-5"
GO:0000146,20,"C18C4.7, hcp-2, hum-1, hum-10, hum-2, hum-4, hum-5, hum-6, hum-7, hum-8, myo-1, myo-2, myo-3, myo-5, myo-6, nmy-1, nmy-2, nmy-3, spe-15, unc-54"
GO:0016460,18,"C18C4.7, cal-7, hcp-2, mlc-1, mlc-2, mlc-4, mlc-5, mlc-6, mlc-7, myo-1, myo-2, myo-3, myo-5, myo-6, nmy-1, nmy-2, nmy-3, unc-54"
GO:0032982,13,"C18C4.7, hcp-2, myo-1, myo-2, myo-3, myo-5, myo-6, nmy-1, nmy-2, nmy-3, unc-15, unc-54, unc-98"
GO:0000786,74,"F20D6.9, Y73B6A.1, cpar-1, hcp-3, hil-1, hil-2, hil-3, hil-4, hil-5, hil-6, hil-7, hil-8, his-11, his-12, his-13, his-15, his-16, his-17, his-19, his-2, his-20, his-21, his-22, his-24, his-25, his-27, his-29, his-3, his-30, his-32, his-33, his-34, his-35, his-39, his-4, his-40, his-41, his-42, his-43, his-44, his-45, his-47, his-48, his-49, his-51, his-52, his-53, his-54, his-55, his-57, his-58, his-59, his-6, his-61, his-62, his-63, his-65, his-66, his-67, his-68, his-69, his-7, his-70, his-71, his-72, his-73, his-74, his-8, his-9, htas-1, htz-1, mes-2, mes-3, mes-6"
GO:0030527,84,"F20D6.9, cpar-1, hcp-3, hil-1, hil-2, hil-3, hil-4, hil-5, hil-6, hil-7, his-1, his-10, his-11, his-12, his-13, his-14, his-15, his-16, his-17, his-18, his-19, his-2, his-20, his-21, his-22, his-24, his-25, his-26, his-27, his-28, his-29, his-3, his-30, his-31, his-32, his-33, his-34, his-35, his-37, his-38, his-39, his-4, his-40, his-41, his-42, his-43, his-44, his-45, his-46, his-47, his-48, his-49, his-5, his-50, his-51, his-52, his-53, his-54, his-55, his-56, his-57, his-58, his-59, his-6, his-60, his-61, his-62, his-63, his-64, his-65, his-66, his-67, his-68, his-69, his-7, his-70, his-71, his-72, his-73, his-74, his-8, his-9, htas-1, htz-1"
GO:0046603,2,"hcp-3, hcp-4"
GO:0070199,2,"hcp-3, hcp-4"
GO:0071459,1,hcp-3
GO:0008608,11,"hcp-4, him-10, kbp-1, kbp-2, kbp-3, kbp-4, knl-1, knl-3, mis-12, ndc-80, spdl-1"
GO:0051315,7,"hcp-6, him-10, knl-1, mdf-1, ndc-80, rmd-1, ska-1"
GO:0004407,12,"hda-1, hda-10, hda-11, hda-2, hda-3, hda-4, hda-5, hda-6, sin-3, sir-2.1, sir-2.2, sir-2.3"
GO:0042001,6,"hda-1, tra-2, tra-3, tra-4, xtr-1, xtr-2"
GO:0045746,9,"C02B10.3, hda-1, hecd-1, lin-12, sao-1, sel-1, sel-10, sel-2, vav-1"
GO:0141221,5,"hda-1, hda-2, hda-3, hda-4, hda-6"
GO:0042262,2,"hda-2, hda-3"
GO:0036467,1,hdl-1
GO:0030297,3,"T14E8.2, hen-1, old-2"
GO:0004411,1,hgo-1
GO:0000138,8,"hid-1, lin-10, rab-6.2, rund-1, syx-6, tbc-8, unc-108, vps-52"
GO:0002791,1,hid-1
GO:0000160,1,hif-1
GO:0048678,4,"efa-6, hif-1, tir-1, tph-1"
GO:0061433,1,hif-1
GO:0006334,21,"Y73B6A.1, asfl-1, chaf-1, chaf-2, hil-1, hil-2, hil-3, hil-4, hil-5, hil-6, hil-7, hil-8, his-24, his-67, hmg-3, hmg-4, lex-1, nap-1, spr-2, spt-16, unc-85"
GO:0031492,7,"hil-1, hil-2, hil-3, hil-4, hil-5, hil-6, his-24"
GO:0045111,1,hil-1
GO:0045910,8,"hil-1, hil-2, hil-3, hil-4, hil-5, hil-6, his-24, rtel-1"
GO:0000444,8,"him-1, kbp-1, kbp-2, knl-3, mis-12, scc-1, scc-3, smc-3"
GO:0034087,5,"him-1, scc-1, scc-2, scc-3, smc-3"
GO:0000795,16,"R06C7.2, him-3, htp-1, htp-2, htp-3, rec-8, syp-1, syp-2, syp-3, syp-4, syp-5, syp-6, zhp-1, zhp-2, zhp-3, zhp-4"
GO:0000800,5,"him-3, htp-1, htp-2, htp-3, syp-3"
GO:0007129,17,"R06C7.2, fcd-2, him-3, htp-1, htp-2, htp-3, spd-3, syp-1, syp-2, syp-3, syp-4, syp-5, syp-6, zhp-1, zhp-2, zhp-3, zhp-4"
GO:0007130,6,"him-3, rec-8, scc-1, syp-1, syp-2, syp-3"
GO:0007131,26,"cosa-1, him-14, him-17, him-3, him-6, htp-1, htp-2, htp-3, msh-5, pch-2, rad-51, rad-54.B, rad-54.L, rec-8, rfs-1, spo-11, syp-1, syp-2, syp-3, syp-4, syp-5, syp-6, zhp-1, zhp-2, zhp-3, zhp-4"
GO:0030997,5,"him-3, htp-1, htp-2, rec-8, sep-1"
GO:0045143,3,"him-14, him-3, msh-5"
GO:0098631,3,"dec-7, him-4, igcm-3"
GO:0010780,2,"him-5, rec-1"
GO:0000712,18,"F35H10.5, R05D3.12, Y48E1C.1, cin-4, eme-1, helq-1, him-14, him-17, him-18, him-6, lem-3, mus-81, rfs-1, rmh-1, rmh-2, slx-1, top-2, xpf-1"
GO:0008094,9,"F54E12.2, T23H2.3, him-6, rad-51, rad-54.L, rfc-3, rfs-1, ruvb-1, ruvb-2"
GO:0009378,4,"K02F3.12, him-6, rcq-5, wrn-1"
GO:0010705,2,"him-6, smc-5"
GO:0033554,3,"dxbp-1, gcn-2, him-6"
GO:0043138,8,"K02F3.12, him-6, mcm-2, mcm-5, rcq-5, rha-1, wrn-1, xpb-1"
GO:0071139,1,him-6
GO:0031262,4,"him-10, kbp-3, kbp-4, ndc-80"
GO:0006298,10,"exo-1, him-14, mlh-1, msh-2, msh-5, msh-6, pcn-1, pms-2, rnh-2, xpc-1"
GO:0030983,6,"him-14, mlh-1, msh-2, msh-5, msh-6, pms-2"
GO:0051026,9,"him-14, lis-1, msh-5, pph-4.1, rmh-1, rmif-2, syp-3, zhp-3, zhp-4"
GO:0140664,6,"him-14, mlh-1, msh-2, msh-5, msh-6, pms-2"
GO:0061628,2,"his-24, uad-2"
GO:0045663,1,hlh-1
GO:0051146,1,hlh-1
GO:0051149,3,"hlh-1, hnd-1, unc-120"
GO:0014018,4,"bet-1, hlh-14, hlh-2, pag-3"
GO:0043425,2,"hlh-2, hlh-4"
GO:0043467,1,hlh-2
GO:1903578,1,hlh-2
GO:0040008,2,"hlh-14, hlh-3"
GO:0051091,1,hlh-6
GO:0110043,1,hlh-6
GO:1905905,18,"B0507.1, dod-6, hlh-6, let-502, lys-8, pha-2, phat-1, phat-2, phat-3, phat-4, phat-5, phat-6, pqn-8, pyr-1, sma-1, tnt-4, unc-52, unc-89"
GO:0032502,21,"W01G7.4, dep-1, hipr-1, hlh-10, hlh-12, hlh-13, hlh-19, hlh-8, hnd-1, let-767, mls-1, nhr-67, sea-1, tbx-2, tbx-32, tbx-33, tbx-35, tbx-39, tbx-40, tbx-42, tbx-7"
GO:0072327,11,"bed-3, dep-1, hlh-8, hpl-2, let-23, let-60, let-765, lip-1, pat-2, pat-3, tln-1"
GO:0032226,1,hlh-17
GO:0006337,6,"asfl-1, hmg-3, hmg-4, lex-1, spt-16, unc-85"
GO:0035101,3,"hmg-3, hmg-4, spt-16"
GO:0045995,5,"hmg-3, hmg-4, spt-16, uggt-2, wrm-1"
GO:1902275,2,"hmg-3, hmg-4"
GO:0042645,5,"atad-3, hmg-5, mtss-1, tag-307, twnk-1"
GO:0090139,1,hmg-5
GO:0000979,2,"car-1, hmg-12"
GO:0140678,1,hmp-2
GO:0003384,2,"hmr-1, sax-7"
GO:0060429,2,"dss-1, hmr-1"
GO:0070097,1,hmr-1
GO:0150002,1,hmr-1
GO:0042780,1,elac-2
GO:0042781,1,elac-2
GO:1990180,2,"elac-2, hpo-31"
GO:0034205,3,"hop-1, sel-12, spe-4"
GO:0042500,6,"hop-1, imp-1, imp-2, imp-3, sel-12, spe-4"
GO:0003868,2,"C31H2.4, hpd-1"
GO:0016701,2,"C31H2.4, hpd-1"
GO:0000792,4,"aldo-1, aldo-2, hpl-1, set-25"
GO:0140128,1,hpl-1
GO:0006644,32,"B0478.3, C03H5.4, C07E3.9, C31H1.5, F09C8.1, F13H8.11, F35C11.5, F36A2.9, F44B9.10, H23N18.5, R07B7.8, R07B7.9, T09B9.3, T12B3.3, T19D7.7, T22G5.1, W02B12.1, W04G3.10, Y40B10A.9, Y52B11A.8, Y65B4BR.1, Y69A2AL.2, Y73B6BL.37, ZC155.4, acl-3, hpl-2, mboa-6, mboa-7, plpp-1.1, plpp-1.2, plpp-1.3, plpr-1"
GO:0062072,1,hpl-2
GO:0097240,6,"H04D03.2, cec-4, cec-5, cec-8, hpl-2, mrg-1"
GO:0030896,3,"hpr-9, hus-1, mrt-2"
GO:0031573,7,"eme-1, fcd-2, hpr-9, hus-1, mre-11, mus-81, tipn-1"
GO:0003689,6,"F44B9.8, hpr-17, rfc-1, rfc-2, rfc-3, rfc-4"
GO:0098687,2,"hrpa-1, hrpa-2"
GO:0004821,1,hars-1
GO:0006427,1,hars-1
GO:0032543,31,"C24D10.6, C39B5.6, Y119D3B.14, Y41D4A.6, Y66D12A.7, Y95D11A.1, hars-1, iars-2, lars-2, let-630, mrpl-16, mrpl-2, mrpl-23, mrpl-34, mrpl-47, mrpl-51, mrps-11, mrps-12, mrps-15, mrps-16, mrps-17, mrps-18A, mrps-18B, mrps-2, mrps-21, mrps-24, mrps-34, mrps-35, mrps-6, mrps-7, rars-2"
GO:0070370,1,hsb-1
GO:0071203,6,"ddl-1, ddl-2, hsb-1, hsf-1, wshc-4, wshc-5"
GO:0015012,13,"hse-5, hst-1, hst-2, hst-3.1, hst-3.2, hst-6, rib-1, rib-2, sqv-2, sqv-3, sqv-6, sqv-7, sul-1"
GO:0030210,3,"hse-5, hst-1, sqv-6"
GO:0047464,1,hse-5
GO:0016239,6,"epg-7, hlh-30, hsf-1, lipl-4, pha-4, sesn-1"
GO:0032000,1,hsf-1
GO:0097165,1,hsf-1
GO:1905911,3,"crh-2, hsf-1, pqm-1"
GO:1990841,2,"hsf-1, taf-10"
GO:0042147,24,"C52B9.4, M01F1.9, R06F6.8, T19A6.1, ddl-2, eas-1, hsp-1, rab-6.1, rab-6.2, rbg-3, rme-8, snx-1, soap-1, tbc-1, tbc-10, vps-26, vps-29, vps-35, vps-50, vps-51, vps-52, vps-53, vps-54, vti-1"
GO:0034663,4,"T14G8.3, T24H7.2, hsp-3, hsp-4"
GO:0005791,12,"hsp-4, let-268, maco-1, poml-1, rpl-27, rpl-6, rps-21, rps-23, rps-26, rps-28, rps-29, tram-1"
GO:0045041,5,"F11C1.1, F42H10.2, ZK616.2, ZK616.3, hsp-60"
GO:0008146,33,"B0273.115, C18B2.2, C31B8.9, C54F6.3, F01D5.10, F17B5.4, F25E5.2, F36D1.8, F40C5.1, F49D11.3, F49D11.6, F55B12.2, F56H6.13, F56H6.4, F59D12.3, K06H6.5, K07H8.8, T09E11.3, T15D6.1, T24A6.16, T27C5.12, Y48G1BL.7, Y87G2A.16, ZK1025.2, ZK1025.8, chst-1, hst-1, hst-2, hst-3.1, hst-3.2, hst-6, ssu-1, vep-2"
GO:0015016,1,hst-1
GO:0019213,3,"hda-11, hst-1, sir-2.1"
GO:0004394,1,hst-2
GO:0005796,3,"C56C10.9, hst-3.1, hst-3.2"
GO:0008467,2,"hst-3.1, hst-3.2"
GO:0017095,2,"hst-6, sul-1"
GO:0042138,4,"him-19, htp-3, mre-11, spo-11"
GO:0016459,24,"hum-1, hum-10, hum-2, hum-4, hum-5, hum-6, hum-7, hum-8, mlc-1, mlc-2, mlc-3, mlc-4, mlc-5, myo-1, myo-2, myo-3, myo-5, myo-6, nmy-1, nmy-2, nmy-3, spe-15, unc-15, unc-54"
GO:0060972,4,"hum-1, myo-6, nmy-1, nmy-2"
GO:0098858,2,"abi-1, hum-4"
GO:0030048,4,"hum-5, hum-6, hum-8, spe-15"
GO:0007605,4,"Y46E12A.3, Y67D8C.22, hum-6, lhfp-4"
GO:0016461,1,hum-6
GO:0031476,1,hum-6
GO:0033275,1,hum-7
GO:0060002,1,hum-7
GO:0044778,1,hus-1
GO:0050291,4,"ceh-93, hyl-1, hyl-2, lagr-1"
GO:0005854,2,"icd-1, icd-2"
GO:1905551,2,"icd-1, icd-2"
GO:0000387,13,"C24H11.5, D1007.4, F10E9.5, F40F8.11, icln-1, lsm-4, mel-46, smi-1, snr-1, snr-3, snr-4, snr-6, snrp-3"
GO:0006884,9,"B0303.11, F10E7.9, T04B8.5, icln-1, kcc-1, kcc-2, kcc-3, nkcc-1, wnk-1"
GO:0034709,1,icln-1
GO:0034715,6,"F40F8.11, icln-1, snr-3, snr-4, snr-5, snr-6"
GO:0045292,10,"cacn-1, cwc-15, icln-1, ncbp-2, prp-21, prp-40, prp-8, rbm-17, sfa-1, snu-66"
GO:0007143,2,"icp-1, mei-1"
GO:0043539,7,"icp-1, mop-25.1, mop-25.2, mop-25.3, rict-1, strd-1, wrm-1"
GO:0001956,6,"ida-1, slo-2, unc-18, unc-26, unc-32, vha-12"
GO:0030140,5,"gopc-1, ida-1, lin-10, rab-8, rabr-1"
GO:0031045,9,"DH11.5, cla-1, ida-1, rab-10, snt-1, snt-2, snt-3, snt-5, unc-31"
GO:0051046,5,"ida-1, ric-19, syx-3, syx-4, vha-5"
GO:0005652,14,"glb-26, ifa-1, ifa-3, ifa-4, ifb-1, ifb-2, ifc-1, ifc-2, ifd-1, ifd-2, ifp-1, lmn-1, mua-6, set-25"
GO:0005882,16,"bbln-1, ifa-1, ifa-3, ifa-4, ifb-1, ifb-2, ifc-1, ifc-2, ifd-1, ifd-2, ifp-1, lmn-1, mua-3, mua-6, vab-10, vab-19"
GO:0090435,16,"ifa-1, ifa-3, ifa-4, ifb-1, ifb-2, ifc-1, ifc-2, ifd-1, ifd-2, ifp-1, lmn-1, mua-6, npp-10, npp-2, npp-6, unc-83"
GO:0030057,1,ifc-2
GO:0048621,2,"ifc-2, wts-1"
GO:0000341,3,"ife-1, ife-2, ife-5"
GO:0016281,6,"ife-1, ife-2, ife-3, ife-4, ife-5, ifg-1"
GO:1902883,4,"glit-1, ife-2, mev-1, tsp-17"
GO:0034518,7,"erh-2, ife-3, mxt-1, pid-1, pid-3, tofu-6, tost-1"
GO:0034585,6,"erh-2, ife-3, pid-1, pid-3, prg-1, tofu-6"
GO:0034587,10,"egal-1, erh-2, henn-1, ife-3, parn-1, pid-1, pid-3, prg-1, tag-250, tofu-6"
GO:0070992,2,"ife-3, mxt-1"
GO:0045901,2,"iff-1, iff-2"
GO:0045905,3,"iff-1, iff-2, jmjd-4"
GO:0034088,5,"dscc-1, ify-1, mau-2, scc-2, sep-1"
GO:0034090,3,"ify-1, lab-1, sep-1"
GO:0060471,6,"ify-1, mat-1, rab-11.1, rab-6.1, sep-1, syx-4"
GO:1990520,2,"ify-1, sep-1"
GO:0005537,2,"ile-1, ile-2"
GO:0030134,16,"C26C6.9, W09G3.8, cni-1, ergi-1, ergi-2, ergi-3, ile-1, ile-2, sel-9, tmed-1, tmed-10, tmed-12, tmed-13, tmed-3, tmed-4, yif-1"
GO:0033116,6,"R07E5.19, ergi-1, ergi-2, ergi-3, ile-1, mppe-1"
GO:0005643,35,"T01C3.2, T16G12.6, Y69A2AR.16, Y75B8A.6, ima-1, ima-2, ima-3, mel-28, npp-1, npp-10, npp-11, npp-12, npp-13, npp-14, npp-15, npp-16, npp-18, npp-19, npp-2, npp-20, npp-21, npp-22, npp-23, npp-3, npp-4, npp-5, npp-6, npp-7, npp-8, npp-9, nxf-1, rae-1, sir-2.4, xpo-3, xpo-7"
GO:0006607,6,"F53B2.5, ima-1, ima-2, ima-3, npp-1, npp-19"
GO:0008139,11,"F53B2.5, Y75B8A.6, ima-1, ima-2, ima-3, imb-1, imb-2, imb-3, npp-10, npp-14, npp-7"
GO:0061608,9,"F42A6.6, F53B2.5, ima-1, ima-2, ima-3, imb-1, imb-2, imb-3, ran-4"
GO:0007084,3,"ima-2, lem-4, let-92"
GO:0051983,3,"ima-2, lmn-1, syp-1"
GO:0006999,5,"ima-3, npp-1, npp-19, npp-22, npp-3"
GO:0007127,2,"ima-3, msh-5"
GO:0007292,3,"ima-3, sos-1, unc-116"
GO:0000055,3,"T25G3.3, pro-3, xpo-1"
GO:0000056,3,"T23D8.3, ZK792.5, xpo-1"
GO:0005049,4,"Y69A2AR.16, xpo-1, xpo-2, xpo-7"
GO:0051168,3,"Y69A2AR.16, ran-2, xpo-1"
GO:0006409,3,"T16G12.6, nol-6, xpo-3"
GO:0006913,9,"T16G12.6, Y75B8A.6, npp-13, npp-6, npp-8, nxt-1, ran-1, ran-4, xpo-3"
GO:0016363,3,"T16G12.6, maea-1, xpo-3"
GO:0071528,2,"T16G12.6, xpo-3"
GO:0007229,9,"C05D9.3, Y50E8A.11, icap-1, ina-1, pat-2, pat-3, pat-4, tln-1, unc-112"
GO:0008305,4,"ina-1, pat-2, pat-3, pat-4"
GO:0033631,1,ina-1
GO:0046627,5,"ins-1, ins-18, let-92, paa-1, pptr-1"
GO:1903746,6,"inx-3, itr-1, nlr-1, sam-4, svh-1, unc-104"
GO:2000746,3,"fbxl-1, inx-16, pop-1"
GO:0010496,1,inx-19
GO:0019855,2,"inx-19, nsy-4"
GO:0004445,2,"C01B10.3, ipp-5"
GO:0052658,3,"inpp-5K, ipp-5, unc-26"
GO:0052659,1,ipp-5
GO:0052745,1,ipp-5
GO:0006986,9,"atfs-1, gcn-2, ire-1, jamp-1, kgb-1, pek-1, tag-353, ubxn-4, vhp-1"
GO:0070059,1,ire-1
GO:0034765,3,"irk-1, irk-2, irk-3"
GO:0004822,2,"iars-1, iars-2"
GO:0006428,2,"iars-1, iars-2"
GO:0005068,3,"ist-1, num-1, rog-1"
GO:0005220,1,itr-1
GO:0007204,2,"itr-1, ser-5"
GO:0017022,6,"itr-1, trak-1, ttn-1, unc-87, unc-96, unc-97"
GO:0030667,3,"itr-1, ric-19, tbh-1"
GO:0042713,1,itr-1
GO:0051489,3,"F54F2.7, itr-1, unc-115"
GO:0070679,5,"itr-1, spe-41, trp-1, trp-2, unc-89"
GO:0046328,3,"Y54F10BM.13, jip-1, unc-16"
GO:0004708,11,"jkk-1, mek-1, mek-2, mek-5, mkk-4, sek-1, sek-3, sek-4, sek-5, sek-6, strd-1"
GO:0007254,11,"C49C3.10, Y51B9A.9, jkk-1, jnk-1, kgb-1, kgb-2, max-2, mek-1, mig-2, mlk-1, nsy-1"
GO:0008545,2,"jkk-1, mek-1"
GO:0004705,5,"C49C3.10, Y51B9A.9, jnk-1, kgb-1, kgb-2"
GO:0030050,1,jnk-1
GO:0036477,2,"jnk-1, pat-3"
GO:1903034,1,jnk-1
GO:0030314,1,jph-1
GO:0043395,3,"kal-1, nex-2, nex-3"
GO:0045545,1,kal-1
GO:0048675,7,"T07F12.4, Y105C5A.24, dmd-3, enu-3.1, kal-1, klc-2, unc-51"
GO:0005871,19,"kap-1, klc-1, klc-2, klp-11, klp-12, klp-13, klp-15, klp-16, klp-18, klp-19, klp-20, klp-4, klp-6, klp-7, nud-2, osm-3, unc-104, unc-116, zen-4"
GO:0016939,3,"kap-1, klp-11, klp-20"
GO:0030993,3,"kap-1, klp-11, klp-20"
GO:0044782,3,"famh-161, kap-1, osm-1"
GO:0003985,4,"T02G5.7, acaa-2, hadb-1, kat-1"
GO:0007140,4,"kgb-1, mek-1, puf-8, spch-1"
GO:0033120,2,"jun-1, kgb-1"
GO:0046688,7,"cutc-1, kgb-1, max-2, mek-1, mig-2, mlk-1, vhp-1"
GO:0093002,11,"kgb-1, nsy-1, pgp-1, pgp-12, pgp-14, pgp-5, pgp-6, pmk-1, sek-1, ttm-1, ttm-2"
GO:0097237,6,"atg-18, hlh-30, kgb-1, lgg-1, lgg-2, lgg-3"
GO:1900180,2,"kgb-1, vhp-1"
GO:1900425,2,"kgb-1, vhp-1"
GO:1903843,1,kgb-1
GO:1990169,6,"kgb-1, kreg-1, lys-3, mek-1, natc-1, pgp-5"
GO:0004690,3,"F47F2.1, kin-1, pkg-2"
GO:0004691,2,"F47F2.1, kin-1"
GO:0005952,3,"F47F2.1, kin-1, kin-2"
GO:0001932,1,kin-2
GO:0004862,2,"K09E9.4, kin-2"
GO:0008603,1,kin-2
GO:0030552,1,kin-2
GO:0034236,1,kin-2
GO:0005956,2,"kin-10, kin-3"
GO:0034606,13,"cwp-5, kin-10, kin-3, lov-1, nphp-1, nphp-4, pkd-2, rcan-1, stam-1, tax-6, ttll-11, ttll-4, ttll-5"
GO:0019887,8,"aakg-1, aakg-2, aakg-3, aakg-4, atg-13, gcn-1, kdin-1, kin-10"
GO:0060631,2,"kin-18, plk-2"
GO:0048670,1,kin-20
GO:0045717,3,"R11D1.1, adpr-1, kin-29"
GO:0046811,1,kin-29
GO:0007172,1,kin-32
GO:0016938,4,"kca-1, klc-1, klc-2, unc-116"
GO:0051295,5,"aspm-1, kca-1, klc-1, klc-2, unc-116"
GO:0051304,3,"klp-3, rack-1, szy-2"
GO:0047496,7,"htt-1, klp-6, lis-1, nud-2, trak-1, wdr-5.2, wdr-5.3"
GO:0007019,7,"F47G4.4, F47G4.5, efa-6, klp-7, mei-1, mei-2, spas-1"
GO:0010938,1,klp-7
GO:0090306,2,"klp-18, klp-7"
GO:0090619,3,"klp-7, mei-1, rec-8"
GO:0051988,11,"czw-1, kbp-1, kbp-2, kbp-5, knl-1, knl-3, mis-12, rod-1, ska-1, ska-3, zwl-1"
GO:0140499,1,knl-1
GO:0008038,2,"kpc-1, ten-1"
GO:0031638,2,"kpc-1, mig-17"
GO:0036010,1,kpc-1
GO:0048813,8,"F54F2.7, catp-8, dma-1, kpc-1, mnr-1, sax-7, unc-40, unc-6"
GO:0050775,7,"dma-1, grdn-1, kpc-1, lin-44, mnr-1, sax-7, unc-116"
GO:0070593,10,"dma-1, kpc-1, mnr-1, ncam-1, rig-3, rig-6, sax-7, zig-1, zig-11, zig-3"
GO:1900006,1,kpc-1
GO:1903859,5,"dma-1, kpc-1, lect-2, mnr-1, sax-7"
GO:1903861,2,"grdn-1, kpc-1"
GO:2000009,2,"gopc-1, kpc-1"
GO:2001222,1,kpc-1
GO:0097623,2,"kqt-2, kqt-3"
GO:0003008,2,"kqt-3, tbc-9"
GO:0022843,1,kqt-3
GO:0051049,4,"kqt-3, rme-6, sel-9, stim-1"
GO:0065008,7,"Y32F6A.5, Y92H12A.2, kqt-3, nuaf-6, pdk-1, spe-5, vha-12"
GO:0004824,1,kars-1
GO:0006430,1,kars-1
GO:0031434,4,"ksr-1, nipi-3, nsy-1, shc-1"
GO:0051451,1,ksr-1
GO:0017154,3,"lad-2, plx-1, plx-2"
GO:0071526,7,"fln-1, lad-2, mab-20, plx-1, plx-2, smp-1, smp-2"
GO:0030027,7,"F54F2.7, W02H5.2, abi-1, crml-1, dbn-1, laf-1, mig-10"
GO:0033592,2,"drr-2, laf-1"
GO:0040019,20,"cdk-11.1, cdk-11.2, dbt-1, epg-8, imp-2, laf-1, mus-81, oma-1, oma-2, pdi-3, puf-5, rmh-1, rmif-2, sem-2, slx-1, src-1, tsp-12, tsp-14, vbh-1, xpf-1"
GO:0061702,1,laf-1
GO:0140693,3,"laf-1, spd-5, wnk-1"
GO:0048867,1,lag-1
GO:1902895,3,"lag-1, nob-1, pal-1"
GO:1990433,3,"lag-1, lin-12, sel-8"
GO:0031253,2,"lag-2, unc-40"
GO:0110011,7,"ctg-1, lag-2, lin-12, lin-29, pifk-1B, pxn-2, sel-12"
GO:0005608,1,lam-1
GO:0034446,3,"lam-1, pat-4, pat-6"
GO:0043256,1,lam-1
GO:0070831,1,lam-1
GO:0019538,2,"lap-1, lap-2"
GO:0040009,5,"apy-1, lap-1, mek-1, rsp-1, rsp-2"
GO:0019953,4,"drsh-1, lat-1, orai-1, ten-1"
GO:0097264,2,"lat-1, lat-2"
GO:0015908,5,"lbp-5, lbp-6, lbp-7, lbp-8, lbp-9"
GO:0005324,8,"acs-20, acs-22, lbp-8, pmp-1, pmp-2, pmp-3, pmp-4, pmp-5"
GO:0015909,1,lbp-8
GO:0036041,1,lbp-8
GO:0007416,15,"ldb-1, lnp-1, mtm-6, mtm-9, nab-1, plx-1, plx-2, ptp-3, rig-1, rig-4, sad-1, sam-10, syg-1, syg-2, unc-4"
GO:0030274,3,"ldb-1, scpl-1, swan-1"
GO:0034504,8,"cat-6, cdc-48.2, ldb-1, lin-56, lpin-1, rmh-1, rmif-2, sop-2"
GO:0004459,1,ldh-1
GO:0006089,1,ldh-1
GO:0042867,1,ldh-1
GO:0009269,1,lea-1
GO:0016936,23,"C27C7.5, F46A8.3, F46A8.4, F46A8.5, F46A8.8, F47G9.6, F49F1.10, F49F1.11, F49F1.18, F49F1.9, M6.11, lec-1, lec-10, lec-11, lec-12, lec-2, lec-3, lec-4, lec-5, lec-6, lec-7, lec-8, lec-9"
GO:0051861,3,"lec-10, lec-8, lec-9"
GO:0031468,4,"cnep-1, lem-2, lpin-1, ubxn-2"
GO:0072711,1,lem-3
GO:0042551,2,"lep-2, lin-28"
GO:1905710,1,let-4
GO:2000431,1,ect-2
GO:0005006,1,let-23
GO:0007173,8,"let-23, let-60, lin-3, lin-7, ral-1, rgl-1, sem-5, sos-1"
GO:0030539,5,"let-23, lin-3, sem-5, smg-1, smg-4"
GO:0038127,1,let-23
GO:0050679,2,"let-23, mab-5"
GO:0140677,1,let-23
GO:0070847,9,"let-49, mdt-17, mdt-18, mdt-31, mdt-4, mdt-6, mdt-8, rgr-1, sna-1"
GO:0043274,1,let-60
GO:0120283,1,let-60
GO:1902685,1,let-60
GO:0061631,22,"C28G1.10, let-70, ubc-1, ubc-13, ubc-14, ubc-16, ubc-17, ubc-18, ubc-19, ubc-20, ubc-21, ubc-22, ubc-24, ubc-25, ubc-26, ubc-3, ubc-6, ubc-7, ubc-8, uev-2, uev-3, wwp-1"
GO:0005863,13,"C04F12.8, R31.2, anmt-1, mlc-3, myo-1, myo-2, myo-3, myo-5, myo-6, nmy-1, nmy-2, unc-54, unc-96"
GO:0000159,12,"F43B10.1, F47B8.3, T22D1.5, Y71H2AM.20, let-92, paa-1, pptr-1, pptr-2, rsa-1, rsa-2, spd-5, sur-6"
GO:0018985,1,let-92
GO:0044295,4,"C34F6.10, let-92, unc-40, unc-5"
GO:0051229,3,"let-92, mei-1, mei-2"
GO:0051299,2,"let-92, lis-1"
GO:0098534,5,"let-92, paa-1, sas-5, sas-6, sur-6"
GO:0035295,1,lpr-1
GO:0003980,3,"let-268, uggt-1, uggt-2"
GO:0008475,1,let-268
GO:0032964,4,"let-268, lin-29, tmem-131, trpp-8"
GO:0033823,1,let-268
GO:0050211,2,"D2045.9, let-268"
GO:0097359,3,"let-268, uggt-1, uggt-2"
GO:0000492,5,"F32D8.4, let-363, ruvb-1, ruvb-2, zhit-3"
GO:0009892,1,let-363
GO:0016242,2,"let-363, smg-1"
GO:0031932,4,"let-363, mlst-8, rict-1, sinh-1"
GO:0048382,7,"let-363, mlst-8, rict-1, sdz-1, sgk-1, sinh-1, skn-1"
GO:0001710,1,let-381
GO:0007043,2,"let-413, spv-1"
GO:0034333,2,"let-413, tbcd-1"
GO:0045108,1,let-413
GO:0045199,1,let-413
GO:0090571,2,"let-418, lin-1"
GO:0072518,1,let-502
GO:1901888,2,"let-502, unc-15"
GO:0016514,11,"ham-3, let-526, pbrm-1, phf-10, snfc-5, swsn-1, swsn-2.2, swsn-3, swsn-4, swsn-6, swsn-9"
GO:0030071,13,"dpff-1, ham-3, let-526, pbrm-1, phf-10, snfc-5, swsn-1, swsn-2.2, swsn-3, swsn-4, swsn-6, swsn-7, swsn-9"
GO:0035060,3,"let-526, snfc-5, swsn-7"
GO:0071565,3,"dpff-1, let-526, snfc-5"
GO:2000045,14,"dpff-1, ham-3, let-526, pbrm-1, phf-10, psme-3, snfc-5, swsn-1, swsn-2.2, swsn-3, swsn-4, swsn-6, swsn-7, swsn-9"
GO:2000781,14,"dpff-1, ham-3, let-526, nmad-1, pbrm-1, phf-10, snfc-5, swsn-1, swsn-2.2, swsn-3, swsn-4, swsn-6, swsn-7, swsn-9"
GO:2000819,13,"dpff-1, ham-3, let-526, pbrm-1, phf-10, snfc-5, swsn-1, swsn-2.2, swsn-3, swsn-4, swsn-6, swsn-7, swsn-9"
GO:1903894,2,"let-607, octr-1"
GO:0019843,28,"C48B6.2, F44G4.1, K12H4.3, W09G3.7, Y41C4A.9, Y54E10A.10, ZK795.3, emg-1, eral-1, let-630, lpd-6, mrpl-16, mrpl-20, mrps-6, mrps-7, rpl-11.1, rpl-11.2, rpl-23A.1, rpl-23A.2, rpl-37.1, rpl-37.2, rpl-5, rpl-8, rpl-9, rps-4, rps-5, rps-9, zak-1"
GO:0043024,5,"abce-1, drr-2, eif-1, eral-1, let-630"
GO:0035017,2,"let-653, lin-29"
GO:0099512,1,let-653
GO:1903133,1,let-653
GO:1905278,1,let-653
GO:0004174,1,let-721
GO:0022900,7,"cyc-2.1, fdx-2, let-721, lpd-5, ndub-3, sdha-1, sdha-2"
GO:0004017,6,"E02H1.6, F13E6.2, F38B2.4, F38E11.6, ZK673.2, let-754"
GO:0006172,4,"F13E6.2, F38B2.4, let-754, ndx-4"
GO:0016776,3,"C29F7.3, F40F8.1, let-754"
GO:0019205,7,"C29F7.3, F13E6.2, F38B2.4, F38E11.6, F40F8.1, ZK673.2, let-754"
GO:0046033,5,"F38B2.4, F38E11.6, ZK673.2, ampd-1, let-754"
GO:0046940,8,"C29F7.3, E02H1.6, F13E6.2, F38B2.4, F38E11.6, F40F8.1, ZK673.2, let-754"
GO:0031345,1,let-756
GO:0042660,1,let-765
GO:0006694,21,"C32D5.12, F32D8.13, F35C8.5, T05H4.4, Y48B6A.13, Y62E10A.6, ZK1251.3, dhcr-7, fdx-2, hmgs-1, hpo-19, hsd-1, hsd-2, hsd-3, let-767, srdf-2.1, srdf-2.2, stdh-1, stdh-2, stdh-3, stdh-4"
GO:0042445,1,let-767
GO:0050062,1,let-767
GO:0072582,1,let-767
GO:0141040,1,let-767
GO:0004896,1,let-805
GO:0009897,26,"F52E1.2, T14B4.3, Y38H6C.8, adah-1, clec-1, clec-149, clec-150, clec-184, clec-196, clec-199, clec-202, clec-204, clec-219, clec-224, clec-266, clec-45, clec-47, clec-86, clec-87, clec-88, clec-91, gfrl-1, let-805, odr-2, vab-2, vha-20"
GO:0019221,2,"let-805, pik-1"
GO:0019955,1,let-805
GO:0043196,3,"lev-10, pin-2, rhgf-1"
GO:0030835,2,"lev-11, unc-94"
GO:0031674,9,"T03G6.3, ketn-1, lev-11, mel-26, scpl-1, ttn-1, unc-68, unc-70, unc-87"
GO:0000828,5,"F30A10.3, F46F11.1, T20F7.3, Y22D7AR.6, lfe-2"
GO:0008440,2,"ipmk-1, lfe-2"
GO:0032958,7,"F30A10.3, F46F11.1, T20F7.3, Y22D7AR.6, ipmk-1, ippk-1, lfe-2"
GO:0000421,7,"T24H7.9, ZC247.1, atg-16.1, atg-16.2, lgg-1, lgg-2, lgg-3"
GO:0005776,14,"T07F12.4, Y105C5A.24, alfa-1, atg-13, atg-5, atg-9, epg-8, lgg-1, lgg-2, rbg-2, tbc-12, unc-51, vps-15, vps-18"
GO:0008429,8,"ZC247.1, esyt-2, lgg-1, lgg-2, nex-1, nex-2, nex-3, nex-4"
GO:0016236,21,"atg-13, atg-16.1, atg-16.2, atg-2, atg-3, atg-5, epg-2, epg-3, epg-4, epg-5, epg-6, epg-8, lgg-1, lgg-2, lgg-3, rbg-2, unc-51, vps-15, vps-25, vps-41, vti-1"
GO:0043202,7,"ilys-3, lgg-1, lipl-1, lipl-2, lipl-3, lipl-4, lipl-5"
GO:0097352,8,"ZC247.1, cdc-48.1, cdc-48.2, epg-5, lgg-1, lgg-2, lgg-3, snx-14"
GO:0098792,4,"atg-18, lgg-1, lgg-2, lgg-3"
GO:2000786,4,"atg-7, lgg-1, rbg-1, rsks-1"
GO:1901098,2,"lgg-2, mtm-3"
GO:0000422,8,"atg-18, atg-2, atg-3, epg-6, epg-7, fndc-1, lgg-3, pink-1"
GO:0019776,2,"atg-5, lgg-3"
GO:0031386,15,"C16C8.14, C16C8.16, C16C8.20, C16C8.4, F14D2.11, F52C6.2, F52C6.3, lgg-3, ned-8, rps-27A, smo-1, ubl-5, ubq-1, ubq-2, urm-1"
GO:0034045,12,"T07F12.4, Y105C5A.24, atg-16.1, atg-16.2, atg-18, atg-2, atg-5, atg-9, epg-6, epg-7, lgg-3, unc-51"
GO:0034274,4,"atg-16.1, atg-16.2, atg-5, lgg-3"
GO:0034727,12,"T07F12.4, Y105C5A.24, atg-13, atg-2, atg-4.1, atg-4.2, atg-5, atg-7, atg-9, epg-7, lgg-3, unc-51"
GO:0061723,8,"D2085.7, atg-10, atg-18, atg-2, atg-3, epg-6, epg-7, lgg-3"
GO:0003910,4,"K07C5.3, Y73B6BL.14, lig-1, lig-4"
GO:0006273,2,"K07C5.3, lig-1"
GO:0071897,14,"C25F9.2, K09F6.10, Y38A10A.11, lig-1, pola-1, pold-1, pold-2, pole-1, polg-1, polh-1, polk-1, polq-1, rev-1, thk-1"
GO:1903461,1,lig-1
GO:0005958,1,lig-4
GO:0006297,4,"R04F11.3, lig-4, pold-1, pole-1"
GO:0032807,1,lig-4
GO:0050877,3,"lim-6, msi-1, ttx-3"
GO:0060756,4,"hyls-1, lim-6, nlp-12, npr-9"
GO:0061038,2,"fln-1, lim-6"
GO:0060323,1,lim-7
GO:0005159,2,"lin-2, shc-1"
GO:0019098,7,"lin-2, ttll-11, ttll-12, ttll-15, ttll-4, ttll-5, ttll-9"
GO:0034330,5,"guk-1, lin-2, magu-1, magu-2, magu-3"
GO:0046928,6,"lin-2, mctp-1, ric-19, slo-1, snt-1, unc-17"
GO:0005154,2,"lin-3, sem-5"
GO:0070840,6,"bicd-1, dnc-6, lin-5, lis-1, wdr-5.2, wdr-5.3"
GO:0005923,4,"F59C12.3, lin-7, par-6, zoo-1"
GO:0097025,1,lin-7
GO:0007270,2,"lin-10, unc-104"
GO:0043197,2,"lin-10, shn-1"
GO:0050975,3,"alr-1, lin-10, pkc-1"
GO:1902946,1,lin-10
GO:0120036,2,"lin-11, mec-3"
GO:0045597,2,"lin-12, nfki-1"
GO:0090444,3,"blmp-1, lin-14, lin-29"
GO:0010085,6,"lin-17, lin-18, lit-1, pop-1, sys-1, wrm-1"
GO:0048560,2,"lin-17, lin-18"
GO:0010976,3,"ddr-2, lin-18, twf-2"
GO:0043223,1,lin-23
GO:0061136,2,"lin-23, psme-3"
GO:0007398,1,lin-26
GO:0070878,2,"lin-28, pash-1"
GO:0070883,1,lin-28
GO:1990715,1,lin-28
GO:2000635,1,lin-28
GO:0010458,2,"lin-29, mab-10"
GO:0022404,2,"lin-29, mab-10"
GO:0048808,2,"lin-29, unc-73"
GO:0003398,1,lin-32
GO:0021780,1,lin-32
GO:0016479,2,"lin-35, ncl-1"
GO:0019219,2,"Y17G9B.8, lin-35"
GO:0032876,2,"lin-35, lon-1"
GO:0031523,1,lin-37
GO:0042826,9,"F10E7.11, T07F8.4, lin-40, lin-53, mef-2, mep-1, nasp-1, pop-1, tra-4"
GO:0110037,5,"ast-1, dmd-3, lin-41, mab-23, unc-39"
GO:0045724,4,"F26F2.7, grdn-1, lin-44, unc-116"
GO:0070371,1,lin-45
GO:0006777,9,"F49H6.5, lin-46, moc-1, moc-2, moc-3, moc-5, moc-6, mocs-1, nmrk-1"
GO:0032324,4,"lin-46, moc-1, moc-2, nmrk-1"
GO:0061598,3,"lin-46, moc-1, moc-2"
GO:0061599,3,"lin-46, moc-1, moc-2"
GO:0072579,2,"lin-46, moc-1"
GO:0099572,3,"dlgr-1, lin-46, moc-1"
GO:0007442,1,lin-48
GO:0009651,1,lin-48
GO:0009913,1,lin-48
GO:0070776,5,"lin-49, lsy-12, phf-14, phf-15, zfp-1"
GO:0035098,4,"lin-53, mes-2, mes-6, rba-1"
GO:0030849,5,"lin-54, mes-4, mrg-1, prde-1, spe-44"
GO:0001715,1,lin-59
GO:0042054,15,"lin-59, mes-2, mes-4, met-1, met-2, prmt-1, prmt-5, prmt-7, prmt-9, set-11, set-12, set-23, set-25, set-8, set-9"
GO:0046975,8,"lin-59, mes-4, met-1, met-2, set-12, set-18, set-27, set-29"
GO:0048566,5,"lin-59, rsa-2, skn-1, sup-36, sys-1"
GO:0008330,2,"lip-1, vhp-1"
GO:0017017,2,"lip-1, vhp-1"
GO:0033550,2,"lip-1, vhp-1"
GO:0051447,1,lip-1
GO:0070373,2,"lip-1, ppm-1.A"
GO:0007100,2,"lis-1, nud-2"
GO:0031022,2,"lis-1, nud-2"
GO:0048854,3,"lis-1, wdr-5.2, wdr-5.3"
GO:0051010,9,"F54A3.2, T08D2.8, ebp-1, ebp-2, ebp-3, lis-1, wdr-5.2, wdr-5.3, zyg-9"
GO:0051012,1,lis-1
GO:0042694,7,"ceh-51, lit-1, mls-1, mom-4, pha-2, tbx-2, tbx-35"
GO:1902554,5,"atg-13, dkf-2, lit-1, unc-51, wrm-1"
GO:0005638,1,lmn-1
GO:0031902,43,"B0348.1, B0348.2, C08E8.1, F13H10.3, F16F9.1, F36G3.3, Y22D7AL.15, Y37D8A.26, Y37D8A.6, Y37D8A.8, Y40H7A.11, Y41C4A.11, Y50D4A.4, Y87G2A.18, Y87G2A.19, lmp-1, lmp-2, marc-4, marc-5, memb-1, memb-2, mig-14, mvb-12, pipp-4P, rab-10, rab-7, sid-5, sorf-1, sorf-2, strl-1, tag-340, tsp-12, tsp-14, vps-11, vps-16, vps-18, vps-33.2, vps-36, vps-37, vps-39, vps-4, vps-41, vti-1"
GO:0044841,5,"cdf-2, glo-1, glo-3, lmp-1, pgp-2"
GO:0072594,3,"lmp-1, lmp-2, unc-112"
GO:0019838,1,lon-2
GO:0050982,3,"lov-1, pezo-1, pkd-2"
GO:0071683,6,"Y51H7BR.7, Y97E10AL.1, aho-3, lect-2, lov-1, pkd-2"
GO:0000462,17,"F55F8.3, K05C4.5, T01B7.5, T10B5.3, T22H9.1, Y41C4A.9, Y61A9LA.10, dcaf-13, lpd-2, nol-10, rha-2, rps-16, rps-8, tag-151, toe-1, tsr-2, wdr-46"
GO:0000463,11,"B0511.6, H06I04.3, Y54E10A.10, bop-1, lpd-6, lpd-7, rbm-34, rpl-35, rpl-7, wdr-12, zhit-3"
GO:0030687,15,"C16A3.6, C18A3.3, C43E11.9, F10E7.5, F44G4.1, F53E10.6, H06I04.3, T06E6.1, W09C5.1, bop-1, lpd-6, lpd-7, rrsr-1, wdr-12, znf-622"
GO:0000466,4,"H06I04.3, bop-1, lpd-7, wdr-12"
GO:0070545,3,"bop-1, lpd-7, wdr-12"
GO:0033819,1,lpl-1
GO:1902236,3,"lrk-1, pmk-1, sek-1"
GO:0015918,4,"heh-1, lrp-1, ncr-1, ncr-2"
GO:0030228,1,lrp-1
GO:0004823,2,"lars-1, lars-2"
GO:0006429,2,"lars-1, lars-2"
GO:0120115,2,"lsm-3, lsm-6"
GO:0017070,4,"lsm-4, prp-4, prp-8, rbm-22"
GO:0071005,2,"lsm-4, smu-1"
GO:0097526,7,"F40F8.11, lsm-4, lsm-7, prp-31, snr-1, snr-3, snr-7"
GO:0005732,4,"F25H8.2, Y48A6B.3, Y75B8A.7, lsm-6"
GO:0005689,3,"lsm-7, snr-4, snr-7"
GO:0071004,14,"Y119D3B.12, lsm-7, luc-7L, luc-7L3, prp-21, prp-39, prp-40, repo-1, rnp-7, sftb-1, snr-2, snr-7, snrp-3, uaf-1"
GO:0051020,3,"lst-4, rin-1, wsp-1"
GO:0090387,7,"ccz-1, lst-4, rab-14, rab-7, snx-1, snx-6, unc-108"
GO:0090389,4,"lst-4, snx-1, snx-6, vps-18"
GO:0097320,2,"lst-4, sdpn-1"
GO:0060205,1,lys-1
GO:0003796,10,"ilys-1, ilys-2, ilys-3, ilys-4, ilys-5, ilys-6, lys-2, lys-4, lys-5, lys-6"
GO:0009253,4,"lys-2, lys-4, lys-5, lys-6"
GO:0016998,7,"R10D12.15, T26F2.1, cht-5, cht-6, lys-4, lys-5, lys-6"
GO:0007507,1,mab-9
GO:0048620,1,mab-9
GO:0001755,3,"mab-20, smp-1, smp-2"
GO:0030215,3,"mab-20, smp-1, smp-2"
GO:0030335,7,"cacn-1, mab-20, mig-13, pvf-1, smp-1, smp-2, unc-53"
GO:0045499,3,"mab-20, smp-1, smp-2"
GO:0050919,3,"mab-20, smp-1, smp-2"
GO:1990275,1,mac-1
GO:0035145,5,"T20G5.9, casc-3, mag-1, rnp-4, smg-3"
GO:1905881,3,"mag-1, rnp-4, simr-1"
GO:0032780,2,"mai-1, mai-2"
GO:0042030,4,"fnip-2, mai-1, mai-2, sti-1"
GO:0004239,2,"map-1, map-2"
GO:0008235,7,"B0495.7, C44B7.11, F53B6.5, T27A8.3, Y39A3B.1, dpt-1, map-2"
GO:0008238,1,map-2
GO:1905188,1,mat-3
GO:0032116,2,"mau-2, scc-2"
GO:0031435,8,"max-2, mkk-4, rpm-1, sek-1, shc-1, svh-2, tap-1, tpa-1"
GO:0050770,5,"max-2, pak-1, rga-5, unc-37, unc-4"
GO:0004712,6,"C36B7.1, mbk-1, mbk-2, mek-2, nsy-1, sek-1"
GO:0018108,3,"ddr-2, mbk-2, svh-2"
GO:1903864,3,"mbk-2, meg-1, meg-2"
GO:0005388,5,"mca-1, mca-2, mca-3, pmr-1, sca-1"
GO:0006874,21,"T07A9.12, W01A8.8, catp-5, catp-6, catp-7, catp-8, mca-1, ncx-10, ncx-4, ncx-5, ncx-6, ncx-7, ncx-8, ncx-9, pdfr-1, pmr-1, sca-1, spe-41, stim-1, tag-65, unc-68"
GO:0051480,7,"K09A9.6, mca-1, mca-2, mca-3, spe-41, trp-1, trp-2"
GO:0051481,1,mca-3
GO:0000727,11,"eme-1, evl-18, mcm-2, mcm-3, mcm-4, mcm-5, mcm-6, mcm-7, mus-81, psf-2, sld-5"
GO:0006279,6,"mcm-2, mcm-3, mcm-4, mcm-5, mcm-6, mcm-7"
GO:0042555,6,"mcm-2, mcm-3, mcm-4, mcm-5, mcm-6, mcm-7"
GO:0045120,3,"mcm-2, mcm-3, mdf-2"
GO:1902975,3,"mcm-2, mcm-3, mcm-4"
GO:0006271,6,"R04F11.3, mcm-3, mcm-4, mcm-7, pold-2, rfc-3"
GO:1902969,1,mcm-6
GO:1990518,1,mcm-6
GO:0072689,1,mcm-7
GO:0010965,2,"mdf-1, npp-5"
GO:0033316,3,"bub-3, mdf-1, mdf-2"
GO:1990728,2,"mdf-1, mdf-2"
GO:0034059,3,"mdf-2, san-1, sbp-1"
GO:1901991,1,mdf-2
GO:0030060,2,"mdh-1, mdh-2"
GO:0043062,1,mec-1
GO:0050976,12,"mec-1, mec-10, mec-12, mec-14, mec-15, mec-18, mec-2, mec-4, mec-5, mec-6, mec-7, mec-9"
GO:0008200,6,"mec-2, sto-1, sto-4, sto-6, unc-1, unc-24"
GO:1905789,11,"mec-10, mec-12, mec-14, mec-15, mec-2, mec-4, mec-5, mec-6, mec-7, mec-9, mtd-1"
GO:1905792,10,"mec-10, mec-12, mec-14, mec-15, mec-2, mec-4, mec-5, mec-6, mec-7, mec-9"
GO:0004064,4,"mec-6, poml-1, poml-2, poml-4"
GO:0050974,1,mec-7
GO:0044298,3,"mec-10, snf-10, vha-5"
GO:0016080,1,mec-15
GO:0032230,4,"mec-15, nca-2, unc-75, unc-77"
GO:0097151,1,mec-15
GO:0019799,2,"atat-2, mec-17"
GO:0042490,1,mec-17
GO:0071929,2,"atat-2, mec-17"
GO:0016405,9,"C25G6.3, acs-10, acs-12, acs-14, acs-24, acs-6, acs-7, mec-18, pkal-1"
GO:0014056,1,mef-2
GO:0008352,4,"F47G4.4, F47G4.5, mei-1, mei-2"
GO:0008568,6,"F47G4.4, F47G4.5, figl-1, mei-1, mei-2, spas-1"
GO:0051013,3,"figl-1, mei-1, spas-1"
GO:0072687,8,"mei-1, sep-1, ska-1, tac-1, tba-1, tpxl-1, zyg-8, zyg-9"
GO:0090736,2,"mei-1, unc-89"
GO:1902120,2,"mei-1, ppfr-1"
GO:0001940,1,mei-2
GO:0097110,4,"mek-2, mlk-1, sys-1, unc-14"
GO:0010507,6,"F54B8.4, dap-1, mel-26, mtm-9, raga-1, ragc-1"
GO:0030162,7,"bath-40, bath-41, bath-42, bath-44, mel-26, ned-8, spop-1"
GO:0032888,4,"csnk-1, mel-26, ppfr-1, ppk-1"
GO:0071233,2,"mel-26, sesn-1"
GO:0051292,3,"mel-28, npp-13, npp-3"
GO:0004372,1,mel-32
GO:0019264,1,mel-32
GO:0046653,2,"mel-32, metr-1"
GO:0031519,5,"mes-2, mes-3, mes-6, spat-3, ztf-17"
GO:0046976,1,mes-2
GO:0140951,1,mes-2
GO:0140954,1,mes-4
GO:0006121,5,"Y57A10A.29, mev-1, sdha-1, sdha-2, sdhd-1"
GO:0008177,5,"mev-1, sdha-1, sdha-2, sdhb-1, sdhd-1"
GO:0045273,5,"mev-1, sdha-1, sdha-2, sdhb-1, sdhd-1"
GO:0001704,2,"mex-1, pie-1"
GO:0010558,11,"C35D6.4, F38C2.7, Y116A8C.20, ccch-2, ccch-5, dct-13, mex-1, moe-3, oma-1, oma-2, pos-1"
GO:0048308,1,mex-3
GO:0051148,1,mex-3
GO:0008187,3,"larp-1, mex-5, uaf-1"
GO:0001641,2,"C30A5.10, mgl-1"
GO:0007196,5,"C30A5.10, F35H10.10, mgl-1, mgl-2, mgl-3"
GO:0007216,5,"C30A5.10, F35H10.10, mgl-1, mgl-2, mgl-3"
GO:0010884,5,"mgl-1, mgl-3, sbp-1, tmem-135, tpp-2"
GO:0001640,3,"F35H10.10, mgl-2, mgl-3"
GO:0099530,2,"F35H10.10, mgl-2"
GO:0099566,2,"F35H10.10, mgl-2"
GO:0099583,2,"F35H10.10, mgl-2"
GO:0050178,4,"mif-1, mif-2, mif-3, mif-4"
GO:0090087,7,"B0041.5, F54C9.7, gpx-1, ltah-1.2, mif-3, nhx-2, nspg-6"
GO:1902463,1,mig-2
GO:0023019,1,mig-5
GO:0032878,2,"lgl-1, mig-5"
GO:0060071,2,"mig-5, vang-1"
GO:0030032,2,"mig-10, unc-115"
GO:0032584,2,"mig-10, sec-8"
GO:0099054,1,mig-10
GO:0099523,1,mig-10
GO:0061355,2,"mig-14, mom-1"
GO:0060828,5,"C06A12.3, Y43F8B.2, cyy-1, lelo-1, mig-21"
GO:0047238,2,"mig-22, sqv-5"
GO:0050510,2,"mig-22, sqv-5"
GO:0050650,40,"B0273.115, C18B2.2, C31B8.9, C54F6.3, F01D5.10, F17B5.4, F20C5.7, F25E5.2, F36D1.8, F40C5.1, F49D11.3, F49D11.6, F55B12.2, F56H6.13, F56H6.4, F59D12.3, K06H6.5, K07H8.8, T09E11.3, T15D6.1, T24A6.16, T27C5.12, Y48G1BL.7, Y87G2A.16, ZK1025.2, ZK1025.8, chst-1, glct-1, glct-2, glct-3, glct-4, glct-5, glct-6, mig-22, sqv-3, sqv-5, sqv-6, sqv-7, sqv-8, vep-2"
GO:0004382,5,"ZK563.7, apy-1, mig-23, ntp-1, uda-1"
GO:0006256,3,"apy-1, mig-23, ntp-1"
GO:0016462,4,"F31D4.2, F35D11.4, mig-23, ndx-2"
GO:0017110,4,"ZK563.7, apy-1, mig-23, uda-1"
GO:0043262,1,mig-23
GO:0045134,5,"ZK563.7, apy-1, mig-23, ntp-1, uda-1"
GO:0046032,1,mig-23
GO:0046036,2,"mig-23, ntp-1"
GO:0046712,2,"apy-1, mig-23"
GO:0060050,1,mig-23
GO:0005859,4,"mlc-1, mlc-3, myo-2, unc-54"
GO:0032036,3,"mlc-1, mlc-2, mlc-4"
GO:0007110,1,mlc-4
GO:0032300,2,"mlh-1, pms-2"
GO:0032389,2,"mlh-1, pms-2"
GO:0001934,1,mlk-1
GO:0005080,12,"Y57G11C.22, gldi-4, mlk-1, num-1, par-6, rack-1, rpn-2, sqst-1, sqst-2, sqst-3, sqst-4, sqst-5"
GO:0003387,1,mls-2
GO:0045687,2,"mls-2, vab-3"
GO:1902669,2,"mnm-2, pxn-1"
GO:0090407,3,"flad-1, moc-1, moc-2"
GO:0042595,3,"aho-3, mod-1, ola-1"
GO:0051378,3,"mod-1, mod-5, ser-1"
GO:0099095,1,mod-1
GO:0099589,1,mod-1
GO:0160039,1,mod-1
GO:1904123,2,"mod-1, nhr-76"
GO:0034458,1,mog-1
GO:0000389,3,"isy-1, mog-2, uaf-1"
GO:0005686,17,"F40F8.11, cus-2, mog-2, phf-5, prp-21, rbmx-2, repo-1, sap-49, sftb-1, sftb-2, snr-1, snr-2, snr-3, snr-4, snr-6, snr-7, teg-4"
GO:0030620,4,"mog-2, prp-8, rnp-4, teg-4"
GO:0005684,8,"ZK1307.9, bud-13, ccdc-12, cus-2, mfap-1, mog-3, rnf-113, sftb-2"
GO:0006497,1,mom-1
GO:0007367,4,"mom-1, wrt-1, wrt-4, wrt-8"
GO:0030258,5,"mboa-3, mboa-4, mboa-6, mboa-7, mom-1"
GO:0045234,1,mom-1
GO:1990698,1,mom-1
GO:0022412,1,mpk-1
GO:0043266,6,"mps-1, mps-2, mps-3, mps-4, sup-10, unc-93"
GO:0043267,1,mps-1
GO:0008296,3,"W02F12.4, mre-11, pold-1"
GO:0030870,2,"mre-11, rad-50"
GO:0097552,1,mre-11
GO:0070192,4,"mrg-1, rad-50, rad-51, scc-2"
GO:1905632,1,mrg-1
GO:0000323,4,"T23G11.7, Y34B4A.2, mrp-1, mrp-2"
GO:0097501,6,"F22H10.2, F53A9.1, F53A9.6, F53A9.7, kreg-1, mrp-1"
GO:0044840,3,"glo-1, mrp-4, zipt-2.3"
GO:0015420,1,mrp-5
GO:0015889,1,mrp-5
GO:0051597,1,mrp-7
GO:0004825,2,"mars-1, mars-2"
GO:0006431,2,"mars-1, mars-2"
GO:0007004,7,"R03H10.6, R03H10.7, mrt-1, mrt-2, rad-50, rpa-1, trt-1"
GO:0000406,1,msh-2
GO:0032301,2,"msh-2, msh-6"
GO:0000400,2,"msh-6, rfs-1"
GO:0045987,15,"Y59E9AR.7, Y59H11AM.1, msp-152, msp-3, msp-32, msp-33, msp-38, msp-49, msp-57, msp-63, msp-65, msp-76, msp-78, msp-79, stim-1"
GO:0010288,1,mtl-1
GO:0046689,1,mtl-1
GO:0046870,2,"mtl-1, mtl-2"
GO:0004438,4,"mtm-1, mtm-3, mtm-6, mtm-9"
GO:0046839,6,"T13C5.6, mtm-1, plpp-1.1, plpp-1.2, plpp-1.3, plpr-1"
GO:0052629,3,"mtm-1, mtm-3, mtm-6"
GO:0016312,1,mtm-3
GO:0034594,1,mtm-3
GO:0106018,2,"mtm-3, mtm-6"
GO:0006907,4,"mtm-6, mtm-9, rabs-5, vps-45"
GO:0030111,4,"R02C2.1, T16G1.9, cacn-1, mtm-6"
GO:1904144,2,"mtm-6, mtm-9"
GO:0005518,5,"Y73F8A.26, agr-1, ddr-2, mua-3, ost-1"
GO:0007160,10,"B0393.5, F54D1.6, R09E10.5, dec-7, dex-1, mua-3, nid-1, pat-3, pat-4, unc-112"
GO:0019215,1,mua-3
GO:0005523,6,"mup-2, tmd-2, tnt-2, tnt-3, tnt-4, unc-94"
GO:0005861,8,"mup-2, tni-1, tni-3, tni-4, tnt-2, tnt-3, tnt-4, unc-27"
GO:0007526,1,mup-2
GO:0098733,2,"mup-4, sta-2"
GO:0050265,6,"F43E2.1, F43H9.3, cid-1, pup-2, rde-3, usip-1"
GO:1990633,9,"hpo-40, mut-14, mut-15, mut-16, mut-7, rde-2, rde-3, rde-8, rrf-1"
GO:0016441,3,"mut-16, mut-7, rde-2"
GO:0044747,1,mut-7
GO:0044748,1,mut-7
GO:0070063,3,"drh-3, mut-16, tcer-1"
GO:0140694,2,"mut-16, wnk-1"
GO:0042304,1,mxl-3
GO:0015137,4,"B0285.6, nac-1, nac-2, nac-3"
GO:0015141,5,"B0285.6, nac-1, nac-2, nac-3, slc-25A10"
GO:0015361,1,nac-1
GO:0015744,4,"B0285.6, nac-1, nac-2, nac-3"
GO:0015746,4,"B0285.6, nac-1, nac-2, nac-3"
GO:0071422,5,"B0285.6, nac-1, nac-2, nac-3, slc-25A10"
GO:0015362,1,nac-3
GO:0009953,1,nas-39
GO:0016480,2,"mafr-1, ncl-1"
GO:0072697,3,"ncl-1, nhl-2, ric-8"
GO:0090071,2,"mals-1, ncl-1"
GO:0030299,2,"ncr-1, ncr-2"
GO:0030301,2,"ncr-1, ncr-2"
GO:0042632,6,"abch-1, mboa-1, ncr-1, ncr-2, nhr-8, unc-55"
GO:0008048,1,ncs-1
GO:0005432,8,"ncx-1, ncx-10, ncx-2, ncx-3, ncx-6, ncx-7, ncx-8, ncx-9"
GO:0015297,35,"F41E7.2, Y47G6A.7, ant-1.1, ant-1.2, ant-1.3, ant-1.4, bus-12, misc-1, ncx-1, ncx-10, ncx-2, ncx-3, ncx-4, ncx-5, ncx-6, ncx-7, ncx-8, ncx-9, nhx-1, nhx-2, nhx-3, nhx-4, nhx-5, nhx-6, nhx-8, nhx-9, nstp-10, nstp-9, pbo-4, slc-25A10, slc-30A5, slc-30A9, slc-9B.1, slc-9B.2, sqv-7"
GO:0008273,2,"ncx-4, ncx-5"
GO:0099093,2,"K11H12.8, ncx-9"
GO:1905561,4,"knl-3, ndc-80, rod-1, spdl-1"
GO:0044715,1,ndx-1
GO:0044716,1,ndx-1
GO:0006753,3,"C50F4.16, kynu-1, ndx-2"
GO:0019693,3,"C50F4.16, ndx-2, ndx-4"
GO:0047631,2,"ndx-2, ndx-6"
GO:0010945,3,"fitm-2, ndx-3, ndx-8"
GO:0004081,1,ndx-4
GO:0006167,1,ndx-4
GO:0008796,1,ndx-4
GO:0015967,1,ndx-4
GO:0043135,1,ndx-4
GO:0000184,16,"casc-3, dcap-1, dcap-2, ncbp-1, smg-1, smg-2, smg-3, smg-4, smg-5, smg-6, smg-7, smg-8, smg-9, smgl-2, tiar-1, tiar-2"
GO:0140933,1,dcap-2
GO:0004778,1,ndx-8
GO:0015938,1,ndx-8
GO:0047994,1,ndx-8
GO:0000210,1,ndx-9
GO:0006742,1,ndx-9
GO:0019677,2,"ndx-9, tir-1"
GO:0035529,1,ndx-9
GO:0110153,1,ndx-9
GO:0019941,11,"C16C8.14, C16C8.16, C16C8.20, C16C8.4, F14D2.11, F52C6.2, F52C6.3, ned-8, rps-27A, ubq-1, ubq-2"
GO:0045116,5,"dcn-1, ned-8, rfl-1, ubc-12, ula-1"
GO:0001786,8,"ipla-1, nex-1, nex-2, nex-3, nex-4, nrf-5, psr-1, ttr-52"
GO:0005545,6,"F22G12.4, eea-1, nex-1, nex-2, nex-3, unc-11"
GO:0012506,5,"asps-1, nex-1, nex-2, nex-3, nex-4"
GO:0005178,5,"nfm-1, pat-3, pat-4, tln-1, unc-112"
GO:0014013,1,nfm-1
GO:0035330,1,nfm-1
GO:0043605,1,nft-1
GO:0047710,2,"C01B10.9, nft-1"
GO:0110050,1,nft-1
GO:0045962,1,nhl-2
GO:0047484,1,nhr-1
GO:0009755,10,"fshr-1, nhr-2, nhr-25, nhr-258, nhr-3, nhr-38, nhr-7, nhr-85, paqr-1, sex-1"
GO:0035211,1,nhr-6
GO:0060278,1,nhr-6
GO:0071376,1,nhr-6
GO:0019543,5,"nhr-10, nhr-68, pck-1, pck-2, pck-3"
GO:1990239,3,"nhr-121, nhr-14, nhr-69"
GO:0070016,1,nhr-25
GO:0019217,2,"mdt-15, nhr-49"
GO:0006641,4,"C55B6.1, R11F4.1, nhr-62, pqbp-1.1"
GO:0003707,1,nhr-64
GO:0030518,1,nhr-64
GO:0045923,1,nhr-80
GO:0033353,2,"ahcy-1, nhr-114"
GO:0006885,10,"nhx-1, nhx-2, nhx-3, nhx-4, nhx-5, nhx-6, nhx-8, nhx-9, pbo-4, pept-1"
GO:0015385,10,"M02D8.3, nhx-1, nhx-2, nhx-3, nhx-4, nhx-5, nhx-6, nhx-8, nhx-9, pbo-4"
GO:0015386,9,"nhx-1, nhx-2, nhx-3, nhx-4, nhx-5, nhx-6, nhx-8, nhx-9, pbo-4"
GO:0098719,8,"nhx-1, nhx-2, nhx-3, nhx-4, nhx-5, nhx-6, nhx-9, pbo-4"
GO:2000193,1,nhx-2
GO:0031739,1,nlp-12
GO:0005184,2,"nlp-14, nlp-15"
GO:0004972,2,"nmr-1, nmr-2"
GO:0017146,1,nmr-1
GO:0030029,1,nmy-1
GO:0070938,2,"nmad-1, nmy-2"
GO:0006740,1,nnt-1
GO:0008750,1,nnt-1
GO:0048255,5,"larp-1, meic-1, nos-3, nrde-2, tent-5"
GO:0017056,16,"Y75B8A.6, npp-1, npp-10, npp-11, npp-13, npp-14, npp-15, npp-19, npp-2, npp-21, npp-3, npp-4, npp-5, npp-6, npp-7, npp-8"
GO:0036228,2,"npp-1, npp-8"
GO:0044613,6,"npp-1, npp-11, npp-19, npp-4, nxt-1, ran-4"
GO:0031080,6,"npp-15, npp-18, npp-2, npp-20, npp-23, npp-5"
GO:0044611,2,"npp-3, npp-8"
GO:1903379,2,"npp-13, npp-3"
GO:0006405,7,"npp-10, npp-11, npp-14, npp-4, npp-7, npp-8, rae-1"
GO:0000973,3,"C27F2.10, npp-10, npp-5"
GO:0097298,1,npp-5
GO:1900037,1,npp-5
GO:0000972,3,"npp-15, npp-8, rae-1"
GO:0030719,3,"npp-10, pgl-1, tag-250"
GO:0034398,1,npp-10
GO:0044614,1,npp-10
GO:1990893,3,"npp-10, npp-13, npp-20"
GO:0016973,8,"C27F2.10, F13B12.1, Y53G8AR.6, ddx-19, npp-13, npp-15, nxf-2, nxt-1"
GO:1901990,2,"npp-16, pptr-2"
GO:0034198,10,"F39C12.1, W02H5.2, depd-5, gcn-1, gcn-2, impt-1, npp-18, nprl-2, nprl-3, zyg-1"
GO:0035859,2,"Y32H12A.8, npp-18"
GO:0044615,1,npp-19
GO:0010973,1,npp-20
GO:0012507,15,"R07E5.19, memb-1, memb-2, npp-20, scp-1, sec-16A.1, sec-16A.2, sec-22, sec-23, sec-24.1, sec-24.2, sel-9, slc-30A5, uso-1, vti-1"
GO:0030127,6,"npp-20, sar-1, sec-23, sec-24.1, sec-24.2, sec-31"
GO:0032008,5,"lmtr-2, lmtr-3, npp-20, raga-1, rheb-1"
GO:0032527,3,"calf-1, npp-20, sft-4"
GO:0051169,3,"Y69A2AR.16, npp-20, xpo-7"
GO:0090114,1,npp-20
GO:0004983,14,"ador-1, npr-1, npr-10, npr-11, npr-12, npr-13, npr-14, npr-2, npr-34, npr-4, npr-6, npr-7, npr-8, tkr-3"
GO:0042923,8,"ckr-2, npr-1, npr-10, npr-13, npr-2, npr-5, npr-6, npr-7"
GO:0048149,3,"npr-1, seb-3, slo-1"
GO:0050709,2,"aak-2, npr-1"
GO:0004816,2,"nars-1, nars-2"
GO:0006421,2,"nars-1, nars-2"
GO:0004066,3,"M18.3, asns-1, asns-2"
GO:0006529,3,"M18.3, asns-1, asns-2"
GO:0070981,2,"asns-1, asns-2"
GO:0035494,2,"nsf-1, snap-1"
GO:0043001,6,"R12B2.2, T03F1.12, Y47G6A.18, Y54E10BR.2, nsf-1, phaf-1"
GO:2000036,3,"ntl-2.1, ntl-2.2, ntl-3"
GO:0002785,2,"crn-7, nuc-1"
GO:0006612,18,"CD4.11, Y57G11C.33, dhhc-1, dhhc-10, dhhc-11, dhhc-12, dhhc-2, dhhc-3, dhhc-4, dhhc-6, dhhc-7, dhhc-8, dhhc-9, icd-2, num-1, spe-10, spe-21, vps-37"
GO:0033108,1,nuo-1
GO:0097604,3,"ocr-1, ocr-2, osm-9"
GO:0015101,1,oct-1
GO:0015695,1,oct-1
GO:0004586,2,"azin-1, odc-1"
GO:0006596,6,"C52B9.8, D2023.4, azin-1, odc-1, smd-1, spds-1"
GO:0033387,2,"azin-1, odc-1"
GO:0022603,3,"blmp-1, sel-12, zag-1"
GO:1903355,3,"blmp-1, mig-39, vab-3"
GO:2000026,3,"blmp-1, src-1, zag-1"
GO:0030658,3,"odr-4, slc-17.1, slc-30A5"
GO:0022401,3,"odr-7, osm-9, ttx-3"
GO:0038022,156,"C03H5.7, C03H5.9, C06B3.1, C55A1.1, F10A3.12, F59A1.15, K05D4.9, K10C9.4, R10E8.5, T06C12.11, W08G11.5, Y19D10A.1, Y19D10A.2, Y37H2C.4, Y45G12C.10, Y45G12C.6, Y6E2A.1, Y9C9A.5, odr-10, srx-97, str-1, str-101, str-102, str-103, str-106, str-108, str-109, str-111, str-112, str-113, str-114, str-115, str-116, str-118, str-119, str-121, str-123, str-124, str-125, str-129, str-130, str-131, str-134, str-135, str-136, str-138, str-139, str-140, str-141, str-143, str-144, str-145, str-146, str-148, str-149, str-150, str-151, str-153, str-155, str-156, str-158, str-159, str-160, str-161, str-162, str-163, str-164, str-165, str-166, str-168, str-169, str-170, str-171, str-172, str-173, str-174, str-175, str-177, str-178, str-180, str-181, str-182, str-185, str-187, str-188, str-190, str-193, str-196, str-198, str-199, str-2, str-200, str-204, str-205, str-206, str-207, str-208, str-209, str-211, str-214, str-217, str-220, str-221, str-222, str-225, str-226, str-227, str-228, str-229, str-230, str-231, str-232, str-233, str-236, str-238, str-240, str-243, str-244, str-245, str-246, str-247, str-248, str-249, str-250, str-252, str-253, str-254, str-255, str-256, str-260, str-261, str-262, str-263, str-264, str-267, str-268, str-3, str-77, str-78, str-79, str-81, str-82, str-83, str-84, str-85, str-86, str-87, str-88, str-89, str-90, str-92, str-93, str-94, str-96, str-97, str-99"
GO:0050911,182,"C03H5.7, C03H5.9, C06B3.1, C55A1.1, F10A3.12, F59A1.15, K05D4.9, K10C9.4, K11E4.6, R10E8.5, T06C12.11, W08G11.5, Y105C5B.8, Y19D10A.1, Y19D10A.2, Y37H2C.4, Y45G12C.10, Y45G12C.6, Y57G11C.46, Y6E2A.1, Y9C9A.5, odr-10, sra-1, sra-10, sra-11, sra-12, sra-13, sra-14, sra-2, sra-3, sra-32, sra-33, sra-34, sra-35, sra-36, sra-37, sra-38, sra-39, sra-4, sra-6, sra-7, sra-8, sra-9, srb-18, srb-19, srx-97, str-1, str-101, str-102, str-103, str-106, str-108, str-109, str-111, str-112, str-113, str-114, str-115, str-116, str-118, str-119, str-121, str-123, str-124, str-125, str-129, str-130, str-131, str-134, str-135, str-136, str-138, str-139, str-140, str-141, str-143, str-144, str-145, str-146, str-148, str-149, str-150, str-151, str-153, str-155, str-156, str-158, str-159, str-160, str-161, str-162, str-163, str-164, str-165, str-166, str-168, str-169, str-170, str-171, str-172, str-173, str-174, str-175, str-177, str-178, str-180, str-181, str-182, str-185, str-187, str-188, str-190, str-193, str-196, str-198, str-199, str-2, str-200, str-204, str-205, str-206, str-207, str-208, str-209, str-211, str-214, str-217, str-220, str-221, str-222, str-225, str-226, str-227, str-228, str-229, str-230, str-231, str-232, str-233, str-236, str-238, str-240, str-243, str-244, str-245, str-246, str-247, str-248, str-249, str-250, str-252, str-253, str-254, str-255, str-256, str-260, str-261, str-262, str-263, str-264, str-267, str-268, str-3, str-77, str-78, str-79, str-81, str-82, str-83, str-84, str-85, str-86, str-87, str-88, str-89, str-90, str-92, str-93, str-94, str-96, str-97, str-99"
GO:0005977,11,"CC8.2, D1005.2, H18N23.2, oga-1, ogt-1, phka-1, phkb-1, phkg-1, pqm-1, pygl-1, rml-1"
GO:0006112,1,ogt-1
GO:0009100,3,"T07A5.1, oga-1, ogt-1"
GO:0016262,1,ogt-1
GO:0097363,2,"H12D21.10, ogt-1"
GO:0035925,5,"cfim-1, exos-7, exos-8, exos-9, oma-1"
GO:0048601,4,"atz-1, oma-1, oma-2, tra-2"
GO:0050000,2,"oma-1, oma-2"
GO:0051078,3,"oma-1, oma-2, wee-1.3"
GO:0060280,4,"egrh-1, oma-1, oma-2, wee-1.3"
GO:1904145,3,"oma-1, oma-2, wee-1.3"
GO:0006857,3,"pept-1, pept-2, pept-3"
GO:0035673,3,"pept-1, pept-2, pept-3"
GO:0071916,3,"pept-1, pept-2, pept-3"
GO:0140206,3,"pept-1, pept-2, pept-3"
GO:0032006,6,"gba-1, gba-2, gba-3, gba-4, lmtr-3, pept-1"
GO:0042938,2,"pept-1, pept-3"
GO:0060378,4,"asfl-1, pept-1, sod-1, vps-53"
GO:1900101,2,"octr-1, pept-1"
GO:2000192,3,"F54C9.7, ltah-1.2, pept-1"
GO:0015252,9,"otpl-1, otpl-2, otpl-3, otpl-4, otpl-5, otpl-6, otpl-7, otpl-8, pept-3"
GO:0000808,3,"orc-2, orc-4, orc-5"
GO:0005664,5,"lron-7, orc-1, orc-2, orc-4, orc-5"
GO:0030990,2,"ift-20, osm-1"
GO:0032839,3,"osm-3, stau-1, unc-116"
GO:0098971,2,"osm-3, unc-116"
GO:0050954,4,"Y51H7BR.7, Y97E10AL.1, osm-6, unc-97"
GO:0005034,1,osm-10
GO:0007231,1,osm-10
GO:0061817,8,"C14A4.8, F42G2.5, F54H5.3, F58E6.5, Y38F2AR.10, ZC196.2, osm-10, vpr-1"
GO:0090158,10,"C14A4.8, F42G2.5, F54H5.3, F58E6.5, Y38F2AR.10, Y66D12A.8, ZC196.2, osm-10, rab-1, vpr-1"
GO:0050840,2,"agr-1, ost-1"
GO:0019888,14,"F43B10.1, F46C5.6, T22D1.5, nepr-1, paa-1, ppfr-1, ppfr-2, ppfr-4, pptr-1, pptr-2, saps-1, smg-5, smk-1, sur-6"
GO:1905941,7,"cnnm-1, cnnm-2, cnnm-3, cnnm-4, cnnm-5, pab-1, svh-1"
GO:0006895,3,"T03F1.12, pad-1, rab-14"
GO:0003847,2,"paf-1, paf-2"
GO:0001222,2,"pag-3, pop-1"
GO:0046676,1,pag-3
GO:0046929,2,"nlg-1, pag-3"
GO:0034329,1,pak-1
GO:0001712,1,pal-1
GO:0042693,1,pal-1
GO:0016285,1,pam-1
GO:0030590,6,"ani-1, csnk-1, pam-1, par-5, pph-6, saps-1"
GO:0043171,16,"AC3.5, C02G6.2, F44E7.4, F49B2.6, R03G8.6, T12E12.6, T16G12.1, Y42A5A.1, Y53F4B.20, Y67D8C.9, Y70C5C.1, anp-1, ltah-1.1, ltah-1.2, mnp-1, pam-1"
GO:0097431,9,"C16C8.18, F33H2.6, pam-1, rmd-1, rmd-2, rmd-3, rmd-6, sup-35, zyg-8"
GO:1903538,4,"T12E12.6, T16G12.1, Y67D8C.9, pam-1"
GO:1990947,1,pam-1
GO:0032035,1,par-1
GO:0050321,2,"par-1, sad-1"
GO:0061803,1,par-2
GO:0007338,11,"egg-1, egg-2, marc-3, par-3, par-6, pkc-3, spe-38, spe-41, spe-42, spe-9, trp-1"
GO:0031234,2,"par-3, par-6"
GO:0051660,1,par-3
GO:0061802,1,par-3
GO:0010070,1,par-5
GO:0000502,47,"C10G11.8, C25A1.20, F35G12.12, F40G9.17, F56F11.4, T28B8.3, T28B8.4, Y39G10AR.9, dss-1, ecps-1, ecps-2, pas-1, pas-2, pas-3, pas-4, pas-5, pas-6, pas-7, pbs-1, pbs-2, pbs-3, pbs-4, pbs-5, pbs-6, pbs-7, psme-3, psme-4, rpn-1, rpn-10, rpn-11, rpn-12, rpn-13, rpn-2, rpn-3, rpn-5, rpn-6.1, rpn-6.2, rpn-7, rpn-8, rpn-9, rpt-1, rpt-2, rpt-3, rpt-4, rpt-5, rpt-6, usp-14"
GO:0005839,14,"pas-1, pas-2, pas-3, pas-4, pas-5, pas-6, pas-7, pbs-1, pbs-2, pbs-3, pbs-4, pbs-5, pbs-6, pbs-7"
GO:0019773,7,"pas-1, pas-2, pas-3, pas-4, pas-5, pas-6, pas-7"
GO:0008441,2,"bpnt-1, pas-7"
GO:0033627,2,"pat-3, spon-1"
GO:0042592,2,"pat-3, zig-6"
GO:0055002,4,"pat-3, pat-4, pat-6, rnf-5"
GO:0110020,1,pat-3
GO:1902903,2,"cls-1, pat-3"
GO:1904901,3,"pat-3, pat-4, unc-112"
GO:1903829,1,pat-4
GO:1904951,3,"pat-4, rab-10, rab-8"
GO:0071963,1,pat-6
GO:0043035,8,"C09F5.3, F26A10.2, R10E4.11, Y37E11B.1, lst-5, pat-9, pqm-1, ztf-6"
GO:0051153,1,pat-9
GO:0030240,4,"F53E2.2, pat-10, unc-60, unc-78"
GO:0031013,2,"pat-10, tnc-2"
GO:0030641,2,"pbo-4, vha-19"
GO:0004298,4,"pbs-1, pbs-2, pbs-5, tasp-1"
GO:0019774,7,"pbs-1, pbs-2, pbs-3, pbs-4, pbs-5, pbs-6, pbs-7"
GO:0004719,2,"R119.5, pcm-1"
GO:0033555,1,pcm-1
GO:0006272,3,"pcn-1, pole-1, pole-3"
GO:0006275,1,pcn-1
GO:0019985,3,"pcn-1, polk-1, rev-3"
GO:0030337,1,pcn-1
GO:0043626,1,pcn-1
GO:0045740,3,"athp-2, atz-1, pcn-1"
GO:0070008,10,"C26B9.5, F19C7.2, F19C7.4, F56F10.1, K12H4.7, pcp-1, pcp-2, pcp-3, pcp-4, pcp-5"
GO:0016756,1,pcs-1
GO:0046938,1,pcs-1
GO:0050787,1,pcs-1
GO:0003810,3,"pdi-1, pdi-2, pdi-3"
GO:0016222,2,"pdi-2, phy-4"
GO:0048638,1,pdk-1
GO:1901701,1,pdk-1
GO:0050953,1,pdl-1
GO:0009893,2,"gcn-2, pdr-1"
GO:0010821,2,"pde-2, pdr-1"
GO:0031624,20,"C17H11.6, F56D2.2, F56D2.5, Y49F6B.9, Y71H2AM.3, ari-1.1, ari-1.2, ari-1.3, ari-1.4, ari-2, dcn-1, pdr-1, rfp-1, siah-1, tag-314, tli-1, uba-5, ubr-1, uev-1, ufc-1"
GO:1900407,1,pdr-1
GO:0004694,4,"Y38E10A.8, gcn-2, pek-1, zyg-1"
GO:0045947,3,"ain-1, ain-2, pek-1"
GO:1904688,2,"gcn-2, pek-1"
GO:0051252,3,"gla-3, pes-4, pie-1"
GO:1903479,1,pes-7
GO:0070573,2,"Y71H2AM.11, pes-9"
GO:0008028,7,"gem-1, mct-2, mct-3, mct-4, mct-5, mct-6, slcf-1"
GO:0015718,7,"gem-1, mct-2, mct-3, mct-4, mct-5, mct-6, slcf-1"
GO:0003785,8,"F54F2.7, cas-2, gsnl-1, pfn-1, pfn-2, pfn-3, tth-1, twf-2"
GO:0071689,5,"F53E2.2, pfn-2, pfn-3, unc-78, unc-94"
GO:0022414,1,pgl-1
GO:0046589,2,"pgl-1, pgl-3"
GO:0008559,2,"pgp-1, pgp-3"
GO:0015562,6,"pgp-1, pgp-3, pgp-4, pgp-5, pgp-6, pgp-9"
GO:0042908,3,"pgp-1, pgp-3, unc-17"
GO:1902900,1,pgp-2
GO:0042755,1,pha-2
GO:0002082,2,"phb-1, phb-2"
GO:0035632,2,"phb-1, phb-2"
GO:0003993,15,"C08B6.14, F02E9.7, F21A3.11, F26C11.1, H25K10.1, T07F12.1, Y105C5B.15, Y105C5B.3, Y94H6A.7, acp-1, papl-1, pho-1, pho-10, pho-11, pho-5"
GO:0001933,2,"pie-1, vhp-1"
GO:0008063,1,pik-1
GO:0031663,1,pik-1
GO:1900026,2,"pin-2, unc-97"
GO:2001046,2,"pin-2, unc-97"
GO:0044666,11,"ash-2, jmjd-3.1, jmjd-3.2, jmjd-3.3, pis-1, rbbp-5, set-16, utx-1, wdr-5.1, wdr-5.2, wdr-5.3"
GO:0004697,7,"dkf-1, dkf-2, pkc-1, pkc-2, pkc-3, pkn-1, tpa-1"
GO:0016079,9,"cla-1, cpx-1, mfsd-6, pkc-1, snb-1, snpn-1, snt-1, unc-13, unc-31"
GO:0048009,2,"ifta-2, pkc-1"
GO:0098981,6,"eat-17, pkc-1, rab-10, rab-5, tbc-2, tom-1"
GO:0099161,4,"eat-17, pkc-1, tbc-2, tom-1"
GO:2001024,1,pkc-1
GO:0004698,1,pkc-2
GO:0009611,5,"dcar-1, nipi-4, pkc-3, sta-2, tpa-1"
GO:0023041,5,"cwp-5, maco-1, nphp-1, nphp-4, pkd-2"
GO:0005095,1,plc-1
GO:1902634,1,plc-1
GO:0009395,7,"F09B12.3, Y37D8A.2, Y54F10AM.8, nape-1, nape-2, plc-3, pld-1"
GO:0010634,1,plc-3
GO:0032587,2,"plc-3, plx-1"
GO:0004630,2,"F09G2.8, pld-1"
GO:0060627,1,pld-1
GO:0007077,2,"efa-6, plk-1"
GO:0007147,1,plk-1
GO:0007214,4,"gbb-1, gbb-2, pll-1, unc-49"
GO:0032422,2,"plp-1, plp-2"
GO:0002116,2,"plx-1, plx-2"
GO:0007162,1,plx-2
GO:0050772,1,plx-2
GO:0097374,7,"clec-38, plx-2, sax-3, slt-1, unc-33, unc-40, unc-6"
GO:0003950,6,"F45F2.10, parp-1, parp-2, sir-2.2, sir-2.3, tank-1"
GO:0140806,3,"parp-1, parp-2, tank-1"
GO:0140807,3,"parp-1, parp-2, tank-1"
GO:0004649,2,"parg-1, parg-2"
GO:0006282,2,"parg-1, parg-2"
GO:0009225,4,"bus-5, parg-1, parg-2, rml-4"
GO:1990966,2,"parg-1, parg-2"
GO:0018105,3,"cst-1, pmk-1, tpa-1"
GO:0080135,2,"pmk-1, wdr-23"
GO:0015910,5,"pmp-1, pmp-2, pmp-3, pmp-4, pmp-5"
GO:0042760,5,"pmp-1, pmp-2, pmp-3, pmp-4, pmp-5"
GO:0006828,4,"pmr-1, smf-1, smf-2, smf-3"
GO:0010042,4,"pmr-1, smf-1, smf-2, smf-3"
GO:0051592,1,pmr-1
GO:0071421,5,"Y54F10AL.1, pmr-1, smf-1, smf-2, smf-3"
GO:0140613,1,pmr-1
GO:0004594,2,"pnk-1, pnk-4"
GO:0015937,6,"T05G5.5, Y65B4A.8, Y71H2AM.6, pnk-1, pnk-4, ppcd-1"
GO:0051285,1,pod-1
GO:0003989,2,"T28F3.5, pod-2"
GO:2001295,2,"T28F3.5, pod-2"
GO:0007500,1,pop-1
GO:0035035,2,"pop-1, unc-3"
GO:0061853,1,pop-1
GO:1990907,1,pop-1
GO:2000647,1,pop-1
GO:0007060,10,"C09H5.7, F25B3.4, F52H3.6, T16G12.7, ZK354.9, gsp-3, gsp-4, pph-1, smz-1, smz-2"
GO:0031272,8,"C09H5.7, F25B3.4, F52H3.6, T16G12.7, ZK354.9, gsp-3, gsp-4, pph-1"
GO:1905261,1,pph-4.1
GO:0016308,1,ppk-1
GO:0052742,3,"ppk-1, ppk-2, ppk-3"
GO:0016309,1,ppk-2
GO:0000285,1,ppk-3
GO:0007033,4,"ppk-3, vps-11, vps-16, vps-4"
GO:0052810,1,ppk-3
GO:0005851,5,"eif-2Balpha, eif-2Bbeta, eif-2Bdelta, eif-2Bepsilon, eif-2Bgamma"
GO:0000103,1,pps-1
GO:0004020,1,pps-1
GO:0004781,1,pps-1
GO:0050428,1,pps-1
GO:0008474,8,"C50B6.9, F01D5.7, F01D5.8, Y41E3.18, Y71G12A.4, aho-3, ath-1, ppt-1"
GO:0052816,3,"C45B2.6, ipla-7, ppt-1"
GO:0098599,1,ppt-1
GO:0098734,8,"C50B6.9, F01D5.7, F01D5.8, Y41E3.18, Y71G12A.4, aho-3, ath-1, ppt-1"
GO:0031125,3,"C05C8.5, Y56A3A.33, pqe-1"
GO:1903187,1,pqm-1
GO:0031623,1,hgrs-1
GO:0033565,2,"hgrs-1, stam-1"
GO:0043409,7,"W09H1.1, gap-3, puf-8, riok-1, rpm-1, stam-1, vhp-1"
GO:0070822,2,"athp-1, sin-3"
GO:0036449,2,"efa-6, ptrn-1"
GO:0005672,3,"B0336.13, gtf-2A2, pqn-51"
GO:0006367,27,"B0336.13, F10E9.4, cyh-1, gtf-2A2, gtf-2E1, gtf-2E2, gtf-2F1, gtf-2F2, gtf-2H5, pqn-51, rpb-4, rpb-7, rpb-9, taf-1, taf-10, taf-11.1, taf-11.2, taf-11.3, taf-2, taf-4, taf-5, taf-6.1, taf-6.2, taf-7.1, taf-7.2, taf-8, xpb-1"
GO:2000627,1,ebax-1
GO:0006399,2,"pars-1, pqn-68"
GO:0051499,1,pqn-68
GO:0051500,1,pqn-68
GO:0106026,1,pqn-68
GO:0061775,1,scc-2
GO:0071169,2,"lron-7, scc-2"
GO:0090694,1,scc-2
GO:0140588,1,scc-2
GO:1905088,1,scc-2
GO:2000001,2,"scc-2, scc-3"
GO:0007279,1,prg-1
GO:0009994,1,prg-1
GO:0010526,1,prg-1
GO:0034583,1,prg-1
GO:0034584,1,prg-1
GO:0140991,1,prg-1
GO:0006261,15,"F44B9.8, T24C4.5, ctf-4, mus-101, pold-1, pole-2, pole-4, polq-1, pri-1, pri-2, pro-1, rfc-2, rfc-3, rfc-4, sld-5"
GO:0006269,3,"T24C4.5, pri-1, pri-2"
GO:0030430,1,prk-1
GO:0005656,1,pro-1
GO:0120330,1,pro-1
GO:0000244,4,"F10B5.2, prp-31, prp-6, prp-8"
GO:0000393,2,"prp-8, snrp-200"
GO:0000974,11,"T12A2.21, bcas-2, cdc-5L, isy-1, plrg-1, prp-19, prp-8, rbm-22, syf-1, syf-2, syf-3"
GO:0005682,13,"F40F8.11, dib-1, prp-18, prp-8, snr-1, snr-2, snr-3, snr-4, snr-6, snr-7, snrp-200, snrp-40.1, teg-1"
GO:0030619,5,"prp-8, rnp-2, rnp-3, rnp-7, snrp-3"
GO:0004827,2,"pars-1, pars-2"
GO:0006433,2,"pars-1, pars-2"
GO:0016558,8,"C32D5.11, lonp-2, prx-1, prx-10, prx-12, prx-2, prx-5, prx-6"
GO:0043335,2,"prx-1, prx-6"
GO:0045046,2,"prx-19, prx-3"
GO:0000268,1,prx-5
GO:0005052,1,prx-5
GO:0016560,3,"prx-13, prx-14, prx-5"
GO:0016773,11,"C26D10.4, C50D2.7, F52C9.3, W02H5.8, hxk-1, hxk-2, hxk-3, nadk-1, nadk-2, prx-5, tag-96"
GO:0044375,1,prx-11
GO:0006513,2,"Y71H2AM.3, prx-12"
GO:1990429,2,"prx-12, prx-13"
GO:0033328,1,prx-19
GO:0018395,1,psr-1
GO:0033749,1,psr-1
GO:0070815,1,psr-1
GO:0106140,1,psr-1
GO:0046963,2,"pst-1, pst-2"
GO:0046964,2,"pst-1, pst-2"
GO:1902559,2,"pst-1, pst-2"
GO:0043484,13,"C16A11.10, D1037.1, F46B6.5, Y111B2A.1, Y53G8AR.9, hrpf-1, hrpf-2, hrpl-1, madd-3, mbl-1, ptb-1, rbm-12, sym-2"
GO:0008158,2,"ptc-1, ptc-3"
GO:0045879,3,"Y92H12A.2, ptc-1, ptc-3"
GO:0097108,2,"ptc-1, ptc-3"
GO:0015631,14,"F54A3.2, T08D2.8, ccpp-1, ccpp-6, ift-81, pfd-3, ptl-1, tbca-1, tppp-1, ttll-11, ttll-4, ttll-5, ttll-9, zyg-9"
GO:0001784,3,"ptp-2, sem-5, sli-1"
GO:0004726,2,"Y94H6A.7, ptp-2"
GO:0045742,2,"W05B10.4, ptp-2"
GO:0001522,13,"B0024.11, F25H8.2, K07E8.7, T24C12.3, Y43B11AR.3, Y48C3A.20, Y73B6BL.29, ZK287.7, dkc-1, garr-1, nola-3, pus-1, tag-124"
GO:0009982,9,"B0024.11, K07E8.7, Y43B11AR.3, Y48C3A.20, Y73B6BL.29, ZK287.7, dkc-1, pus-1, tag-124"
GO:0031119,4,"Y48C3A.20, Y73B6BL.29, pus-1, tag-124"
GO:1990481,3,"dkc-1, pus-1, tag-124"
GO:0070851,1,pvf-1
GO:1902842,1,pvf-1
GO:0140825,5,"hpx-2, mlt-7, pxn-1, pxn-2, skpo-1"
GO:0004736,1,pyc-1
GO:0006090,2,"dlat-1, pyc-1"
GO:0004070,1,pyr-1
GO:0004087,1,pyr-1
GO:0004088,1,pyr-1
GO:0004151,1,pyr-1
GO:0004359,5,"glna-1, glna-2, glna-3, pyr-1, qns-1"
GO:0006207,5,"C29F7.3, F40F8.1, dhod-1, pyr-1, umps-1"
GO:0006221,7,"C29F7.3, F40F8.1, R12E2.11, ctps-1, pyr-1, umps-1, upp-1"
GO:0006541,4,"glna-1, glna-2, glna-3, pyr-1"
GO:0016597,1,pyr-1
GO:0016743,1,pyr-1
GO:0019856,4,"R12E2.11, ctps-1, pyr-1, umps-1"
GO:0044205,4,"R12E2.11, dhod-1, pyr-1, umps-1"
GO:0043279,1,qui-1
GO:0031489,2,"rab-10, rab-3"
GO:0099525,5,"rab-10, rab-5, unc-18, unc-31, uncp-18"
GO:0006890,23,"F11A10.6, Y41C4A.32, Y47G6A.18, cogc-4, copa-1, copb-2, copd-1, cope-1, copz-1, ergi-1, ergi-2, ergi-3, rab-6.1, rab-6.2, rer-1, sec-20, sec-22, sly-1, smgl-1, syx-18, tat-5, tat-6, use-1"
GO:0031985,5,"Y47G6A.18, golg-5, rab-30, rab-6.1, rab-6.2"
GO:0034498,3,"rab-6.2, snx-1, trpp-10"
GO:1903539,6,"rab-6.2, rme-8, snx-1, unc-11, vps-35, vps-4"
GO:2000253,3,"cfap-20, eat-17, rab-6.2"
GO:2000311,2,"cni-1, rab-6.2"
GO:0061462,1,rab-7
GO:0090385,1,rab-7
GO:0030538,4,"rab-8, smg-2, smg-5, smg-6"
GO:0071532,3,"rab-10, rab-35, rab-8"
GO:0001881,2,"ehbp-1, rab-10"
GO:0061796,1,rab-11.1
GO:1990676,2,"rab-11.1, rei-1"
GO:0090390,2,"rab-14, unc-108"
GO:0034389,3,"fitm-2, rab-18, seip-1"
GO:0003386,2,"alr-1, rab-28"
GO:1902017,3,"cdkl-1, mapk-15, rab-28"
GO:0017157,5,"C18B2.5, rab-37, sep-1, sng-1, syx-4"
GO:0000722,1,rad-50
GO:0043047,8,"R03H10.6, R03H10.7, mrt-1, pot-1, pot-2, pot-3, rad-50, rpa-1"
GO:0051880,1,rad-50
GO:0000150,1,rad-51
GO:0000730,2,"rad-51, rfs-1"
GO:0006312,2,"ercc-1, rad-51"
GO:0042148,3,"brc-2, rad-51, rfs-1"
GO:1990426,1,rad-51
GO:0015616,2,"rad-54.B, rad-54.L"
GO:0045003,2,"helq-1, rad-54.L"
GO:1901673,2,"npp-21, ran-3"
GO:0032486,6,"D1081.12, D1081.4, ZK669.5, rap-1, rap-2, rap-3"
GO:0071320,3,"ZK669.5, crtc-1, rap-1"
GO:2000301,2,"ZK669.5, rap-1"
GO:0061118,1,rap-3
GO:0007035,8,"rbc-1, spe-5, unc-32, vha-12, vha-16, vha-5, vha-6, vha-7"
GO:0043291,2,"H14A12.3, rbc-1"
GO:0045956,1,rbf-1
GO:0099502,10,"DH11.5, T27E4.1, cla-1, rbf-1, snt-1, snt-2, snt-3, snt-4, snt-5, snt-6"
GO:1990000,1,rbg-1
GO:0097051,1,rbg-2
GO:0034647,2,"jmjc-1, rbr-2"
GO:0141052,1,rbr-2
GO:0031461,1,rbx-1
GO:1902230,4,"rbx-1, rpm-1, skr-1, skr-7"
GO:0004865,8,"C07H6.2, F46H5.2, F55C10.5, K10H10.7, T01D1.3, ZK945.8, rcan-1, sut-6"
GO:0030346,2,"arrd-17, rcan-1"
GO:0031048,7,"Y75B8A.31, nrde-2, rde-1, rrf-3, sosi-1, wago-4, znfx-1"
GO:0035197,5,"Y75B8A.31, ergo-1, nrde-3, rde-1, rde-4"
GO:0070920,1,rde-4
GO:0016344,1,rec-8
GO:0030893,1,rec-8
GO:1990809,1,ret-1
GO:0005663,5,"F44B9.8, rfc-1, rfc-2, rfc-3, rfc-4"
GO:0019781,2,"rfl-1, ula-1"
GO:0005657,3,"T24H7.9, polh-1, rfs-1"
GO:0033061,2,"rfs-1, rip-1"
GO:0033063,1,rfs-1
GO:0006353,2,"rha-1, xrn-2"
GO:0045814,9,"T11G6.5, ceh-91, melo-1, mina-1, ppm-1.D, rha-1, set-25, spat-3, tap-1"
GO:0050684,3,"phm-2, rha-1, spk-1"
GO:0005094,1,rhi-1
GO:0000915,5,"ani-1, ani-2, ani-3, rho-1, rtkn-1"
GO:0030241,4,"rho-1, unc-15, unc-54, unc-89"
GO:0031034,3,"rho-1, unc-87, unc-89"
GO:0015020,75,"C03A7.13, F10D2.8, F54C1.1, Y43D4A.2, lge-1, rib-1, rib-2, sqv-8, ugt-1, ugt-10, ugt-11, ugt-12, ugt-13, ugt-14, ugt-15, ugt-16, ugt-17, ugt-18, ugt-19, ugt-2, ugt-20, ugt-21, ugt-22, ugt-23, ugt-24, ugt-25, ugt-26, ugt-27, ugt-28, ugt-29, ugt-3, ugt-30, ugt-31, ugt-32, ugt-33, ugt-34, ugt-35, ugt-36, ugt-37, ugt-38, ugt-39, ugt-4, ugt-40, ugt-41, ugt-42, ugt-43, ugt-44, ugt-45, ugt-46, ugt-47, ugt-48, ugt-49, ugt-5, ugt-50, ugt-51, ugt-52, ugt-53, ugt-54, ugt-55, ugt-56, ugt-57, ugt-58, ugt-59, ugt-6, ugt-60, ugt-61, ugt-62, ugt-63, ugt-64, ugt-65, ugt-66, ugt-67, ugt-7, ugt-8, ugt-9"
GO:0001888,1,rib-2
GO:0042328,1,rib-2
GO:0050508,1,rib-2
GO:0050509,1,rib-2
GO:0005484,27,"aex-4, gos-28, memb-1, memb-2, nbet-1, ric-4, sec-20, sec-22, snap-29, snb-1, snb-2, snb-5, snb-6, snb-7, syx-16, syx-17, syx-2, syx-3, syx-4, syx-5, syx-7, unc-64, use-1, vamp-7, vamp-8, vti-1, ykt-6"
GO:0016082,6,"aex-4, ric-4, snap-29, tom-1, unc-10, unc-13"
GO:0019905,24,"T22C1.6, Y59A8B.25, Y59A8B.8, aex-4, cpx-1, cpx-2, lgl-1, ric-4, sly-1, snap-1, snap-29, snb-1, snb-2, snb-5, snb-6, snb-7, tom-1, unc-18, unc-76, uncp-18, vamp-7, vps-51, vps-52, vps-54"
GO:0031201,32,"Y59A8B.25, Y59A8B.8, aex-4, cpx-1, gos-28, memb-1, memb-2, nbet-1, ric-4, sec-20, sec-22, snap-1, snap-29, snb-1, snb-2, snb-5, snb-6, snb-7, syx-16, syx-17, syx-18, syx-2, syx-3, syx-4, syx-5, syx-7, tom-1, unc-64, use-1, vamp-7, vamp-8, vti-1"
GO:0031629,3,"aex-4, ric-4, snap-29"
GO:0097753,1,ric-19
GO:0140090,1,ric-19
GO:1990502,5,"cccp-1, ric-19, rund-1, tbc-8, unc-108"
GO:0098632,6,"ncam-1, rig-3, rig-6, zig-1, zig-11, zig-3"
GO:0060990,2,"amph-1, rme-1"
GO:1904950,1,rme-1
GO:0005041,2,"R11G1.1, rme-2"
GO:1901981,2,"Y56A3A.16, rme-4"
GO:0051223,1,rme-6
GO:2000369,3,"gakh-1, rme-6, sel-5"
GO:0007032,17,"C56A3.8, ZC8.6, ZK632.12, alx-1, gldi-4, maa-1, rme-8, sqst-1, sqst-2, sqst-3, sqst-4, sqst-5, unc-26, vps-11, vps-18, wshc-4, wshc-5"
GO:2000641,1,rme-8
GO:0044390,1,rnf-5
GO:0032299,3,"F21D5.6, ZK1127.13, rnh-2"
GO:0048600,1,rnp-1
GO:0005685,17,"F40F8.11, Y119D3B.12, luc-7L, luc-7L3, prp-39, prp-40, rnp-2, rnp-3, rnp-7, snr-1, snr-2, snr-3, snr-4, snr-5, snr-6, snr-7, snrp-3"
GO:0030532,3,"rnp-2, rnp-3, snr-4"
GO:0036002,3,"rbm-22, rnp-4, sup-12"
GO:0061574,2,"acin-1, rnp-5"
GO:0000380,8,"ddx-17, hrpu-1, pqbp-1.1, rbm-17, rnp-6, sfa-1, sup-12, tofu-2"
GO:0004748,3,"F54H12.2, rnr-1, rnr-2"
GO:0005971,1,rnr-1
GO:0009263,3,"F54H12.2, rnr-1, rnr-2"
GO:0098722,2,"rnt-1, ztf-6"
GO:0042058,3,"mvb-12, rom-3, rom-4"
GO:0050708,3,"rom-3, rom-4, vps-34"
GO:0006465,9,"immp-1, immp-2, imp-2, imp-3, rom-5, sec-11, spcs-1, spcs-2, spcs-3"
GO:0002181,29,"C02F5.3, F27D4.4, R74.7, T26E3.4, T28D6.6, rpl-15, rpl-17, rpl-18A, rpl-22, rpl-24, rpl-26, rpl-29, rpl-31, rpl-35A, rpl-36, rpl-36A, rpl-6, rpl-8, rpl-9, rplp-0, rplp-1, rps-10, rps-15A, rps-23, rps-26, rps-28, rps-29, rpsa-1, sars-1"
GO:0022625,48,"rpl-10L, rpl-10a, rpl-11.1, rpl-11.2, rpl-12, rpl-13, rpl-13A, rpl-14, rpl-15, rpl-17, rpl-18, rpl-18A, rpl-19, rpl-21, rpl-23, rpl-23A.1, rpl-23A.2, rpl-24, rpl-26, rpl-27, rpl-27A, rpl-28, rpl-29, rpl-3, rpl-30, rpl-31, rpl-32, rpl-34, rpl-35, rpl-35A, rpl-36, rpl-36A, rpl-37.1, rpl-37.2, rpl-37A, rpl-38, rpl-39, rpl-4, rpl-5, rpl-6, rpl-7, rpl-7A, rpl-8, rpl-9, rplp-0, rplp-1, rplp-2.1, rplp-2.2"
GO:0070180,4,"mrpl-11, rpl-12, rpl-23, rplp-0"
GO:0002182,2,"rplp-2.1, rplp-2.2"
GO:0005666,17,"F26E4.4, M106.7, W06E11.1, W09C3.4, Y47G6A.9, let-611, rpac-19, rpac-40, rpb-10, rpb-12, rpb-5, rpb-6, rpb-8, rpc-1, rpc-11, rpc-2, rpc-25"
GO:0042797,5,"F26E4.4, rpb-10, rpb-5, rpb-6, rpc-1"
GO:0015934,10,"mrpl-15, mrpl-22, mrpl-30, mrpl-32, rpl-10a, rpl-13A, rpl-17, rpl-26, rpl-27, rpl-8"
GO:0000027,6,"F55F10.1, K12H4.3, Y54E10A.10, nol-53, rpl-5, rrsr-1"
GO:0008097,3,"mrpl-18, nol-53, rpl-5"
GO:0098556,3,"rpl-27, rps-26, rps-28"
GO:0022618,2,"rpl-38, shq-1"
GO:0046329,2,"rpm-1, vhp-1"
GO:0048692,3,"efa-6, rpm-1, vhp-1"
GO:0048843,4,"clec-38, rpm-1, slt-1, unc-40"
GO:0099174,1,rpm-1
GO:1903753,2,"rpm-1, vhp-1"
GO:1905489,5,"clec-38, rpm-1, sax-3, slt-1, unc-6"
GO:1905490,3,"clec-38, rpm-1, unc-40"
GO:1905606,5,"atg-9, cebp-1, mak-2, rpm-1, vps-35"
GO:1905608,3,"rpm-1, syd-2, unc-104"
GO:1905812,4,"clec-38, rpm-1, unc-40, unc-6"
GO:1905869,1,rpm-1
GO:0008540,11,"C10G11.8, F56F11.4, rpn-1, rpn-10, rpn-2, rpt-1, rpt-2, rpt-3, rpt-4, rpt-5, rpt-6"
GO:0022624,2,"rpn-1, rpn-6.1"
GO:0034515,2,"rpn-1, rpn-2"
GO:0042176,7,"alx-1, cima-1, rpn-1, rpn-2, rpn-3, sur-2, wwp-1"
GO:0008541,10,"F37A4.5, dss-1, rpn-11, rpn-12, rpn-13, rpn-3, rpn-5, rpn-6.1, rpn-6.2, rpn-9"
GO:0043248,6,"F35G12.12, Y57E12AL.6, dss-1, ecps-1, rpn-13, rpn-6.1"
GO:0005838,4,"rpn-11, rpn-12, rpn-7, rpn-9"
GO:0031593,9,"F49C12.9, ZK688.5, cdc-48.1, cdc-48.2, dvc-1, rad-23, rpn-10, ubql-1, ufd-1"
GO:0070628,9,"F37A4.5, F59E12.6, T28B8.3, T28B8.4, psme-4, rad-23, rpn-11, rpn-13, usp-14"
GO:0140492,2,"F37A4.5, rpn-11"
GO:0000028,8,"F55F8.3, ZC434.4, eral-1, rps-14, rps-19, rps-27, rps-28, rpsa-1"
GO:0022627,30,"T07A9.14, fau-1, rps-10, rps-11, rps-12, rps-13, rps-14, rps-15, rps-15A, rps-16, rps-17, rps-19, rps-2, rps-20, rps-21, rps-23, rps-24, rps-25, rps-26, rps-27, rps-28, rps-29, rps-3, rps-3A, rps-4, rps-5, rps-7, rps-8, rps-9, rpsa-1"
GO:0042274,20,"C48B6.2, E02H1.1, E02H1.6, T23D8.3, Y52B11A.10, Y61A9LA.10, ZK1127.5, ZK795.3, gldi-11, nath-10, nobh-1, pno-1, rps-12, rps-13, rps-14, rps-5, rps-6, rps-7, rps-8, rps-9"
GO:0043226,6,"C36E8.4, C50C3.5, M04F3.4, alx-1, catp-4, rps-9"
GO:1990145,1,rps-12
GO:0070181,5,"C34E10.10, mrps-18.C, mrps-18A, mrps-6, rps-13"
GO:0000447,5,"F54C9.9, F57B10.8, ZK792.5, rps-21, rrsr-1"
GO:0000461,1,rps-21
GO:0036402,8,"C10G11.8, F56F11.4, rpt-1, rpt-2, rpt-3, rpt-4, rpt-5, rpt-6"
GO:0045899,1,rpt-4
GO:0033130,1,rpy-1
GO:0004814,2,"rars-1, rars-2"
GO:0006420,2,"rars-1, rars-2"
GO:0031554,1,rsp-6
GO:0048026,1,rsp-8
GO:0099172,1,sad-1
GO:0007099,6,"R08D7.5, sas-4, sas-5, sas-6, spd-2, zyg-1"
GO:0030427,2,"dbn-1, sax-2"
GO:0008046,2,"sax-3, wrk-1"
GO:0035385,1,sax-3
GO:0030506,1,sax-7
GO:0001676,11,"acs-13, acs-15, acs-17, acs-18, acs-20, acs-22, acs-3, acs-4, acs-5, cyp-33E2, sbp-1"
GO:0042175,2,"F18H3.4, sca-1"
GO:0032588,4,"F54C8.7, Y45G5AM.9, Y57G11C.22, scm-1"
GO:0032933,2,"erl-1, scp-1"
GO:0032934,6,"ZC328.3, heh-1, obr-1, obr-2, obr-4, scp-1"
GO:0032936,1,scp-1
GO:0045540,1,scp-1
GO:0000145,8,"exoc-7, exoc-8, sec-10, sec-15, sec-3, sec-5, sec-6, sec-8"
GO:0006904,6,"sec-8, unc-18, uncp-18, vps-11, vps-18, ykt-6"
GO:0070971,11,"Y71A12B.10, gbf-1, sar-1, sec-16A.1, sec-16A.2, sec-23, sec-24.1, sec-24.2, sec-31, sft-4, tfg-1"
GO:0090110,4,"sec-23, sec-24.1, sec-24.2, sec-31"
GO:0000149,33,"DH11.5, T23G11.7, T27E4.1, Y34B4A.2, cla-1, cpx-1, memb-1, memb-2, sec-24.1, sec-24.2, sec-6, smgl-1, snpn-1, snt-1, snt-2, snt-3, snt-4, snt-5, snt-6, snt-7, sue-1, syx-16, syx-17, syx-2, syx-3, syx-4, syx-5, syx-7, unc-11, unc-64, vamp-8, vps-50, vti-1"
GO:0000836,1,sel-1
GO:0035612,2,"gakh-1, sel-5"
GO:0030663,9,"Y41C4A.32, copa-1, copb-1, copb-2, copd-1, cope-1, copg-1, copz-1, sel-9"
GO:0046660,2,"sel-10, skr-1"
GO:0044322,4,"C47E12.3, F10C2.5, ZC506.1, sel-11"
GO:0017015,1,sel-12
GO:0048582,1,sem-2
GO:0048626,2,"sem-2, sem-4"
GO:0014016,1,sem-4
GO:0048333,1,sem-4
GO:0072326,1,sem-4
GO:0061062,6,"imp-2, sem-5, sep-1, tpst-1, uggt-1, uggt-2"
GO:0043176,1,ser-1
GO:0004989,6,"octr-1, ser-2, ser-3, ser-6, tag-89, tyra-3"
GO:0007211,2,"ser-2, ser-3"
GO:0008226,1,ser-2
GO:0008227,2,"ser-2, tyra-2"
GO:0007198,3,"dop-4, octr-1, ser-4"
GO:0005700,2,"set-1, set-16"
GO:0042799,1,set-1
GO:0043516,1,set-1
GO:0048188,8,"ash-2, cfp-1, rbbp-5, set-1, set-2, swd-2.1, swd-2.2, wdr-5.1"
GO:0140944,1,set-1
GO:0042800,6,"set-16, set-17, set-2, set-27, set-29, set-30"
GO:0140999,1,set-2
GO:0033617,11,"T20D3.14, Y53F4B.14, coa-1, coa-3, coa-5, cox-16, cox-17, cox-18, cox-19, sco-1, sft-1"
GO:0038024,1,sft-4
GO:1904508,4,"cgt-1, cgt-2, cgt-3, sgk-1"
GO:0016012,3,"sgca-1, sgcb-1, sgn-1"
GO:0033227,1,sid-1
GO:0050658,7,"C08A9.3, C30E1.4, Y43F8C.11, chup-1, sid-1, sid-2, sid-5"
GO:0051033,4,"C08A9.3, C30E1.4, chup-1, sid-1"
GO:0031509,8,"D1053.2, dot-1.1, dot-1.2, dot-1.3, dot-1.4, dot-1.5, hat-1, sir-2.1"
GO:0032041,1,sir-2.1
GO:0033553,2,"rrp-8, sir-2.1"
GO:0034979,4,"sir-2.1, sir-2.2, sir-2.3, sir-2.4"
GO:0046969,2,"sir-2.1, sir-2.4"
GO:0046970,1,sir-2.1
GO:0141051,1,sir-2.1
GO:0048565,4,"skn-1, src-1, src-2, vps-16"
GO:1900409,1,skn-1
GO:1905806,1,skr-1
GO:0015269,6,"kcnl-1, kcnl-2, kcnl-3, kcnl-4, slo-1, slo-2"
GO:0060072,1,slo-1
GO:0005228,1,slo-2
GO:0016199,3,"madd-2, slt-1, unc-40"
GO:0048495,2,"slt-1, syd-1"
GO:0030892,1,smc-3
GO:0004014,1,smd-1
GO:0006597,1,smd-1
GO:0008295,2,"smd-1, spds-1"
GO:0000041,3,"smf-1, smf-2, smf-3"
GO:0005381,6,"fpn-1.1, fpn-1.2, slc-25A37, smf-1, smf-2, smf-3"
GO:0005384,4,"Y54F10AL.1, smf-1, smf-2, smf-3"
GO:0030026,3,"smf-1, smf-2, smf-3"
GO:0034755,6,"fpn-1.1, fpn-1.2, slc-25A37, smf-1, smf-2, smf-3"
GO:0046873,18,"Y54F10AL.1, smf-1, smf-2, smf-3, zipt-1, zipt-11, zipt-13, zipt-15, zipt-16, zipt-17, zipt-2.1, zipt-2.2, zipt-2.3, zipt-2.4, zipt-3, zipt-7.1, zipt-7.2, zipt-9"
GO:0046915,3,"smf-1, smf-2, smf-3"
GO:0055071,3,"smf-1, smf-2, smf-3"
GO:0033212,2,"atp-1, smf-3"
GO:0016310,2,"T21C9.6, smg-1"
GO:0038201,1,smg-1
GO:0036121,1,smg-2
GO:0051721,6,"B0464.9, lem-4, ppfr-4, rsa-1, smg-2, smg-5"
GO:0005697,2,"smg-6, smg-7"
GO:0070034,3,"nola-3, smg-6, smg-7"
GO:0000245,8,"D1007.4, repo-1, sftb-1, smi-1, spk-1, syf-3, uaf-1, usp-39"
GO:0032797,4,"D1007.4, F10E9.5, mel-46, smi-1"
GO:0016605,3,"gcna-1, smo-1, tdpt-1"
GO:0034502,1,smo-1
GO:0044389,2,"smo-1, ufbp-1"
GO:0070194,2,"smo-1, zhp-3"
GO:0071965,2,"bet-1, smo-1"
GO:0006686,5,"F53B1.2, sms-1, sms-2, sms-3, sms-5"
GO:0016780,13,"F53B1.2, algn-7, cept-1, cept-2, crls-1, ept-1, pisy-1, pssy-1, pssy-2, sms-1, sms-2, sms-3, sms-5"
GO:0033188,5,"F53B1.2, sms-1, sms-2, sms-3, sms-5"
GO:0047493,5,"F53B1.2, sms-1, sms-2, sms-3, sms-5"
GO:0006906,21,"T27E4.1, gos-28, memb-1, memb-2, snb-1, snb-2, snb-5, snb-6, snb-7, snt-4, snt-6, syx-16, syx-17, syx-2, syx-3, syx-4, syx-5, syx-7, unc-64, vamp-7, vamp-8"
GO:0043134,1,snb-1
GO:0005283,4,"snf-1, snf-10, snf-12, snf-6"
GO:1903804,4,"snf-1, snf-10, snf-12, snf-6"
GO:0005332,7,"F56F4.3, snf-11, snf-2, snf-3, snf-5, snf-7, snf-9"
GO:0015812,9,"F56F4.3, snf-11, snf-2, snf-3, snf-5, snf-7, snf-9, unc-26, unc-47"
GO:0015199,1,snf-3
GO:0015838,1,snf-3
GO:0001504,1,snf-6
GO:0005328,1,snf-6
GO:1905418,1,snf-10
GO:0002804,2,"snf-12, sta-2"
GO:0097677,1,snf-12
GO:0000243,6,"F40F8.11, prp-39, snr-1, snr-3, snrp-3, uaf-1"
GO:0005687,7,"F40F8.11, prp-31, snr-1, snr-2, snr-3, snr-6, snr-7"
GO:0034719,5,"C24H11.5, F40F8.11, snr-1, snr-3, snr-7"
GO:0070990,1,snr-2
GO:0097525,1,snr-4
GO:0120114,2,"C24H11.5, snr-5"
GO:0017158,11,"DH11.5, T27E4.1, cla-1, snt-1, snt-2, snt-3, snt-4, snt-5, snt-6, snt-7, sue-1"
GO:0061891,11,"DH11.5, T27E4.1, cla-1, snt-1, snt-2, snt-3, snt-4, snt-5, snt-6, snt-7, sue-1"
GO:2000300,7,"DH11.5, cla-1, snt-1, snt-2, snt-3, snt-5, unc-10"
GO:0098796,4,"cdc-48.1, cdc-48.2, nduv-2, snx-1"
GO:0004784,5,"sod-1, sod-2, sod-3, sod-4, sod-5"
GO:0006801,8,"F47G3.1, T01D3.3, Y52B11A.3, sod-1, sod-2, sod-3, sod-4, sod-5"
GO:0016209,7,"R53.5, prdx-2, prdx-3, prdx-6, sod-1, sod-4, sod-5"
GO:0019430,6,"prdx-2, sod-1, sod-2, sod-3, sod-4, sod-5"
GO:0098803,3,"cyc-2.1, sod-2, sod-3"
GO:0016247,4,"sol-1, sol-2, stg-1, stg-2"
GO:0051968,4,"sol-1, sol-2, stg-1, stg-2"
GO:0010607,2,"sop-2, xrn-1"
GO:0042062,1,spc-1
GO:0045169,1,spc-1
GO:0061073,1,spd-1
GO:0090220,1,spd-3
GO:0033365,7,"alx-1, pph-5, rack-1, rsa-1, rsa-2, spd-5, unc-68"
GO:0048515,3,"spe-4, spe-6, zipt-7.1"
GO:0030003,4,"spe-5, vha-12, zipt-15, zipt-16"
GO:0033180,5,"spe-5, vha-11, vha-12, vha-13, vha-9"
GO:0046961,19,"spe-5, unc-32, vha-1, vha-10, vha-11, vha-12, vha-13, vha-14, vha-15, vha-16, vha-17, vha-18, vha-2, vha-3, vha-5, vha-6, vha-7, vha-8, vha-9"
GO:0048137,2,"spe-5, vps-33.2"
GO:0051452,3,"gphr-1, gphr-2, spe-5"
GO:0051308,1,spe-6
GO:0016409,17,"dhhc-1, dhhc-10, dhhc-11, dhhc-12, dhhc-13, dhhc-14, dhhc-2, dhhc-3, dhhc-4, dhhc-6, dhhc-7, dhhc-8, dhhc-9, hhat-1, hhat-2, spe-10, spe-21"
GO:0019706,16,"dhhc-1, dhhc-10, dhhc-11, dhhc-12, dhhc-13, dhhc-14, dhhc-2, dhhc-3, dhhc-4, dhhc-6, dhhc-7, dhhc-8, dhhc-9, spe-10, spe-21, ykt-6"
GO:0060468,1,spe-11
GO:0006624,4,"lgmn-1, spe-39, tmem-208, vps-41"
GO:0015279,4,"orai-1, spe-41, trp-1, trp-2"
GO:0004176,13,"F19B2.7, F46F5.5, R13H4.6, T23G4.2, Y47C4A.1, ZK930.6, clpp-1, lido-17, lonp-1, lonp-2, ppgn-1, spg-7, ymel-1"
GO:0005745,4,"Y47C4A.1, ppgn-1, spg-7, ymel-1"
GO:0034982,4,"Y47C4A.1, ppgn-1, spg-7, ymel-1"
GO:0008117,3,"spl-1, spl-2, spl-3"
GO:0030149,4,"T27F6.6, spl-1, spl-2, spl-3"
GO:0000706,3,"him-18, slx-1, spo-11"
GO:0003916,6,"R05D3.12, spo-11, top-1, top-2, top-3A, top-3B"
GO:0003918,4,"R05D3.12, cin-4, spo-11, top-2"
GO:0035915,2,"spp-1, spp-12"
GO:0046930,4,"spp-1, spp-12, tomm-40, vdac-1"
GO:0140911,2,"spp-1, spp-12"
GO:0032452,6,"jhdm-1, jmjd-1.1, jmjd-1.2, jmjd-3.1, jmjd-3.3, utx-1"
GO:0032044,2,"spt-4, spt-5"
GO:0006354,1,spt-5
GO:0032784,1,spt-5
GO:0033320,1,sqv-1
GO:0048040,1,sqv-1
GO:0006024,2,"sqv-2, sqv-4"
GO:0047220,1,sqv-2
GO:0008378,1,sqv-3
GO:0030166,4,"ZK563.7, apy-1, sqv-3, sqv-6"
GO:0046525,1,sqv-3
GO:0070085,30,"bah-2, galt-1, gtnt-1, gtnt-12, gtnt-16, gtnt-17, gtnt-18, gtnt-2, gtnt-24, gtnt-27, gtnt-29, gtnt-3, gtnt-31, gtnt-34, gtnt-35, gtnt-37, gtnt-39, gtnt-40, gtnt-41, gtnt-42, gtnt-43, gtnt-45, gtnt-48, gtnt-51, gtnt-56, gtnt-57, gtnt-7, gtnt-8, gtnt-9, sqv-3"
GO:0003979,1,sqv-4
GO:0006065,1,sqv-4
GO:0047237,1,sqv-5
GO:0030158,1,sqv-6
GO:0033319,1,sqv-6
GO:0005459,9,"hut-1, nstp-3, nstp-4, nstp-5, nstp-6, nstp-7, nstp-8, sqv-7, srf-3"
GO:0005461,1,sqv-7
GO:0005462,5,"nstp-1, nstp-2, nstp-4, sqv-7, srf-3"
GO:0005463,2,"nstp-4, sqv-7"
GO:0015780,1,sqv-7
GO:0015787,1,sqv-7
GO:0015789,2,"nstp-4, sqv-7"
GO:0072334,9,"hut-1, nstp-3, nstp-4, nstp-5, nstp-6, nstp-7, nstp-8, sqv-7, srf-3"
GO:1990569,5,"nstp-1, nstp-2, nstp-4, sqv-7, srf-3"
GO:0015018,7,"glct-1, glct-2, glct-3, glct-4, glct-5, glct-6, sqv-8"
GO:0004984,26,"K11E4.6, Y105C5B.8, Y57G11C.46, sra-1, sra-10, sra-11, sra-12, sra-13, sra-14, sra-2, sra-3, sra-32, sra-33, sra-34, sra-35, sra-36, sra-37, sra-38, sra-39, sra-4, sra-6, sra-7, sra-8, sra-9, srb-18, srb-19"
GO:0032096,1,sra-13
GO:0009593,1,srb-6
GO:0071679,2,"src-1, unc-5"
GO:0015165,8,"nstp-3, nstp-4, nstp-5, nstp-6, nstp-7, nstp-8, srf-3, ugtp-1"
GO:0090481,8,"nstp-3, nstp-4, nstp-5, nstp-6, nstp-7, nstp-8, srf-3, ugtp-1"
GO:0007601,1,sro-1
GO:0008020,5,"F57C9.6, ZK813.5, nmur-3, npr-3, sro-1"
GO:0009584,5,"F57C9.6, ZK813.5, nmur-3, npr-3, sro-1"
GO:0071482,5,"F57C9.6, ZK813.5, nmur-3, npr-3, sro-1"
GO:0004828,3,"K03B4.1, sars-1, sars-2"
GO:0006434,2,"sars-1, sars-2"
GO:0070158,2,"K03B4.1, sars-2"
GO:0016503,1,srx-43
GO:0005246,6,"F20D6.8, W04C9.5, Y52B11A.4, stim-1, stn-1, unc-36"
GO:0007528,2,"hlb-1, stn-1"
GO:0017085,1,str-217
GO:0005539,1,sul-1
GO:0008449,1,sul-1
GO:0008484,1,sul-3
GO:0034993,3,"sun-1, unc-83, unc-84"
GO:0030729,1,sur-5
GO:0000395,3,"prp-39, snrp-3, swp-1"
GO:0046578,1,syd-1
GO:0090630,1,syd-1
GO:0097445,1,syd-2
GO:0140660,1,syd-2
GO:1903744,2,"sam-4, syd-2"
GO:0008039,3,"syg-1, syg-2, unc-4"
GO:0048755,2,"sam-10, syg-1"
GO:0098636,2,"syg-1, syg-2"
GO:0016081,8,"syx-2, syx-3, syx-4, syx-5, syx-6, unc-10, unc-13, unc-18"
GO:0048278,8,"syx-16, syx-17, syx-2, syx-3, syx-4, syx-5, syx-7, unc-64"
GO:0000801,4,"syp-1, syp-2, syp-3, syp-4"
GO:0010845,4,"rmh-1, rmif-2, syp-1, syp-2"
GO:0001711,1,sys-1
GO:0009954,1,sys-1
GO:0031113,2,"exc-6, tac-1"
GO:0061673,2,"tac-1, zyg-9"
GO:1990498,3,"tac-1, zyg-8, zyg-9"
GO:0005669,19,"Y54E2A.8, taf-1, taf-10, taf-11.1, taf-11.2, taf-11.3, taf-12, taf-13, taf-2, taf-3, taf-4, taf-5, taf-6.1, taf-6.2, taf-7.1, taf-7.2, taf-8, taf-9, tbp-1"
GO:0000124,10,"T01C3.2, T22B7.4, Y17G9B.8, taf-10, taf-12, taf-5, taf-6.1, taf-6.2, taf-9, trr-1"
GO:0046695,2,"taf-6.1, taf-6.2"
GO:0035034,1,taf-7.1
GO:0097708,3,"itsn-1, toca-1, toca-2"
GO:0150007,1,itsn-1
GO:1900244,1,itsn-1
GO:0022409,1,srgp-1
GO:0060101,3,"srgp-1, swan-1, tat-1"
GO:0070587,2,"srgp-1, ulp-2"
GO:0036493,1,nck-1
GO:1902237,1,nck-1
GO:1903898,1,nck-1
GO:0071927,2,"octr-1, ser-6"
GO:0007158,1,nlg-1
GO:0042043,1,nlg-1
GO:0097104,1,nlg-1
GO:0097105,1,nlg-1
GO:1990131,2,"raga-1, ragc-1"
GO:0004478,4,"sams-1, sams-3, sams-4, sams-5"
GO:0006556,4,"sams-1, sams-3, sams-4, sams-5"
GO:0009060,6,"C14B9.10, ctc-1, nduf-7, nduo-1, nduo-4, sdhb-1"
GO:0048039,4,"R144.13, nduo-4, sdhb-1, sdhd-1"
GO:0051538,2,"W07E11.1, sdhb-1"
GO:0008379,2,"prdx-2, prdx-3"
GO:0045321,1,prdx-2
GO:0045454,12,"gsr-1, kri-1, png-1, prdx-2, prdx-3, prdx-6, selt-1.1, selt-1.2, tpi-1, trx-2, trxr-1, trxr-2"
GO:0051920,3,"prdx-2, prdx-3, prdx-6"
GO:0070301,3,"F02E9.5, nth-1, prdx-2"
GO:0140824,2,"prdx-2, prdx-3"
GO:1902882,4,"acs-19, hecd-1, ivd-1, prdx-2"
GO:0004687,2,"mlck-1, mrck-1"
GO:1901029,7,"C47E12.2, F25B4.7, R07E3.4, ant-1.1, ant-1.2, ant-1.3, ant-1.4"
GO:0030160,1,shn-1
GO:0035255,2,"shn-1, usp-46"
GO:0140416,1,tag-68
GO:1904262,8,"W02H5.2, aak-1, aak-2, atx-3, depd-5, nprl-2, nprl-3, sesn-1"
GO:1904294,4,"Y59C2A.2, ZC13.1, atx-3, cni-1"
GO:0004482,1,tag-72
GO:0106005,2,"B0205.8, tag-72"
GO:0009438,3,"djr-1.1, djr-1.2, glod-4"
GO:0032873,1,ppm-1.A
GO:0004335,1,tag-96
GO:0006012,4,"Y19D10A.16, ZK1058.3, gale-1, tag-96"
GO:0046835,10,"F07A11.5, R08D7.7, W06B4.1, W06B4.2, hxk-1, hxk-2, hxk-3, pfkb-1.1, pfkb-1.2, tag-96"
GO:0004660,2,"fnta-1, fntb-1"
GO:0005965,2,"fnta-1, fntb-1"
GO:0008318,5,"M57.2, Y48E1B.3, fnta-1, fntb-1, ggtb-1"
GO:0097354,2,"M57.2, fntb-1"
GO:0070390,4,"C27F2.10, T01C3.2, mcm-3AP, tag-115"
GO:0002011,1,magu-2
GO:0016332,1,magu-2
GO:0043524,3,"Y42H9AR.2, tag-120, xbx-6"
GO:0097190,5,"F54B8.4, Y42H9AR.2, dap-1, tag-120, xbx-6"
GO:1902042,4,"C44B11.1, Y42H9AR.2, tag-120, xbx-6"
GO:0072657,5,"Y41D4A.4, ZK858.6, ggtb-1, nmt-1, tag-123"
GO:0106029,2,"B0024.11, tag-124"
GO:0010977,1,rhgf-2
GO:0043542,1,rhgf-2
GO:0005496,1,chup-1
GO:0070508,1,chup-1
GO:0032051,3,"chc-1, hipr-1, tag-138"
GO:0043325,3,"F55D12.2, hipr-1, tag-138"
GO:0048268,4,"fcho-1, hipr-1, tag-138, unc-11"
GO:0015701,13,"abts-1, abts-4, best-1, sulp-1, sulp-2, sulp-3, sulp-4, sulp-5, sulp-6, sulp-7, sulp-8, zipt-15, zipt-16"
GO:0071578,2,"zipt-15, zipt-16"
GO:0140410,2,"zipt-15, zipt-16"
GO:0070761,1,zhit-3
GO:0038180,1,kdin-1
GO:0007007,3,"K11H12.8, acl-3, chch-3"
GO:0035965,1,acl-3
GO:0047184,2,"acl-3, mboa-6"
GO:0000479,3,"Y61A9LA.10, ZK1127.5, tag-151"
GO:0034511,6,"T02H6.1, Y41C4A.9, Y53C12B.1, Y54E5B.2, Y61A9LA.10, tag-151"
GO:2001197,1,ten-1
GO:0030904,5,"rbg-3, snx-3, vps-26, vps-29, vps-35"
GO:0034499,1,snx-3
GO:0015377,7,"B0303.11, F10E7.9, T04B8.5, kcc-1, kcc-2, kcc-3, nkcc-1"
GO:0015379,5,"F10E7.9, T04B8.5, kcc-1, kcc-2, kcc-3"
GO:0055064,7,"B0303.11, F10E7.9, T04B8.5, kcc-1, kcc-2, kcc-3, nkcc-1"
GO:0055075,7,"B0303.11, F10E7.9, T04B8.5, kcc-1, kcc-2, kcc-3, nkcc-1"
GO:0009086,9,"C01G10.9, F42F12.4, F58H1.3, T13G4.4, ZC373.5, cbl-1, metr-1, mthf-1, mtrr-1"
GO:0030586,1,mtrr-1
GO:0050667,2,"metr-1, mtrr-1"
GO:0030897,7,"vps-11, vps-16, vps-18, vps-33.1, vps-39, vps-41, vps-8"
GO:0032889,5,"vps-11, vps-16, vps-18, vps-33.2, vps-8"
GO:0033263,6,"vps-11, vps-16, vps-18, vps-33.1, vps-33.2, vps-8"
GO:0042144,6,"vps-11, vps-16, vps-18, vps-33.1, vps-39, vps-41"
GO:0099022,5,"vps-11, vps-16, vps-18, vps-33.2, vps-8"
GO:0007584,1,bckd-1B
GO:0009083,7,"B0250.5, F13G3.7, Y43C5B.3, acdh-9, bckd-1A, bckd-1B, hach-1"
GO:0045723,2,"bckd-1B, dbt-1"
GO:0160157,3,"bckd-1A, bckd-1B, dbt-1"
GO:0045815,2,"lex-1, tam-1"
GO:0141137,2,"lex-1, tam-1"
GO:0007199,2,"tax-2, tax-4"
GO:0097543,3,"arl-13, nphp-2, tax-4"
GO:0045298,1,tbb-2
GO:0000931,1,tbg-1
GO:0140490,1,tbg-1
GO:0004500,1,tbh-1
GO:0004836,1,tbh-1
GO:0006589,2,"tbh-1, tdc-1"
GO:0016715,3,"pamn-1, pghm-1, tbh-1"
GO:0042420,1,tbh-1
GO:0042421,1,tbh-1
GO:0001092,1,tbp-1
GO:0001093,1,tbp-1
GO:0003680,1,tbp-1
GO:0001046,6,"drap-1, snpc-3.1, snpc-3.2, snpc-3.4, tbx-2, zip-10"
GO:0001217,5,"nfya-1, nfya-2, nfyb-1, nfyc-1, tbx-2"
GO:0004837,1,tdc-1
GO:1903800,1,teg-1
GO:0001558,2,"lmtr-2, tfg-1"
GO:0048208,2,"Y71A12B.10, tfg-1"
GO:0072595,1,tfg-1
GO:0008479,2,"tgt-1, tgt-2"
GO:0004797,1,thk-1
GO:0009157,1,thk-1
GO:0046104,2,"thk-1, upp-1"
GO:0007063,1,tim-1
GO:0031298,3,"ctf-4, tim-1, tipn-1"
GO:0043111,2,"tim-1, tipn-1"
GO:0045039,9,"C47G2.3, R04F11.5, Y94A7B.11, romo-1, tin-10, tin-13, tin-9.1, tin-9.2, tomm-70"
GO:0140318,3,"catp-8, tin-9.1, tin-9.2"
GO:0042719,1,tin-13
GO:0003953,1,tir-1
GO:0034128,1,tir-1
GO:0061809,1,tir-1
GO:0004995,2,"tkr-1, tkr-2"
GO:0007217,2,"tkr-1, tkr-2"
GO:0051694,2,"tmd-2, unc-94"
GO:0005862,1,tni-1
GO:0030172,4,"tni-1, tni-3, tni-4, unc-27"
GO:0043057,3,"tni-1, unc-129, unc-53"
GO:0010807,1,tom-1
GO:0045159,2,"lgl-1, tom-1"
GO:0098674,1,tom-1
GO:0098982,1,tom-1
GO:0099148,1,tom-1
GO:0003917,3,"top-1, top-3A, top-3B"
GO:0006265,7,"R05D3.12, cin-4, morc-1, top-1, top-2, top-3A, top-3B"
GO:0031422,3,"rmh-1, rmh-2, top-3A"
GO:0043523,1,tor-2
GO:0002225,1,tpa-1
GO:0004807,1,tpi-1
GO:0008929,1,tpi-1
GO:0019563,4,"R11F4.1, W02H5.8, gpdh-3, tpi-1"
GO:0046166,1,tpi-1
GO:0003825,2,"tps-1, tps-2"
GO:0005991,6,"tps-2, tre-1, tre-2, tre-3, tre-4, tre-5"
GO:0019099,2,"tra-1, tra-3"
GO:0019101,1,tra-1
GO:0031293,2,"Y56A3A.2, tra-3"
GO:0042004,1,tra-3
GO:0004555,5,"tre-1, tre-2, tre-3, tre-4, tre-5"
GO:0005993,5,"tre-1, tre-2, tre-3, tre-4, tre-5"
GO:0043122,1,trf-1
GO:0002940,1,trm-1
GO:0016423,5,"R74.7, T14B4.1, Y71F9AL.1, thum-3, trm-1"
GO:0160104,1,trm-1
GO:0004829,1,tars-1
GO:0006435,1,tars-1
GO:0003720,1,trt-1
GO:0003964,17,"C03A7.2, C35E7.2, F16B4.6, F23F1.10, F43D2.3, F55A11.8, R09E10.2, W01C9.2, Y106G6H.13, Y113G7B.12, Y32G9A.2, Y39A1A.2, Y50D4A.5, Y62F5A.12, ZK228.1, eri-3, trt-1"
GO:0034061,8,"pola-1, pold-1, pold-2, pole-1, polk-1, polq-1, rev-3, trt-1"
GO:0031648,2,"moag-4, svh-1"
GO:0031332,6,"hrde-1, nrde-3, rde-10, rde-11, rde-12, tsn-1"
GO:0098773,1,tsp-15
GO:0031749,1,tsp-17
GO:0051584,1,tsp-17
GO:0072756,2,"glit-1, tsp-17"
GO:0001174,1,ttb-1
GO:0032534,1,ttx-1
GO:1902855,2,"nubp-1, ttx-1"
GO:0050769,1,tub-1
GO:0030628,3,"sluh-7, uaf-1, uaf-2"
GO:0089701,2,"uaf-1, uaf-2"
GO:0004839,1,uba-1
GO:0032446,15,"C28G1.10, atg-7, uba-1, ubc-1, ubc-14, ubc-15, ubc-18, ubc-19, ubc-24, ubc-26, ubc-3, ubc-6, ubc-7, ubc-9, uev-2"
GO:0050905,1,uba-1
GO:0031371,3,"ubc-1, ubc-13, uev-1"
GO:0033503,2,"rfp-1, ubc-1"
GO:0032093,1,ubc-9
GO:0061656,1,ubc-9
GO:0019788,1,ubc-12
GO:0061654,1,ubc-12
GO:0006301,3,"polh-1, ubc-13, uev-1"
GO:0031372,2,"ubc-13, uev-1"
GO:0070534,3,"prp-19, ubc-13, uev-1"
GO:1902523,2,"ubc-13, uev-1"
GO:1902533,3,"lmtr-2, ubc-13, uev-1"
GO:2000008,2,"ubc-13, uev-1"
GO:0101005,6,"F36D4.5, ubh-1, ubh-2, ubh-3, usp-46, usp-50"
GO:0033044,1,ubh-4
GO:0009409,3,"paqr-2, tmem-135, ucp-4"
GO:0034098,5,"cdc-48.1, cdc-48.2, npl-4.1, npl-4.2, ufd-1"
GO:0035519,1,ufd-2
GO:0070936,3,"Y71F9AL.10, hrdl-1, ufd-2"
GO:0016926,4,"ulp-1, ulp-2, ulp-4, ulp-5"
GO:0016929,4,"ulp-1, ulp-2, ulp-4, ulp-5"
GO:0034334,1,ulp-2
GO:0070139,1,ulp-4
GO:0010650,1,unc-1
GO:0099106,1,unc-1
GO:0048787,1,unc-2
GO:0007400,1,unc-4
GO:0005042,2,"unc-40, unc-5"
GO:0016264,1,unc-7
GO:0072347,3,"unc-7, unc-79, unc-80"
GO:1903351,1,unc-7
GO:0048790,3,"cla-1, elks-1, unc-10"
GO:0098831,2,"elks-1, unc-10"
GO:0098882,2,"elks-1, unc-10"
GO:0006900,6,"R12C12.5, chmp-7, unc-11, vps-20, vps-32.1, vps-60"
GO:0098894,1,unc-11
GO:1902683,1,unc-11
GO:0017075,1,unc-13
GO:0019992,1,unc-13
GO:0061789,1,unc-13
GO:0097479,2,"clec-38, unc-14"
GO:0031033,2,"unc-15, unc-54"
GO:0051493,2,"unc-15, unc-96"
GO:0005078,1,unc-16
GO:0019900,3,"rmd-1, scpl-1, unc-16"
GO:0043194,1,unc-16
GO:0042910,1,unc-17
GO:0051650,1,unc-18
GO:0004351,1,unc-25
GO:0009449,1,unc-25
GO:0060077,1,unc-25
GO:0004439,4,"inpp-1, inpp-5K, ocrl-1, unc-26"
GO:0016050,2,"sar-1, unc-26"
GO:0016191,1,unc-26
GO:0043813,2,"figo-1, unc-26"
GO:0048212,1,unc-26
GO:0097154,1,unc-30
GO:0000220,4,"unc-32, vha-5, vha-6, vha-7"
GO:0016471,7,"unc-32, vha-10, vha-11, vha-16, vha-5, vha-6, vha-7"
GO:0033179,9,"unc-32, vha-1, vha-16, vha-17, vha-2, vha-3, vha-5, vha-6, vha-7"
GO:0031005,1,unc-33
GO:0032433,2,"F54F2.7, unc-34"
GO:0001726,2,"inpp-1, tln-1"
GO:0008345,1,unc-42
GO:0044325,4,"F47G9.4, bkip-1, gopc-1, unc-43"
GO:0048168,1,unc-43
GO:1903076,1,unc-43
GO:0015187,1,unc-47
GO:0015816,2,"C09E8.1, unc-47"
GO:0061709,10,"T07F12.4, T24H7.9, Y105C5A.24, atg-2, atg-9, epg-7, ufc-1, ufl-1, ufm-1, unc-51"
GO:0016204,1,unc-53
GO:0048842,2,"rig-6, unc-53"
GO:0050728,1,unc-55
GO:0098978,3,"F41H10.4, dlgr-1, unc-57"
GO:0005940,3,"C18B2.5, unc-59, unc-61"
GO:0031105,3,"C18B2.5, unc-59, unc-61"
GO:0032153,3,"C18B2.5, unc-59, unc-61"
GO:0061640,3,"C18B2.5, unc-59, unc-61"
GO:0030838,5,"F53E2.2, cas-2, daam-1, unc-60, unc-73"
GO:0001654,1,unc-62
GO:0005219,1,unc-68
GO:0008091,1,unc-70
GO:0019898,2,"unc-73, wee-1.3"
GO:0035022,1,unc-73
GO:0035025,3,"F36F2.1, tag-243, unc-73"
GO:0036194,1,unc-73
GO:0099641,1,unc-76
GO:0016528,1,unc-78
GO:0030834,1,unc-78
GO:0030836,1,unc-78
GO:0030837,3,"twf-2, unc-78, vab-19"
GO:1901424,1,unc-79
GO:0055080,2,"pdfr-1, unc-80"
GO:0061203,1,unc-82
GO:0045503,3,"dyci-1, unc-83, wdr-60"
GO:0006335,5,"asfl-1, chaf-2, nasp-1, nasp-2, unc-85"
GO:0042642,1,unc-87
GO:0140661,1,unc-87
GO:1904113,1,unc-87
GO:0014722,1,unc-89
GO:1905550,1,unc-89
GO:1905552,1,unc-89
GO:0021700,1,unc-104
GO:0045055,2,"rfip-2, unc-104"
GO:0048156,1,unc-104
GO:0051960,1,unc-104
GO:0090316,3,"glo-2, snpn-1, unc-104"
GO:1901953,1,unc-104
GO:1990049,1,unc-104
GO:0015693,4,"cnnm-1, cnnm-3, nipa-1, unc-105"
GO:0030055,2,"unc-112, vab-19"
GO:1901074,3,"ndk-1, uig-1, unc-112"
GO:0033206,1,unc-116
GO:0098957,1,unc-116
GO:1904293,2,"F59E12.6, usp-14"
GO:0008466,1,gyg-1
GO:0042277,10,"F16C3.1, F36D4.4, H09F14.1, npr-16, npr-17, npr-18, npr-23, npr-24, npr-26, npr-28"
GO:0008645,20,"C03B1.13, C03B1.7, C35A11.4, F11D5.5, F11D5.7, F13B12.2, F48E3.2, F53H8.3, K08F9.1, K08H10.6, K09C4.1, K09C4.4, K09C4.5, Y37A1A.3, Y39B6A.41, Y39E4B.5, Y61A9LA.1, ZK829.9, fdgt-2, slcf-2"
GO:0015149,22,"C03B1.13, C03B1.7, C35A11.4, F11D5.5, F11D5.7, F13B12.2, F48E3.2, F53H8.3, K08F9.1, K08H10.6, K09C4.1, K09C4.4, K09C4.5, R09B5.11, Y37A1A.3, Y39B6A.41, Y39E4B.5, Y61A9LA.1, ZK829.9, fdgt-1, fdgt-2, slcf-2"
GO:0015749,22,"C03B1.13, C03B1.7, C35A11.4, F11D5.5, F11D5.7, F13B12.2, F48E3.2, F53H8.3, K08F9.1, K08H10.6, K09C4.1, K09C4.4, K09C4.5, R09B5.11, Y37A1A.3, Y39B6A.41, Y39E4B.5, Y61A9LA.1, ZK829.9, fdgt-1, fdgt-2, slcf-2"
GO:0005003,1,vab-1
GO:0090596,1,vab-3
GO:0042060,1,vab-10
GO:0045104,1,vab-10
GO:0045217,2,"C06B8.7, vab-19"
GO:0007021,6,"coel-1, pfd-3, tbca-1, tbcc-1, tbcd-1, tbce-1"
GO:0016272,7,"F35H10.6, pfd-1, pfd-2, pfd-3, pfd-4, pfd-5, pfd-6"
GO:0033177,5,"Y82E9BR.3, vha-1, vha-2, vha-3, vha-4"
GO:0005771,11,"C01A2.4, R12C12.5, alx-1, chmp-7, did-2, vha-5, vps-2, vps-20, vps-24, vps-32.1, vps-60"
GO:0032585,1,vha-5
GO:1990182,1,vha-5
GO:0033178,1,vha-8
GO:0000221,4,"vha-10, vha-11, vha-15, vha-18"
GO:0097401,1,vha-10
GO:0015988,1,vha-12
GO:0008579,2,"Y54F10BM.13, vhp-1"
GO:0045735,6,"vit-1, vit-2, vit-3, vit-4, vit-5, vit-6"
GO:1903427,2,"vit-6, zmp-2"
GO:1904109,2,"vit-6, zmp-2"
GO:1904807,2,"vit-6, zmp-2"
GO:0000425,6,"atg-18, atg-2, epg-6, epg-7, vps-15, vps-34"
GO:0030906,1,vps-35
GO:1904377,1,vps-35
GO:0000938,4,"vps-51, vps-52, vps-53, vps-54"
GO:1904809,2,"cdka-1, vps-54"
GO:0004832,2,"glp-4, vars-1"
GO:0006438,2,"glp-4, vars-1"
GO:0160203,1,wah-1
GO:1905782,1,wah-1
GO:0010972,2,"wee-1.1, wee-1.3"
GO:0110031,2,"wee-1.1, wee-1.3"
GO:0010766,1,wnk-1
GO:0019870,1,wnk-1
GO:0050801,3,"abts-2, abts-3, wnk-1"
GO:0071474,2,"gck-3, wnk-1"
GO:1903288,1,wnk-1
GO:0043433,1,wrm-1
GO:0060795,1,wrm-1
GO:0140640,2,"K02F3.12, wrn-1"
GO:0004830,2,"prx-10, wars-1"
GO:0006436,2,"prx-10, wars-1"
GO:0070183,1,prx-10
GO:0005519,2,"wip-1, wsp-1"
GO:0034315,4,"F54C8.7, Y57G11C.22, crml-1, wsp-1"
GO:0034237,2,"C04G6.4, wve-1"
GO:0071933,3,"Y50D7A.10, Y55F3AM.5, wve-1"
GO:2000601,1,wve-1
GO:0000110,3,"ercc-1, xpa-1, xpf-1"
GO:0000715,1,xpa-1
GO:0070914,2,"ercc-1, xpa-1"
GO:1901255,2,"xpa-1, xpf-1"
GO:0004534,3,"cpsf-3, xrn-1, xrn-2"
GO:0006369,7,"C05C10.2, Y106G6D.5, eri-7, hzl-1, pcf-11, ssup-72, xrn-2"
GO:0010587,3,"disl-2, paxt-1, xrn-2"
GO:0060965,2,"paxt-1, xrn-2"
GO:0004831,2,"yars-1, yars-2"
GO:0006437,2,"yars-1, yars-2"
GO:0051403,1,zak-1
GO:0019789,6,"R06C7.2, ZK1248.11, zhp-1, zhp-2, zhp-3, zhp-4"
GO:0010825,1,zyg-1
GO:0032057,2,"gcn-2, zyg-1"
GO:0090268,3,"rod-1, spdl-1, zyg-1"
GO:1905832,1,zyg-1
GO:0007051,4,"F54A3.2, T08D2.8, aspm-1, zyg-9"
GO:0061863,3,"F54A3.2, T08D2.8, zyg-9"
GO:0030705,2,"grdn-1, zyg-12"
GO:0006939,1,zyx-1
GO:0099558,1,zyx-1
GO:0070125,5,"gfm-1, mrpl-44, tsfm-1, tufm-1, tufm-2"
GO:0009931,3,"mak-1, mak-2, mnk-1"
GO:0035095,2,"mak-1, mak-2"
GO:1905870,1,mak-2
GO:0006664,1,rfp-1
GO:0030730,1,mdt-15
GO:0060261,2,"T13F2.2, mdt-18"
GO:0006627,5,"Y67H2A.7, immp-1, immp-2, mppa-1, mppb-1"
GO:0042720,2,"immp-1, immp-2"
GO:0000812,6,"arp-6, ekl-4, ruvb-1, ruvb-2, ssl-1, zhit-1"
GO:0009996,5,"bet-1, ekl-4, htz-1, mys-1, ssl-1"
GO:0140861,2,"JC8.7, trr-1"
GO:0046972,2,"mys-1, mys-2"
GO:0032777,1,epc-1
GO:0016586,1,pbrm-1
GO:0006488,13,"algn-10, algn-11, algn-12, algn-13, algn-14, algn-2, algn-6, algn-7, algn-8, bus-8B, dpm-1, rfth-1, srdf-3"
GO:0106073,1,algn-10
GO:0006506,29,"C14B9.3, F35C11.4, F36H9.5, F49E12.12, F49E8.8, T23B12.5, Y38F1A.8, Y48E1B.17, ZK185.4, ZK792.7, dpm-1, mppe-1, pgap-1, pgap-2, pgap-3, piga-1, pigb-1, pigc-1, pigg-1, pigk-1, pigl-1, pigm-1, pign-1, pigo-1, pigq-1, pigs-1, pigu-1, pigv-1, pigw-1"
GO:0046620,1,wts-1
GO:0030686,8,"F54C9.9, K05C4.5, T22H9.1, Y53C12B.1, ZK792.5, srfb-1, toe-1, utp-20"
GO:0008420,5,"W04A8.1, fcp-1, rpap-2, scpl-1, ssup-72"
GO:0031110,5,"cls-1, ebp-1, ebp-2, ebp-3, ska-1"
GO:0035372,3,"ebp-1, ebp-2, ebp-3"
GO:0015075,7,"sfxn-1.1, sfxn-1.2, sfxn-1.3, sfxn-1.4, sfxn-1.5, sfxn-2, sfxn-5"
GO:0140300,6,"sfxn-1.1, sfxn-1.2, sfxn-1.3, sfxn-1.4, sfxn-1.5, sfxn-2"
GO:0004849,2,"B0001.4, F19B6.1"
GO:0009224,2,"B0001.4, F19B6.1"
GO:0043771,2,"B0001.4, F19B6.1"
GO:0044206,4,"B0001.4, F19B6.1, R12E2.11, upp-1"
GO:0044211,2,"B0001.4, F19B6.1"
GO:0043048,2,"F37B12.3, srdf-3"
GO:0102389,1,srdf-3
GO:0160198,1,srdf-3
GO:0042278,1,B0035.3
GO:0140293,1,B0035.3
GO:0004345,1,gspd-1
GO:0006098,6,"F08F8.7, T25B9.9, Y57G11C.3, gspd-1, rpia-1, tald-1"
GO:0006739,3,"gspd-1, idh-1, idh-2"
GO:0009051,3,"T25B9.9, Y57G11C.3, gspd-1"
GO:0016614,4,"F41E6.5, chdh-1, gspd-1, lhgd-1"
GO:0051156,5,"gpi-1, gspd-1, hxk-1, hxk-2, hxk-3"
GO:0016593,6,"F02E9.10, cdc-73, ctr-9, leo-1, pafo-1, rtfo-1"
GO:1990269,2,"leo-1, rtfo-1"
GO:0030621,2,"prp-4, sart-3"
GO:0032981,11,"B0035.15, C34E10.12, Y116A8C.30, Y38F2AR.3, coa-1, nduf-7, ndus-8, nuaf-1, nuaf-3, nuaf-5, nuaf-7"
GO:0002143,4,"moc-3, mttu-1, tut-1, tut-2"
GO:0016783,12,"lias-1, moc-3, mpst-1, mpst-2, mpst-3, mpst-4, mpst-5, mpst-6, mpst-7, mttu-1, tut-1, tut-2"
GO:0061708,1,mttu-1
GO:0070762,1,npp-22
GO:0008442,1,B0250.5
GO:0046395,4,"B0250.5, acdh-1, acdh-3, hacl-1"
GO:0006695,4,"F32D8.13, Y48B6A.13, dhcr-7, mvk-1"
GO:0016126,12,"F32D8.13, F35C8.5, F49E12.10, T05H4.4, Y48B6A.13, dhcr-7, drd-1, hmgr-1, hmgs-1, hpo-19, hsd-1, strm-1"
GO:0016628,2,"M106.3, dhcr-7"
GO:0047598,1,dhcr-7
GO:0032787,4,"B0272.3, F54C8.1, fasn-1, hacd-1"
GO:0008757,20,"C27F2.4, C35D10.12, Y48E1C.2, alkb-8, comt-1, comt-2, comt-3, comt-4, comt-5, lcmt-1, metl-5, metl-6, mtq-2, nemt-1, nsun-1, nuaf-5, pmt-2, rrp-8, set-27, strm-1"
GO:0018423,1,lcmt-1
GO:0090266,1,lcmt-1
GO:0005315,11,"C14C10.1, C33F10.12, F01G4.6, T05F1.8, Y39A1A.22, pitr-1, pitr-2, pitr-3, pitr-4, pitr-5, pitr-6"
GO:0006817,7,"Y39A1A.22, pitr-1, pitr-2, pitr-3, pitr-4, pitr-5, pitr-6"
GO:0035435,13,"C14C10.1, C33F10.12, C42C1.19, F01G4.6, F47B8.10, T05F1.8, pitr-1, pitr-2, pitr-3, pitr-4, pitr-5, pitr-6, slc-25A10"
GO:0001561,5,"F42G2.7, T26C12.1, ZK550.6, hacl-1, phyh-1"
GO:0030976,5,"T26C12.1, hacl-1, ogdh-1, ogdh-2, tkt-1"
GO:1990050,2,"prel-1, prel-3"
GO:0003878,2,"acly-1, acly-2"
GO:0006085,4,"acly-1, acly-2, acs-19, mlcd-1"
GO:0036156,1,dhc-3
GO:0060964,2,"B0393.4, rde-10"
GO:0004772,1,mboa-1
GO:0008374,12,"K07B1.4, Y53G8B.2, acl-6, acl-7, dgat-2, dgtr-1, mboa-1, mboa-2, mboa-6, mboa-7, pigw-1, plag-15"
GO:0034736,1,mboa-1
GO:0004092,1,B0395.3
GO:0019254,1,B0395.3
GO:0016286,4,"kcnl-1, kcnl-2, kcnl-3, kcnl-4"
GO:0000271,43,"bus-1, glf-1, oac-1, oac-10, oac-11, oac-12, oac-13, oac-15, oac-16, oac-17, oac-19, oac-2, oac-21, oac-22, oac-23, oac-24, oac-26, oac-27, oac-28, oac-29, oac-30, oac-34, oac-35, oac-36, oac-37, oac-38, oac-4, oac-40, oac-41, oac-42, oac-43, oac-44, oac-45, oac-48, oac-49, oac-51, oac-52, oac-56, oac-57, oac-58, oac-59, oac-8, rml-3"
GO:0006482,1,B0464.9
GO:0051723,1,B0464.9
GO:0004376,2,"pigm-1, pigv-1"
GO:0006505,3,"pgap-3, pigm-1, pigw-1"
GO:0051751,1,pigm-1
GO:1990529,1,pigm-1
GO:0004164,1,dph-5
GO:0017183,6,"dph-1, dph-2, dph-3, dph-5, dph-6, dph-7"
GO:0141133,1,dph-5
GO:0000347,5,"thoc-1, thoc-2, thoc-3, thoc-5, thoc-7"
GO:0000445,5,"thoc-1, thoc-2, thoc-3, thoc-5, thoc-7"
GO:0004657,1,prdh-1
GO:0006562,1,prdh-1
GO:0031981,4,"R04F11.3, exos-4.1, nobh-1, pole-2"
GO:0071027,1,exos-4.1
GO:1902494,4,"exos-4.1, hip-1, nduv-2, pptr-2"
GO:0005229,2,"best-1, ttyh-1"
GO:0014047,1,best-1
GO:0022834,1,best-1
GO:0048167,1,best-1
GO:0061534,1,best-1
GO:0098857,1,best-1
GO:0160133,1,best-1
GO:0000963,1,fask-1
GO:0044528,1,fask-1
GO:0006643,1,agmo-1
GO:0050479,1,agmo-1
GO:0032977,2,"cox-18, oxa-1"
GO:0032979,4,"Y62E10A.20, bcs-1, cox-18, oxa-1"
GO:0000815,8,"C01A2.4, R12C12.5, chmp-7, did-2, vps-2, vps-20, vps-24, vps-32.1"
GO:0032509,6,"C01A2.4, did-2, vps-2, vps-24, vps-28, vps-36"
GO:0031956,6,"acs-1, acs-11, acs-16, acs-2, acs-21, acs-7"
GO:0006107,6,"C01G10.7, fahd-1, mdh-1, pck-1, pck-2, pck-3"
GO:0047777,1,C01G10.7
GO:0106064,1,C01G10.7
GO:0019509,5,"B0228.7, C01G10.9, F42F12.4, F58H1.3, ZC373.5"
GO:0046523,1,C01G10.9
GO:0002949,3,"C01G10.10, W03F8.4, Y71H2AM.1"
GO:0061711,2,"C01G10.10, Y71H2AM.1"
GO:0090533,1,catp-4
GO:0010960,5,"cnnm-1, cnnm-2, cnnm-3, cnnm-4, cnnm-5"
GO:0035173,2,"hasp-1, hasp-2"
GO:0072354,11,"C04G2.10, C06E4.5, C26E6.1, C55C3.8, F59E12.15, VY10G11R.1, Y48B6A.10, Y73B6A.1, ZK177.2, hasp-1, hasp-2"
GO:0008800,1,C03A3.3
GO:0008157,7,"C07H6.2, CC8.2, H18N23.2, K10H10.7, T01D1.3, ZK945.8, lab-1"
GO:0034089,1,lab-1
GO:0016298,27,"F11C1.4, F26A3.1, fil-1, fil-2, hosl-1, lipl-1, lipl-2, lipl-3, lipl-4, lipl-5, lipl-6, lipl-7, lipl-8, lips-1, lips-10, lips-11, lips-12, lips-13, lips-15, lips-17, lips-2, lips-3, lips-5, lips-6, lips-7, lips-8, lips-9"
GO:0043528,1,C04H5.1
GO:0141106,1,C04H5.1
GO:2000234,3,"C04H5.1, F49D11.10, nsun-5"
GO:0001147,4,"C05C10.2, Y106G6D.5, eri-7, hzl-1"
GO:0008260,1,C05C10.3
GO:0008410,3,"C05C10.3, ZK1320.9, acer-1"
GO:0046952,2,"C05C10.3, hphd-1"
GO:1902224,1,C05C10.3
GO:0010992,1,ufd-3
GO:0004775,4,"suca-1, sucg-1, sucl-1, sucl-2"
GO:0004776,3,"sucg-1, sucl-1, sucl-2"
GO:0009361,2,"sucl-1, sucl-2"
GO:0030970,5,"F48E8.4, Y105E8A.2, cdc-48.1, cdc-48.2, der-2"
GO:0051228,2,"cdc-48.1, cdc-48.2"
GO:1905634,2,"cdc-48.1, ubxn-3"
GO:0005736,11,"rpac-19, rpac-40, rpb-10, rpb-12, rpb-5, rpb-6, rpb-8, rpoa-1, rpoa-12, rpoa-2, rpoa-49"
GO:0006360,6,"F23H11.2, T24G10.2, Y48E1B.3, gtf-2H1, rpb-10, rpb-6"
GO:0110044,1,rpb-6
GO:0019207,3,"C06A12.3, Y43F8B.2, lelo-1"
GO:0051018,3,"C06A12.3, Y43F8B.2, lelo-1"
GO:0008643,8,"mfsd-12, swt-1, swt-2, swt-3, swt-4, swt-5, swt-6, swt-7"
GO:0034219,13,"F49C12.6, K07F5.12, R144.6, T19A6.4, W02D3.4, W06A7.4, swt-1, swt-2, swt-3, swt-4, swt-5, swt-6, swt-7"
GO:0051119,7,"swt-1, swt-2, swt-3, swt-4, swt-5, swt-6, swt-7"
GO:0051864,3,"jmjc-1, jmjd-2, jmjd-5"
GO:0106157,1,jmjd-5
GO:0005542,3,"folt-1, folt-2, folt-3"
GO:0035461,3,"folt-1, folt-2, folt-3"
GO:0051180,3,"folt-1, folt-2, folt-3"
GO:0090482,3,"folt-1, folt-2, folt-3"
GO:0005344,27,"glb-1, glb-10, glb-12, glb-13, glb-14, glb-16, glb-17, glb-18, glb-19, glb-21, glb-23, glb-24, glb-25, glb-26, glb-27, glb-28, glb-29, glb-3, glb-30, glb-31, glb-32, glb-34, glb-5, glb-6, glb-7, glb-8, glb-9"
GO:0015671,27,"glb-1, glb-10, glb-12, glb-13, glb-14, glb-16, glb-17, glb-18, glb-19, glb-21, glb-23, glb-24, glb-25, glb-26, glb-27, glb-28, glb-29, glb-3, glb-30, glb-31, glb-32, glb-34, glb-5, glb-6, glb-7, glb-8, glb-9"
GO:0071986,3,"lmtr-2, lmtr-3, lmtr-5"
GO:0031106,4,"ani-1, ani-2, ani-3, rtkn-1"
GO:0071008,2,"mog-7, stip-1"
GO:0030690,1,pro-2
GO:0030691,1,pro-2
GO:0004623,12,"B0478.3, C03H5.4, C07E3.9, C31H1.5, F35C11.5, F44B9.10, H23N18.5, W04G3.10, Y52B11A.8, Y69A2AL.2, ipla-1, ipla-2"
GO:0050482,10,"B0478.3, C03H5.4, C07E3.9, C31H1.5, F35C11.5, F44B9.10, H23N18.5, W04G3.10, Y52B11A.8, Y69A2AL.2"
GO:1903003,2,"wdr-20, wdr-48"
GO:2000010,2,"wdr-20, wdr-48"
GO:0042281,1,algn-6
GO:0000965,2,"C08F8.2, pnpt-1"
GO:0045025,1,C08F8.2
GO:0004185,9,"Y16B4A.2, Y32F6A.5, ctsa-1.1, ctsa-1.2, ctsa-2, ctsa-3.1, ctsa-3.2, ctsa-4.1, ctsa-4.2"
GO:0042283,1,algn-8
GO:0051881,3,"C09E9.1, crls-1, pgs-1"
GO:0006537,4,"W07E11.1, glna-1, glna-2, glna-3"
GO:0006543,3,"glna-1, glna-2, glna-3"
GO:0090560,2,"dph-1, dph-2"
GO:0120513,2,"dph-1, dph-2"
GO:0022615,1,mks-5
GO:1904491,10,"ccep-290, grdn-1, mapk-15, mks-2, mks-5, mks-6, mksr-1, mksr-2, nphp-4, tmem-107"
GO:0034080,2,"nasp-1, nasp-2"
GO:0008381,3,"pezo-1, tmc-1, tmc-2"
GO:0030317,2,"inpp-5K, pezo-1"
GO:0071260,1,pezo-1
GO:0004046,4,"C06A6.4, C10C5.3, C10C5.4, C10C5.5"
GO:0015662,1,catp-8
GO:0140358,4,"catp-5, catp-6, catp-7, catp-8"
GO:0008308,3,"gphr-1, gphr-2, vdac-1"
GO:0098656,5,"abts-1, abts-4, gphr-1, gphr-2, vdac-1"
GO:0016846,2,"F25B4.8, cbl-1"
GO:0019344,13,"F13B12.4, F59A7.7, T25D3.3, cbl-1, cbs-1, cbs-2, cth-1, cth-2, cysl-1, cysl-2, cysl-3, cysl-4, cyts-1"
GO:0019346,3,"cbl-1, cth-1, cth-2"
GO:0170056,1,daf-36
GO:0140575,3,"C13B4.1, F55H2.5, M03A1.8"
GO:1900449,2,"C13B4.1, Y57G11A.4"
GO:0004427,3,"K08B12.3, lhpp-1, pyp-1"
GO:0010948,1,pptr-2
GO:0008612,2,"dhps-1, dohh-1"
GO:0019135,1,dohh-1
GO:0000026,2,"algn-9, pigb-1"
GO:0052918,1,algn-9
GO:0052926,1,algn-9
GO:0007029,11,"B0511.12, K05C4.2, atln-1, atln-2, ccm-3, farl-11, gbf-1, hut-1, lpin-1, ostd-1, sec-31"
GO:0035838,1,ccm-3
GO:0090168,1,ccm-3
GO:0090443,2,"cash-1, ccm-3"
GO:0006516,16,"C04E12.4, C04E12.5, C14B1.3, C17B7.5, C17D12.3, C33G3.4, F35F10.1, T20D4.3, W04G5.4, W04G5.5, W04G5.9, W09G12.8, Y47H9A.1, Y50D4B.4, png-1, txt-11"
GO:0002098,16,"C35D10.12, F46B6.4, F46B6.5, W09B6.4, Y57G11C.43, alkb-8, elpc-1, elpc-2, elpc-3, elpc-4, moc-3, mtcu-1, mtcu-2, tut-1, tut-2, urm-1"
GO:0008175,6,"C35D10.12, C53A5.17, F40F9.10, R74.7, Y49A3A.3, alkb-8"
GO:0030488,19,"C23G10.7, C35D10.12, C53A5.17, F40F9.10, F46B6.4, F46B6.5, R74.7, T14B4.1, Y49A3A.3, Y92H12A.5, alkb-8, metl-1, metl-2, mtcu-1, mtcu-2, nsun-2, thum-3, trm-61A, trmt-6"
GO:0106335,2,"C35D10.12, alkb-8"
GO:1990547,4,"C14C10.1, C33F10.12, F01G4.6, T05F1.8"
GO:0070129,2,"lrpr-1, mma-1"
GO:0010499,3,"T28B8.3, T28B8.4, psme-4"
GO:0000172,5,"Y62E10A.24, ZK632.14, popl-1, popl-4, popl-5"
GO:0001682,5,"Y62E10A.24, ZK632.14, popl-1, popl-4, popl-5"
GO:0030677,2,"popl-4, popl-5"
GO:0033204,2,"popl-4, popl-5"
GO:0048019,1,C15C8.4
GO:0050750,1,C15C8.4
GO:0006363,1,rpoa-12
GO:0038203,3,"C16C2.4, rict-1, sinh-1"
GO:0048172,1,C16C2.4
GO:0170036,1,C16C10.1
GO:1990542,2,"C16C10.1, sfxn-5"
GO:0005890,3,"nkb-1, nkb-2, nkb-3"
GO:0004124,6,"F59A7.7, cbs-1, cysl-1, cysl-2, cysl-3, cysl-4"
GO:0006535,7,"F59A7.7, cbs-1, cbs-2, cysl-1, cysl-2, cysl-3, cysl-4"
GO:0019226,2,"stg-1, stg-2"
GO:0032281,2,"stg-1, stg-2"
GO:0098970,2,"stg-1, stg-2"
GO:0005742,5,"F32B4.2, tomm-20, tomm-22, tomm-40, tomm-7"
GO:0006626,1,tomm-40
GO:0015288,2,"tomm-40, vdac-1"
GO:0030915,6,"C23H4.6, ZK1248.11, nse-1, nse-4, smc-5, smc-6"
GO:0006616,4,"F21D5.7, sec-61.A, sec-61.B, tram-1"
GO:0045048,4,"K10B2.4, asna-1, cee-1, tram-1"
GO:0008138,1,C24F3.2
GO:0003952,1,qns-1
GO:0008795,1,qns-1
GO:0009435,8,"F17C8.9, haao-1, kmo-1, kynu-1, nmat-1, nmat-2, nprt-1, qns-1"
GO:0000137,2,"gbf-1, golg-2"
GO:0010256,1,gbf-1
GO:0046903,2,"gbf-1, snap-29"
GO:0098791,2,"gbf-1, syx-6"
GO:0080132,1,fath-1
GO:0031118,3,"Y48A6B.3, dkc-1, nola-3"
GO:0031120,3,"Y48A6B.3, dkc-1, nola-3"
GO:0031429,4,"Y48A6B.3, dkc-1, garr-1, nola-3"
GO:0038187,19,"F52E1.2, Y38H6C.8, clec-1, clec-149, clec-150, clec-184, clec-196, clec-199, clec-202, clec-204, clec-219, clec-224, clec-266, clec-45, clec-47, clec-86, clec-87, clec-88, clec-91"
GO:0001782,1,rsa-1
GO:0035303,2,"ppfr-4, rsa-1"
GO:0043029,1,rsa-1
GO:0045579,1,rsa-1
GO:0042171,3,"abhd-5.1, abhd-5.2, lid-1"
GO:0005762,33,"Y95D11A.1, mrpl-10, mrpl-11, mrpl-12, mrpl-13, mrpl-15, mrpl-16, mrpl-17, mrpl-18, mrpl-19, mrpl-2, mrpl-21, mrpl-22, mrpl-23, mrpl-28, mrpl-32, mrpl-34, mrpl-36, mrpl-38, mrpl-40, mrpl-41, mrpl-44, mrpl-46, mrpl-47, mrpl-49, mrpl-50, mrpl-51, mrpl-53, mrpl-54, mrpl-55, mrpl-58, mrps-18C, mrps-30"
GO:0003887,14,"C25F9.2, K09F6.10, R04F11.3, Y38A10A.11, pola-1, pold-1, pold-2, pole-1, polg-1, polh-1, polk-1, polq-1, rev-1, rev-3"
GO:0042575,3,"C25F9.2, polg-1, rev-3"
GO:0042352,1,C26D10.4
GO:0050201,1,C26D10.4
GO:0004067,1,C27A7.5
GO:0009066,1,C27A7.5
GO:0032183,2,"bet-1, rad-54.L2"
GO:2000767,2,"K08D12.3, egc-2"
GO:0098883,1,dmd-4
GO:0031011,3,"mcrs-1, ruvb-1, ruvb-2"
GO:0097255,3,"F32D8.4, ruvb-1, ruvb-2"
GO:0140990,4,"slfl-3, slfl-4, tofu-1, tofu-2"
GO:1902555,5,"popl-5, slfl-3, slfl-4, tofu-1, tofu-2"
GO:1903910,1,nrx-1
GO:0006225,3,"C29F7.3, F38B2.4, F40F8.1"
GO:0033862,3,"C29F7.3, F38B2.4, F40F8.1"
GO:0036430,2,"C29F7.3, F40F8.1"
GO:0036431,2,"C29F7.3, F40F8.1"
GO:0046705,2,"C29F7.3, F40F8.1"
GO:0071558,5,"jmjd-1.2, jmjd-3.1, jmjd-3.2, jmjd-3.3, utx-1"
GO:0004742,2,"dlat-1, dlat-2"
GO:0006086,4,"dlat-1, dlat-2, pdha-1, pdhb-1"
GO:0045254,4,"dlat-1, dlat-2, dld-1, pdhb-1"
GO:0004617,1,phdh-1
GO:0016790,4,"C31H5.6, K05B2.4, T05E7.1, W03D8.8"
GO:0047617,16,"C17C3.1, C17C3.3, C25H3.14, C25H3.3, C31H5.6, C37H5.13, D2021.4, F25E2.3, F42H10.6, F57F4.1, K05B2.4, T05E7.1, T07D3.9, T22B7.7, W03D8.8, Y87G2A.2"
GO:0008134,2,"K04C2.2, nfki-1"
GO:0050313,1,ethe-1
GO:0070813,1,ethe-1
GO:0004553,19,"C33G3.4, R08F11.1, T04A8.7, Y105E8B.9, aagr-1, aagr-2, aagr-3, aagr-4, bgal-1, bgal-2, gana-1, hex-1, hex-2, hex-3, hex-4, hex-5, hpo-13, klo-1, klo-2"
GO:0004567,1,C33G3.4
GO:0010484,3,"lsy-12, mys-4, pcaf-1"
GO:0010485,3,"Y38A10A.7, hat-1, mys-4"
GO:0036409,1,mys-4
GO:0006473,1,sphk-1
GO:0008481,1,sphk-1
GO:0016407,1,sphk-1
GO:0046512,6,"F52C9.3, W02F12.2, sphk-1, sptl-1, sptl-2, sptl-3"
GO:0000916,2,"pph-6, saps-1"
GO:1903293,3,"ipla-1, pph-6, saps-1"
GO:0090598,2,"dmd-10, dmd-5"
GO:1905807,2,"dmd-10, dmd-5"
GO:0004450,2,"idh-1, idh-2"
GO:0006102,6,"idh-1, idh-2, idha-1, idhb-1, idhg-1, idhg-2"
GO:0033558,2,"hda-11, hda-6"
GO:0140096,3,"F32H5.1, hda-11, hda-6"
GO:0004791,4,"selt-1.1, selt-1.2, trxr-1, trxr-2"
GO:0003977,1,C36A4.4
GO:0016772,10,"C36A4.4, F11G11.13, F32B5.1, F46H5.3, K03H1.13, T21C9.6, W10C8.5, ZC434.8, argk-1, pigo-1"
GO:0070569,3,"C36A4.4, D1005.2, rml-1"
GO:0031114,3,"maph-1.1, maph-1.2, maph-1.3"
GO:0003987,1,acs-19
GO:0016208,6,"aakg-1, aakg-2, aakg-3, aakg-4, acs-19, aprt-1"
GO:0019427,1,acs-19
GO:0004146,1,dhfr-1
GO:0046452,1,dhfr-1
GO:0046655,1,dhfr-1
GO:0030660,1,imp-1
GO:0033619,3,"imp-1, imp-2, imp-3"
GO:0098553,3,"imp-1, imp-2, imp-3"
GO:0098554,3,"imp-1, imp-2, imp-3"
GO:0001181,2,"T24G10.2, tif-1A"
GO:0006361,1,tif-1A
GO:0004449,2,"idha-1, idhb-1"
GO:0008988,2,"F33A8.4, metl-5"
GO:0032056,1,metl-5
GO:0070475,6,"eef-1B.2, emg-1, metl-5, mett-10, nsun-1, nsun-5"
GO:0016263,9,"C02H6.1, C16D9.6, C17A2.3, C38H2.2, E03H4.3, F56H6.1, W09D10.5, Y38C1AB.5, bus-4"
GO:0061657,1,ufc-1
GO:0071568,2,"ufc-1, ufl-1"
GO:0071569,4,"uba-5, ufc-1, ufl-1, ufm-1"
GO:0047756,28,"B0273.115, C18B2.2, C31B8.9, C54F6.3, F01D5.10, F17B5.4, F20C5.7, F25E5.2, F36D1.8, F40C5.1, F49D11.3, F49D11.6, F55B12.2, F56H6.13, F56H6.4, F59D12.3, K06H6.5, K07H8.8, T09E11.3, T15D6.1, T24A6.16, T27C5.12, Y48G1BL.7, Y87G2A.16, ZK1025.2, ZK1025.8, chst-1, vep-2"
GO:0015184,1,ctns-1
GO:0015811,1,ctns-1
GO:0034639,1,ctns-1
GO:0140938,14,"D1053.2, dot-1.2, dot-1.3, dot-1.4, dot-1.5, met-1, set-12, set-13, set-15, set-19, set-20, set-21, set-32, set-6"
GO:1990745,2,"vps-50, vps-51"
GO:0010792,2,"com-1, helq-1"
GO:0004362,2,"gsr-1, trxr-2"
GO:0003884,4,"daao-1, ddo-1, ddo-2, ddo-3"
GO:0005782,13,"C17C3.1, C17C3.3, C37H5.13, D2021.4, F25E2.3, F41E6.5, Y87G2A.2, acox-1.1, daao-1, ddo-1, ddo-2, lonp-2, mlcd-1"
GO:0008445,3,"ddo-1, ddo-2, ddo-3"
GO:0019478,4,"daao-1, ddo-1, ddo-2, ddo-3"
GO:0046416,4,"daao-1, ddo-1, ddo-2, ddo-3"
GO:0047821,3,"ddo-1, ddo-2, ddo-3"
GO:0003974,1,gale-1
GO:0003978,1,gale-1
GO:0033499,3,"Y19D10A.16, ZK1058.3, gale-1"
GO:1900102,1,gale-1
GO:0001514,2,"efsc-1, secs-1"
GO:1903108,3,"C47B2.9, C50F4.12, atfs-1"
GO:0061064,4,"gen-1, ins-39, slx-1, xpf-1"
GO:0004559,4,"C47E12.3, aman-1, aman-2, aman-3"
GO:0004571,7,"C47E12.3, F10C2.5, ZC506.1, mans-1, mans-2, mans-3, mans-4"
GO:1904380,3,"C47E12.3, F10C2.5, ZC506.1"
GO:1904382,3,"C47E12.3, F10C2.5, ZC506.1"
GO:0006796,4,"T24C12.3, ZK1058.3, pdxk-1, pyp-1"
GO:0030943,5,"C47G2.3, F32B4.2, timm-23, tomm-20, tomm-70"
GO:0042721,2,"C47G2.3, R04F11.5"
GO:0003997,7,"acox-1.1, acox-1.2, acox-1.3, acox-1.4, acox-1.5, acox-1.6, acox-3"
GO:0033540,7,"acox-1.1, acox-1.2, acox-1.3, acox-1.4, acox-1.5, acox-1.6, acox-3"
GO:0140942,1,set-6
GO:0140947,2,"met-2, set-6"
GO:0140949,2,"set-26, set-6"
GO:0004556,1,C50B6.7
GO:0043169,3,"C50B6.7, T04A8.7, parn-1"
GO:0003872,2,"pfk-1.1, pfk-1.2"
GO:0005945,2,"pfk-1.1, pfk-1.2"
GO:0061621,2,"pfk-1.1, pfk-1.2"
GO:0070095,2,"pfk-1.1, pfk-1.2"
GO:0061668,1,C50F4.12
GO:0005457,2,"nstp-10, nstp-9"
GO:0036085,2,"nstp-10, nstp-9"
GO:0008768,1,C50F4.16
GO:0016500,1,fshr-1
GO:0044233,3,"C35D10.10, mboa-7, pdzd-8"
GO:0051560,5,"emre-1, mcu-1, micu-1, micu-3, pdzd-8"
GO:1990456,1,pdzd-8
GO:0005464,2,"nstp-1, nstp-2"
GO:0015790,2,"nstp-1, nstp-2"
GO:0060296,1,cfap-20
GO:2000147,1,cfap-20
GO:0060625,7,"F22B8.7, T26E3.6, cand-1, cdr-2, elks-1, mnk-1, sao-1"
GO:0005289,1,slc-25A29
GO:0005292,1,slc-25A29
GO:1903401,2,"laat-1, slc-25A29"
GO:1903826,3,"F23F1.6, laat-1, slc-25A29"
GO:1990575,2,"T10F2.2, slc-25A29"
GO:0072572,5,"C02B8.6, C26B9.6, C55A6.1, JC8.7, Y105E8A.14"
GO:0070740,4,"ttll-11, ttll-4, ttll-5, ttll-9"
GO:0106437,3,"ttll-11, ttll-4, ttll-5"
GO:0006851,5,"emre-1, letm-1, mcu-1, micu-1, micu-3"
GO:0036444,4,"emre-1, mcu-1, micu-1, micu-3"
GO:1990246,4,"emre-1, mcu-1, micu-1, micu-3"
GO:0004430,4,"C56A3.8, ZC8.6, pifk-1A, pifk-1B"
GO:0005960,4,"gcsh-1, gcsh-2, gcst-1, gldc-1"
GO:0019464,3,"gcsh-1, gcsh-2, gldc-1"
GO:0016180,4,"ints-11, ints-4, ints-7, ints-9"
GO:0110104,1,cfim-2
GO:0000095,1,slc-25A26
GO:1990543,1,slc-25A26
GO:0031151,6,"D1053.2, dot-1.1, dot-1.2, dot-1.3, dot-1.4, dot-1.5"
GO:0140956,6,"D1053.2, dot-1.1, dot-1.2, dot-1.3, dot-1.4, dot-1.5"
GO:0004806,6,"B0524.2, D1054.1, atgl-1, dagl-2, hosl-1, lipl-4"
GO:0019433,6,"B0524.2, D1054.1, atgl-1, hosl-1, lipl-4, lipl-5"
GO:0001717,1,secs-1
GO:0098621,1,secs-1
GO:0008186,1,drh-3
GO:0000109,1,csa-1
GO:0031464,2,"M18.6, csa-1"
GO:0004145,1,D2023.4
GO:0008080,13,"C56G2.15, D2023.4, M7.12, M7.8, R05H10.1, R05H10.7, R13D11.4, T10B5.4, W02D7.4, W02D7.5, Y67D2.5, anat-1, nath-10"
GO:0032918,1,D2023.4
GO:0004792,7,"moc-3, mpst-1, mpst-2, mpst-3, mpst-4, mpst-6, mpst-7"
GO:0016784,6,"mpst-1, mpst-2, mpst-3, mpst-4, mpst-6, mpst-7"
GO:0004493,1,mce-1
GO:0046491,1,mce-1
GO:0019787,3,"D2085.7, atg-10, atg-3"
GO:0044804,5,"D2085.7, atg-10, atg-18, atg-3, epg-6"
GO:1905189,1,etc-1
GO:0032484,2,"hgap-2, kbrl-1"
GO:0051056,6,"F53A10.2, chin-1, hgap-1, hgap-2, sipa-1, spv-1"
GO:0000506,2,"piga-1, pigc-1"
GO:0017176,1,piga-1
GO:0004114,6,"pde-1, pde-2, pde-3, pde-4, pde-5, pde-6"
GO:0004115,6,"pde-1, pde-2, pde-3, pde-4, pde-5, pde-6"
GO:0047555,6,"pde-1, pde-2, pde-3, pde-4, pde-5, pde-6"
GO:0141162,6,"pde-1, pde-2, pde-3, pde-4, pde-5, pde-6"
GO:0000154,4,"E02H1.1, Y45F3A.9, nath-10, tfbm-1"
GO:0000179,2,"E02H1.1, tfbm-1"
GO:0052909,1,E02H1.1
GO:1903715,1,eral-1
GO:0006388,6,"E02H1.5, arch-1, clpf-1, rtcb-1, tsen-2, tsen-34"
GO:0072669,4,"E02H1.5, arch-1, rtcb-1, tag-322"
GO:0055087,2,"skih-2, ttc-37"
GO:0070478,1,skih-2
GO:0004802,1,tkt-1
GO:0070072,4,"F02E9.1, F09E5.11, R07E5.19, R07E5.7"
GO:0070221,2,"Y9C9A.16, sqrd-1"
GO:0070224,2,"Y9C9A.16, sqrd-1"
GO:0004360,2,"gfat-1, gfat-2"
GO:0006047,2,"gfat-1, gfat-2"
GO:0046349,3,"gfat-1, gfat-2, pgm-3"
GO:0097367,3,"gfat-1, gfat-2, gpi-1"
GO:0004747,1,F07A11.5
GO:0019303,1,F07A11.5
GO:0090162,2,"F07C6.4, dyf-19"
GO:0036149,7,"acl-11, acl-12, acl-13, acl-14, acl-8, acl-9, bus-18"
GO:0004620,16,"F09B12.3, F09C8.1, F13H8.11, F36A2.9, F37A4.1, R07B7.8, R07B7.9, T19D7.7, T27F6.6, W02B12.1, Y37D8A.2, Y40B10A.9, Y54F10AM.8, Y65B4BR.1, Y73B6BL.37, ipla-1"
GO:0008967,2,"F45E1.4, nanp-1"
GO:0004095,7,"W03F9.4, cpt-1, cpt-2, cpt-3, cpt-4, cpt-5, cpt-6"
GO:0009437,6,"W03F9.4, cpt-1, cpt-3, cpt-4, cpt-5, cpt-6"
GO:0051598,1,pch-2
GO:0006287,3,"pold-1, pole-1, polq-1"
GO:0043625,3,"R04F11.3, pold-1, pold-2"
GO:0045004,2,"pold-1, pole-1"
GO:0097466,2,"F10C2.5, ZC506.1"
GO:1904154,1,F10C2.5
GO:0004642,1,pfas-1
GO:0006164,11,"F38B6.4, T22D1.3, W04G3.5, adsl-1, adss-1, atic-1, gmps-1, paic-1, pfas-1, ppat-1, prps-1"
GO:0006189,6,"F38B6.4, adsl-1, atic-1, paic-1, pfas-1, ppat-1"
GO:0140663,1,nubp-1
GO:0070522,1,ercc-1
GO:0004315,2,"F10G8.9, fasn-1"
GO:0017121,8,"scrm-1, scrm-2, scrm-3, scrm-4, scrm-5, scrm-6, scrm-7, scrm-8"
GO:0031445,2,"athp-2, lex-1"
GO:0035102,1,mig-32
GO:0140852,2,"mig-32, spat-3"
GO:0090141,5,"F11C1.7, mff-1, mff-2, pgam-5, pink-1"
GO:0090314,5,"F11C1.7, ccd-5, mff-1, mff-2, vha-19"
GO:0004348,6,"R08F11.1, gba-1, gba-2, gba-3, gba-4, hpo-13"
GO:0006066,6,"ZK829.7, adh-5, gba-1, gba-2, gba-3, gba-4"
GO:0006680,6,"R08F11.1, gba-1, gba-2, gba-3, gba-4, hpo-13"
GO:0010605,4,"gba-1, gba-2, gba-3, gba-4"
GO:0016241,4,"gba-1, gba-2, gba-3, gba-4"
GO:0051247,4,"gba-1, gba-2, gba-3, gba-4"
GO:0140445,2,"rif-1.1, rif-1.2"
GO:0015917,1,ttr-52
GO:1903561,1,ttr-52
GO:0004866,2,"F13D2.1, tep-1"
GO:0008195,5,"lpin-1, plpp-1.1, plpp-1.2, plpp-1.3, plpr-1"
GO:0110040,2,"ast-1, ztf-2"
GO:0006020,2,"F46F11.1, ttx-7"
GO:0006021,2,"inos-1, ttx-7"
GO:0008934,1,ttx-7
GO:0031403,1,ttx-7
GO:0052834,1,ttx-7
GO:0015658,2,"F13G3.7, Y43C5B.3"
GO:0015803,2,"F13G3.7, Y43C5B.3"
GO:0004573,2,"R03E9.2, mogs-1"
GO:0009311,3,"R03E9.2, gana-1, mogs-1"
GO:0001678,3,"hxk-1, hxk-2, hxk-3"
GO:0004340,3,"hxk-1, hxk-2, hxk-3"
GO:0004396,3,"hxk-1, hxk-2, hxk-3"
GO:0005536,3,"hxk-1, hxk-2, hxk-3"
GO:0008865,3,"hxk-1, hxk-2, hxk-3"
GO:0019158,1,hxk-1
GO:0019318,5,"C01B4.6, Y19D10A.16, hxk-1, hxk-2, hxk-3"
GO:0019637,2,"ZK1058.3, hxk-1"
GO:0032549,3,"rpb-2, rpc-2, rpoa-2"
GO:0017134,1,F14E5.2
GO:0036465,1,git-1
GO:0006661,3,"mboa-7, pisy-1, vacl-14"
GO:0071617,2,"mboa-6, mboa-7"
GO:2000042,1,ubql-1
GO:0005744,8,"F45G2.8, F56B3.11, Y94A7B.11, romo-1, scpl-4, timm-17B.1, timm-17B.2, timm-23"
GO:0003972,1,rtcb-1
GO:0008452,1,rtcb-1
GO:0016886,1,rtcb-1
GO:0170057,1,rtcb-1
GO:0007023,5,"coel-1, tbca-1, tbcc-1, tbcd-1, tbce-1"
GO:0048487,4,"K09E2.2, ift-74, tbca-1, tbcd-1"
GO:0070830,1,tbcd-1
GO:0004937,1,ser-5
GO:0071880,1,ser-5
GO:0016255,5,"gpaa-1, pigk-1, pigs-1, pigt-1, pigu-1"
GO:0042765,5,"gpaa-1, pigk-1, pigs-1, pigt-1, pigu-1"
GO:0000814,3,"vps-22, vps-25, vps-36"
GO:0043596,3,"ctf-4, mcm-10, smrc-1"
GO:0005347,1,F17E5.2
GO:0015866,1,F17E5.2
GO:0015867,2,"F17E5.2, vnut-1"
GO:0008298,2,"F18H3.4, stau-1"
GO:0008655,1,F19B6.1
GO:0003865,3,"ZK1251.3, srdf-2.1, srdf-2.2"
GO:0006702,3,"ZK1251.3, srdf-2.1, srdf-2.2"
GO:0042446,3,"ZK1251.3, srdf-2.1, srdf-2.2"
GO:0047751,3,"ZK1251.3, srdf-2.1, srdf-2.2"
GO:0015247,3,"W03G11.2, cdc-50.B, chat-1"
GO:0045332,10,"T19A6.1, W03G11.2, cdc-50.B, chat-1, tat-1, tat-2, tat-3, tat-4, tat-5, tat-6"
GO:0140331,3,"W03G11.2, cdc-50.B, chat-1"
GO:0099041,1,tbc-1
GO:0015183,3,"K02F3.2, slc-25A18.1, slc-25A18.2"
GO:0015810,3,"K02F3.2, slc-25A18.1, slc-25A18.2"
GO:0043490,3,"K02F3.2, slc-25A18.1, slc-25A18.2"
GO:0070778,3,"K02F3.2, slc-25A18.1, slc-25A18.2"
GO:0070939,1,smgl-1
GO:0140543,2,"prde-1, uad-2"
GO:0004503,6,"tyr-1, tyr-2, tyr-3, tyr-4, tyr-5, tyr-6"
GO:0009154,1,hint-1
GO:0051131,3,"daf-41, lonp-1, pfd-6"
GO:0004610,1,pgm-3
GO:0016868,3,"pgm-1, pgm-2, pgm-3"
GO:0005786,7,"F21D5.7, F25G6.8, F25G6.9, F37F2.2, ZK512.4, srpa-68, srpa-72"
GO:0008312,6,"F21D5.7, F25G6.8, F37F2.2, ZK512.4, srpa-68, srpa-72"
GO:0030942,3,"F21D5.7, F25G6.8, srpa-68"
GO:0048500,5,"F21D5.7, F25G6.8, F37F2.2, ZK512.4, srpa-72"
GO:0015347,7,"F21G4.1, F47E1.2, F47E1.4, F53B1.8, K02G10.5, Y32F6B.1, Y70G10A.3"
GO:0043252,7,"F21G4.1, F47E1.2, F47E1.4, F53B1.8, K02G10.5, Y32F6B.1, Y70G10A.3"
GO:1905289,1,htt-1
GO:0004123,2,"cth-1, cth-2"
GO:0019343,2,"cth-1, cth-2"
GO:0030151,5,"F22B8.7, F53E10.1, F56A11.5, mocs-1, suox-1"
GO:0004142,2,"cept-1, cept-2"
GO:0004307,3,"cept-1, cept-2, ept-1"
GO:0016031,2,"F32B4.2, tomm-20"
GO:0072546,9,"C35D10.1, F25H2.4, Y43F8C.7, emc-1, emc-2, emc-3, emc-5, emc-6, perm-3"
GO:0004550,3,"Y48G8AL.15, dtmk-1, ndk-1"
GO:0004673,1,ndk-1
GO:0006183,2,"T22D1.3, ndk-1"
GO:0006228,1,ndk-1
GO:0006241,2,"ctps-1, ndk-1"
GO:0035621,1,cert-1
GO:0010569,1,rtel-1
GO:0090657,1,rtel-1
GO:1904430,1,rtel-1
GO:0004743,2,"pyk-1, pyk-2"
GO:0030955,2,"pyk-1, pyk-2"
GO:0002939,2,"C53A5.17, trmt-10A"
GO:0052905,1,trmt-10A
GO:0000493,2,"F25H8.2, shq-1"
GO:0004633,1,ppcd-1
GO:0071513,1,ppcd-1
GO:0034553,3,"F25H9.7, W02D3.12, Y57A10A.29"
GO:0000339,3,"larp-1, ncbp-1, ncbp-2"
GO:0005846,2,"ncbp-1, ncbp-2"
GO:0031053,5,"drsh-1, ncbp-1, ncbp-2, pash-1, srrt-1"
GO:0070877,2,"drsh-1, pash-1"
GO:0047066,1,gpx-1
GO:0000309,2,"nmat-1, nmat-2"
GO:0004515,2,"nmat-1, nmat-2"
GO:0009165,6,"W04G3.5, ZK643.2, dtmk-1, nmat-2, prps-1, tyms-1"
GO:0019363,9,"haao-1, kmo-1, kmo-2, kynu-1, nmat-1, nmat-2, nprt-1, pnc-1, pnc-2"
GO:0070566,2,"nmat-1, nmat-2"
GO:0004648,1,F26H9.5
GO:0006563,3,"F26H9.5, Y51H7C.9, serr-1"
GO:0006564,2,"F26H9.5, Y62E10A.13"
GO:0018279,6,"ZK686.3, ostb-1, ribo-1, stt-3, uggt-1, uggt-2"
GO:0016589,2,"Y43F8C.6, nurf-1"
GO:0033539,6,"F54D5.7, acdh-5, acdh-6, acds-10, etfa-1, etfb-1"
GO:0045251,1,etfa-1
GO:0017040,3,"W02F12.2, asah-1, asah-2"
GO:0017064,9,"Y55D5A.3, asah-1, asah-2, faah-1, faah-2, faah-3, faah-4, faah-5, faah-6"
GO:0051267,1,pigg-1
GO:0051377,3,"pigg-1, pign-1, pigo-1"
GO:0008962,1,F28C6.8
GO:2001252,2,"atz-1, nmad-1"
GO:0004467,9,"acs-13, acs-15, acs-17, acs-18, acs-20, acs-22, acs-3, acs-4, acs-5"
GO:0044539,2,"acs-20, acs-22"
GO:0033185,1,dpm-3
GO:0016212,2,"nkat-1, nkat-3"
GO:0032447,4,"moc-3, tut-1, tut-2, urm-1"
GO:0034227,4,"moc-3, tut-1, tut-2, urm-1"
GO:0043812,2,"sac-2, sacm-1L"
GO:0000811,4,"psf-1, psf-2, psf-3, sld-5"
GO:0071162,1,psf-2
GO:0035317,1,F31C3.6
GO:0034473,3,"exos-7, exos-8, exos-9"
GO:0034476,3,"exos-7, exos-8, exos-9"
GO:0008983,1,F31D4.2
GO:0030643,1,F31D4.2
GO:0051998,1,F31D4.2
GO:0097023,1,F31D4.2
GO:0103026,1,F31D4.2
GO:0004485,2,"mccc-1, mccc-2"
GO:0000350,2,"isy-1, prp-18"
GO:0071021,1,prp-18
GO:0033615,2,"F32D8.5, Y116A8C.27"
GO:0004458,1,F32D8.12
GO:0008720,1,F32D8.12
GO:1903457,1,F32D8.12
GO:0004631,1,F32D8.13
GO:0019287,3,"F32D8.13, Y48B6A.13, mvk-1"
GO:0048280,6,"F32D8.14, Y60A3A.19, nbet-1, sec-22, uso-1, vti-1"
GO:0004312,3,"fasn-1, nrps-1, pks-1"
GO:0004313,1,fasn-1
GO:0004316,1,fasn-1
GO:0016297,2,"fasn-1, pks-1"
GO:0019171,1,fasn-1
GO:0031177,3,"fasn-1, nrps-1, pks-1"
GO:0141148,3,"fasn-1, mecr-1, mecr-2"
GO:0008310,1,pole-1
GO:0008622,4,"pole-1, pole-2, pole-3, pole-4"
GO:0031261,1,evl-18
GO:1902977,1,evl-18
GO:0038098,1,F35B12.10
GO:0016971,4,"F35G2.1, F47B7.2, F56C11.3, T10H10.2"
GO:0050080,1,mlcd-1
GO:2001294,1,mlcd-1
GO:0051984,5,"erh-2, pid-3, spt-16, tofu-6, tost-1"
GO:0002943,4,"C45G9.2, F36A2.2, Y37E11B.5, dus-2"
GO:0017150,4,"C45G9.2, F36A2.2, Y37E11B.5, dus-2"
GO:0101006,1,phip-1
GO:0015232,6,"C09D4.1, hrg-1, hrg-3, hrg-4, hrg-5, hrg-6"
GO:0034204,2,"tat-2, tat-5"
GO:0140326,6,"tat-1, tat-2, tat-3, tat-4, tat-5, tat-6"
GO:0045547,2,"F37B12.3, T01G1.4"
GO:1904423,2,"F37B12.3, T01G1.4"
GO:0005785,1,F38A1.8
GO:0030126,8,"Y41C4A.32, copa-1, copb-1, copb-2, copd-1, cope-1, copg-1, copz-1"
GO:0009142,2,"F38E11.6, ZK673.2"
GO:0046899,2,"F38E11.6, ZK673.2"
GO:0060100,2,"piki-1, tat-1"
GO:0003960,1,F39B2.3
GO:0070402,2,"F39B2.3, qdpr-1"
GO:0001401,2,"mtx-1, mtx-2"
GO:0004558,3,"aagr-1, aagr-2, aagr-3"
GO:0005980,5,"aagr-1, aagr-2, aagr-3, agl-1, pygl-1"
GO:0090599,4,"aagr-1, aagr-2, aagr-3, aagr-4"
GO:0031591,1,F40F9.10
GO:0102522,1,F40F9.10
GO:0008131,1,mig-38
GO:0009308,1,mig-38
GO:0061578,2,"cyld-1, otub-4"
GO:0070536,1,cyld-1
GO:0008458,2,"F41E7.6, T20B3.1"
GO:0004838,1,tatn-1
GO:0072320,1,ttyh-1
GO:0006555,4,"F42F12.4, K07E1.1, T01D1.4, mthf-1"
GO:0010308,1,F42F12.4
GO:0010309,3,"F42F12.4, K07E1.1, T01D1.4"
GO:0016151,1,F42F12.4
GO:0006278,16,"C03A7.2, C35E7.2, F16B4.6, F23F1.10, F43D2.3, F55A11.8, R09E10.2, W01C9.2, Y106G6H.13, Y113G7B.12, Y32G9A.2, Y39A1A.2, Y50D4A.5, Y62F5A.12, ZK228.1, eri-3"
GO:0005849,2,"cfim-1, pcf-11"
GO:0035331,2,"magu-4, slmp-1"
GO:0004054,6,"F11G11.13, F32B5.1, F46H5.3, W10C8.5, ZC434.8, argk-1"
GO:0004111,6,"F11G11.13, F32B5.1, F46H5.3, W10C8.5, ZC434.8, argk-1"
GO:0006091,2,"argk-1, ogdh-1"
GO:0046314,6,"F11G11.13, F32B5.1, F46H5.3, W10C8.5, ZC434.8, argk-1"
GO:0042134,2,"F44G4.1, ZK795.3"
GO:0035312,2,"exo-1, mrt-1"
GO:0001510,7,"F45G2.9, henn-1, nsun-1, nsun-2, nsun-4, nsun-5, tgs-1"
GO:0008650,2,"F45G2.9, H06I04.3"
GO:0097361,4,"ciao-1, ciao-2B, mms-19, oxy-4"
GO:1900424,1,hecw-1
GO:0042773,4,"ctc-2, ndua-7, nduo-4, nduo-5"
GO:0070124,1,F46B6.6
GO:0032222,9,"C07A12.18, C15H9.9, C27A2.8, F36H9.7, F46C5.4, K11H12.6, K11H12.7, nssp-70, sssh-1"
GO:1903818,9,"C07A12.18, C15H9.9, C27A2.8, F36H9.7, F46C5.4, K11H12.6, K11H12.7, nssp-70, sssh-1"
GO:0044258,1,ipla-2
GO:0047499,6,"C45B2.6, ipla-1, ipla-2, ipla-3, ipla-6, ipla-7"
GO:0015760,2,"C42C1.19, F47B8.10"
GO:0061513,2,"C42C1.19, F47B8.10"
GO:0006104,2,"suca-1, sucg-1"
GO:0042709,2,"suca-1, sucg-1"
GO:0004397,1,haly-1
GO:0006547,3,"amdh-1, haly-1, uroc-1"
GO:0006548,3,"amdh-1, haly-1, uroc-1"
GO:0019556,3,"amdh-1, haly-1, uroc-1"
GO:0019557,3,"amdh-1, haly-1, uroc-1"
GO:0004368,4,"Y50E8A.6, gpdh-1, gpdh-2, gpdh-3"
GO:0006072,5,"R11F4.1, Y50E8A.6, gpdh-1, gpdh-2, gpdh-3"
GO:0046168,2,"gpdh-1, gpdh-2"
GO:0047952,2,"gpdh-1, gpdh-2"
GO:0141152,2,"gpdh-1, gpdh-2"
GO:0015144,6,"F49C12.6, K07F5.12, R144.6, T19A6.4, W02D3.4, W06A7.4"
GO:0090304,3,"C46G7.1, C46G7.2, F49C12.12"
GO:0033181,2,"vha-16, vha-17"
GO:0061798,2,"F49H6.5, moc-5"
GO:0061799,2,"F49H6.5, moc-5"
GO:0004864,4,"F49E12.8, F55C10.5, ensa-1, szy-2"
GO:0000254,3,"F35C8.5, F49E12.10, drd-1"
GO:0043124,1,kbrl-1
GO:0005452,4,"abts-1, abts-2, abts-3, abts-4"
GO:0006820,4,"abts-1, abts-2, abts-3, abts-4"
GO:0008509,2,"abts-1, abts-4"
GO:0008510,1,abts-1
GO:0015291,2,"abts-1, vnut-1"
GO:0015698,4,"abts-1, abts-2, abts-3, abts-4"
GO:0004615,1,F52B11.2
GO:0006013,4,"F52B11.2, aman-1, aman-2, aman-3"
GO:0009298,4,"C05C8.7, F52B11.2, ZK632.4, tag-335"
GO:0045666,3,"ZK930.2, vab-23, ztf-11"
GO:1903620,1,ztf-11
GO:0099044,2,"strl-1, tag-340"
GO:0140284,3,"hpo-28, strl-1, tag-340"
GO:0070899,1,mtcu-2
GO:0071014,8,"ZK1307.9, ccdc-12, cwf-19L1, cwf-19L2, isy-1, syf-1, syf-2, syf-3"
GO:0071020,1,isy-1
GO:2000634,1,isy-1
GO:0008670,3,"decr-1.1, decr-1.2, decr-1.3"
GO:0004032,11,"C01G5.5, C07D8.6, C56G3.2, F53F1.2, F53F1.3, K07C5.2, Y39G8B.1, Y39G8B.2, ZC443.1, ZK1290.5, exc-15"
GO:0060106,1,cut-2
GO:0003954,4,"nduo-1, nduo-4, ndus-8, nduv-2"
GO:0141014,2,"F54B8.4, dap-1"
GO:0034551,3,"C35D10.5, bcs-1, ddl-3"
GO:0004361,1,F54D5.7
GO:0006568,2,"F54D5.7, kynu-1"
GO:0046949,1,F54D5.7
GO:0001097,1,gtf-2E2
GO:0005673,2,"gtf-2E1, gtf-2E2"
GO:0004854,1,xdh-1
GO:0001680,1,hpo-31
GO:0042325,1,F55C10.5
GO:0010314,4,"F55D12.2, K10B4.3, atg-18, epg-6"
GO:0031588,9,"F46H5.7, aak-1, aak-2, aakb-1, aakb-2, aakg-1, aakg-2, aakg-3, aakg-4"
GO:0008553,1,vha-14
GO:0033176,2,"vha-14, vha-19"
GO:0140576,1,F55H2.5
GO:0000224,1,png-1
GO:0016667,1,png-1
GO:0047134,2,"png-1, txdc-17"
GO:0048671,2,"clec-38, png-1"
GO:0098505,1,pot-2
GO:1904357,2,"pot-1, pot-2"
GO:0060236,1,spat-1
GO:0006362,3,"rpac-19, rpb-5, rpoa-49"
GO:0007259,3,"T12G3.2, sta-1, sta-2"
GO:0061544,1,ric-7
GO:1905386,1,ric-7
GO:0060966,1,wago-4
GO:0043330,1,rde-12
GO:0035658,3,"Y50D4A.4, ccz-1, sand-1"
GO:0004572,2,"aman-2, aman-3"
GO:0043874,1,F58H1.3
GO:0004144,5,"K07B1.4, Y53G8B.2, dgat-2, dgtr-1, mboa-2"
GO:0019432,7,"K07B1.4, Y53G8B.2, acl-6, dgat-2, dgtr-1, lpin-1, mboa-2"
GO:0051731,2,"clpf-1, nol-9"
GO:0051736,1,clpf-1
GO:0000408,4,"F52C12.6, F59A2.5, W03F8.4, Y71H2AM.1"
GO:0070525,3,"F52C12.6, F59A2.5, Y71H2AM.1"
GO:0048193,9,"eas-1, golg-4, golg-5, trpp-10, trpp-3, trpp-5, trpp-6, uso-1, vps-51"
GO:0006044,2,"F59B2.3, T03F6.3"
GO:0006046,2,"F59B2.3, T03F6.3"
GO:0008448,1,F59B2.3
GO:0019262,2,"F59B2.3, T03F6.3"
GO:0106279,1,F59B2.3
GO:0071034,2,"exos-2, exos-3"
GO:0032870,2,"gnrr-1, pcdr-1"
GO:0003841,3,"acl-1, acl-12, acl-2"
GO:0016024,6,"Y71F9B.2, acl-1, acl-12, acl-2, acl-6, cdgs-1"
GO:1903078,4,"F19C7.8, cbd-1, egg-1, egg-2"
GO:0008482,1,suox-1
GO:0043546,1,suox-1
GO:0003747,5,"T23B5.4, erfa-1, erfa-3, mrpl-58, mtrf-1L"
GO:0006415,6,"T23B5.4, abce-1, erfa-1, erfa-3, mrpl-58, mtrf-1L"
GO:0018444,2,"erfa-1, erfa-3"
GO:0050252,1,mboa-2
GO:0016603,1,H27A22.1
GO:1903981,1,atp-1
GO:0002151,1,mcrs-1
GO:0044545,3,"mcrs-1, mys-2, sumv-2"
GO:0071339,3,"Y43F8C.6, Y48A6C.4, mcrs-1"
GO:0030574,7,"K03B8.6, Y50D7A.13, zmp-2, zmp-3, zmp-4, zmp-5, zmp-6"
GO:0007078,1,lpin-1
GO:0009062,14,"C17C3.1, C17C3.3, C37H5.13, D2021.4, F25E2.3, Y87G2A.2, faah-1, faah-2, faah-3, faah-4, faah-5, faah-6, lpin-1, pccb-1"
GO:0032869,1,lpin-1
GO:0051081,2,"cdk-2, lpin-1"
GO:0051783,3,"cnep-1, lpin-1, nepr-1"
GO:0032182,1,dcn-1
GO:0002100,1,JC8.4
GO:0052717,1,JC8.4
GO:0010835,1,JC8.7
GO:0035254,1,magi-1
GO:0018064,2,"metl-18, set-27"
GO:0003941,3,"Y51H7C.9, serr-1, srdh-1"
GO:0004794,1,srdh-1
GO:0006565,2,"Y51H7C.9, srdh-1"
GO:0006567,4,"F08F3.4, R102.4, T25B9.1, srdh-1"
GO:0016841,2,"Y51H7C.9, srdh-1"
GO:0006862,2,"T09F3.2, slc-25A32"
GO:0008517,1,slc-25A32
GO:0015215,1,slc-25A32
GO:0015230,1,slc-25A32
GO:0015884,1,slc-25A32
GO:0035350,1,slc-25A32
GO:1901679,1,slc-25A32
GO:0034247,1,rnf-113
GO:0000495,1,dkc-1
GO:0002926,3,"dph-3, elpc-1, elpc-3"
GO:0003400,2,"sar-1, sec-12"
GO:0072487,1,mys-2
GO:0098742,1,dec-7
GO:2000747,2,"dec-7, rig-6"
GO:0030426,5,"ani-1, cdka-1, chdp-1, rack-1, tiam-1"
GO:2001125,1,rack-1
GO:0140570,1,mspn-1
GO:0001731,6,"C11D2.7, Y47D3A.21, drr-2, eif-2D, eif-2beta, eif-2gamma"
GO:0005850,3,"eif-2alpha, eif-2beta, eif-2gamma"
GO:0042997,1,ath-1
GO:0070772,1,vacl-14
GO:0034455,2,"K05C4.5, toe-1"
GO:0000334,1,haao-1
GO:0019805,3,"haao-1, kmo-1, kynu-1"
GO:0034354,3,"haao-1, kmo-1, kynu-1"
GO:0043420,3,"haao-1, kmo-1, kynu-1"
GO:0046874,1,haao-1
GO:0004170,1,dut-1
GO:0006226,2,"ZK643.2, dut-1"
GO:0009177,1,dut-1
GO:0009221,1,dut-1
GO:0046081,1,dut-1
GO:0004057,1,ate-1
GO:0016598,1,ate-1
GO:0071208,1,K07A1.15
GO:0071209,2,"C49H3.4, K07A1.15"
GO:0071254,1,K07A1.15
GO:1990112,3,"K07A12.1, Y54E10A.11, Y82E9BR.18"
GO:0004301,6,"C45B11.6, W01A11.1, ceeh-1, ceeh-2, ltah-1.1, ltah-1.2"
GO:0035021,1,crml-1
GO:0004325,1,fecl-1
GO:0004167,1,tyr-2
GO:1904703,2,"toca-1, toca-2"
GO:0061003,1,dbn-1
GO:0098974,1,dbn-1
GO:0003983,2,"D1005.2, rml-1"
GO:0006011,2,"D1005.2, rml-1"
GO:0035627,3,"K08E4.2, Y82E9BR.14, tag-296"
GO:1902387,3,"K08E4.2, Y82E9BR.14, tag-296"
GO:1902388,3,"K08E4.2, Y82E9BR.14, tag-296"
GO:1902389,3,"K08E4.2, Y82E9BR.14, tag-296"
GO:0060297,1,mak-1
GO:0046048,2,"ntp-1, uda-1"
GO:0030008,8,"T10F2.5, sedl-1, trpp-1, trpp-12, trpp-3, trpp-4, trpp-5, trpp-6"
GO:0018193,1,K09A9.6
GO:0042264,1,K09A9.6
GO:0062101,1,K09A9.6
GO:0000448,1,nol-9
GO:0045056,1,uso-1
GO:0048211,1,uso-1
GO:0035269,4,"F32D1.3, F38B6.6, dpm-1, lge-1"
GO:0042285,1,lge-1
GO:0052925,1,algn-3
GO:0071025,2,"parn-1, pelo-1"
GO:1990431,1,parn-1
GO:1990432,1,parn-1
GO:0006004,3,"W03G11.3, pad-2, pfut-1"
GO:0036066,2,"pad-2, pfut-1"
GO:0046922,2,"pad-2, pfut-1"
GO:0050017,1,cysl-2
GO:0099078,7,"Y73B6BL.289, blos-2, blos-7, blos-8, blos-9, kxd-1, sam-4"
GO:0006973,1,gpdh-2
GO:0006843,2,"K11H3.3, Y37B11A.3"
GO:0071913,2,"K11H3.3, Y37B11A.3"
GO:0000819,3,"R05D3.12, cin-4, top-2"
GO:0015106,8,"sulp-1, sulp-2, sulp-3, sulp-4, sulp-5, sulp-6, sulp-7, sulp-8"
GO:0015116,9,"slc-25A10, sulp-1, sulp-2, sulp-3, sulp-4, sulp-5, sulp-6, sulp-7, sulp-8"
GO:0019531,8,"sulp-1, sulp-2, sulp-3, sulp-4, sulp-5, sulp-6, sulp-7, sulp-8"
GO:0019532,8,"sulp-1, sulp-2, sulp-3, sulp-4, sulp-5, sulp-6, sulp-7, sulp-8"
GO:1902358,9,"slc-25A10, sulp-1, sulp-2, sulp-3, sulp-4, sulp-5, sulp-6, sulp-7, sulp-8"
GO:0004148,1,dld-1
GO:0006103,3,"dld-1, got-1.2, oxy-5"
GO:0045252,4,"dld-1, dlst-1, ogdh-1, oxy-5"
GO:0009107,1,lias-1
GO:0016992,1,lias-1
GO:0005366,3,"hmit-1.1, hmit-1.2, hmit-1.3"
GO:0015798,3,"hmit-1.1, hmit-1.2, hmit-1.3"
GO:0008525,3,"Y54F10AR.1, Y71G12B.17, pitp-1"
GO:0008526,3,"Y54F10AR.1, Y71G12B.17, pitp-1"
GO:0031210,6,"Y18H1A.11, Y54F10AR.1, Y71G12B.17, esyt-2, pcyt-1, pitp-1"
GO:0034066,2,"M01F1.9, R06F6.8"
GO:0055091,5,"F41H10.5, K12H6.6, M02B1.3, Y48G8AL.13, fld-1"
GO:0071709,5,"F41H10.5, K12H6.6, M02B1.3, Y48G8AL.13, fld-1"
GO:0097035,5,"F41H10.5, K12H6.6, M02B1.3, Y48G8AL.13, fld-1"
GO:0034085,1,chl-1
GO:0000729,1,smrd-1
GO:0097250,3,"F44E7.9, M05D6.5, T20D3.6"
GO:0019778,1,atg-7
GO:0019779,1,atg-7
GO:0004059,8,"M7.12, M7.8, R05H10.1, R05H10.7, R13D11.4, T10B5.4, W02D7.4, W02D7.5"
GO:0090251,1,nphp-1
GO:0006693,2,"M106.3, pges-2"
GO:0047522,1,M106.3
GO:0003921,1,gmps-1
GO:0003922,1,gmps-1
GO:0006177,2,"T22D1.3, gmps-1"
GO:0004622,3,"abhd-12, nte-1, nte-2"
GO:0035613,1,rle-1
GO:0004735,2,"pycr-1, pycr-4"
GO:0055129,4,"alh-13, oatr-1, pycr-1, pycr-4"
GO:0004363,1,gss-1
GO:0016879,1,gss-1
GO:0042398,1,gss-1
GO:0043295,2,"cblc-1, gss-1"
GO:0043604,2,"F53B1.2, gss-1"
GO:0044272,2,"cbs-1, gss-1"
GO:0061617,6,"F54A3.5, W04C9.2, chch-3, immt-1, immt-2, moma-1"
GO:0004129,3,"ctc-1, ctc-2, ctc-3"
GO:0019646,1,ctc-3
GO:0015990,3,"nduf-7, nduo-4, nduo-5"
GO:0034451,1,bbs-5
GO:0016316,1,inpp-4B
GO:0008265,1,mocs-1
GO:0043545,1,mocs-1
GO:0070189,3,"kmo-1, kmo-2, nkat-3"
GO:0008705,1,metr-1
GO:0031419,3,"cblc-1, metr-1, mmcm-1"
GO:0042558,2,"metr-1, qdpr-1"
GO:0071267,1,metr-1
GO:0003939,2,"R04B5.5, R04B5.6"
GO:0006062,2,"R04B5.5, R04B5.6"
GO:1904161,1,R04F11.3
GO:0031087,3,"dcap-1, edc-3, edc-4"
GO:0046475,3,"R05D11.9, gpcp-1, gpcp-2"
GO:0050290,1,R05D11.9
GO:0016125,5,"T24H7.9, arv-1, tat-2, tat-3, tat-4"
GO:0032366,2,"ZC328.3, arv-1"
GO:0032541,2,"arv-1, yop-1"
GO:0097036,1,arv-1
GO:0004134,1,agl-1
GO:0004135,1,agl-1
GO:0004161,1,fdps-1
GO:0004337,1,fdps-1
GO:0006720,1,fdps-1
GO:0045337,1,fdps-1
GO:0004018,1,adsl-1
GO:0044208,2,"adsl-1, adss-1"
GO:0070626,1,adsl-1
GO:0008418,1,R06C7.6
GO:0016811,4,"R04B3.2, R06C7.6, W02F12.2, upb-1"
GO:0070773,1,R06C7.6
GO:0099023,1,vps-11
GO:0032438,1,glo-1
GO:0042470,1,glo-1
GO:0004502,2,"kmo-1, kmo-2"
GO:0019674,3,"kmo-1, nadk-1, nadk-2"
GO:0004557,1,gana-1
GO:0016139,2,"W03G11.3, gana-1"
GO:0071564,1,snfc-5
GO:0006850,2,"mpc-1, mpc-2"
GO:0050833,2,"mpc-1, mpc-2"
GO:0004001,1,adk-1
GO:0006144,4,"R09H10.3, ZK697.8, adk-1, gmpr-1"
GO:0006166,5,"B0228.7, adk-1, aprt-1, hprt-1, pgm-2"
GO:0006169,1,adk-1
GO:0044209,2,"adk-1, aprt-1"
GO:0043175,1,rpap-2
GO:0016279,9,"F29B9.1, M142.8, R08D7.4, Y39A1A.21, etfm-1, met-1, metl-13, set-11, set-12"
GO:0004118,2,"pde-2, pde-5"
GO:0046069,1,pde-2
GO:0004856,1,R08D7.7
GO:0033971,2,"R09H10.3, ZK697.8"
GO:0004577,1,algn-13
GO:0071987,1,sao-1
GO:0000703,1,nth-1
GO:0006285,1,nth-1
GO:0019104,1,nth-1
GO:0034042,1,nth-1
GO:0034043,1,nth-1
GO:0045008,1,nth-1
GO:0140078,1,nth-1
GO:0102158,2,"R10E4.9, hpo-8"
GO:0006771,1,rfk-1
GO:0008531,1,rfk-1
GO:0009231,1,rfk-1
GO:0009398,1,rfk-1
GO:0004611,3,"pck-1, pck-2, pck-3"
GO:0004613,3,"pck-1, pck-2, pck-3"
GO:0017076,3,"pck-1, pck-2, pck-3"
GO:0033993,3,"pck-1, pck-2, pck-3"
GO:0046327,3,"pck-1, pck-2, pck-3"
GO:0071333,3,"pck-1, pck-2, pck-3"
GO:0001516,1,pges-2
GO:0050220,1,pges-2
GO:0044878,1,zfyv-19
GO:0008430,2,"semi-1, semo-1"
GO:0035177,3,"mksr-1, mksr-2, nphp-4"
GO:0003919,1,flad-1
GO:0006747,1,flad-1
GO:0004798,1,dtmk-1
GO:0006227,1,dtmk-1
GO:0006233,1,dtmk-1
GO:0006235,2,"dtmk-1, tyms-1"
GO:1902983,1,psf-1
GO:0032790,2,"Y119D3B.14, pelo-1"
GO:0070481,1,pelo-1
GO:0070651,1,pelo-1
GO:0070966,1,pelo-1
GO:0002128,1,R74.7
GO:0002130,1,R74.7
GO:0106340,1,R74.7
GO:1904047,3,"F52C12.2, R74.7, prmt-1"
GO:0006545,1,R102.4
GO:0008732,1,R102.4
GO:0046496,1,R107.2
GO:0047453,1,R107.2
GO:0110051,1,R107.2
GO:0071819,1,T01C3.2
GO:1902369,1,nrde-2
GO:0070983,1,dma-1
GO:0004711,2,"F28C10.3, rskn-1"
GO:0030378,2,"Y51H7C.9, serr-1"
GO:0070178,2,"Y51H7C.9, serr-1"
GO:0070179,1,serr-1
GO:0003681,3,"snpc-3.1, snpc-3.2, snpc-3.4"
GO:0000127,3,"tftc-1, tftc-3, tftc-5"
GO:0001002,1,tftc-5
GO:0001003,1,tftc-5
GO:0006384,4,"M106.7, rpc-25, tftc-1, tftc-5"
GO:0004969,1,dop-5
GO:0046883,1,sbt-1
GO:0006751,7,"C53D5.5, F22F7.7, H14N18.4, T03D8.6, T19H12.6, Y7A9A.1, Y97E10AR.2"
GO:0036374,6,"C53D5.5, H14N18.4, T03D8.6, T19H12.6, Y7A9A.1, Y97E10AR.2"
GO:0004155,1,qdpr-1
GO:0070404,1,qdpr-1
GO:0004342,1,T03F6.3
GO:0006043,1,T03F6.3
GO:0004044,1,ppat-1
GO:0009113,2,"F38B6.4, ppat-1"
GO:0003844,1,T04A8.7
GO:0044042,1,T04A8.7
GO:0033260,2,"dnsn-1, sel-13"
GO:0033557,2,"him-18, slx-1"
GO:0036297,5,"fan-1, fcd-2, him-18, mrt-1, slx-1"
GO:2000304,2,"C45B2.6, ipla-7"
GO:0004117,1,pde-1
GO:0048101,1,pde-1
GO:0034454,1,noca-2
GO:0004332,2,"aldo-1, aldo-2"
GO:0003923,1,pigk-1
GO:0090313,1,nra-2
GO:0004140,2,"T05G5.5, Y65B4A.8"
GO:0004739,2,"pdha-1, pdhb-1"
GO:0016624,4,"bckd-1A, ogdh-1, ogdh-2, pdha-1"
GO:0047389,2,"gpcp-1, gpcp-2"
GO:2001070,2,"gpcp-1, gpcp-2"
GO:0006679,3,"cgt-1, cgt-2, cgt-3"
GO:0008120,3,"cgt-1, cgt-2, cgt-3"
GO:0006784,2,"cox-10, cox-15"
GO:0016653,1,cox-15
GO:0120547,1,cox-15
GO:0004408,1,cchl-1
GO:2001256,1,T06D8.9
GO:0033186,2,"chaf-1, chaf-2"
GO:0004588,2,"R12E2.11, umps-1"
GO:0004590,2,"R12E2.11, umps-1"
GO:0006222,2,"R12E2.11, umps-1"
GO:0072528,1,umps-1
GO:0008170,6,"anmt-1, anmt-2, anmt-3, pmt-1, pmt-2, set-27"
GO:0004997,2,"npr-20, trhr-1"
GO:1990130,3,"depd-5, nprl-2, nprl-3"
GO:0016602,4,"nfya-1, nfya-2, nfyb-1, nfyc-1"
GO:0034058,4,"rabx-5, vps-39, vps-41, vps-8"
GO:0045053,2,"vps-13A, vps-13D"
GO:0036261,1,tgs-1
GO:0071164,1,tgs-1
GO:0046600,1,sds-22
GO:0006580,4,"T09B9.3, T12B3.3, T22G5.1, ZC155.4"
GO:0008889,4,"T09B9.3, T12B3.3, T22G5.1, ZC155.4"
GO:0070291,7,"T09B9.3, T12B3.3, T22G5.1, Y55D5A.3, ZC155.4, nape-1, nape-2"
GO:0050795,1,cni-1
GO:1902684,1,cni-1
GO:1903743,1,cni-1
GO:2000310,1,cni-1
GO:0015218,1,T09F3.2
GO:1990519,1,T09F3.2
GO:0032418,7,"Y73B6BL.289, blos-2, blos-7, kxd-1, pkhm-2, sam-4, snpn-1"
GO:0016410,2,"F43H9.4, T10B10.4"
GO:0047961,2,"F43H9.4, T10B10.4"
GO:0071006,3,"prp-19, rbm-22, yju-2"
GO:0005501,1,lpr-2
GO:0034632,1,lpr-2
GO:0034633,1,lpr-2
GO:0034057,1,drr-2
GO:0097010,1,drr-2
GO:0016235,6,"gldi-4, sqst-1, sqst-2, sqst-3, sqst-4, sqst-5"
GO:0035973,12,"atg-16.1, atg-16.2, atg-4.1, atg-4.2, atg-5, epg-9, gldi-4, sqst-1, sqst-2, sqst-3, sqst-4, sqst-5"
GO:0044753,6,"gldi-4, sqst-1, sqst-2, sqst-3, sqst-4, sqst-5"
GO:0070530,7,"gldi-4, otub-2, sqst-1, sqst-2, sqst-3, sqst-4, sqst-5"
GO:0001111,1,T13F2.2
GO:0002028,1,gldi-7
GO:0004760,1,agxt-1
GO:0008453,2,"T09B4.8, agxt-1"
GO:0019265,1,agxt-1
GO:0000439,5,"gtf-2H1, gtf-2H2C, gtf-2H3, gtf-2H4, gtf-2H5"
GO:0010043,2,"cdf-2, ttm-1"
GO:1901858,1,T18D3.9
GO:0010867,2,"cnep-1, nepr-1"
GO:0071595,2,"cnep-1, nepr-1"
GO:0004565,2,"bgal-1, bgal-2"
GO:0006689,2,"bgal-1, mlt-8"
GO:0019388,2,"bgal-1, bgal-2"
GO:0042340,1,bgal-1
GO:0050185,1,pgap-1
GO:0035352,1,slc-25A51
GO:0051724,1,slc-25A51
GO:0030130,2,"chc-1, clic-1"
GO:0071439,1,chc-1
GO:1903259,1,T20G5.9
GO:0031082,7,"blos-1, blos-2, blos-4, dsbn-1, glo-2, mutd-1, snpn-1"
GO:0031083,8,"Y73B6BL.289, blos-1, blos-2, blos-4, dsbn-1, glo-2, mutd-1, snpn-1"
GO:1904757,7,"blos-1, blos-2, blos-4, dsbn-1, glo-2, mutd-1, snpn-1"
GO:0001609,5,"F55D10.4, K01A12.3, ador-1, gtr-1, npr-36"
GO:0001973,5,"F55D10.4, K01A12.3, ador-1, gtr-1, npr-36"
GO:0000015,1,enol-1
GO:0004634,1,enol-1
GO:0140945,1,set-17
GO:0031390,2,"ctf-8, dscc-1"
GO:0004415,1,chhy-1
GO:0015929,7,"chhy-1, hex-1, hex-2, hex-3, hex-4, hex-5, oga-1"
GO:0030207,1,chhy-1
GO:0030214,1,chhy-1
GO:0004758,3,"sptl-1, sptl-2, sptl-3"
GO:0017059,2,"sptl-2, sptl-3"
GO:0004349,1,alh-13
GO:0004350,1,alh-13
GO:0016274,4,"prmt-1, prmt-5, prmt-7, prmt-9"
GO:0018216,4,"prmt-1, prmt-5, prmt-7, prmt-9"
GO:0010521,1,T23G7.3
GO:0050355,1,pir-1
GO:0032511,8,"C30B5.2, R12C12.5, T23G11.7, Y74C10AL.2, chmp-7, vps-20, vps-32.1, vps-60"
GO:0035493,2,"T23G11.7, Y34B4A.2"
GO:0000301,1,golg-5
GO:0042327,1,rsf-1
GO:0048545,1,jun-1
GO:0008890,1,T25B9.1
GO:0004616,1,T25B9.9
GO:0019521,1,T25B9.9
GO:0034485,1,inpp-1
GO:0046030,1,inpp-1
GO:0050277,1,shpk-1
GO:0006127,2,"Y50E8A.6, gpdh-3"
GO:0008521,1,T26C5.3
GO:0035348,1,T26C5.3
GO:0006659,3,"mboa-6, pssy-1, pssy-2"
GO:0106245,2,"pssy-1, pssy-2"
GO:0006684,1,T27F6.6
GO:1904108,3,"T28D6.4, mlt-4, nphp-2"
GO:0031116,1,T28D6.6
GO:0160125,1,asic-2
GO:0008897,2,"T04G9.4, T28H10.1"
GO:0019878,3,"T04G9.4, T28H10.1, aass-1"
GO:0004512,1,inos-1
GO:0031515,2,"trm-61A, trmt-6"
GO:0160107,1,trm-61A
GO:0071985,2,"vps-22, vps-25"
GO:2001136,1,rga-1
GO:0015093,1,slc-25A37
GO:0048250,1,slc-25A37
GO:0008176,2,"C04F5.8, metl-1"
GO:0036265,2,"metl-1, wdr-4"
GO:0043527,2,"metl-1, wdr-4"
GO:0106004,3,"C04F5.8, metl-1, wdr-4"
GO:0106143,1,metl-1
GO:0004560,1,W03G11.3
GO:0015928,1,W03G11.3
GO:0048029,2,"clec-49, gpi-1"
GO:0006015,2,"W04G3.5, prps-1"
GO:0045743,1,W05B10.4
GO:0006479,2,"prmt-5, prmt-7"
GO:0003883,1,ctps-1
GO:0044210,1,ctps-1
GO:0097268,1,ctps-1
GO:1900038,1,rhy-1
GO:0015930,1,W07E11.1
GO:0016040,1,W07E11.1
GO:0016638,1,W07E11.1
GO:0016639,2,"W07E11.1, gdh-1"
GO:0019676,1,W07E11.1
GO:0097054,1,W07E11.1
GO:0015203,3,"catp-5, catp-6, catp-7"
GO:1902047,3,"catp-5, catp-6, catp-7"
GO:0031499,2,"gld-4, mtr-4"
GO:0030684,3,"C16A3.6, F10E7.5, W09C5.1"
GO:2001135,1,sac-2
GO:0043041,2,"W09D6.1, nrps-1"
GO:0010795,1,W09D10.4
GO:0034657,3,"gid-2, gid-7, maea-1"
GO:0043249,1,maea-1
GO:0048066,1,W09G3.6
GO:0008254,1,gpap-1
GO:0090730,1,Y6B3B.9
GO:0003854,1,hsd-1
GO:0004769,1,hsd-1
GO:0000246,2,"Y7A5A.1, dhcr-24"
GO:0050614,2,"Y7A5A.1, dhcr-24"
GO:0008253,3,"F25B5.3, Y10G11A.1, ntfc-1"
GO:0004416,1,Y17G7B.3
GO:0019243,1,Y17G7B.3
GO:0008216,1,dhps-1
GO:0034038,1,dhps-1
GO:0003951,2,"nadk-1, nadk-2"
GO:0006741,2,"nadk-1, nadk-2"
GO:0035299,1,ippk-1
GO:0008171,7,"Y17G7B.18, comt-1, comt-2, comt-3, comt-4, comt-5, henn-1"
GO:0008173,10,"T14B4.1, Y17G7B.18, Y45F3A.9, henn-1, metl-6, nsun-1, nsun-2, nsun-4, nsun-5, trm-2A"
GO:0017069,4,"Y17G7B.18, Y39E4B.6, parn-2, rbm-42"
GO:0040031,1,Y17G7B.18
GO:0052856,1,Y18D10A.3
GO:0008190,1,mxt-1
GO:1901190,1,mxt-1
GO:0018549,1,semo-1
GO:0008511,2,"B0303.11, nkcc-1"
GO:0055078,2,"B0303.11, nkcc-1"
GO:0005787,4,"sec-11, spcs-1, spcs-2, spcs-3"
GO:0071786,3,"T19C3.4, lnp-1, npp-25"
GO:1902902,4,"epg-2, epg-3, epg-4, epg-5"
GO:0047988,1,hphd-1
GO:0034497,4,"atg-13, atg-18, atg-9, epg-6"
GO:0007141,1,meic-1
GO:0007144,1,meic-1
GO:0070037,1,emg-1
GO:0018023,1,Y39A1A.21
GO:1905273,1,Y39A1A.21
GO:1905706,1,Y39A1A.21
GO:0000822,1,Y39A1A.22
GO:0016036,1,Y39A1A.22
GO:0004563,5,"hex-1, hex-2, hex-3, hex-4, hex-5"
GO:0005976,3,"hex-2, hex-3, hex-4"
GO:0032428,3,"hex-2, hex-3, hex-4"
GO:0045920,1,pph-5
GO:1901857,1,nol-53
GO:0097193,1,Y39B6A.34
GO:0005674,2,"gtf-2F1, gtf-2F2"
GO:0016591,1,gtf-2F2
GO:0097196,1,sws-1
GO:0003863,1,bckd-1A
GO:0097322,1,Y39E4B.6
GO:0014019,2,"pig-1, sptf-3"
GO:0090149,1,slc-25A46
GO:0004040,6,"faah-1, faah-2, faah-3, faah-4, faah-5, faah-6"
GO:0005853,2,"eef-1B.1, eef-1B.2"
GO:0070042,1,eef-1B.2
GO:0090324,1,etfr-1
GO:1901856,1,etfr-1
GO:0046974,3,"met-2, set-25, set-26"
GO:0140948,1,set-25
GO:0008973,1,pgm-2
GO:0061685,1,dph-7
GO:0097539,1,dyf-19
GO:0006152,3,"Y43F8C.13, gda-1, gda-2"
GO:0008477,1,Y43F8C.13
GO:0016799,2,"F13H8.3, Y43F8C.13"
GO:0047622,1,Y43F8C.13
GO:0047724,1,Y43F8C.13
GO:1990845,1,acdh-11
GO:0016435,3,"C27F2.4, H06I04.3, Y45F3A.9"
GO:0019441,4,"afmd-1, afmd-2, kynu-1, tdo-2"
GO:0004756,1,seld-1
GO:0016260,1,seld-1
GO:0034388,4,"B0280.9, F13H8.2, F55F8.3, Y45F10D.7"
GO:0051659,1,sorb-1
GO:0008495,1,cox-10
GO:0000388,1,snrp-200
GO:0003881,1,pisy-1
GO:0043488,3,"sut-2, tiar-1, tiar-2"
GO:0004766,1,spds-1
GO:0006595,1,spds-1
GO:0016287,1,acl-7
GO:0003834,3,"F49E10.2, bcmo-1, bcmo-2"
GO:0010436,3,"F49E10.2, bcmo-1, bcmo-2"
GO:0016121,3,"F49E10.2, bcmo-1, bcmo-2"
GO:0016702,5,"F49E10.2, Y50D4C.6, bcmo-1, bcmo-2, cdo-1"
GO:0042574,3,"F49E10.2, bcmo-1, bcmo-2"
GO:0009967,1,Y46G5A.29
GO:0048592,1,Y46G5A.29
GO:0051241,1,Y46G5A.29
GO:0034513,2,"Y48A6B.3, garr-1"
GO:0047974,2,"gda-1, gda-2"
GO:0032454,2,"jmjd-1.2, jmjd-2"
GO:0140680,3,"jhdm-1, jmjc-1, jmjd-2"
GO:0140681,1,jmjd-2
GO:0140684,1,jmjd-2
GO:0004470,1,men-1
GO:0004473,1,men-1
GO:0004163,1,Y48B6A.13
GO:0160148,1,Y48C3A.20
GO:0043014,5,"ccep-97, coel-1, ddl-2, efhc-1, tbce-1"
GO:0001164,2,"F23H11.2, Y48E1B.3"
GO:0001188,3,"F23H11.2, Y48E1B.3, rpoa-49"
GO:0001650,1,Y48E1B.3
GO:0004662,2,"Y48E1B.3, fnta-1"
GO:0031297,5,"F35H10.5, Y48E1C.1, smrc-1, tipn-1, trul-1"
GO:0071821,2,"F35H10.5, Y48E1C.1"
GO:0030735,1,Y48E1C.2
GO:0035498,1,Y48E1C.2
GO:0018738,1,Y48G10A.1
GO:0046294,2,"Y48G10A.1, adh-5"
GO:0106050,1,Y49A3A.3
GO:0060285,1,efhc-1
GO:0090556,1,tat-1
GO:0099518,1,cccp-1
GO:0032053,1,grdn-1
GO:1903566,1,grdn-1
GO:1905349,1,grdn-1
GO:0016153,1,uroc-1
GO:0035037,1,spe-38
GO:0140469,2,"gcn-2, impt-1"
GO:1990611,1,impt-1
GO:0004128,3,"T05H4.4, Y52B11A.3, hpo-19"
GO:0000225,1,pigl-1
GO:0050207,1,tmem-189
GO:0000472,3,"F57B10.8, Y53C12B.1, ZK792.5"
GO:0000480,3,"F57B10.8, Y53C12B.1, ZK792.5"
GO:0097527,1,Y53F4B.1
GO:0009383,3,"nsun-1, nsun-4, nsun-5"
GO:1900035,2,"nsun-1, nsun-5"
GO:0015171,4,"B0454.6, C50D2.2, F23F1.6, Y53F4B.12"
GO:0004483,2,"cmtr-1, cmtr-2"
GO:0140313,1,smg-9
GO:0042284,2,"F33D4.4, ttm-5"
GO:0102772,1,ttm-5
GO:0033597,1,bub-3
GO:0046602,1,efa-6
GO:1905897,2,"Y56A3A.2, manf-1"
GO:0000213,2,"tsen-2, tsen-34"
GO:0000214,2,"tsen-2, tsen-54"
GO:0000379,2,"tsen-2, tsen-54"
GO:0047372,5,"F37A4.1, abhd-12, abhd-3.1, abhd-3.2, faah-4"
GO:0000035,2,"ndab-1, ndab-2"
GO:0000036,2,"ndab-1, ndab-2"
GO:0004844,1,ung-1
GO:0097510,1,ung-1
GO:0005760,1,polg-1
GO:0006264,3,"C27H6.9, polg-1, twnk-1"
GO:1990070,1,trpp-5
GO:1990071,2,"trpp-10, trpp-5"
GO:1990072,3,"C56C10.7, trpp-5, trpp-8"
GO:0071797,1,Y57A10A.31
GO:0097039,1,Y57A10A.31
GO:0002495,2,"marc-4, marc-5"
GO:0042287,2,"marc-4, marc-5"
GO:0033814,1,daf-22
GO:0017057,1,Y57G11C.3
GO:0097355,1,melo-1
GO:0005048,1,sec-61.A
GO:0002092,1,Y57G11C.22
GO:0097062,1,Y57G11C.22
GO:0002178,1,Y57G11C.33
GO:0006769,2,"pnc-1, pnc-2"
GO:0008936,2,"pnc-1, pnc-2"
GO:0005483,3,"Y59A8B.25, Y59A8B.8, snap-1"
GO:0008126,2,"abhd-3.1, abhd-3.2"
GO:0051792,2,"abhd-3.1, abhd-3.2"
GO:0051793,5,"abhd-3.1, abhd-3.2, acdh-10, acdh-7, acdh-8"
GO:0003975,1,algn-7
GO:0004324,1,Y62E10A.6
GO:0036424,1,Y62E10A.13
GO:0070260,1,tdpt-1
GO:0030368,2,"ilcr-1, ilcr-2"
GO:0097400,2,"ilcr-1, ilcr-2"
GO:0000171,1,popl-5
GO:0004526,2,"Y62E10A.24, popl-5"
GO:0005655,5,"H35B03.2, Y37E11B.6, Y62E10A.24, popl-1, popl-5"
GO:0016884,3,"C39B5.6, Y41D4A.6, Y66D12A.7"
GO:0030956,3,"C39B5.6, Y41D4A.6, Y66D12A.7"
GO:0050567,3,"C39B5.6, Y41D4A.6, Y66D12A.7"
GO:0070681,3,"C39B5.6, Y41D4A.6, Y66D12A.7"
GO:0008537,1,psme-3
GO:0044550,2,"nrps-1, pks-1"
GO:0000112,1,xpb-1
GO:0034067,3,"T03F1.12, Y54E10BR.2, paqr-3"
GO:0032874,1,Y67H2A.2
GO:0051561,1,micu-1
GO:0140647,1,fdx-2
GO:0006625,1,lonp-2
GO:0034457,3,"C48B6.2, Y75B8A.7, ZK795.3"
GO:2000252,2,"lury-1, npr-22"
GO:0008156,1,gmn-1
GO:0009235,3,"cblc-1, mmab-1, mmad-1"
GO:0051246,1,gcn-2
GO:0019786,2,"atg-4.1, atg-4.2"
GO:0004347,1,gpi-1
GO:0000813,6,"CD4.11, mvb-12, spe-48, tsg-101, vps-28, vps-37"
GO:0032801,4,"mvb-12, tsg-101, vps-28, vps-37"
GO:0010265,1,cand-1
GO:0038039,4,"daf-37, daf-38, gbb-1, gbb-2"
GO:0043949,2,"daf-37, daf-38"
GO:1904066,2,"daf-37, daf-38"
GO:1904257,1,slc-30A5
GO:0030576,1,tcab-1
GO:0008422,4,"R08F11.1, hpo-13, klo-1, klo-2"
GO:0001018,1,rpom-1
GO:0006390,2,"atfs-1, rpom-1"
GO:0034245,1,rpom-1
GO:0150105,1,zoo-1
GO:0004422,1,hprt-1
GO:0006178,1,hprt-1
GO:0032263,1,hprt-1
GO:0032264,2,"ampd-1, hprt-1"
GO:0046100,1,hprt-1
GO:0004566,1,Y105E8B.9
GO:0016240,1,epg-8
GO:0035014,1,epg-8
GO:0035032,1,epg-8
GO:0097629,1,epg-8
GO:0097632,1,epg-8
GO:0009396,2,"F25B5.6, Y106G6E.4"
GO:0030272,1,Y106G6E.4
GO:0006110,4,"aakg-1, aakg-2, aakg-3, aakg-4"
GO:0042149,7,"aak-1, aak-2, aakg-1, aakg-2, aakg-3, aakg-4, rrp-8"
GO:0043609,4,"aakg-1, aakg-2, aakg-3, aakg-4"
GO:0045722,4,"aakg-1, aakg-2, aakg-3, aakg-4"
GO:0006478,2,"tpst-1, tpst-2"
GO:0008476,2,"tpst-1, tpst-2"
GO:0032963,1,tpst-1
GO:0033588,5,"W09B6.4, elpc-1, elpc-2, elpc-3, elpc-4"
GO:0005460,1,hut-1
GO:0015786,2,"Y47G6A.7, hut-1"
GO:0004062,1,ssu-1
GO:0051923,1,ssu-1
GO:0000079,4,"F09G2.2, F25B5.5, cdkr-3, cyy-1"
GO:0032091,1,prmt-1
GO:0035241,2,"prmt-1, prmt-5"
GO:0035242,1,prmt-1
GO:0140939,1,prmt-1
GO:0140940,2,"prmt-1, prmt-5"
GO:0102193,1,Y116A8C.25
GO:0043461,1,Y116A8C.27
GO:0045131,1,sfa-1
GO:0004122,2,"cbs-1, cbs-2"
GO:0046570,1,ZC373.5
GO:0034246,2,"atfs-1, tfbm-1"
GO:0009003,1,mppb-1
GO:0017087,2,"mppa-1, mppb-1"
GO:0032545,2,"ZC434.4, nol-6"
GO:0034456,2,"ZC434.4, nol-6"
GO:0008535,2,"coa-6, sco-1"
GO:0016525,1,kri-1
GO:0016814,1,ZK287.1
GO:0045900,1,ZK512.4
GO:0070973,3,"Y54G2A.18, sec-16A.1, sec-16A.2"
GO:0043168,2,"F41E6.5, ZK524.4"
GO:0048244,3,"F42G2.7, ZK550.6, phyh-1"
GO:0070733,1,fic-1
GO:0004476,2,"C05C8.7, ZK632.4"
GO:0010606,1,panl-3
GO:0031251,2,"panl-2, panl-3"
GO:0032024,1,asna-1
GO:0043529,2,"asna-1, wrb-1"
GO:0071722,1,asna-1
GO:0071816,2,"asna-1, wrb-1"
GO:0004788,1,tpk-1
GO:0006772,1,tpk-1
GO:0009229,1,tpk-1
GO:0030975,1,tpk-1
GO:0042723,1,tpk-1
GO:0004132,1,ZK643.2
GO:0006231,2,"ZK643.2, tyms-1"
GO:0045986,1,spv-1
GO:0051058,2,"rga-8, spv-1"
GO:0150106,1,spv-1
GO:1905871,1,spv-1
GO:0043754,1,dbt-1
GO:0017125,1,rev-1
GO:0042276,5,"pole-2, polh-1, polk-1, rev-1, rev-3"
GO:0070987,2,"rev-1, tag-307"
GO:0016188,1,dhhc-4
GO:0047326,1,ipmk-1
GO:0051765,1,ipmk-1
GO:0004352,1,gdh-1
GO:0004353,1,gdh-1
GO:0006538,1,gdh-1
GO:0008106,1,ZK829.7
GO:0004591,2,"ogdh-1, ogdh-2"
GO:0160166,1,ogdh-2
GO:0043634,1,gld-4
GO:0106261,1,elpc-3
GO:0034477,1,usip-1
GO:0008111,2,"C24A3.4, ZK892.4"
GO:0008206,2,"C24A3.4, ZK892.4"
GO:0008893,1,ZK909.3
GO:0071561,1,vps-15
GO:0046316,2,"F26D11.1, ZK938.3"
GO:0009368,1,clpp-1
GO:0006892,2,"ZK970.8, rpi-2"
GO:0070131,3,"ZK1010.2, trmt-10C.1, trmt-10C.2"
GO:0004494,1,mmcm-1
GO:0016866,1,mmcm-1
GO:0019678,1,mmcm-1
GO:0008108,1,ZK1058.3
GO:0030867,3,"ccdc-47, maco-1, pifk-1B"
GO:0000257,1,nit-1
GO:0033106,1,trpp-3
GO:0035243,2,"nuaf-7, prmt-5"
GO:0001734,1,mett-10
GO:0048025,1,mett-10
GO:0052907,1,mett-10
GO:0120048,1,mett-10
GO:0070739,1,ttll-4
GO:0017177,1,ZK1307.8
GO:0003986,2,"ZK1320.9, acer-1"
GO:0006083,2,"ZK1320.9, acer-1"
GO:0008775,2,"ZK1320.9, acer-1"
GO:0003874,1,ptps-1
GO:0042559,1,ptps-1
GO:0031071,1,nfs-1
GO:0099128,1,nfs-1
GO:0031533,1,B0205.8
GO:0004031,1,gad-3
GO:0009116,4,"B0228.7, H14E04.2, pnp-1, upp-1"
GO:0017061,1,B0228.7
GO:0017196,2,"natc-1, natc-2"
GO:0031417,2,"natc-1, natc-2"
GO:0001156,1,vep-1
GO:0070898,1,vep-1
GO:0004661,1,ggtb-1
GO:0004663,2,"M57.2, ggtb-1"
GO:0005968,3,"M57.2, ggtb-1, rep-1"
GO:0018344,2,"ggtb-1, rep-1"
GO:0004751,1,rpia-1
GO:0006014,1,rpia-1
GO:0009052,3,"F08F8.7, rpia-1, tald-1"
GO:0098595,1,cpg-2
GO:0061730,1,pot-1
GO:0004638,1,paic-1
GO:0004639,1,paic-1
GO:0008112,1,anmt-1
GO:0003988,1,hadb-1
GO:0099140,1,abi-1
GO:0004609,1,psd-1
GO:0140042,3,"fitm-2, psd-1, seip-1"
GO:0004377,1,algn-11
GO:0006903,1,ykt-6
GO:1903895,1,pdi-6
GO:0001736,2,"cdh-1, vang-1"
GO:0019172,2,"djr-1.1, djr-1.2"
GO:0019249,2,"djr-1.1, djr-1.2"
GO:0036471,2,"djr-1.1, djr-1.2"
GO:0046295,2,"djr-1.1, djr-1.2"
GO:0061727,2,"djr-1.1, djr-1.2"
GO:0097238,2,"djr-1.1, djr-1.2"
GO:1902176,2,"djr-1.1, djr-1.2"
GO:1903189,2,"djr-1.1, djr-1.2"
GO:0090734,1,trul-1
GO:0022600,1,valv-1
GO:0045980,1,mai-2
GO:0050776,1,otub-4
GO:1904515,1,otub-4
GO:0000958,1,pnpt-1
GO:0004654,1,pnpt-1
GO:0001096,1,gtf-2F1
GO:0008460,3,"C32D5.12, bus-5, rml-4"
GO:0051964,2,"cyy-1, ddi-1"
GO:0004528,1,fan-1
GO:0070336,1,fan-1
GO:0008470,2,"acdh-6, ivd-1"
GO:0016937,3,"acdh-1, acdh-3, ivd-1"
GO:0140616,1,sup-18
GO:0090486,1,henn-1
GO:0035882,1,fbxl-1
GO:0090328,2,"eol-1, snet-1"
GO:0000104,1,sdha-1
GO:0010470,1,pac-1
GO:0010669,1,C04G6.4
GO:0048512,1,hpo-9
GO:0008903,1,C05D11.5
GO:0046487,1,C05D11.5
GO:0071782,2,"T19C3.4, lnp-1"
GO:0071788,1,lnp-1
GO:0098826,1,lnp-1
GO:1903373,1,lnp-1
GO:1904122,2,"nhr-76, ser-6"
GO:0034474,1,ints-1
GO:0019075,1,mvb-12
GO:0032510,3,"mvb-12, sand-1, tsg-101"
GO:0046755,1,mvb-12
GO:0004489,1,mthf-1
GO:0106313,1,mthf-1
GO:0010696,4,"knl-3, rod-1, spdl-1, zwl-1"
GO:1902423,2,"rod-1, spdl-1"
GO:1905824,1,spdl-1
GO:0006154,2,"adah-1, adal-1"
GO:0043103,1,adah-1
GO:0046103,2,"adah-1, adal-1"
GO:0060169,1,adah-1
GO:0044818,1,nabp-1
GO:0070876,1,nabp-1
GO:0032088,1,ufl-1
GO:0061666,1,ufl-1
GO:1905761,1,C07D10.1
GO:0031117,2,"cls-1, spas-1"
GO:0043063,1,cyk-7
GO:0090543,1,cyk-7
GO:0097037,1,C09D4.1
GO:0015375,1,C09E8.1
GO:0002115,2,"orai-1, stim-1"
GO:0080048,1,mcp-1
GO:1990923,1,egal-1
GO:0008887,1,C13B9.2
GO:0051645,1,copd-1
GO:0004948,1,pdfr-1
GO:0097642,1,pdfr-1
GO:0098771,1,pdfr-1
GO:0005964,3,"phka-1, phkb-1, phkg-1"
GO:0097345,2,"dct-1, miro-1"
GO:0004069,3,"got-1.2, got-2.1, got-2.2"
GO:0006533,3,"ddo-2, got-2.1, got-2.2"
GO:0008830,1,rml-3
GO:0016854,1,rml-3
GO:0008115,2,"C15B12.1, C15B12.8"
GO:0033514,2,"C15B12.1, C15B12.8"
GO:0050031,2,"C15B12.1, C15B12.8"
GO:0045110,2,"F35A5.1, bbln-1"
GO:0120219,1,bbln-1
GO:0030429,1,kynu-1
GO:0072521,1,kynu-1
GO:0097053,1,kynu-1
GO:0036310,1,smrc-1
GO:0004587,1,oatr-1
GO:0010121,1,oatr-1
GO:0019544,1,oatr-1
GO:0006449,1,C17G10.1
GO:0010970,2,"dyci-1, wdr-60"
GO:0009007,1,damt-1
GO:0007493,1,elt-7
GO:0016300,1,C23G10.7
GO:0141101,1,C23G10.7
GO:0001578,2,"spas-1, tppp-1"
GO:0021955,1,spas-1
GO:0004045,3,"C24G6.8, Y94H6A.12, mrpl-58"
GO:0002058,1,dpyd-1
GO:0006212,3,"dpyd-1, upb-1, upp-1"
GO:0006214,1,dpyd-1
GO:0017113,1,dpyd-1
GO:0019483,1,dpyd-1
GO:0042985,1,itm-2
GO:0160215,2,"C25H3.14, C25H3.3"
GO:0008817,1,mmab-1
GO:0070476,1,C27F2.4
GO:0002102,1,pxl-1
GO:0017166,1,pxl-1
GO:0004833,1,tdo-2
GO:0019442,1,tdo-2
GO:0061687,1,gsto-1
GO:0004336,1,C29E4.10
GO:0006683,1,C29E4.10
GO:1904067,1,daf-37
GO:0140941,1,set-4
GO:0032273,1,tppp-1
GO:0071596,2,"F10G7.10, ubr-1"
GO:2000212,1,ubr-1
GO:0042853,1,C32F10.8
GO:0008276,4,"homt-1, mtq-2, set-27, vkmt-1"
GO:0035657,1,mtq-2
GO:0036009,1,mtq-2
GO:0043273,1,ntp-1
GO:0046039,1,ntp-1
GO:0004605,2,"Y71F9B.2, cdgs-1"
GO:0070407,1,lonp-1
GO:1902412,1,maph-9
GO:0035246,1,prmt-5
GO:0044020,1,prmt-5
GO:0003876,1,ampd-1
GO:0006188,1,ampd-1
GO:0140912,1,hpo-27
GO:0170064,1,hpo-27
GO:0045494,5,"C35B1.5, F29B9.5, T20D4.7, trx-5, unc-132"
GO:1904736,1,etfm-1
GO:0071074,1,C37C3.2
GO:0004019,1,adss-1
GO:0046040,1,adss-1
GO:0004306,2,"pcyt-2.1, pcyt-2.2"
GO:0061138,1,C39F7.5
GO:0004741,2,"pdp-1, ppm-1.H"
GO:0004475,1,tag-335
GO:0015234,1,hpo-12
GO:0030974,1,hpo-12
GO:0008821,4,"eme-1, gen-1, mus-81, slx-1"
GO:0048257,3,"eme-1, mus-81, slx-1"
GO:0048476,2,"eme-1, mus-81"
GO:0042255,1,C43E11.9
GO:0019395,1,paqr-1
GO:0033211,2,"paqr-1, paqr-2"
GO:0046321,2,"paqr-1, paqr-2"
GO:0034452,1,bicd-1
GO:0072393,1,bicd-1
GO:2000812,1,mtpn-1
GO:0000994,1,mafr-1
GO:0070682,1,psmd-9
GO:1904669,1,clhm-1
GO:0003839,1,C44B7.7
GO:0062154,1,adal-1
GO:0070492,2,"chil-10, chil-14"
GO:0031906,3,"ilys-3, sorf-1, sorf-2"
GO:0034777,1,ilys-3
GO:0004771,1,hosl-1
GO:0035336,3,"acs-17, acs-4, fard-1"
GO:0051496,2,"fhod-1, lim-8"
GO:0001099,1,C49H3.3
GO:0097484,1,C49H3.3
GO:0005683,1,C49H3.4
GO:0098958,1,arp-11
GO:0043843,1,C50D2.7
GO:0000349,2,"syf-1, yju-2"
GO:0004952,2,"dop-3, dop-4"
GO:0032555,1,drn-1
GO:0035639,1,drn-1
GO:0019310,1,C54E4.5
GO:0050113,1,C54E4.5
GO:0051684,1,C54G6.2
GO:0004370,2,"C55B6.1, R11F4.1"
GO:0006071,4,"C55B6.1, K07B1.4, R11F4.1, W02H5.8"
GO:0046167,2,"C55B6.1, R11F4.1"
GO:0019212,1,uri-1
GO:2001243,1,uri-1
GO:2000177,1,scrt-1
GO:0003937,1,atic-1
GO:0004643,1,atic-1
GO:0017156,1,C56C10.9
GO:0033344,1,abch-1
GO:0043190,1,abch-1
GO:0120020,1,abch-1
GO:0097745,2,"trmt-10C.1, trmt-10C.2"
GO:0008064,2,"C56G2.15, Y57G11C.1147"
GO:1905502,1,C56G2.15
GO:0000164,2,"CC8.2, H18N23.2"
GO:0005979,2,"CC8.2, H18N23.2"
GO:2001069,2,"CC8.2, H18N23.2"
GO:1905944,1,cebp-1
GO:0005662,6,"D1007.8, R03H10.6, R03H10.7, rpa-1, rpa-2, rpa-4"
GO:0015444,1,D1007.15
GO:0160176,1,D1007.15
GO:0003711,1,eaf-1
GO:0032783,1,eaf-1
GO:1902749,1,nekl-4
GO:1990316,3,"atg-13, epg-7, epg-9"
GO:0030289,2,"ppfr-2, smk-1"
GO:0035226,1,gclm-1
GO:1990609,1,gclm-1
GO:0017178,1,dph-6
GO:0044594,1,maoc-1
GO:0017099,1,acdh-12
GO:0040016,1,tofu-6
GO:0035608,1,ccpp-6
GO:0031398,3,"dss-1, fbxl-4, pink-1"
GO:0033925,1,eng-1
GO:0048205,1,rfgp-2
GO:0060320,3,"K07D4.5, lmd-4, lmd-5"
GO:0030627,2,"prp-39, snrp-3"
GO:0004105,2,"Y18H1A.11, pcyt-1"
GO:0004366,1,acl-6
GO:0006650,1,acl-6
GO:0008743,1,F08F3.4
GO:0004420,1,hmgr-1
GO:0015936,1,hmgr-1
GO:0004750,1,F08F8.7
GO:0016857,1,F08F8.7
GO:0048219,1,gos-28
GO:0000033,2,"algn-2, bus-8B"
GO:0004378,2,"algn-2, bus-8B"
GO:0102704,2,"algn-2, bus-8B"
GO:0004139,1,F09E5.3
GO:0009264,2,"F09E5.3, sahd-1"
GO:0016052,1,F09E5.3
GO:0046386,1,F09E5.3
GO:0051601,1,sec-6
GO:0042816,2,"F09E5.8, F57B9.1"
GO:0030549,1,molo-1
GO:0003860,1,hach-1
GO:0032451,2,"cblc-1, nmad-1"
GO:0070988,2,"cblc-1, nmad-1"
GO:0141131,1,nmad-1
GO:0097733,1,F09G8.5
GO:0015038,2,"F10D7.3, glrx-10"
GO:0060213,2,"F10E9.4, rpb-7"
GO:0038062,1,ddr-2
GO:0038063,1,ddr-2
GO:0003837,1,upb-1
GO:0033396,1,upb-1
GO:0016782,1,scly-1
GO:0061098,1,soc-3
GO:0051262,1,cst-1
GO:0033229,1,mfsd-12
GO:1903712,1,mfsd-12
GO:0061632,1,cwf-19L1
GO:0003009,1,F19C7.8
GO:0000481,1,snu-66
GO:1990423,3,"czw-1, rod-1, zwl-1"
GO:0001738,1,exc-9
GO:0160041,1,ins-39
GO:0004598,2,"pamn-1, pgal-1"
GO:0004671,2,"M01E11.1, icmt-1"
GO:0006481,2,"M01E11.1, icmt-1"
GO:0070828,2,"met-2, rbbp-5"
GO:0008240,1,tpp-2
GO:0035642,1,F22B7.9
GO:0009247,3,"F22F7.2, Y50D4B.2, ldp-1"
GO:0061928,1,F22F7.7
GO:0031397,1,ubxn-1
GO:0036435,4,"Y55F3AM.9, ubxn-1, ubxn-2, ubxn-3"
GO:1903094,1,ubxn-1
GO:0044770,1,tipn-1
GO:0061015,1,F23F1.5
GO:0061459,2,"F23F1.6, laat-1"
GO:0005668,1,F23H11.2
GO:0070860,1,F23H11.2
GO:0008444,2,"crls-1, pgs-1"
GO:0032049,3,"Y71F9B.2, crls-1, pgs-1"
GO:0043337,1,crls-1
GO:0004047,1,gcst-1
GO:0006546,2,"gcst-1, gldc-1"
GO:0008592,1,peli-1
GO:0004421,1,hmgs-1
GO:0006084,1,hmgs-1
GO:0010142,1,hmgs-1
GO:0035596,2,"F25B5.5, Y92H12BL.4"
GO:0035597,1,F25B5.5
GO:0035600,2,"F25B5.5, Y92H12BL.1"
GO:0070900,1,F25B5.5
GO:0004326,1,F25B5.6
GO:0016881,1,F25B5.6
GO:0046901,1,F25B5.6
GO:0071818,2,"ZK688.5, cee-1"
GO:0004658,2,"pcca-1, pccb-1"
GO:0005415,2,"slc-28.1, slc-28.2"
GO:0040036,1,vrk-1
GO:0032034,1,lim-8
GO:0051893,1,lim-8
GO:0031718,1,F29A7.4
GO:0002144,1,tut-1
GO:0070461,1,ada-2
GO:1904715,3,"ctsa-3.1, ctsa-4.1, ctsa-4.2"
GO:0004169,2,"F32D1.3, F38B6.6"
GO:0003920,1,gmpr-1
GO:0006163,2,"gmpr-1, guk-1"
GO:1902560,1,gmpr-1
GO:0140006,1,cec-4
GO:0036038,5,"mks-1, mks-3, mksr-1, mksr-2, tmem-107"
GO:0043240,1,F35H10.5
GO:1990113,2,"F35H10.6, pfd-5"
GO:1990114,2,"F35H10.6, pfd-5"
GO:1990115,2,"F35H10.6, pfd-5"
GO:0032007,1,nprl-3
GO:0006403,1,tbc-11
GO:0006660,2,"F37A4.1, abhd-12"
GO:0052651,2,"F37A4.1, abhd-12"
GO:0006617,1,F37F2.2
GO:0071567,1,odr-8
GO:0004637,1,F38B6.4
GO:0004641,1,F38B6.4
GO:0004644,1,F38B6.4
GO:0046084,1,F38B6.4
GO:0072522,1,F38B6.4
GO:2000779,1,smk-1
GO:0003973,1,F41E6.5
GO:0032553,1,F41E6.5
GO:0002162,1,agr-1
GO:0098998,1,F41H10.4
GO:0099152,1,F41H10.4
GO:0099158,1,F41H10.4
GO:0042292,1,moc-3
GO:0061604,1,moc-3
GO:0061605,1,moc-3
GO:0019369,2,"dagl-2, ipla-6"
GO:0046340,1,dagl-2
GO:0008113,1,msra-1
GO:0033744,1,msra-1
GO:0036456,1,msra-1
GO:0030091,1,F44E2.6
GO:0033743,1,F44E2.6
GO:0098814,1,cla-1
GO:0015136,1,cima-1
GO:0015739,1,cima-1
GO:0044091,1,cnep-1
GO:0071763,1,cnep-1
GO:0002953,1,F45F2.9
GO:0070198,1,F45F2.10
GO:1904355,1,F45F2.10
GO:0016615,1,mdh-1
GO:0000827,1,F46F11.1
GO:0000829,1,F46F11.1
GO:0000832,1,F46F11.1
GO:0033857,1,F46F11.1
GO:0052723,1,F46F11.1
GO:0048732,1,clec-78
GO:1902894,1,lin-42
GO:0045475,2,"pdf-1, pdf-2"
GO:0016156,1,F48E8.3
GO:1990074,1,disl-2
GO:0035694,1,F49E10.4
GO:0035695,1,F49E10.4
GO:0031905,2,"sorf-1, sorf-2"
GO:0141039,2,"sorf-1, sorf-2"
GO:0001727,1,F52C9.3
GO:0001729,2,"F52C9.3, cerk-1"
GO:0047620,1,F52C9.3
GO:0000455,2,"F52C12.2, K07E8.7"
GO:0106388,1,F52C12.2
GO:0034597,2,"bus-6, pipp-4P"
GO:0010828,1,ccd-5
GO:0031340,1,ccd-5
GO:0065002,2,"ccd-5, snap-29"
GO:0009314,1,polh-1
GO:0006672,3,"F53B1.2, W02F12.2, cerk-1"
GO:0046467,1,F53B1.2
GO:0045737,1,mnat-1
GO:0005000,1,gnrr-1
GO:0000234,2,"pmt-1, pmt-2"
GO:0000773,1,pmt-2
GO:1990674,1,pst-2
GO:1990675,1,pst-2
GO:0099612,1,nlf-1
GO:0098964,1,stau-1
GO:0002101,1,nath-10
GO:0051391,1,nath-10
GO:0051392,1,nath-10
GO:1904812,1,nath-10
GO:1990883,1,nath-10
GO:0140374,1,ddx-15
GO:0006534,1,cdo-1
GO:0017172,1,cdo-1
GO:0019448,1,cdo-1
GO:0042412,1,cdo-1
GO:0051294,1,lgl-1
GO:0004733,1,F57B9.1
GO:0008615,1,F57B9.1
GO:0042823,1,F57B9.1
GO:0004619,1,ipgm-1
GO:0006007,1,ipgm-1
GO:0034462,1,F57B10.8
GO:0005780,1,spg-20
GO:0045033,1,spg-20
GO:0008478,1,pdxk-1
GO:0009443,1,pdxk-1
GO:0051750,2,"F58A6.1, Y25C1A.13"
GO:0016402,1,acox-3
GO:0098574,1,sam-4
GO:0097542,1,F59G1.4
GO:0008767,1,glf-1
GO:0003838,1,strm-1
GO:1904659,1,fdgt-1
GO:0008623,2,"athp-2, pole-3"
GO:0016590,1,athp-2
GO:0051903,1,adh-5
GO:0106321,1,adh-5
GO:0106322,1,adh-5
GO:0046474,1,H32C10.1
GO:0004581,1,algn-5
GO:0017171,1,K01A2.5
GO:0003873,2,"pfkb-1.1, pfkb-1.2"
GO:0004331,2,"pfkb-1.1, pfkb-1.2"
GO:0006003,2,"pfkb-1.1, pfkb-1.2"
GO:0015292,1,mcu-1
GO:0061041,1,mcu-1
GO:1903426,1,mcu-1
GO:0004731,1,pnp-1
GO:0047975,1,pnp-1
GO:0004013,1,ahcy-1
GO:0019510,1,ahcy-1
GO:0010918,1,tmem-135
GO:0030588,1,cdk-2
GO:0044458,2,"K04F10.2, arl-13"
GO:0070991,3,"acdh-10, acdh-7, acdh-8"
GO:0060384,1,lect-2
GO:0004452,1,idi-1
GO:0009240,1,idi-1
GO:0050992,1,idi-1
GO:0032480,1,K07B1.7
GO:0039536,1,K07B1.7
GO:0008191,2,"cri-2, timp-1"
GO:0051045,2,"cri-2, timp-1"
GO:0004329,1,K07E3.4
GO:0019725,1,miro-1
GO:0047497,1,miro-1
GO:0006949,1,ani-2
GO:0004334,1,fah-1
GO:1902000,1,fah-1
GO:0033897,1,rnst-2
GO:0000417,1,hira-1
GO:0030366,2,"moc-6, nmrk-1"
GO:1990133,1,moc-6
GO:1990140,2,"moc-6, nmrk-1"
GO:0015117,1,slc-25A10
GO:0015131,1,slc-25A10
GO:0015140,1,slc-25A10
GO:0015709,1,slc-25A10
GO:0015729,1,slc-25A10
GO:0071423,1,slc-25A10
GO:1902356,1,slc-25A10
GO:1990229,1,K11H12.1
GO:0016805,1,K12C11.1
GO:0045911,1,rmh-1
GO:0043541,1,algn-14
GO:0120029,1,M02D8.3
GO:0008970,1,ipla-1
GO:0031161,1,ipla-1
GO:0034638,1,ipla-1
GO:0070300,2,"ipla-1, unc-132"
GO:0061908,2,"atg-2, atg-5"
GO:0003831,1,galt-1
GO:0035250,1,galt-1
GO:0048306,1,M04F3.4
GO:0018342,2,"M57.2, fnta-1"
GO:0090297,1,mtss-1
GO:1990044,2,"aak-1, aak-2"
GO:0050577,1,ger-1
GO:1901610,1,R02C2.1
GO:0004753,1,aass-1
GO:0006553,1,aass-1
GO:0033512,2,"aass-1, dlst-1"
GO:0047130,1,aass-1
GO:0047131,1,aass-1
GO:0005953,1,fnta-1
GO:0007323,1,fnta-1
GO:0016150,1,mrpl-58
GO:0070126,1,mrpl-58
GO:0036158,1,ccep-97
GO:0006404,1,nrde-3
GO:1900368,1,nrde-3
GO:0003948,1,R04B3.2
GO:0045835,1,met-2
GO:0072325,1,met-2
GO:0004614,1,pgm-1
GO:0072380,1,sgt-1
GO:0061172,1,R07E4.1
GO:0140083,1,wapl-1
GO:2000060,1,R08E3.3
GO:0005353,1,R09B5.11
GO:1990539,1,R09B5.11
GO:0004375,1,gldc-1
GO:0006544,1,gldc-1
GO:0016594,1,gldc-1
GO:0004845,1,R12E2.11
GO:0010698,2,"cra-1, hpo-29"
GO:0031416,2,"cra-1, natb-1"
GO:0002189,1,prps-1
GO:0004749,1,prps-1
GO:0070013,1,hsp-75
GO:0006198,1,pde-4
GO:0007193,1,pde-4
GO:0106072,1,pde-4
GO:0036152,1,mboa-6
GO:0106262,1,mboa-6
GO:0106263,1,mboa-6
GO:0004679,1,aak-2
GO:0006531,1,got-1.2
GO:0006532,1,got-1.2
GO:0006536,1,got-1.2
GO:2000213,1,got-1.2
GO:0071566,1,uba-5
GO:0004618,1,pgk-1
GO:0006391,1,tfbm-1
GO:0106370,1,metl-9
GO:0051125,1,wshc-5
GO:0140285,1,wshc-5
GO:0045943,4,"F49D11.10, Y23H5B.5, let-355, toe-1"
GO:0002184,1,erfa-1
GO:0016149,1,erfa-1
GO:1990825,1,erfa-1
GO:0000183,1,rrp-8
GO:0005677,1,rrp-8
GO:0046015,1,rrp-8
GO:0000707,1,brc-2
GO:0045002,1,brc-2
GO:0034517,1,epg-7
GO:0000009,2,"algn-12, pigv-1"
GO:0031501,1,pigv-1
GO:0009436,1,T09B4.8
GO:0019481,1,T09B4.8
GO:0008124,1,pcbd-1
GO:0000064,1,T10F2.2
GO:0050480,1,amdh-1
GO:0004576,1,stt-3
GO:0004579,1,stt-3
GO:0043687,1,stt-3
GO:0042392,1,T13C5.6
GO:0008898,1,T13G4.4
GO:0033528,1,T13G4.4
GO:0038083,1,svh-2
GO:0007195,1,dop-3
GO:0030203,1,hex-1
GO:0004379,1,nmt-1
GO:0006499,1,nmt-1
GO:0004504,2,"pamn-1, pghm-1"
GO:0002055,1,aprt-1
GO:0003999,1,aprt-1
GO:0006168,1,aprt-1
GO:0030318,1,T19D7.6
GO:0060051,1,oga-1
GO:0102571,1,oga-1
GO:0030692,2,"T20B12.3, nol-14"
GO:0005114,1,sma-10
GO:0034713,1,sma-10
GO:0000050,1,argn-1
GO:0004053,1,argn-1
GO:0006525,1,argn-1
GO:0003938,1,T22D1.3
GO:0004645,1,pygl-1
GO:0008184,1,pygl-1
GO:1990359,1,natc-1
GO:0004730,1,T24C12.3
GO:0000500,1,T24G10.2
GO:0003984,1,T26C12.1
GO:0005948,1,T26C12.1
GO:0009097,1,T26C12.1
GO:0048311,1,trak-1
GO:0032453,1,jmjc-1
GO:0016803,2,"C45B11.6, W01A11.1"
GO:0033961,2,"C45B11.6, W01A11.1"
GO:0097176,2,"C45B11.6, W01A11.1"
GO:1904417,1,hlh-30
GO:1905686,1,hlh-30
GO:0004152,1,dhod-1
GO:0009220,1,dhod-1
GO:0106430,1,dhod-1
GO:0046514,1,W02F12.2
GO:0004149,1,dlst-1
GO:0140007,1,W02H5.2
GO:0004371,1,W02H5.8
GO:0034012,1,W02H5.8
GO:0097681,2,"helq-1, polq-1"
GO:0044284,1,W04C9.2
GO:0045127,2,"W06B4.1, W06B4.2"
GO:0008140,1,crtc-1
GO:0032793,1,crtc-1
GO:0051289,1,crtc-1
GO:0004801,1,tald-1
GO:0001530,1,Y25C1A.8
GO:1990522,1,paqr-2
GO:0035020,1,rga-8
GO:0090611,1,vps-4
GO:0016035,1,rev-3
GO:0061917,1,arl-13
GO:0047865,1,Y37E3.17
GO:0006666,1,Y37E11AM.3
GO:0047560,1,Y37E11AM.3
GO:0070290,2,"nape-1, nape-2"
GO:0070292,2,"nape-1, nape-2"
GO:0106414,1,Y37E11B.5
GO:0043998,1,Y38A10A.7
GO:0042791,1,tftc-1
GO:0017168,1,Y38F2AR.12
GO:0007093,1,zwl-1
GO:0016428,2,"nsun-2, nsun-4"
GO:0004965,2,"gbb-1, gbb-2"
GO:1902712,2,"gbb-1, gbb-2"
GO:0004496,1,mvk-1
GO:0015174,1,laat-1
GO:0015189,1,laat-1
GO:0015819,1,laat-1
GO:0098852,1,laat-1
GO:0047545,1,lhgd-1
GO:0032217,2,"rft-1, rft-2"
GO:0032218,2,"rft-1, rft-2"
GO:0043992,1,pcaf-1
GO:0140672,1,pcaf-1
GO:1990805,1,ccep-290
GO:0048194,1,Y47G6A.18
GO:0006655,1,pgs-1
GO:0071947,1,otub-2
GO:0090150,1,wrb-1
GO:0035315,1,xpd-1
GO:0045951,1,xpd-1
GO:0004689,1,phkg-1
GO:0034316,1,Y50D7A.10
GO:0071846,1,Y50D7A.10
GO:0019230,2,"Y51H7BR.7, Y97E10AL.1"
GO:0035513,1,alkb-1
GO:0035515,1,alkb-1
GO:0035516,1,alkb-1
GO:0036258,1,ral-1
GO:0060178,1,ral-1
GO:0015095,1,nipa-1
GO:1903830,2,"ZK686.3, nipa-1"
GO:1990116,2,"Y54E10A.11, Y82E9BR.18"
GO:0141091,1,mab-31
GO:0015085,1,Y54F10AL.1
GO:0032468,1,Y54F10AL.1
GO:0032472,1,Y54F10AL.1
GO:0098827,1,atln-1
GO:0015098,1,samt-1
GO:0015689,1,samt-1
GO:0004516,1,nprt-1
GO:0034355,1,nprt-1
GO:0047280,1,nprt-1
GO:0120146,1,manf-1
GO:0006294,1,gtf-2H5
GO:0047412,1,Y55D5A.3
GO:0141046,1,atg-3
GO:0140934,1,Y55F3AM.9
GO:1990380,1,Y55F3AM.9
GO:0051205,1,cox-18
GO:0042326,1,lem-4
GO:0062062,1,tmem-258
GO:0004582,1,dpm-1
GO:0000454,1,garr-1
GO:0043799,1,daao-1
GO:0001760,1,acsd-1
GO:0019748,1,acsd-1
GO:0170033,1,acsd-1
GO:0170040,1,acsd-1
GO:1901606,1,acsd-1
GO:1904985,1,acsd-1
GO:0050104,1,Y71F9B.9
GO:0004419,1,Y71G12B.10
GO:0016833,1,Y71G12B.10
GO:0046951,1,Y71G12B.10
GO:0015026,1,drag-1
GO:0030510,1,drag-1
GO:0004632,1,Y71H2AM.6
GO:0008160,1,Y71H2AM.20
GO:0019211,1,Y71H2AM.20
GO:0006408,1,Y71H2B.2
GO:0080019,1,fard-1
GO:0102965,1,fard-1
GO:1901568,1,fard-1
GO:0005250,1,shl-1
GO:0160147,1,Y73B6BL.29
GO:0031630,1,cpx-1
GO:0006480,1,homt-1
GO:0071885,1,homt-1
GO:0016684,1,sesn-1
GO:0070728,1,sesn-1
GO:1990253,1,sesn-1
GO:0000111,1,xpc-1
GO:0071942,1,xpc-1
GO:0006386,1,rpc-11
GO:0034164,1,Y77E11A.12
GO:0019871,1,Y92H12A.2
GO:0048260,1,Y92H12A.2
GO:0035598,1,Y92H12BL.1
GO:0000298,1,Y92H12BL.5
GO:0008486,1,Y92H12BL.5
GO:0034431,1,Y92H12BL.5
GO:0034432,1,Y92H12BL.5
GO:0071543,1,Y92H12BL.5
GO:1901907,1,Y92H12BL.5
GO:1901909,1,Y92H12BL.5
GO:1901911,1,Y92H12BL.5
GO:0050729,1,set-29
GO:0070374,1,pde-6
GO:0090173,1,him-19
GO:0001193,1,rpb-9
GO:1905134,1,rmif-2
GO:0032216,1,pigw-1
GO:0010604,1,pinn-1
GO:0004799,1,tyms-1
GO:0016741,1,tyms-1
GO:0140011,1,bet-1
GO:0140012,1,bet-1
GO:0140046,1,bet-1
GO:0140055,1,bet-1
GO:0045927,1,dss-1
GO:0050892,1,dss-1
GO:0032609,1,mam-1
GO:0050863,1,mam-1
GO:2000404,1,mam-1
GO:0061776,1,morc-1
GO:0044232,1,ZC328.3
GO:0120015,1,ZC328.3
GO:0140268,1,ZC328.3
GO:0008349,1,gck-2
GO:0052917,1,algn-12
GO:0046942,1,slc-17.1
GO:0006203,1,sahd-1
GO:0008832,1,sahd-1
GO:0106375,1,sahd-1
GO:0034203,1,rfth-1
GO:0032184,1,gcna-1
GO:0106300,2,"T24H7.9, gcna-1"
GO:0055070,1,cutc-1
GO:0004740,1,pdhk-2
GO:0010510,1,pdhk-2
GO:0010906,1,pdhk-2
GO:0005456,1,ugtp-1
GO:0015782,1,ugtp-1
GO:0002218,1,tomm-70
GO:0002230,1,tomm-70
GO:0032728,1,tomm-70
GO:0098586,1,tomm-70
GO:0008073,1,oaz-1
GO:0075523,1,oaz-1
GO:0033787,1,cblc-1
GO:0005436,1,ZK563.2
GO:0044341,1,ZK563.2
GO:0051898,1,sorf-1
GO:0070832,1,pmt-1
GO:1903955,1,tomm-7
GO:0018773,1,fahd-1
GO:0050163,1,fahd-1
GO:0033603,1,asic-1
GO:0071467,1,asic-1
GO:0160128,1,asic-1
GO:0004850,1,upp-1
GO:0006218,1,upp-1
GO:0009032,1,upp-1
GO:0009166,1,upp-1
GO:0016154,1,upp-1
GO:0019860,1,upp-1
GO:0046108,1,upp-1
GO:0047847,1,upp-1
GO:0030907,1,cec-10
GO:0033309,1,cec-10
GO:0043189,1,ZK1127.3
GO:0097177,1,ZK1236.1
GO:0006346,1,mbd-2
GO:0008327,1,mbd-2
GO:0061929,1,F42A10.9
GO:2000535,1,aaim-1
GO:0016094,1,T01G1.4
GO:0047801,1,cisd-1
GO:0036115,1,fitm-2
GO:0006469,1,K09E9.4
GO:0045493,1,T02E9.6
GO:0004168,1,dolk-1
GO:0008753,1,rad-8
GO:0010756,2,"tag-280, tag-281"
GO:0046470,1,Y69A2AL.2
GO:0046471,1,Y69A2AL.2
GO:0047498,1,Y69A2AL.2
GO:0005185,1,ntc-1
GO:0052735,1,metl-2
GO:0004034,1,Y19D10A.16
GO:0009890,1,gfrp-1
GO:0044549,1,gfrp-1
GO:1901607,1,htip-2
GO:0008297,1,C27H6.9
GO:0043504,1,C27H6.9
GO:0033013,1,tspo-1
GO:0009566,1,inpp-5K
GO:0052866,1,inpp-5K
GO:0016432,1,Y53C12A.10
GO:0033735,1,F17C8.9
GO:0052906,1,C53A5.17
GO:0070901,1,C53A5.17
GO:0022890,1,emc-5
GO:0030043,1,F53E2.2
GO:1990221,1,F53G2.12
GO:1905202,1,mccc-2
