Feature Name,Observed Ratio,Expected Ratio,Fold Change,P-value,FDR P-value,Bonferroni P-value,log2(Fold Change),-log10(P-value),-log10(FDR P-value)
GO:0006355,0/120 (0.0%),1/120 (0.8%),0.0,0.26528648947062616,0.9999967369626577,1.0,0.0,0.5762848672350231,1.4171214240781989e-06
GO:0006357,0/120 (0.0%),1/120 (0.8%),0.0,0.2856923998130966,0.9999967369626577,1.0,0.0,0.5441013128658997,1.4171214240781989e-06
GO:0045087,0/120 (0.0%),0/120 (0.0%),0.0,0.4596977255301714,0.9999967369626577,1.0,0.0,0.33752764502528204,1.4171214240781989e-06
GO:0045944,0/120 (0.0%),0/120 (0.0%),0.0,0.5513915555477091,0.9999967369626577,1.0,0.0,0.25853988931315236,1.4171214240781989e-06
GO:0006412,0/120 (0.0%),0/120 (0.0%),0.0,0.5891829690692492,0.9999967369626577,1.0,0.0,0.22974981537004913,1.4171214240781989e-06
GO:0051301,0/120 (0.0%),0/120 (0.0%),0.0,0.6611931277526535,0.9999967369626577,1.0,0.0,0.17967166900653572,1.4171214240781989e-06
GO:0007165,1/120 (0.8%),1/120 (0.8%),0.8717021276595746,0.6814786806989929,0.9999967369626577,1.0,-0.19809286397206088,0.1665477260356325,1.4171214240781989e-06
GO:0006397,0/120 (0.0%),0/120 (0.0%),0.0,0.6876465009251901,0.9999967369626577,1.0,0.0,0.16263476256618273,1.4171214240781989e-06
GO:0016567,0/120 (0.0%),0/120 (0.0%),0.0,0.6978348296523367,0.9999967369626577,1.0,0.0,0.1562473582637679,1.4171214240781989e-06
GO:0006281,0/120 (0.0%),0/120 (0.0%),0.0,0.7133986457346747,0.9999967369626577,1.0,0.0,0.1466677194306842,1.4171214240781989e-06
GO:0006974,0/120 (0.0%),0/120 (0.0%),0.0,0.7169037466570491,0.9999967369626577,1.0,0.0,0.14453914991354527,1.4171214240781989e-06
GO:0010468,0/120 (0.0%),0/120 (0.0%),0.0,0.7239652626068105,0.9999967369626577,1.0,0.0,0.14028227167592974,1.4171214240781989e-06
GO:0000122,0/120 (0.0%),0/120 (0.0%),0.0,0.7364892780190482,0.9999967369626577,1.0,0.0,0.1328335713346666,1.4171214240781989e-06
GO:0050829,0/120 (0.0%),0/120 (0.0%),0.0,0.7419222624932802,0.9999967369626577,1.0,0.0,0.12964159706444406,1.4171214240781989e-06
GO:0006338,0/120 (0.0%),0/120 (0.0%),0.0,0.7437420746777168,0.9999967369626577,1.0,0.0,0.1285776490846692,1.4171214240781989e-06
GO:0006631,0/120 (0.0%),0/120 (0.0%),0.0,0.7529077456402657,0.9999967369626577,1.0,0.0,0.12325823497313158,1.4171214240781989e-06
GO:0036498,0/120 (0.0%),0/120 (0.0%),0.0,0.7547542769300293,0.9999967369626577,1.0,0.0,0.12219441730208434,1.4171214240781989e-06
GO:0006511,0/120 (0.0%),0/120 (0.0%),0.0,0.7547542769300293,0.9999967369626577,1.0,0.0,0.12219441730208434,1.4171214240781989e-06
GO:0006470,0/120 (0.0%),0/120 (0.0%),0.0,0.7603208592367846,0.9999967369626577,1.0,0.0,0.11900309457550544,1.4171214240781989e-06
GO:0008380,0/120 (0.0%),0/120 (0.0%),0.0,0.7696891107849203,0.9999967369626577,1.0,0.0,0.11368465759989926,1.4171214240781989e-06
GO:0000398,0/120 (0.0%),0/120 (0.0%),0.0,0.7791718190674565,0.9999967369626577,1.0,0.0,0.10836676332248703,1.4171214240781989e-06
GO:1902476,0/120 (0.0%),0/120 (0.0%),0.0,0.7829972602810145,0.9999967369626577,1.0,0.0,0.10623975754220862,1.4171214240781989e-06
GO:0006325,0/120 (0.0%),0/120 (0.0%),0.0,0.7849169593561747,0.9999967369626577,1.0,0.0,0.10517628720510196,1.4171214240781989e-06
GO:0010628,0/120 (0.0%),0/120 (0.0%),0.0,0.7868413257011824,0.9999967369626577,1.0,0.0,0.10411283856883588,1.4171214240781989e-06
GO:0006364,0/120 (0.0%),0/120 (0.0%),0.0,0.8024056340459267,0.9999967369626577,1.0,0.0,0.09560603060270986,1.4171214240781989e-06
GO:0043161,0/120 (0.0%),0/120 (0.0%),0.0,0.8043725153876793,0.9999967369626577,1.0,0.0,0.09454277723416385,1.4171214240781989e-06
GO:0006486,0/120 (0.0%),0/120 (0.0%),0.0,0.8063441777344095,0.9999967369626577,1.0,0.0,0.09347954555760458,1.4171214240781989e-06
GO:0030154,1/120 (0.8%),0/120 (0.0%),1.245288753799392,0.8080337640612298,0.9999967369626577,1.0,0.31648030885769707,0.09257049165225417,1.4171214240781989e-06
GO:0008104,0/120 (0.0%),0/120 (0.0%),0.0,0.820280653757494,0.9999967369626577,1.0,0.0,0.08603753112298347,1.4171214240781989e-06
GO:0006915,0/120 (0.0%),0/120 (0.0%),0.0,0.8222909813134717,0.9999967369626577,1.0,0.0,0.08497447295046129,1.4171214240781989e-06
GO:0006629,1/120 (0.8%),0/120 (0.0%),1.3388888888888888,0.8281376856037211,0.9999967369626577,1.0,0.4210362399002868,0.08189745170928775,1.4171214240781989e-06
GO:0009792,1/120 (0.8%),0/120 (0.0%),1.34327868852459,0.8290036245316704,0.9999967369626577,1.0,0.4257586501426899,0.08144357064313681,1.4171214240781989e-06
GO:0050830,0/120 (0.0%),0/120 (0.0%),0.0,0.830381266554372,0.9999967369626577,1.0,0.0,0.08072245709175774,1.4171214240781989e-06
GO:0045893,0/120 (0.0%),0/120 (0.0%),0.0,0.8324161406989642,0.9999967369626577,1.0,0.0,0.07965950733050561,1.4171214240781989e-06
GO:0006260,0/120 (0.0%),0/120 (0.0%),0.0,0.8344559597082327,0.9999967369626577,1.0,0.0,0.07859657924885424,1.4171214240781989e-06
GO:0010629,0/120 (0.0%),0/120 (0.0%),0.0,0.8344559597082327,0.9999967369626577,1.0,0.0,0.07859657924885424,1.4171214240781989e-06
GO:0030968,0/120 (0.0%),0/120 (0.0%),0.0,0.8365007354972708,0.9999967369626577,1.0,0.0,0.07753367284591935,1.4171214240781989e-06
GO:0007283,0/120 (0.0%),0/120 (0.0%),0.0,0.8406052052174297,0.9999967369626577,1.0,0.0,0.07540792507266156,1.4171214240781989e-06
GO:0007411,0/120 (0.0%),0/120 (0.0%),0.0,0.846799385163713,0.9999967369626577,1.0,0.0,0.07221946598104279,1.4171214240781989e-06
GO:0008033,0/120 (0.0%),0/120 (0.0%),0.0,0.8509539627169328,0.9999967369626577,1.0,0.0,0.07009393495516145,1.4171214240781989e-06
GO:0016042,0/120 (0.0%),0/120 (0.0%),0.0,0.8530388251176765,0.9999967369626577,1.0,0.0,0.06903120195012845,1.4171214240781989e-06
GO:0006914,0/120 (0.0%),0/120 (0.0%),0.0,0.8551287528231507,0.9999967369626577,1.0,0.0,0.06796849061585522,1.4171214240781989e-06
GO:0030522,0/120 (0.0%),0/120 (0.0%),0.0,0.8551287528231507,0.9999967369626577,1.0,0.0,0.06796849061585522,1.4171214240781989e-06
GO:0006814,0/120 (0.0%),0/120 (0.0%),0.0,0.8572237580361675,0.9999967369626577,1.0,0.0,0.06690580095145822,1.4171214240781989e-06
GO:0009408,0/120 (0.0%),0/120 (0.0%),0.0,0.8593238529886875,0.9999967369626577,1.0,0.0,0.06584313295605358,1.4171214240781989e-06
GO:0006749,0/120 (0.0%),0/120 (0.0%),0.0,0.8635393611862343,0.9999967369626577,1.0,0.0,0.06371786196868669,1.4171214240781989e-06
GO:0042254,0/120 (0.0%),0/120 (0.0%),0.0,0.8635393611862343,0.9999967369626577,1.0,0.0,0.06371786196868669,1.4171214240781989e-06
GO:0000278,0/120 (0.0%),0/120 (0.0%),0.0,0.8677753758570623,0.9999967369626577,1.0,0.0,0.06159267764668615,1.4171214240781989e-06
GO:0006813,0/120 (0.0%),0/120 (0.0%),0.0,0.8677753758570623,0.9999967369626577,1.0,0.0,0.06159267764668615,1.4171214240781989e-06
GO:0006888,0/120 (0.0%),0/120 (0.0%),0.0,0.8677753758570623,0.9999967369626577,1.0,0.0,0.06159267764668615,1.4171214240781989e-06
GO:0008406,0/120 (0.0%),0/120 (0.0%),0.0,0.8699011040115288,0.9999967369626577,1.0,0.0,0.06053011798298941,1.4171214240781989e-06
GO:0006950,0/120 (0.0%),0/120 (0.0%),0.0,0.8741680640001563,0.9999967369626577,1.0,0.0,0.05840506364578602,1.4171214240781989e-06
GO:0006417,0/120 (0.0%),0/120 (0.0%),0.0,0.8741680640001563,0.9999967369626577,1.0,0.0,0.05840506364578602,1.4171214240781989e-06
GO:0008340,1/120 (0.8%),0/120 (0.0%),1.6453815261044178,0.8760284388242737,0.9999967369626577,1.0,0.7184221505248578,0.05748179494610065,1.4171214240781989e-06
GO:0031047,0/120 (0.0%),0/120 (0.0%),0.0,0.8763093207398994,0.9999967369626577,1.0,0.0,0.057342568970512806,1.4171214240781989e-06
GO:0006413,0/120 (0.0%),0/120 (0.0%),0.0,0.8784557786298953,0.9999967369626577,1.0,0.0,0.05628009595628078,1.4171214240781989e-06
GO:0000226,0/120 (0.0%),0/120 (0.0%),0.0,0.8784557786298953,0.9999967369626577,1.0,0.0,0.05628009595628078,1.4171214240781989e-06
GO:0030182,0/120 (0.0%),0/120 (0.0%),0.0,0.8827643479996184,0.9999967369626577,1.0,0.0,0.05415521490740785,1.4171214240781989e-06
GO:0006869,0/120 (0.0%),0/120 (0.0%),0.0,0.8849264846236939,0.9999967369626577,1.0,0.0,0.05309280687100072,1.4171214240781989e-06
GO:0051603,0/120 (0.0%),0/120 (0.0%),0.0,0.8849264846236939,0.9999967369626577,1.0,0.0,0.05309280687100072,1.4171214240781989e-06
GO:0098869,0/120 (0.0%),0/120 (0.0%),0.0,0.8849264846236939,0.9999967369626577,1.0,0.0,0.05309280687100072,1.4171214240781989e-06
GO:0040018,0/120 (0.0%),0/120 (0.0%),0.0,0.8892665248364732,0.9999967369626577,1.0,0.0,0.05096805576983,1.4171214240781989e-06
GO:0006396,0/120 (0.0%),0/120 (0.0%),0.0,0.8892665248364732,0.9999967369626577,1.0,0.0,0.05096805576983,1.4171214240781989e-06
GO:0006821,0/120 (0.0%),0/120 (0.0%),0.0,0.8892665248364732,0.9999967369626577,1.0,0.0,0.05096805576983,1.4171214240781989e-06
GO:0007015,0/120 (0.0%),0/120 (0.0%),0.0,0.8892665248364732,0.9999967369626577,1.0,0.0,0.05096805576983,1.4171214240781989e-06
GO:0040012,0/120 (0.0%),0/120 (0.0%),0.0,0.8914444537500879,0.9999967369626577,1.0,0.0,0.049905712703300506,1.4171214240781989e-06
GO:0045892,0/120 (0.0%),0/120 (0.0%),0.0,0.8914444537500879,0.9999967369626577,1.0,0.0,0.049905712703300506,1.4171214240781989e-06
GO:0007281,0/120 (0.0%),0/120 (0.0%),0.0,0.8936276721355323,0.9999967369626577,1.0,0.0,0.04884339129163115,1.4171214240781989e-06
GO:0007635,0/120 (0.0%),0/120 (0.0%),0.0,0.8936276721355323,0.9999967369626577,1.0,0.0,0.04884339129163115,1.4171214240781989e-06
GO:0040027,0/120 (0.0%),0/120 (0.0%),0.0,0.8980100283050134,0.9999967369626577,1.0,0.0,0.04671881342934144,1.4171214240781989e-06
GO:0006633,0/120 (0.0%),0/120 (0.0%),0.0,0.8980100283050134,0.9999967369626577,1.0,0.0,0.04671881342934144,1.4171214240781989e-06
GO:0000209,0/120 (0.0%),0/120 (0.0%),0.0,0.9002091916567124,0.9999967369626577,1.0,0.0,0.045656556976955635,1.4171214240781989e-06
GO:0007059,0/120 (0.0%),0/120 (0.0%),0.0,0.9002091916567124,0.9999967369626577,1.0,0.0,0.045656556976955635,1.4171214240781989e-06
GO:0050907,0/120 (0.0%),0/120 (0.0%),0.0,0.9002091916567124,0.9999967369626577,1.0,0.0,0.045656556976955635,1.4171214240781989e-06
GO:0006805,0/120 (0.0%),0/120 (0.0%),0.0,0.9024136956157102,0.9999967369626577,1.0,0.0,0.044594322175898995,1.4171214240781989e-06
GO:0001764,0/120 (0.0%),0/120 (0.0%),0.0,0.9046235530422735,0.9999967369626577,1.0,0.0,0.04353210902528897,1.4171214240781989e-06
GO:0048598,0/120 (0.0%),0/120 (0.0%),0.0,0.9046235530422735,0.9999967369626577,1.0,0.0,0.04353210902528897,1.4171214240781989e-06
GO:0050650,0/120 (0.0%),0/120 (0.0%),0.0,0.9068387768273742,0.9999967369626577,1.0,0.0,0.04246991752424291,1.4171214240781989e-06
GO:0000281,0/120 (0.0%),0/120 (0.0%),0.0,0.9068387768273742,0.9999967369626577,1.0,0.0,0.04246991752424291,1.4171214240781989e-06
GO:0006082,0/120 (0.0%),0/120 (0.0%),0.0,0.9068387768273742,0.9999967369626577,1.0,0.0,0.04246991752424291,1.4171214240781989e-06
GO:0000724,0/120 (0.0%),0/120 (0.0%),0.0,0.9090593798927611,0.9999967369626577,1.0,0.0,0.04140774767187845,1.4171214240781989e-06
GO:0040026,0/120 (0.0%),0/120 (0.0%),0.0,0.9090593798927611,0.9999967369626577,1.0,0.0,0.04140774767187845,1.4171214240781989e-06
GO:0006887,0/120 (0.0%),0/120 (0.0%),0.0,0.9090593798927611,0.9999967369626577,1.0,0.0,0.04140774767187845,1.4171214240781989e-06
GO:0035262,0/120 (0.0%),0/120 (0.0%),0.0,0.9090593798927611,0.9999967369626577,1.0,0.0,0.04140774767187845,1.4171214240781989e-06
GO:0012501,0/120 (0.0%),0/120 (0.0%),0.0,0.9112853751910334,0.9999967369626577,1.0,0.0,0.04034559946731309,1.4171214240781989e-06
GO:0006665,0/120 (0.0%),0/120 (0.0%),0.0,0.9112853751910334,0.9999967369626577,1.0,0.0,0.04034559946731309,1.4171214240781989e-06
GO:0098655,0/120 (0.0%),0/120 (0.0%),0.0,0.9112853751910334,0.9999967369626577,1.0,0.0,0.04034559946731309,1.4171214240781989e-06
GO:0030036,0/120 (0.0%),0/120 (0.0%),0.0,0.9112853751910334,0.9999967369626577,1.0,0.0,0.04034559946731309,1.4171214240781989e-06
GO:0010172,0/120 (0.0%),0/120 (0.0%),0.0,0.9135167757057134,0.9999967369626577,1.0,0.0,0.039283472909664434,1.4171214240781989e-06
GO:0000165,0/120 (0.0%),0/120 (0.0%),0.0,0.9135167757057134,0.9999967369626577,1.0,0.0,0.039283472909664434,1.4171214240781989e-06
GO:0006351,0/120 (0.0%),0/120 (0.0%),0.0,0.9135167757057134,0.9999967369626577,1.0,0.0,0.039283472909664434,1.4171214240781989e-06
GO:0045132,0/120 (0.0%),0/120 (0.0%),0.0,0.9135167757057134,0.9999967369626577,1.0,0.0,0.039283472909664434,1.4171214240781989e-06
GO:0009190,0/120 (0.0%),0/120 (0.0%),0.0,0.9135167757057134,0.9999967369626577,1.0,0.0,0.039283472909664434,1.4171214240781989e-06
GO:0007005,0/120 (0.0%),0/120 (0.0%),0.0,0.9135167757057134,0.9999967369626577,1.0,0.0,0.039283472909664434,1.4171214240781989e-06
GO:0051726,0/120 (0.0%),0/120 (0.0%),0.0,0.91575359445132,0.9999967369626577,1.0,0.0,0.03822136799805021,1.4171214240781989e-06
GO:0032880,0/120 (0.0%),0/120 (0.0%),0.0,0.9179958444734415,0.9999967369626577,1.0,0.0,0.03715928473158817,1.4171214240781989e-06
GO:0006310,0/120 (0.0%),0/120 (0.0%),0.0,0.9179958444734415,0.9999967369626577,1.0,0.0,0.03715928473158817,1.4171214240781989e-06
GO:0006635,0/120 (0.0%),0/120 (0.0%),0.0,0.9179958444734415,0.9999967369626577,1.0,0.0,0.03715928473158817,1.4171214240781989e-06
GO:0008654,0/120 (0.0%),0/120 (0.0%),0.0,0.9179958444734415,0.9999967369626577,1.0,0.0,0.03715928473158817,1.4171214240781989e-06
GO:0031507,0/120 (0.0%),0/120 (0.0%),0.0,0.9179958444734415,0.9999967369626577,1.0,0.0,0.03715928473158817,1.4171214240781989e-06
GO:0000381,0/120 (0.0%),0/120 (0.0%),0.0,0.9179958444734415,0.9999967369626577,1.0,0.0,0.03715928473158817,1.4171214240781989e-06
GO:0110039,0/120 (0.0%),0/120 (0.0%),0.0,0.9179958444734415,0.9999967369626577,1.0,0.0,0.03715928473158817,1.4171214240781989e-06
GO:0040028,0/120 (0.0%),0/120 (0.0%),0.0,0.9179958444734415,0.9999967369626577,1.0,0.0,0.03715928473158817,1.4171214240781989e-06
GO:0007548,0/120 (0.0%),0/120 (0.0%),0.0,0.9202435388488102,0.9999967369626577,1.0,0.0,0.03609722310939597,1.4171214240781989e-06
GO:0007010,0/120 (0.0%),0/120 (0.0%),0.0,0.9202435388488102,0.9999967369626577,1.0,0.0,0.03609722310939597,1.4171214240781989e-06
GO:0006182,0/120 (0.0%),0/120 (0.0%),0.0,0.9202435388488102,0.9999967369626577,1.0,0.0,0.03609722310939597,1.4171214240781989e-06
GO:0001556,0/120 (0.0%),0/120 (0.0%),0.0,0.9202435388488102,0.9999967369626577,1.0,0.0,0.03609722310939597,1.4171214240781989e-06
GO:0006937,0/120 (0.0%),0/120 (0.0%),0.0,0.9202435388488102,0.9999967369626577,1.0,0.0,0.03609722310939597,1.4171214240781989e-06
GO:0009791,0/120 (0.0%),0/120 (0.0%),0.0,0.9224966906853744,0.9999967369626577,1.0,0.0,0.035035183130591625,1.4171214240781989e-06
GO:0008150,0/120 (0.0%),0/120 (0.0%),0.0,0.9224966906853744,0.9999967369626577,1.0,0.0,0.035035183130591625,1.4171214240781989e-06
GO:0007017,0/120 (0.0%),0/120 (0.0%),0.0,0.9224966906853744,0.9999967369626577,1.0,0.0,0.035035183130591625,1.4171214240781989e-06
GO:0009058,0/120 (0.0%),0/120 (0.0%),0.0,0.9224966906853744,0.9999967369626577,1.0,0.0,0.035035183130591625,1.4171214240781989e-06
GO:0000070,0/120 (0.0%),0/120 (0.0%),0.0,0.9224966906853744,0.9999967369626577,1.0,0.0,0.035035183130591625,1.4171214240781989e-06
GO:1902884,0/120 (0.0%),0/120 (0.0%),0.0,0.9247553131223745,0.9999967369626577,1.0,0.0,0.03397316479429287,1.4171214240781989e-06
GO:0006644,0/120 (0.0%),0/120 (0.0%),0.0,0.9247553131223745,0.9999967369626577,1.0,0.0,0.03397316479429287,1.4171214240781989e-06
GO:0000045,0/120 (0.0%),0/120 (0.0%),0.0,0.9247553131223745,0.9999967369626577,1.0,0.0,0.03397316479429287,1.4171214240781989e-06
GO:0007264,0/120 (0.0%),0/120 (0.0%),0.0,0.9247553131223745,0.9999967369626577,1.0,0.0,0.03397316479429287,1.4171214240781989e-06
GO:0008045,0/120 (0.0%),0/120 (0.0%),0.0,0.9247553131223745,0.9999967369626577,1.0,0.0,0.03397316479429287,1.4171214240781989e-06
GO:0007154,0/120 (0.0%),0/120 (0.0%),0.0,0.9247553131223745,0.9999967369626577,1.0,0.0,0.03397316479429287,1.4171214240781989e-06
GO:0006468,2/120 (1.7%),0/120 (0.0%),2.0484999999999998,0.9249802473394284,0.9999967369626577,1.0,1.0345678928182138,0.033867541383220116,1.4171214240781989e-06
GO:0006606,0/120 (0.0%),0/120 (0.0%),0.0,0.9270194193304149,0.9999967369626577,1.0,0.0,0.03291116809961772,1.4171214240781989e-06
GO:0031647,0/120 (0.0%),0/120 (0.0%),0.0,0.9270194193304149,0.9999967369626577,1.0,0.0,0.03291116809961772,1.4171214240781989e-06
GO:0007018,0/120 (0.0%),0/120 (0.0%),0.0,0.9270194193304149,0.9999967369626577,1.0,0.0,0.03291116809961772,1.4171214240781989e-06
GO:0040002,0/120 (0.0%),0/120 (0.0%),0.0,0.9270194193304149,0.9999967369626577,1.0,0.0,0.03291116809961772,1.4171214240781989e-06
GO:0031146,0/120 (0.0%),0/120 (0.0%),0.0,0.9270194193304149,0.9999967369626577,1.0,0.0,0.03291116809961772,1.4171214240781989e-06
GO:0032543,0/120 (0.0%),0/120 (0.0%),0.0,0.9270194193304149,0.9999967369626577,1.0,0.0,0.03291116809961772,1.4171214240781989e-06
GO:0007030,0/120 (0.0%),0/120 (0.0%),0.0,0.9270194193304149,0.9999967369626577,1.0,0.0,0.03291116809961772,1.4171214240781989e-06
GO:0030421,0/120 (0.0%),0/120 (0.0%),0.0,0.9270194193304149,0.9999967369626577,1.0,0.0,0.03291116809961772,1.4171214240781989e-06
GO:0050832,0/120 (0.0%),0/120 (0.0%),0.0,0.9292890225115397,0.9999967369626577,1.0,0.0,0.031849193045684156,1.4171214240781989e-06
GO:0042594,0/120 (0.0%),0/120 (0.0%),0.0,0.9292890225115397,0.9999967369626577,1.0,0.0,0.031849193045684156,1.4171214240781989e-06
GO:0042659,0/120 (0.0%),0/120 (0.0%),0.0,0.9292890225115397,0.9999967369626577,1.0,0.0,0.031849193045684156,1.4171214240781989e-06
GO:0030431,0/120 (0.0%),0/120 (0.0%),0.0,0.9292890225115397,0.9999967369626577,1.0,0.0,0.031849193045684156,1.4171214240781989e-06
GO:0040014,0/120 (0.0%),0/120 (0.0%),0.0,0.9292890225115397,0.9999967369626577,1.0,0.0,0.031849193045684156,1.4171214240781989e-06
GO:0034976,0/120 (0.0%),0/120 (0.0%),0.0,0.9292890225115397,0.9999967369626577,1.0,0.0,0.031849193045684156,1.4171214240781989e-06
GO:0002181,0/120 (0.0%),0/120 (0.0%),0.0,0.9315641358993064,0.9999967369626577,1.0,0.0,0.03078723963161022,1.4171214240781989e-06
GO:0016579,0/120 (0.0%),0/120 (0.0%),0.0,0.9315641358993064,0.9999967369626577,1.0,0.0,0.03078723963161022,1.4171214240781989e-06
GO:0042338,0/120 (0.0%),0/120 (0.0%),0.0,0.9315641358993064,0.9999967369626577,1.0,0.0,0.03078723963161022,1.4171214240781989e-06
GO:0007638,0/120 (0.0%),0/120 (0.0%),0.0,0.9315641358993064,0.9999967369626577,1.0,0.0,0.03078723963161022,1.4171214240781989e-06
GO:0048666,0/120 (0.0%),0/120 (0.0%),0.0,0.9315641358993064,0.9999967369626577,1.0,0.0,0.03078723963161022,1.4171214240781989e-06
GO:0000956,0/120 (0.0%),0/120 (0.0%),0.0,0.9315641358993064,0.9999967369626577,1.0,0.0,0.03078723963161022,1.4171214240781989e-06
GO:1901046,0/120 (0.0%),0/120 (0.0%),0.0,0.9315641358993064,0.9999967369626577,1.0,0.0,0.03078723963161022,1.4171214240781989e-06
GO:0006506,0/120 (0.0%),0/120 (0.0%),0.0,0.9315641358993064,0.9999967369626577,1.0,0.0,0.03078723963161022,1.4171214240781989e-06
GO:0006418,0/120 (0.0%),0/120 (0.0%),0.0,0.9338447727588607,0.9999967369626577,1.0,0.0,0.029725307856514113,1.4171214240781989e-06
GO:0007168,0/120 (0.0%),0/120 (0.0%),0.0,0.9338447727588607,0.9999967369626577,1.0,0.0,0.029725307856514113,1.4171214240781989e-06
GO:0008202,0/120 (0.0%),0/120 (0.0%),0.0,0.9338447727588607,0.9999967369626577,1.0,0.0,0.029725307856514113,1.4171214240781989e-06
GO:0007097,0/120 (0.0%),0/120 (0.0%),0.0,0.9361309463870116,0.9999967369626577,1.0,0.0,0.0286633977195138,1.4171214240781989e-06
GO:0000423,0/120 (0.0%),0/120 (0.0%),0.0,0.9361309463870116,0.9999967369626577,1.0,0.0,0.0286633977195138,1.4171214240781989e-06
GO:0015671,0/120 (0.0%),0/120 (0.0%),0.0,0.9361309463870116,0.9999967369626577,1.0,0.0,0.0286633977195138,1.4171214240781989e-06
GO:0006493,0/120 (0.0%),0/120 (0.0%),0.0,0.9361309463870116,0.9999967369626577,1.0,0.0,0.0286633977195138,1.4171214240781989e-06
GO:0001666,0/120 (0.0%),0/120 (0.0%),0.0,0.9361309463870116,0.9999967369626577,1.0,0.0,0.0286633977195138,1.4171214240781989e-06
GO:0002376,0/120 (0.0%),0/120 (0.0%),0.0,0.9361309463870116,0.9999967369626577,1.0,0.0,0.0286633977195138,1.4171214240781989e-06
GO:0006865,0/120 (0.0%),0/120 (0.0%),0.0,0.9361309463870116,0.9999967369626577,1.0,0.0,0.0286633977195138,1.4171214240781989e-06
GO:0006367,0/120 (0.0%),0/120 (0.0%),0.0,0.9361309463870116,0.9999967369626577,1.0,0.0,0.0286633977195138,1.4171214240781989e-06
GO:0032259,1/120 (0.8%),0/120 (0.0%),2.4680722891566265,0.9375252834964234,0.9999967369626577,1.0,1.3033846512460139,0.02801701124299992,1.4171214240781989e-06
GO:0006366,0/120 (0.0%),0/120 (0.0%),0.0,0.9384226701123051,0.9999967369626577,1.0,0.0,0.027601509219727725,1.4171214240781989e-06
GO:0006487,0/120 (0.0%),0/120 (0.0%),0.0,0.9384226701123051,0.9999967369626577,1.0,0.0,0.027601509219727725,1.4171214240781989e-06
GO:0042026,0/120 (0.0%),0/120 (0.0%),0.0,0.9384226701123051,0.9999967369626577,1.0,0.0,0.027601509219727725,1.4171214240781989e-06
GO:0030001,0/120 (0.0%),0/120 (0.0%),0.0,0.9384226701123051,0.9999967369626577,1.0,0.0,0.027601509219727725,1.4171214240781989e-06
GO:0017148,0/120 (0.0%),0/120 (0.0%),0.0,0.9384226701123051,0.9999967369626577,1.0,0.0,0.027601509219727725,1.4171214240781989e-06
GO:0090597,0/120 (0.0%),0/120 (0.0%),0.0,0.9384226701123051,0.9999967369626577,1.0,0.0,0.027601509219727725,1.4171214240781989e-06
GO:0019915,0/120 (0.0%),0/120 (0.0%),0.0,0.9384226701123051,0.9999967369626577,1.0,0.0,0.027601509219727725,1.4171214240781989e-06
GO:0007131,0/120 (0.0%),0/120 (0.0%),0.0,0.9384226701123051,0.9999967369626577,1.0,0.0,0.027601509219727725,1.4171214240781989e-06
GO:0040034,0/120 (0.0%),0/120 (0.0%),0.0,0.9384226701123051,0.9999967369626577,1.0,0.0,0.027601509219727725,1.4171214240781989e-06
GO:1902475,0/120 (0.0%),0/120 (0.0%),0.0,0.9384226701123051,0.9999967369626577,1.0,0.0,0.027601509219727725,1.4171214240781989e-06
GO:0006936,0/120 (0.0%),0/120 (0.0%),0.0,0.9384226701123051,0.9999967369626577,1.0,0.0,0.027601509219727725,1.4171214240781989e-06
GO:0006099,0/120 (0.0%),0/120 (0.0%),0.0,0.940719957295101,0.9999967369626577,1.0,0.0,0.026539642356274023,1.4171214240781989e-06
GO:0048665,0/120 (0.0%),0/120 (0.0%),0.0,0.940719957295101,0.9999967369626577,1.0,0.0,0.026539642356274023,1.4171214240781989e-06
GO:0051028,0/120 (0.0%),0/120 (0.0%),0.0,0.940719957295101,0.9999967369626577,1.0,0.0,0.026539642356274023,1.4171214240781989e-06
GO:0007271,0/120 (0.0%),0/120 (0.0%),0.0,0.940719957295101,0.9999967369626577,1.0,0.0,0.026539642356274023,1.4171214240781989e-06
GO:0007188,0/120 (0.0%),0/120 (0.0%),0.0,0.940719957295101,0.9999967369626577,1.0,0.0,0.026539642356274023,1.4171214240781989e-06
GO:0032436,0/120 (0.0%),0/120 (0.0%),0.0,0.940719957295101,0.9999967369626577,1.0,0.0,0.026539642356274023,1.4171214240781989e-06
GO:0030163,0/120 (0.0%),0/120 (0.0%),0.0,0.940719957295101,0.9999967369626577,1.0,0.0,0.026539642356274023,1.4171214240781989e-06
GO:0007052,0/120 (0.0%),0/120 (0.0%),0.0,0.940719957295101,0.9999967369626577,1.0,0.0,0.026539642356274023,1.4171214240781989e-06
GO:0006289,0/120 (0.0%),0/120 (0.0%),0.0,0.940719957295101,0.9999967369626577,1.0,0.0,0.026539642356274023,1.4171214240781989e-06
GO:0008652,0/120 (0.0%),0/120 (0.0%),0.0,0.940719957295101,0.9999967369626577,1.0,0.0,0.026539642356274023,1.4171214240781989e-06
GO:0042147,0/120 (0.0%),0/120 (0.0%),0.0,0.9430228213276473,0.9999967369626577,1.0,0.0,0.02547779712827101,1.4171214240781989e-06
GO:0006972,0/120 (0.0%),0/120 (0.0%),0.0,0.9430228213276473,0.9999967369626577,1.0,0.0,0.02547779712827101,1.4171214240781989e-06
GO:0007163,0/120 (0.0%),0/120 (0.0%),0.0,0.9430228213276473,0.9999967369626577,1.0,0.0,0.02547779712827101,1.4171214240781989e-06
GO:0043065,0/120 (0.0%),0/120 (0.0%),0.0,0.9430228213276473,0.9999967369626577,1.0,0.0,0.02547779712827101,1.4171214240781989e-06
GO:0045165,0/120 (0.0%),0/120 (0.0%),0.0,0.9430228213276473,0.9999967369626577,1.0,0.0,0.02547779712827101,1.4171214240781989e-06
GO:0007346,0/120 (0.0%),0/120 (0.0%),0.0,0.9430228213276473,0.9999967369626577,1.0,0.0,0.02547779712827101,1.4171214240781989e-06
GO:0008356,0/120 (0.0%),0/120 (0.0%),0.0,0.9430228213276473,0.9999967369626577,1.0,0.0,0.02547779712827101,1.4171214240781989e-06
GO:0006139,0/120 (0.0%),0/120 (0.0%),0.0,0.9430228213276473,0.9999967369626577,1.0,0.0,0.02547779712827101,1.4171214240781989e-06
GO:0009410,0/120 (0.0%),0/120 (0.0%),0.0,0.9430228213276473,0.9999967369626577,1.0,0.0,0.02547779712827101,1.4171214240781989e-06
GO:0035556,1/120 (0.8%),0/120 (0.0%),2.6603896103896103,0.94524560637063,0.9999967369626577,1.0,1.4116375418980374,0.024455332620201192,1.4171214240781989e-06
GO:0006508,2/120 (1.7%),0/120 (0.0%),2.341142857142857,0.9453124203626132,0.9999967369626577,1.0,1.2272129707606099,0.02442463591834493,1.4171214240781989e-06
GO:0006890,0/120 (0.0%),0/120 (0.0%),0.0,0.945331275634155,0.9999967369626577,1.0,0.0,0.024415973534837147,1.4171214240781989e-06
GO:0036499,0/120 (0.0%),0/120 (0.0%),0.0,0.945331275634155,0.9999967369626577,1.0,0.0,0.024415973534837147,1.4171214240781989e-06
GO:0033563,0/120 (0.0%),0/120 (0.0%),0.0,0.945331275634155,0.9999967369626577,1.0,0.0,0.024415973534837147,1.4171214240781989e-06
GO:0042661,0/120 (0.0%),0/120 (0.0%),0.0,0.945331275634155,0.9999967369626577,1.0,0.0,0.024415973534837147,1.4171214240781989e-06
GO:0007040,0/120 (0.0%),0/120 (0.0%),0.0,0.945331275634155,0.9999967369626577,1.0,0.0,0.024415973534837147,1.4171214240781989e-06
GO:0006955,0/120 (0.0%),0/120 (0.0%),0.0,0.945331275634155,0.9999967369626577,1.0,0.0,0.024415973534837147,1.4171214240781989e-06
GO:0080090,0/120 (0.0%),0/120 (0.0%),0.0,0.945331275634155,0.9999967369626577,1.0,0.0,0.024415973534837147,1.4171214240781989e-06
GO:0042073,0/120 (0.0%),0/120 (0.0%),0.0,0.9476453336708751,0.9999967369626577,1.0,0.0,0.023354171575090826,1.4171214240781989e-06
GO:0008355,0/120 (0.0%),0/120 (0.0%),0.0,0.9476453336708751,0.9999967369626577,1.0,0.0,0.023354171575090826,1.4171214240781989e-06
GO:0040010,0/120 (0.0%),0/120 (0.0%),0.0,0.9476453336708751,0.9999967369626577,1.0,0.0,0.023354171575090826,1.4171214240781989e-06
GO:0043413,0/120 (0.0%),0/120 (0.0%),0.0,0.9476453336708751,0.9999967369626577,1.0,0.0,0.023354171575090826,1.4171214240781989e-06
GO:0015749,0/120 (0.0%),0/120 (0.0%),0.0,0.9476453336708751,0.9999967369626577,1.0,0.0,0.023354171575090826,1.4171214240781989e-06
GO:0007369,0/120 (0.0%),0/120 (0.0%),0.0,0.9476453336708751,0.9999967369626577,1.0,0.0,0.023354171575090826,1.4171214240781989e-06
GO:0003333,0/120 (0.0%),0/120 (0.0%),0.0,0.9476453336708751,0.9999967369626577,1.0,0.0,0.023354171575090826,1.4171214240781989e-06
GO:0000723,0/120 (0.0%),0/120 (0.0%),0.0,0.9476453336708751,0.9999967369626577,1.0,0.0,0.023354171575090826,1.4171214240781989e-06
GO:0016197,0/120 (0.0%),0/120 (0.0%),0.0,0.9476453336708751,0.9999967369626577,1.0,0.0,0.023354171575090826,1.4171214240781989e-06
GO:0042273,0/120 (0.0%),0/120 (0.0%),0.0,0.9476453336708751,0.9999967369626577,1.0,0.0,0.023354171575090826,1.4171214240781989e-06
GO:0007626,0/120 (0.0%),0/120 (0.0%),0.0,0.9476453336708751,0.9999967369626577,1.0,0.0,0.023354171575090826,1.4171214240781989e-06
GO:0006694,0/120 (0.0%),0/120 (0.0%),0.0,0.9499650089261739,0.9999967369626577,1.0,0.0,0.022292391248150425,1.4171214240781989e-06
GO:0006334,0/120 (0.0%),0/120 (0.0%),0.0,0.9499650089261739,0.9999967369626577,1.0,0.0,0.022292391248150425,1.4171214240781989e-06
GO:0010171,0/120 (0.0%),0/120 (0.0%),0.0,0.9499650089261739,0.9999967369626577,1.0,0.0,0.022292391248150425,1.4171214240781989e-06
GO:0048489,0/120 (0.0%),0/120 (0.0%),0.0,0.9499650089261739,0.9999967369626577,1.0,0.0,0.022292391248150425,1.4171214240781989e-06
GO:0016236,0/120 (0.0%),0/120 (0.0%),0.0,0.9499650089261739,0.9999967369626577,1.0,0.0,0.022292391248150425,1.4171214240781989e-06
GO:0040038,0/120 (0.0%),0/120 (0.0%),0.0,0.9499650089261739,0.9999967369626577,1.0,0.0,0.022292391248150425,1.4171214240781989e-06
GO:0006096,0/120 (0.0%),0/120 (0.0%),0.0,0.9499650089261739,0.9999967369626577,1.0,0.0,0.022292391248150425,1.4171214240781989e-06
GO:0051604,0/120 (0.0%),0/120 (0.0%),0.0,0.9499650089261739,0.9999967369626577,1.0,0.0,0.022292391248150425,1.4171214240781989e-06
GO:0032502,0/120 (0.0%),0/120 (0.0%),0.0,0.9499650089261739,0.9999967369626577,1.0,0.0,0.022292391248150425,1.4171214240781989e-06
GO:0007276,0/120 (0.0%),0/120 (0.0%),0.0,0.9499650089261739,0.9999967369626577,1.0,0.0,0.022292391248150425,1.4171214240781989e-06
GO:0007265,0/120 (0.0%),0/120 (0.0%),0.0,0.9499650089261739,0.9999967369626577,1.0,0.0,0.022292391248150425,1.4171214240781989e-06
GO:0006406,0/120 (0.0%),0/120 (0.0%),0.0,0.9499650089261739,0.9999967369626577,1.0,0.0,0.022292391248150425,1.4171214240781989e-06
GO:0090326,0/120 (0.0%),0/120 (0.0%),0.0,0.9499650089261739,0.9999967369626577,1.0,0.0,0.022292391248150425,1.4171214240781989e-06
GO:0032956,0/120 (0.0%),0/120 (0.0%),0.0,0.9499650089261739,0.9999967369626577,1.0,0.0,0.022292391248150425,1.4171214240781989e-06
GO:0016192,1/120 (0.8%),0/120 (0.0%),2.82551724137931,0.9507936483686591,0.9999967369626577,1.0,1.498514992578004,0.021913728171934974,1.4171214240781989e-06
GO:0006891,0/120 (0.0%),0/120 (0.0%),0.0,0.952290314920608,0.9999967369626577,1.0,0.0,0.021230632553134645,1.4171214240781989e-06
GO:0030703,0/120 (0.0%),0/120 (0.0%),0.0,0.952290314920608,0.9999967369626577,1.0,0.0,0.021230632553134645,1.4171214240781989e-06
GO:0006520,0/120 (0.0%),0/120 (0.0%),0.0,0.952290314920608,0.9999967369626577,1.0,0.0,0.021230632553134645,1.4171214240781989e-06
GO:0040019,0/120 (0.0%),0/120 (0.0%),0.0,0.952290314920608,0.9999967369626577,1.0,0.0,0.021230632553134645,1.4171214240781989e-06
GO:0042274,0/120 (0.0%),0/120 (0.0%),0.0,0.952290314920608,0.9999967369626577,1.0,0.0,0.021230632553134645,1.4171214240781989e-06
GO:0008645,0/120 (0.0%),0/120 (0.0%),0.0,0.952290314920608,0.9999967369626577,1.0,0.0,0.021230632553134645,1.4171214240781989e-06
GO:0030422,0/120 (0.0%),0/120 (0.0%),0.0,0.952290314920608,0.9999967369626577,1.0,0.0,0.021230632553134645,1.4171214240781989e-06
GO:0030261,0/120 (0.0%),0/120 (0.0%),0.0,0.952290314920608,0.9999967369626577,1.0,0.0,0.021230632553134645,1.4171214240781989e-06
GO:0046513,0/120 (0.0%),0/120 (0.0%),0.0,0.952290314920608,0.9999967369626577,1.0,0.0,0.021230632553134645,1.4171214240781989e-06
GO:0009887,0/120 (0.0%),0/120 (0.0%),0.0,0.952290314920608,0.9999967369626577,1.0,0.0,0.021230632553134645,1.4171214240781989e-06
GO:0043050,0/120 (0.0%),0/120 (0.0%),0.0,0.952290314920608,0.9999967369626577,1.0,0.0,0.021230632553134645,1.4171214240781989e-06
GO:0000413,0/120 (0.0%),0/120 (0.0%),0.0,0.952290314920608,0.9999967369626577,1.0,0.0,0.021230632553134645,1.4171214240781989e-06
GO:0048468,0/120 (0.0%),0/120 (0.0%),0.0,0.952290314920608,0.9999967369626577,1.0,0.0,0.021230632553134645,1.4171214240781989e-06
GO:0030866,0/120 (0.0%),0/120 (0.0%),0.0,0.952290314920608,0.9999967369626577,1.0,0.0,0.021230632553134645,1.4171214240781989e-06
GO:0001508,0/120 (0.0%),0/120 (0.0%),0.0,0.9546212652070021,0.9999967369626577,1.0,0.0,0.020168895489162023,1.4171214240781989e-06
GO:0009966,0/120 (0.0%),0/120 (0.0%),0.0,0.9546212652070021,0.9999967369626577,1.0,0.0,0.020168895489162023,1.4171214240781989e-06
GO:0006368,0/120 (0.0%),0/120 (0.0%),0.0,0.9546212652070021,0.9999967369626577,1.0,0.0,0.020168895489162023,1.4171214240781989e-06
GO:0045167,0/120 (0.0%),0/120 (0.0%),0.0,0.9546212652070021,0.9999967369626577,1.0,0.0,0.020168895489162023,1.4171214240781989e-06
GO:0030198,0/120 (0.0%),0/120 (0.0%),0.0,0.9546212652070021,0.9999967369626577,1.0,0.0,0.020168895489162023,1.4171214240781989e-06
GO:0030150,0/120 (0.0%),0/120 (0.0%),0.0,0.9546212652070021,0.9999967369626577,1.0,0.0,0.020168895489162023,1.4171214240781989e-06
GO:0048731,0/120 (0.0%),0/120 (0.0%),0.0,0.9546212652070021,0.9999967369626577,1.0,0.0,0.020168895489162023,1.4171214240781989e-06
GO:0042742,0/120 (0.0%),0/120 (0.0%),0.0,0.9546212652070021,0.9999967369626577,1.0,0.0,0.020168895489162023,1.4171214240781989e-06
GO:0009411,0/120 (0.0%),0/120 (0.0%),0.0,0.9546212652070021,0.9999967369626577,1.0,0.0,0.020168895489162023,1.4171214240781989e-06
GO:0009952,0/120 (0.0%),0/120 (0.0%),0.0,0.9546212652070021,0.9999967369626577,1.0,0.0,0.020168895489162023,1.4171214240781989e-06
GO:0002183,0/120 (0.0%),0/120 (0.0%),0.0,0.9546212652070021,0.9999967369626577,1.0,0.0,0.020168895489162023,1.4171214240781989e-06
GO:0030488,0/120 (0.0%),0/120 (0.0%),0.0,0.9546212652070021,0.9999967369626577,1.0,0.0,0.020168895489162023,1.4171214240781989e-06
GO:0015986,0/120 (0.0%),0/120 (0.0%),0.0,0.9546212652070021,0.9999967369626577,1.0,0.0,0.020168895489162023,1.4171214240781989e-06
GO:0042981,0/120 (0.0%),0/120 (0.0%),0.0,0.9569578733705244,0.9999967369626577,1.0,0.0,0.01910718005535111,1.4171214240781989e-06
GO:0000712,0/120 (0.0%),0/120 (0.0%),0.0,0.9569578733705244,0.9999967369626577,1.0,0.0,0.01910718005535111,1.4171214240781989e-06
GO:0031145,0/120 (0.0%),0/120 (0.0%),0.0,0.9569578733705244,0.9999967369626577,1.0,0.0,0.01910718005535111,1.4171214240781989e-06
GO:0051453,0/120 (0.0%),0/120 (0.0%),0.0,0.9569578733705244,0.9999967369626577,1.0,0.0,0.01910718005535111,1.4171214240781989e-06
GO:0040001,0/120 (0.0%),0/120 (0.0%),0.0,0.9569578733705244,0.9999967369626577,1.0,0.0,0.01910718005535111,1.4171214240781989e-06
GO:0007517,0/120 (0.0%),0/120 (0.0%),0.0,0.9569578733705244,0.9999967369626577,1.0,0.0,0.01910718005535111,1.4171214240781989e-06
GO:0000082,0/120 (0.0%),0/120 (0.0%),0.0,0.9569578733705244,0.9999967369626577,1.0,0.0,0.01910718005535111,1.4171214240781989e-06
GO:1905905,0/120 (0.0%),0/120 (0.0%),0.0,0.9569578733705244,0.9999967369626577,1.0,0.0,0.01910718005535111,1.4171214240781989e-06
GO:0098703,0/120 (0.0%),0/120 (0.0%),0.0,0.9569578733705244,0.9999967369626577,1.0,0.0,0.01910718005535111,1.4171214240781989e-06
GO:0006997,0/120 (0.0%),0/120 (0.0%),0.0,0.9569578733705244,0.9999967369626577,1.0,0.0,0.01910718005535111,1.4171214240781989e-06
GO:0007409,0/120 (0.0%),0/120 (0.0%),0.0,0.9569578733705244,0.9999967369626577,1.0,0.0,0.01910718005535111,1.4171214240781989e-06
GO:0070482,0/120 (0.0%),0/120 (0.0%),0.0,0.9569578733705244,0.9999967369626577,1.0,0.0,0.01910718005535111,1.4171214240781989e-06
GO:0007286,0/120 (0.0%),0/120 (0.0%),0.0,0.9569578733705244,0.9999967369626577,1.0,0.0,0.01910718005535111,1.4171214240781989e-06
GO:0048812,0/120 (0.0%),0/120 (0.0%),0.0,0.9569578733705244,0.9999967369626577,1.0,0.0,0.01910718005535111,1.4171214240781989e-06
GO:0008610,0/120 (0.0%),0/120 (0.0%),0.0,0.9593001530287629,0.9999967369626577,1.0,0.0,0.018045486250820763,1.4171214240781989e-06
GO:0050804,0/120 (0.0%),0/120 (0.0%),0.0,0.9593001530287629,0.9999967369626577,1.0,0.0,0.018045486250820763,1.4171214240781989e-06
GO:1990573,0/120 (0.0%),0/120 (0.0%),0.0,0.9593001530287629,0.9999967369626577,1.0,0.0,0.018045486250820763,1.4171214240781989e-06
GO:0016540,0/120 (0.0%),0/120 (0.0%),0.0,0.9593001530287629,0.9999967369626577,1.0,0.0,0.018045486250820763,1.4171214240781989e-06
GO:0006998,0/120 (0.0%),0/120 (0.0%),0.0,0.9593001530287629,0.9999967369626577,1.0,0.0,0.018045486250820763,1.4171214240781989e-06
GO:0036065,0/120 (0.0%),0/120 (0.0%),0.0,0.9593001530287629,0.9999967369626577,1.0,0.0,0.018045486250820763,1.4171214240781989e-06
GO:0035264,0/120 (0.0%),0/120 (0.0%),0.0,0.9593001530287629,0.9999967369626577,1.0,0.0,0.018045486250820763,1.4171214240781989e-06
GO:0016311,0/120 (0.0%),0/120 (0.0%),0.0,0.9593001530287629,0.9999967369626577,1.0,0.0,0.018045486250820763,1.4171214240781989e-06
GO:0006970,0/120 (0.0%),0/120 (0.0%),0.0,0.9593001530287629,0.9999967369626577,1.0,0.0,0.018045486250820763,1.4171214240781989e-06
GO:0009949,0/120 (0.0%),0/120 (0.0%),0.0,0.9593001530287629,0.9999967369626577,1.0,0.0,0.018045486250820763,1.4171214240781989e-06
GO:0007614,0/120 (0.0%),0/120 (0.0%),0.0,0.9593001530287629,0.9999967369626577,1.0,0.0,0.018045486250820763,1.4171214240781989e-06
GO:0000902,0/120 (0.0%),0/120 (0.0%),0.0,0.9593001530287629,0.9999967369626577,1.0,0.0,0.018045486250820763,1.4171214240781989e-06
GO:0007032,0/120 (0.0%),0/120 (0.0%),0.0,0.9593001530287629,0.9999967369626577,1.0,0.0,0.018045486250820763,1.4171214240781989e-06
GO:0000077,0/120 (0.0%),0/120 (0.0%),0.0,0.9593001530287629,0.9999967369626577,1.0,0.0,0.018045486250820763,1.4171214240781989e-06
GO:0023052,0/120 (0.0%),0/120 (0.0%),0.0,0.9593001530287629,0.9999967369626577,1.0,0.0,0.018045486250820763,1.4171214240781989e-06
GO:0009612,0/120 (0.0%),0/120 (0.0%),0.0,0.9593001530287629,0.9999967369626577,1.0,0.0,0.018045486250820763,1.4171214240781989e-06
GO:0009888,0/120 (0.0%),0/120 (0.0%),0.0,0.9593001530287629,0.9999967369626577,1.0,0.0,0.018045486250820763,1.4171214240781989e-06
GO:0030010,0/120 (0.0%),0/120 (0.0%),0.0,0.9593001530287629,0.9999967369626577,1.0,0.0,0.018045486250820763,1.4171214240781989e-06
GO:0043053,0/120 (0.0%),0/120 (0.0%),0.0,0.9593001530287629,0.9999967369626577,1.0,0.0,0.018045486250820763,1.4171214240781989e-06
GO:0000462,0/120 (0.0%),0/120 (0.0%),0.0,0.9593001530287629,0.9999967369626577,1.0,0.0,0.018045486250820763,1.4171214240781989e-06
GO:0050920,0/120 (0.0%),0/120 (0.0%),0.0,0.9593001530287629,0.9999967369626577,1.0,0.0,0.018045486250820763,1.4171214240781989e-06
GO:0040029,0/120 (0.0%),0/120 (0.0%),0.0,0.9593001530287629,0.9999967369626577,1.0,0.0,0.018045486250820763,1.4171214240781989e-06
GO:0006259,0/120 (0.0%),0/120 (0.0%),0.0,0.9593001530287629,0.9999967369626577,1.0,0.0,0.018045486250820763,1.4171214240781989e-06
GO:0006414,0/120 (0.0%),0/120 (0.0%),0.0,0.9593001530287629,0.9999967369626577,1.0,0.0,0.018045486250820763,1.4171214240781989e-06
GO:0007129,0/120 (0.0%),0/120 (0.0%),0.0,0.9593001530287629,0.9999967369626577,1.0,0.0,0.018045486250820763,1.4171214240781989e-06
GO:0007399,1/120 (0.8%),0/120 (0.0%),3.175968992248062,0.9601036355789522,0.9999967369626577,1.0,1.6671968271696846,0.01768188578248109,1.4171214240781989e-06
GO:0006400,0/120 (0.0%),0/120 (0.0%),0.0,0.961648117831803,0.9999967369626577,1.0,0.0,0.016983814074689636,1.4171214240781989e-06
GO:0040039,0/120 (0.0%),0/120 (0.0%),0.0,0.961648117831803,0.9999967369626577,1.0,0.0,0.016983814074689636,1.4171214240781989e-06
GO:0006278,0/120 (0.0%),0/120 (0.0%),0.0,0.961648117831803,0.9999967369626577,1.0,0.0,0.016983814074689636,1.4171214240781989e-06
GO:0048680,0/120 (0.0%),0/120 (0.0%),0.0,0.961648117831803,0.9999967369626577,1.0,0.0,0.016983814074689636,1.4171214240781989e-06
GO:0051445,0/120 (0.0%),0/120 (0.0%),0.0,0.961648117831803,0.9999967369626577,1.0,0.0,0.016983814074689636,1.4171214240781989e-06
GO:0002098,0/120 (0.0%),0/120 (0.0%),0.0,0.961648117831803,0.9999967369626577,1.0,0.0,0.016983814074689636,1.4171214240781989e-06
GO:0042395,0/120 (0.0%),0/120 (0.0%),0.0,0.961648117831803,0.9999967369626577,1.0,0.0,0.016983814074689636,1.4171214240781989e-06
GO:0042464,0/120 (0.0%),0/120 (0.0%),0.0,0.961648117831803,0.9999967369626577,1.0,0.0,0.016983814074689636,1.4171214240781989e-06
GO:0000184,0/120 (0.0%),0/120 (0.0%),0.0,0.961648117831803,0.9999967369626577,1.0,0.0,0.016983814074689636,1.4171214240781989e-06
GO:0090435,0/120 (0.0%),0/120 (0.0%),0.0,0.961648117831803,0.9999967369626577,1.0,0.0,0.016983814074689636,1.4171214240781989e-06
GO:0043171,0/120 (0.0%),0/120 (0.0%),0.0,0.961648117831803,0.9999967369626577,1.0,0.0,0.016983814074689636,1.4171214240781989e-06
GO:0007187,0/120 (0.0%),0/120 (0.0%),0.0,0.961648117831803,0.9999967369626577,1.0,0.0,0.016983814074689636,1.4171214240781989e-06
GO:0006516,0/120 (0.0%),0/120 (0.0%),0.0,0.961648117831803,0.9999967369626577,1.0,0.0,0.016983814074689636,1.4171214240781989e-06
GO:0040032,0/120 (0.0%),0/120 (0.0%),0.0,0.961648117831803,0.9999967369626577,1.0,0.0,0.016983814074689636,1.4171214240781989e-06
GO:0006829,0/120 (0.0%),0/120 (0.0%),0.0,0.961648117831803,0.9999967369626577,1.0,0.0,0.016983814074689636,1.4171214240781989e-06
GO:0043652,0/120 (0.0%),0/120 (0.0%),0.0,0.961648117831803,0.9999967369626577,1.0,0.0,0.016983814074689636,1.4171214240781989e-06
GO:0045727,0/120 (0.0%),0/120 (0.0%),0.0,0.961648117831803,0.9999967369626577,1.0,0.0,0.016983814074689636,1.4171214240781989e-06
GO:0006270,0/120 (0.0%),0/120 (0.0%),0.0,0.961648117831803,0.9999967369626577,1.0,0.0,0.016983814074689636,1.4171214240781989e-06
GO:1990834,0/120 (0.0%),0/120 (0.0%),0.0,0.9640017814623038,0.9999967369626577,1.0,0.0,0.015922163526076526,1.4171214240781989e-06
GO:0006261,0/120 (0.0%),0/120 (0.0%),0.0,0.9640017814623038,0.9999967369626577,1.0,0.0,0.015922163526076526,1.4171214240781989e-06
GO:0006302,0/120 (0.0%),0/120 (0.0%),0.0,0.9640017814623038,0.9999967369626577,1.0,0.0,0.015922163526076526,1.4171214240781989e-06
GO:1905488,0/120 (0.0%),0/120 (0.0%),0.0,0.9640017814623038,0.9999967369626577,1.0,0.0,0.015922163526076526,1.4171214240781989e-06
GO:0036093,0/120 (0.0%),0/120 (0.0%),0.0,0.9640017814623038,0.9999967369626577,1.0,0.0,0.015922163526076526,1.4171214240781989e-06
GO:0051932,0/120 (0.0%),0/120 (0.0%),0.0,0.9640017814623038,0.9999967369626577,1.0,0.0,0.015922163526076526,1.4171214240781989e-06
GO:0007210,0/120 (0.0%),0/120 (0.0%),0.0,0.9640017814623038,0.9999967369626577,1.0,0.0,0.015922163526076526,1.4171214240781989e-06
GO:0016226,0/120 (0.0%),0/120 (0.0%),0.0,0.9640017814623038,0.9999967369626577,1.0,0.0,0.015922163526076526,1.4171214240781989e-06
GO:0008595,0/120 (0.0%),0/120 (0.0%),0.0,0.9640017814623038,0.9999967369626577,1.0,0.0,0.015922163526076526,1.4171214240781989e-06
GO:0046856,0/120 (0.0%),0/120 (0.0%),0.0,0.9640017814623038,0.9999967369626577,1.0,0.0,0.015922163526076526,1.4171214240781989e-06
GO:1901076,0/120 (0.0%),0/120 (0.0%),0.0,0.9640017814623038,0.9999967369626577,1.0,0.0,0.015922163526076526,1.4171214240781989e-06
GO:1903356,0/120 (0.0%),0/120 (0.0%),0.0,0.9640017814623038,0.9999967369626577,1.0,0.0,0.015922163526076526,1.4171214240781989e-06
GO:0006637,0/120 (0.0%),0/120 (0.0%),0.0,0.9640017814623038,0.9999967369626577,1.0,0.0,0.015922163526076526,1.4171214240781989e-06
GO:0061065,0/120 (0.0%),0/120 (0.0%),0.0,0.9640017814623038,0.9999967369626577,1.0,0.0,0.015922163526076526,1.4171214240781989e-06
GO:0031581,0/120 (0.0%),0/120 (0.0%),0.0,0.9640017814623038,0.9999967369626577,1.0,0.0,0.015922163526076526,1.4171214240781989e-06
GO:0050808,0/120 (0.0%),0/120 (0.0%),0.0,0.9640017814623038,0.9999967369626577,1.0,0.0,0.015922163526076526,1.4171214240781989e-06
GO:1904070,0/120 (0.0%),0/120 (0.0%),0.0,0.9640017814623038,0.9999967369626577,1.0,0.0,0.015922163526076526,1.4171214240781989e-06
GO:0006898,0/120 (0.0%),0/120 (0.0%),0.0,0.9640017814623038,0.9999967369626577,1.0,0.0,0.015922163526076526,1.4171214240781989e-06
GO:0007416,0/120 (0.0%),0/120 (0.0%),0.0,0.9640017814623038,0.9999967369626577,1.0,0.0,0.015922163526076526,1.4171214240781989e-06
GO:0007275,0/120 (0.0%),0/120 (0.0%),0.0,0.9640017814623038,0.9999967369626577,1.0,0.0,0.015922163526076526,1.4171214240781989e-06
GO:0009968,0/120 (0.0%),0/120 (0.0%),0.0,0.9640017814623038,0.9999967369626577,1.0,0.0,0.015922163526076526,1.4171214240781989e-06
GO:0045987,0/120 (0.0%),0/120 (0.0%),0.0,0.9640017814623038,0.9999967369626577,1.0,0.0,0.015922163526076526,1.4171214240781989e-06
GO:0008286,0/120 (0.0%),0/120 (0.0%),0.0,0.9640017814623038,0.9999967369626577,1.0,0.0,0.015922163526076526,1.4171214240781989e-06
GO:0032446,0/120 (0.0%),0/120 (0.0%),0.0,0.9640017814623038,0.9999967369626577,1.0,0.0,0.015922163526076526,1.4171214240781989e-06
GO:0098662,0/120 (0.0%),0/120 (0.0%),0.0,0.9640017814623038,0.9999967369626577,1.0,0.0,0.015922163526076526,1.4171214240781989e-06
GO:0050807,0/120 (0.0%),0/120 (0.0%),0.0,0.9640017814623038,0.9999967369626577,1.0,0.0,0.015922163526076526,1.4171214240781989e-06
GO:0019722,0/120 (0.0%),0/120 (0.0%),0.0,0.9640017814623038,0.9999967369626577,1.0,0.0,0.015922163526076526,1.4171214240781989e-06
GO:0097402,0/120 (0.0%),0/120 (0.0%),0.0,0.9640017814623038,0.9999967369626577,1.0,0.0,0.015922163526076526,1.4171214240781989e-06
GO:0031123,0/120 (0.0%),0/120 (0.0%),0.0,0.9640017814623038,0.9999967369626577,1.0,0.0,0.015922163526076526,1.4171214240781989e-06
GO:0051321,1/120 (0.8%),0/120 (0.0%),3.3859504132231404,0.9644749445232002,0.9999967369626577,1.0,1.7595608453183442,0.01570905013171471,1.4171214240781989e-06
GO:0009786,0/120 (0.0%),0/120 (0.0%),0.0,0.9663611576355747,0.9999967369626577,1.0,0.0,0.014860534604100355,1.4171214240781989e-06
GO:0008284,0/120 (0.0%),0/120 (0.0%),0.0,0.9663611576355747,0.9999967369626577,1.0,0.0,0.014860534604100355,1.4171214240781989e-06
GO:0006646,0/120 (0.0%),0/120 (0.0%),0.0,0.9663611576355747,0.9999967369626577,1.0,0.0,0.014860534604100355,1.4171214240781989e-06
GO:0008582,0/120 (0.0%),0/120 (0.0%),0.0,0.9663611576355747,0.9999967369626577,1.0,0.0,0.014860534604100355,1.4171214240781989e-06
GO:0036211,0/120 (0.0%),0/120 (0.0%),0.0,0.9663611576355747,0.9999967369626577,1.0,0.0,0.014860534604100355,1.4171214240781989e-06
GO:0043410,0/120 (0.0%),0/120 (0.0%),0.0,0.9663611576355747,0.9999967369626577,1.0,0.0,0.014860534604100355,1.4171214240781989e-06
GO:0031124,0/120 (0.0%),0/120 (0.0%),0.0,0.9663611576355747,0.9999967369626577,1.0,0.0,0.014860534604100355,1.4171214240781989e-06
GO:0042127,0/120 (0.0%),0/120 (0.0%),0.0,0.9663611576355747,0.9999967369626577,1.0,0.0,0.014860534604100355,1.4171214240781989e-06
GO:0051123,0/120 (0.0%),0/120 (0.0%),0.0,0.9663611576355747,0.9999967369626577,1.0,0.0,0.014860534604100355,1.4171214240781989e-06
GO:0043052,0/120 (0.0%),0/120 (0.0%),0.0,0.9663611576355747,0.9999967369626577,1.0,0.0,0.014860534604100355,1.4171214240781989e-06
GO:0071897,0/120 (0.0%),0/120 (0.0%),0.0,0.9663611576355747,0.9999967369626577,1.0,0.0,0.014860534604100355,1.4171214240781989e-06
GO:0090307,0/120 (0.0%),0/120 (0.0%),0.0,0.9663611576355747,0.9999967369626577,1.0,0.0,0.014860534604100355,1.4171214240781989e-06
GO:2000045,0/120 (0.0%),0/120 (0.0%),0.0,0.9663611576355747,0.9999967369626577,1.0,0.0,0.014860534604100355,1.4171214240781989e-06
GO:0032968,0/120 (0.0%),0/120 (0.0%),0.0,0.9663611576355747,0.9999967369626577,1.0,0.0,0.014860534604100355,1.4171214240781989e-06
GO:0040040,0/120 (0.0%),0/120 (0.0%),0.0,0.9663611576355747,0.9999967369626577,1.0,0.0,0.014860534604100355,1.4171214240781989e-06
GO:0051239,0/120 (0.0%),0/120 (0.0%),0.0,0.9663611576355747,0.9999967369626577,1.0,0.0,0.014860534604100355,1.4171214240781989e-06
GO:0090090,0/120 (0.0%),0/120 (0.0%),0.0,0.9663611576355747,0.9999967369626577,1.0,0.0,0.014860534604100355,1.4171214240781989e-06
GO:0010608,0/120 (0.0%),0/120 (0.0%),0.0,0.9663611576355747,0.9999967369626577,1.0,0.0,0.014860534604100355,1.4171214240781989e-06
GO:0035418,0/120 (0.0%),0/120 (0.0%),0.0,0.9663611576355747,0.9999967369626577,1.0,0.0,0.014860534604100355,1.4171214240781989e-06
GO:0050821,0/120 (0.0%),0/120 (0.0%),0.0,0.9663611576355747,0.9999967369626577,1.0,0.0,0.014860534604100355,1.4171214240781989e-06
GO:0055088,0/120 (0.0%),0/120 (0.0%),0.0,0.9663611576355747,0.9999967369626577,1.0,0.0,0.014860534604100355,1.4171214240781989e-06
GO:0009062,0/120 (0.0%),0/120 (0.0%),0.0,0.9663611576355747,0.9999967369626577,1.0,0.0,0.014860534604100355,1.4171214240781989e-06
GO:0009306,0/120 (0.0%),0/120 (0.0%),0.0,0.9663611576355747,0.9999967369626577,1.0,0.0,0.014860534604100355,1.4171214240781989e-06
GO:1902074,0/120 (0.0%),0/120 (0.0%),0.0,0.9663611576355747,0.9999967369626577,1.0,0.0,0.014860534604100355,1.4171214240781989e-06
GO:2000781,0/120 (0.0%),0/120 (0.0%),0.0,0.9663611576355747,0.9999967369626577,1.0,0.0,0.014860534604100355,1.4171214240781989e-06
GO:0009636,0/120 (0.0%),0/120 (0.0%),0.0,0.9663611576355747,0.9999967369626577,1.0,0.0,0.014860534604100355,1.4171214240781989e-06
GO:0030490,0/120 (0.0%),0/120 (0.0%),0.0,0.9663611576355747,0.9999967369626577,1.0,0.0,0.014860534604100355,1.4171214240781989e-06
GO:0048599,0/120 (0.0%),0/120 (0.0%),0.0,0.9663611576355747,0.9999967369626577,1.0,0.0,0.014860534604100355,1.4171214240781989e-06
GO:0009880,0/120 (0.0%),0/120 (0.0%),0.0,0.9663611576355747,0.9999967369626577,1.0,0.0,0.014860534604100355,1.4171214240781989e-06
GO:0007501,0/120 (0.0%),0/120 (0.0%),0.0,0.9663611576355747,0.9999967369626577,1.0,0.0,0.014860534604100355,1.4171214240781989e-06
GO:0071577,0/120 (0.0%),0/120 (0.0%),0.0,0.9663611576355747,0.9999967369626577,1.0,0.0,0.014860534604100355,1.4171214240781989e-06
GO:0051664,0/120 (0.0%),0/120 (0.0%),0.0,0.9663611576355747,0.9999967369626577,1.0,0.0,0.014860534604100355,1.4171214240781989e-06
GO:0030148,0/120 (0.0%),0/120 (0.0%),0.0,0.9663611576355747,0.9999967369626577,1.0,0.0,0.014860534604100355,1.4171214240781989e-06
GO:0007034,0/120 (0.0%),0/120 (0.0%),0.0,0.9663611576355747,0.9999967369626577,1.0,0.0,0.014860534604100355,1.4171214240781989e-06
GO:1904747,0/120 (0.0%),0/120 (0.0%),0.0,0.9663611576355747,0.9999967369626577,1.0,0.0,0.014860534604100355,1.4171214240781989e-06
GO:0031640,0/120 (0.0%),0/120 (0.0%),0.0,0.9687262600996539,0.9999967369626577,1.0,0.0,0.013798927307880036,1.4171214240781989e-06
GO:0008306,0/120 (0.0%),0/120 (0.0%),0.0,0.9687262600996539,0.9999967369626577,1.0,0.0,0.013798927307880036,1.4171214240781989e-06
GO:0006730,0/120 (0.0%),0/120 (0.0%),0.0,0.9687262600996539,0.9999967369626577,1.0,0.0,0.013798927307880036,1.4171214240781989e-06
GO:0000387,0/120 (0.0%),0/120 (0.0%),0.0,0.9687262600996539,0.9999967369626577,1.0,0.0,0.013798927307880036,1.4171214240781989e-06
GO:0030728,0/120 (0.0%),0/120 (0.0%),0.0,0.9687262600996539,0.9999967369626577,1.0,0.0,0.013798927307880036,1.4171214240781989e-06
GO:0072659,0/120 (0.0%),0/120 (0.0%),0.0,0.9687262600996539,0.9999967369626577,1.0,0.0,0.013798927307880036,1.4171214240781989e-06
GO:0019752,0/120 (0.0%),0/120 (0.0%),0.0,0.9687262600996539,0.9999967369626577,1.0,0.0,0.013798927307880036,1.4171214240781989e-06
GO:0030071,0/120 (0.0%),0/120 (0.0%),0.0,0.9687262600996539,0.9999967369626577,1.0,0.0,0.013798927307880036,1.4171214240781989e-06
GO:0007631,0/120 (0.0%),0/120 (0.0%),0.0,0.9687262600996539,0.9999967369626577,1.0,0.0,0.013798927307880036,1.4171214240781989e-06
GO:0006754,0/120 (0.0%),0/120 (0.0%),0.0,0.9687262600996539,0.9999967369626577,1.0,0.0,0.013798927307880036,1.4171214240781989e-06
GO:0008360,0/120 (0.0%),0/120 (0.0%),0.0,0.9687262600996539,0.9999967369626577,1.0,0.0,0.013798927307880036,1.4171214240781989e-06
GO:0032094,0/120 (0.0%),0/120 (0.0%),0.0,0.9687262600996539,0.9999967369626577,1.0,0.0,0.013798927307880036,1.4171214240781989e-06
GO:0046580,0/120 (0.0%),0/120 (0.0%),0.0,0.9687262600996539,0.9999967369626577,1.0,0.0,0.013798927307880036,1.4171214240781989e-06
GO:0031103,0/120 (0.0%),0/120 (0.0%),0.0,0.9687262600996539,0.9999967369626577,1.0,0.0,0.013798927307880036,1.4171214240781989e-06
GO:0001522,0/120 (0.0%),0/120 (0.0%),0.0,0.9687262600996539,0.9999967369626577,1.0,0.0,0.013798927307880036,1.4171214240781989e-06
GO:0007506,0/120 (0.0%),0/120 (0.0%),0.0,0.9687262600996539,0.9999967369626577,1.0,0.0,0.013798927307880036,1.4171214240781989e-06
GO:0035435,0/120 (0.0%),0/120 (0.0%),0.0,0.9687262600996539,0.9999967369626577,1.0,0.0,0.013798927307880036,1.4171214240781989e-06
GO:0019344,0/120 (0.0%),0/120 (0.0%),0.0,0.9687262600996539,0.9999967369626577,1.0,0.0,0.013798927307880036,1.4171214240781989e-06
GO:0006352,0/120 (0.0%),0/120 (0.0%),0.0,0.9687262600996539,0.9999967369626577,1.0,0.0,0.013798927307880036,1.4171214240781989e-06
GO:0015701,0/120 (0.0%),0/120 (0.0%),0.0,0.9687262600996539,0.9999967369626577,1.0,0.0,0.013798927307880036,1.4171214240781989e-06
GO:0061067,0/120 (0.0%),0/120 (0.0%),0.0,0.9687262600996539,0.9999967369626577,1.0,0.0,0.013798927307880036,1.4171214240781989e-06
GO:0043484,0/120 (0.0%),0/120 (0.0%),0.0,0.9687262600996539,0.9999967369626577,1.0,0.0,0.013798927307880036,1.4171214240781989e-06
GO:0006488,0/120 (0.0%),0/120 (0.0%),0.0,0.9687262600996539,0.9999967369626577,1.0,0.0,0.013798927307880036,1.4171214240781989e-06
GO:0060298,0/120 (0.0%),0/120 (0.0%),0.0,0.9687262600996539,0.9999967369626577,1.0,0.0,0.013798927307880036,1.4171214240781989e-06
GO:0015012,0/120 (0.0%),0/120 (0.0%),0.0,0.9687262600996539,0.9999967369626577,1.0,0.0,0.013798927307880036,1.4171214240781989e-06
GO:0060255,0/120 (0.0%),0/120 (0.0%),0.0,0.9687262600996539,0.9999967369626577,1.0,0.0,0.013798927307880036,1.4171214240781989e-06
GO:2000819,0/120 (0.0%),0/120 (0.0%),0.0,0.9687262600996539,0.9999967369626577,1.0,0.0,0.013798927307880036,1.4171214240781989e-06
GO:0007602,0/120 (0.0%),0/120 (0.0%),0.0,0.9687262600996539,0.9999967369626577,1.0,0.0,0.013798927307880036,1.4171214240781989e-06
GO:0001732,0/120 (0.0%),0/120 (0.0%),0.0,0.9687262600996539,0.9999967369626577,1.0,0.0,0.013798927307880036,1.4171214240781989e-06
GO:0048513,0/120 (0.0%),0/120 (0.0%),0.0,0.9687262600996539,0.9999967369626577,1.0,0.0,0.013798927307880036,1.4171214240781989e-06
GO:0008203,0/120 (0.0%),0/120 (0.0%),0.0,0.9687262600996539,0.9999967369626577,1.0,0.0,0.013798927307880036,1.4171214240781989e-06
GO:0000289,0/120 (0.0%),0/120 (0.0%),0.0,0.9710971026353848,0.9999967369626577,1.0,0.0,0.012737341636534474,1.4171214240781989e-06
GO:0140367,0/120 (0.0%),0/120 (0.0%),0.0,0.9710971026353848,0.9999967369626577,1.0,0.0,0.012737341636534474,1.4171214240781989e-06
GO:0030833,0/120 (0.0%),0/120 (0.0%),0.0,0.9710971026353848,0.9999967369626577,1.0,0.0,0.012737341636534474,1.4171214240781989e-06
GO:0007189,0/120 (0.0%),0/120 (0.0%),0.0,0.9710971026353848,0.9999967369626577,1.0,0.0,0.012737341636534474,1.4171214240781989e-06
GO:0006879,0/120 (0.0%),0/120 (0.0%),0.0,0.9710971026353848,0.9999967369626577,1.0,0.0,0.012737341636534474,1.4171214240781989e-06
GO:0045454,0/120 (0.0%),0/120 (0.0%),0.0,0.9710971026353848,0.9999967369626577,1.0,0.0,0.012737341636534474,1.4171214240781989e-06
GO:0050976,0/120 (0.0%),0/120 (0.0%),0.0,0.9710971026353848,0.9999967369626577,1.0,0.0,0.012737341636534474,1.4171214240781989e-06
GO:0010286,0/120 (0.0%),0/120 (0.0%),0.0,0.9710971026353848,0.9999967369626577,1.0,0.0,0.012737341636534474,1.4171214240781989e-06
GO:0046488,0/120 (0.0%),0/120 (0.0%),0.0,0.9710971026353848,0.9999967369626577,1.0,0.0,0.012737341636534474,1.4171214240781989e-06
GO:0006006,0/120 (0.0%),0/120 (0.0%),0.0,0.9710971026353848,0.9999967369626577,1.0,0.0,0.012737341636534474,1.4171214240781989e-06
GO:0009451,0/120 (0.0%),0/120 (0.0%),0.0,0.9710971026353848,0.9999967369626577,1.0,0.0,0.012737341636534474,1.4171214240781989e-06
GO:0034727,0/120 (0.0%),0/120 (0.0%),0.0,0.9710971026353848,0.9999967369626577,1.0,0.0,0.012737341636534474,1.4171214240781989e-06
GO:0035973,0/120 (0.0%),0/120 (0.0%),0.0,0.9710971026353848,0.9999967369626577,1.0,0.0,0.012737341636534474,1.4171214240781989e-06
GO:0090263,0/120 (0.0%),0/120 (0.0%),0.0,0.9710971026353848,0.9999967369626577,1.0,0.0,0.012737341636534474,1.4171214240781989e-06
GO:0010038,0/120 (0.0%),0/120 (0.0%),0.0,0.9710971026353848,0.9999967369626577,1.0,0.0,0.012737341636534474,1.4171214240781989e-06
GO:0009794,0/120 (0.0%),0/120 (0.0%),0.0,0.9710971026353848,0.9999967369626577,1.0,0.0,0.012737341636534474,1.4171214240781989e-06
GO:0015813,0/120 (0.0%),0/120 (0.0%),0.0,0.9710971026353848,0.9999967369626577,1.0,0.0,0.012737341636534474,1.4171214240781989e-06
GO:0071028,0/120 (0.0%),0/120 (0.0%),0.0,0.9710971026353848,0.9999967369626577,1.0,0.0,0.012737341636534474,1.4171214240781989e-06
GO:0007212,0/120 (0.0%),0/120 (0.0%),0.0,0.9710971026353848,0.9999967369626577,1.0,0.0,0.012737341636534474,1.4171214240781989e-06
GO:0061066,0/120 (0.0%),0/120 (0.0%),0.0,0.9710971026353848,0.9999967369626577,1.0,0.0,0.012737341636534474,1.4171214240781989e-06
GO:0050793,0/120 (0.0%),0/120 (0.0%),0.0,0.9710971026353848,0.9999967369626577,1.0,0.0,0.012737341636534474,1.4171214240781989e-06
GO:1902667,0/120 (0.0%),0/120 (0.0%),0.0,0.9710971026353848,0.9999967369626577,1.0,0.0,0.012737341636534474,1.4171214240781989e-06
GO:0051307,0/120 (0.0%),0/120 (0.0%),0.0,0.9710971026353848,0.9999967369626577,1.0,0.0,0.012737341636534474,1.4171214240781989e-06
GO:0006893,0/120 (0.0%),0/120 (0.0%),0.0,0.9710971026353848,0.9999967369626577,1.0,0.0,0.012737341636534474,1.4171214240781989e-06
GO:0055059,0/120 (0.0%),0/120 (0.0%),0.0,0.9710971026353848,0.9999967369626577,1.0,0.0,0.012737341636534474,1.4171214240781989e-06
GO:0042761,0/120 (0.0%),0/120 (0.0%),0.0,0.9710971026353848,0.9999967369626577,1.0,0.0,0.012737341636534474,1.4171214240781989e-06
GO:0042542,0/120 (0.0%),0/120 (0.0%),0.0,0.9710971026353848,0.9999967369626577,1.0,0.0,0.012737341636534474,1.4171214240781989e-06
GO:0016126,0/120 (0.0%),0/120 (0.0%),0.0,0.9710971026353848,0.9999967369626577,1.0,0.0,0.012737341636534474,1.4171214240781989e-06
GO:0010506,0/120 (0.0%),0/120 (0.0%),0.0,0.9710971026353848,0.9999967369626577,1.0,0.0,0.012737341636534474,1.4171214240781989e-06
GO:0010508,0/120 (0.0%),0/120 (0.0%),0.0,0.9710971026353848,0.9999967369626577,1.0,0.0,0.012737341636534474,1.4171214240781989e-06
GO:0051302,0/120 (0.0%),0/120 (0.0%),0.0,0.9710971026353848,0.9999967369626577,1.0,0.0,0.012737341636534474,1.4171214240781989e-06
GO:0007267,0/120 (0.0%),0/120 (0.0%),0.0,0.9710971026353848,0.9999967369626577,1.0,0.0,0.012737341636534474,1.4171214240781989e-06
GO:0048814,0/120 (0.0%),0/120 (0.0%),0.0,0.9710971026353848,0.9999967369626577,1.0,0.0,0.012737341636534474,1.4171214240781989e-06
GO:0048846,0/120 (0.0%),0/120 (0.0%),0.0,0.9710971026353848,0.9999967369626577,1.0,0.0,0.012737341636534474,1.4171214240781989e-06
GO:0006825,0/120 (0.0%),0/120 (0.0%),0.0,0.9710971026353848,0.9999967369626577,1.0,0.0,0.012737341636534474,1.4171214240781989e-06
GO:0000212,0/120 (0.0%),0/120 (0.0%),0.0,0.9710971026353848,0.9999967369626577,1.0,0.0,0.012737341636534474,1.4171214240781989e-06
GO:0035249,0/120 (0.0%),0/120 (0.0%),0.0,0.9710971026353848,0.9999967369626577,1.0,0.0,0.012737341636534474,1.4171214240781989e-06
GO:0034501,0/120 (0.0%),0/120 (0.0%),0.0,0.9710971026353848,0.9999967369626577,1.0,0.0,0.012737341636534474,1.4171214240781989e-06
GO:1902742,0/120 (0.0%),0/120 (0.0%),0.0,0.9710971026353848,0.9999967369626577,1.0,0.0,0.012737341636534474,1.4171214240781989e-06
GO:0090727,0/120 (0.0%),0/120 (0.0%),0.0,0.9710971026353848,0.9999967369626577,1.0,0.0,0.012737341636534474,1.4171214240781989e-06
GO:0007423,0/120 (0.0%),0/120 (0.0%),0.0,0.9710971026353848,0.9999967369626577,1.0,0.0,0.012737341636534474,1.4171214240781989e-06
GO:0006309,0/120 (0.0%),0/120 (0.0%),0.0,0.9710971026353848,0.9999967369626577,1.0,0.0,0.012737341636534474,1.4171214240781989e-06
GO:0006886,1/120 (0.8%),0/120 (0.0%),3.9019047619047624,0.9726040913231074,0.9999967369626577,1.0,1.9641785649268162,0.012063907875684276,1.4171214240781989e-06
GO:0035046,0/120 (0.0%),0/120 (0.0%),0.0,0.9734736990564941,0.9999967369626577,1.0,0.0,0.011675777589182722,1.4171214240781989e-06
GO:0007338,0/120 (0.0%),0/120 (0.0%),0.0,0.9734736990564941,0.9999967369626577,1.0,0.0,0.011675777589182722,1.4171214240781989e-06
GO:0038007,0/120 (0.0%),0/120 (0.0%),0.0,0.9734736990564941,0.9999967369626577,1.0,0.0,0.011675777589182722,1.4171214240781989e-06
GO:0007417,0/120 (0.0%),0/120 (0.0%),0.0,0.9734736990564941,0.9999967369626577,1.0,0.0,0.011675777589182722,1.4171214240781989e-06
GO:0019941,0/120 (0.0%),0/120 (0.0%),0.0,0.9734736990564941,0.9999967369626577,1.0,0.0,0.011675777589182722,1.4171214240781989e-06
GO:0060179,0/120 (0.0%),0/120 (0.0%),0.0,0.9734736990564941,0.9999967369626577,1.0,0.0,0.011675777589182722,1.4171214240781989e-06
GO:1904263,0/120 (0.0%),0/120 (0.0%),0.0,0.9734736990564941,0.9999967369626577,1.0,0.0,0.011675777589182722,1.4171214240781989e-06
GO:0006122,0/120 (0.0%),0/120 (0.0%),0.0,0.9734736990564941,0.9999967369626577,1.0,0.0,0.011675777589182722,1.4171214240781989e-06
GO:0007029,0/120 (0.0%),0/120 (0.0%),0.0,0.9734736990564941,0.9999967369626577,1.0,0.0,0.011675777589182722,1.4171214240781989e-06
GO:1905815,0/120 (0.0%),0/120 (0.0%),0.0,0.9734736990564941,0.9999967369626577,1.0,0.0,0.011675777589182722,1.4171214240781989e-06
GO:0006164,0/120 (0.0%),0/120 (0.0%),0.0,0.9734736990564941,0.9999967369626577,1.0,0.0,0.011675777589182722,1.4171214240781989e-06
GO:0048024,0/120 (0.0%),0/120 (0.0%),0.0,0.9734736990564941,0.9999967369626577,1.0,0.0,0.011675777589182722,1.4171214240781989e-06
GO:0007254,0/120 (0.0%),0/120 (0.0%),0.0,0.9734736990564941,0.9999967369626577,1.0,0.0,0.011675777589182722,1.4171214240781989e-06
GO:0007274,0/120 (0.0%),0/120 (0.0%),0.0,0.9734736990564941,0.9999967369626577,1.0,0.0,0.011675777589182722,1.4171214240781989e-06
GO:0035545,0/120 (0.0%),0/120 (0.0%),0.0,0.9734736990564941,0.9999967369626577,1.0,0.0,0.011675777589182722,1.4171214240781989e-06
GO:0002164,0/120 (0.0%),0/120 (0.0%),0.0,0.9734736990564941,0.9999967369626577,1.0,0.0,0.011675777589182722,1.4171214240781989e-06
GO:0051988,0/120 (0.0%),0/120 (0.0%),0.0,0.9734736990564941,0.9999967369626577,1.0,0.0,0.011675777589182722,1.4171214240781989e-06
GO:0070266,0/120 (0.0%),0/120 (0.0%),0.0,0.9734736990564941,0.9999967369626577,1.0,0.0,0.011675777589182722,1.4171214240781989e-06
GO:0031175,0/120 (0.0%),0/120 (0.0%),0.0,0.9734736990564941,0.9999967369626577,1.0,0.0,0.011675777589182722,1.4171214240781989e-06
GO:0030536,0/120 (0.0%),0/120 (0.0%),0.0,0.9734736990564941,0.9999967369626577,1.0,0.0,0.011675777589182722,1.4171214240781989e-06
GO:0030042,0/120 (0.0%),0/120 (0.0%),0.0,0.9734736990564941,0.9999967369626577,1.0,0.0,0.011675777589182722,1.4171214240781989e-06
GO:0030516,0/120 (0.0%),0/120 (0.0%),0.0,0.9734736990564941,0.9999967369626577,1.0,0.0,0.011675777589182722,1.4171214240781989e-06
GO:0060282,0/120 (0.0%),0/120 (0.0%),0.0,0.9734736990564941,0.9999967369626577,1.0,0.0,0.011675777589182722,1.4171214240781989e-06
GO:2000114,0/120 (0.0%),0/120 (0.0%),0.0,0.9734736990564941,0.9999967369626577,1.0,0.0,0.011675777589182722,1.4171214240781989e-06
GO:1900182,0/120 (0.0%),0/120 (0.0%),0.0,0.9734736990564941,0.9999967369626577,1.0,0.0,0.011675777589182722,1.4171214240781989e-06
GO:0032981,0/120 (0.0%),0/120 (0.0%),0.0,0.9734736990564941,0.9999967369626577,1.0,0.0,0.011675777589182722,1.4171214240781989e-06
GO:0000463,0/120 (0.0%),0/120 (0.0%),0.0,0.9734736990564941,0.9999967369626577,1.0,0.0,0.011675777589182722,1.4171214240781989e-06
GO:0000727,0/120 (0.0%),0/120 (0.0%),0.0,0.9734736990564941,0.9999967369626577,1.0,0.0,0.011675777589182722,1.4171214240781989e-06
GO:0006401,0/120 (0.0%),0/120 (0.0%),0.0,0.9734736990564941,0.9999967369626577,1.0,0.0,0.011675777589182722,1.4171214240781989e-06
GO:1905789,0/120 (0.0%),0/120 (0.0%),0.0,0.9734736990564941,0.9999967369626577,1.0,0.0,0.011675777589182722,1.4171214240781989e-06
GO:0030041,0/120 (0.0%),0/120 (0.0%),0.0,0.9734736990564941,0.9999967369626577,1.0,0.0,0.011675777589182722,1.4171214240781989e-06
GO:0007617,0/120 (0.0%),0/120 (0.0%),0.0,0.9734736990564941,0.9999967369626577,1.0,0.0,0.011675777589182722,1.4171214240781989e-06
GO:0048730,0/120 (0.0%),0/120 (0.0%),0.0,0.9734736990564941,0.9999967369626577,1.0,0.0,0.011675777589182722,1.4171214240781989e-06
GO:0093002,0/120 (0.0%),0/120 (0.0%),0.0,0.9734736990564941,0.9999967369626577,1.0,0.0,0.011675777589182722,1.4171214240781989e-06
GO:0030509,0/120 (0.0%),0/120 (0.0%),0.0,0.9734736990564941,0.9999967369626577,1.0,0.0,0.011675777589182722,1.4171214240781989e-06
GO:0008608,0/120 (0.0%),0/120 (0.0%),0.0,0.9734736990564941,0.9999967369626577,1.0,0.0,0.011675777589182722,1.4171214240781989e-06
GO:0001676,0/120 (0.0%),0/120 (0.0%),0.0,0.9734736990564941,0.9999967369626577,1.0,0.0,0.011675777589182722,1.4171214240781989e-06
GO:0005977,0/120 (0.0%),0/120 (0.0%),0.0,0.9734736990564941,0.9999967369626577,1.0,0.0,0.011675777589182722,1.4171214240781989e-06
GO:0007420,0/120 (0.0%),0/120 (0.0%),0.0,0.9734736990564941,0.9999967369626577,1.0,0.0,0.011675777589182722,1.4171214240781989e-06
GO:0072327,0/120 (0.0%),0/120 (0.0%),0.0,0.9734736990564941,0.9999967369626577,1.0,0.0,0.011675777589182722,1.4171214240781989e-06
GO:0014057,0/120 (0.0%),0/120 (0.0%),0.0,0.9734736990564941,0.9999967369626577,1.0,0.0,0.011675777589182722,1.4171214240781989e-06
GO:0007166,0/120 (0.0%),0/120 (0.0%),0.0,0.9734736990564941,0.9999967369626577,1.0,0.0,0.011675777589182722,1.4171214240781989e-06
GO:0061564,0/120 (0.0%),0/120 (0.0%),0.0,0.9734736990564941,0.9999967369626577,1.0,0.0,0.011675777589182722,1.4171214240781989e-06
GO:0043054,0/120 (0.0%),0/120 (0.0%),0.0,0.9734736990564941,0.9999967369626577,1.0,0.0,0.011675777589182722,1.4171214240781989e-06
GO:0042078,0/120 (0.0%),0/120 (0.0%),0.0,0.9734736990564941,0.9999967369626577,1.0,0.0,0.011675777589182722,1.4171214240781989e-06
GO:0010558,0/120 (0.0%),0/120 (0.0%),0.0,0.9734736990564941,0.9999967369626577,1.0,0.0,0.011675777589182722,1.4171214240781989e-06
GO:0006897,1/120 (0.8%),0/120 (0.0%),4.056435643564356,0.9745015633009918,0.9999967369626577,1.0,2.0202125998411438,0.011217459848104532,1.4171214240781989e-06
GO:0007218,1/120 (0.8%),0/120 (0.0%),4.056435643564356,0.9745015633009918,0.9999967369626577,1.0,2.0202125998411438,0.011217459848104532,1.4171214240781989e-06
GO:0090158,0/120 (0.0%),0/120 (0.0%),0.0,0.975856063209669,0.9999967369626577,1.0,0.0,0.010614235164943872,1.4171214240781989e-06
GO:0043277,0/120 (0.0%),0/120 (0.0%),0.0,0.975856063209669,0.9999967369626577,1.0,0.0,0.010614235164943872,1.4171214240781989e-06
GO:0007266,0/120 (0.0%),0/120 (0.0%),0.0,0.975856063209669,0.9999967369626577,1.0,0.0,0.010614235164943872,1.4171214240781989e-06
GO:1903863,0/120 (0.0%),0/120 (0.0%),0.0,0.975856063209669,0.9999967369626577,1.0,0.0,0.010614235164943872,1.4171214240781989e-06
GO:0007419,0/120 (0.0%),0/120 (0.0%),0.0,0.975856063209669,0.9999967369626577,1.0,0.0,0.010614235164943872,1.4171214240781989e-06
GO:0030473,0/120 (0.0%),0/120 (0.0%),0.0,0.975856063209669,0.9999967369626577,1.0,0.0,0.010614235164943872,1.4171214240781989e-06
GO:0006657,0/120 (0.0%),0/120 (0.0%),0.0,0.975856063209669,0.9999967369626577,1.0,0.0,0.010614235164943872,1.4171214240781989e-06
GO:0035434,0/120 (0.0%),0/120 (0.0%),0.0,0.975856063209669,0.9999967369626577,1.0,0.0,0.010614235164943872,1.4171214240781989e-06
GO:0035721,0/120 (0.0%),0/120 (0.0%),0.0,0.975856063209669,0.9999967369626577,1.0,0.0,0.010614235164943872,1.4171214240781989e-06
GO:0007530,0/120 (0.0%),0/120 (0.0%),0.0,0.975856063209669,0.9999967369626577,1.0,0.0,0.010614235164943872,1.4171214240781989e-06
GO:0034587,0/120 (0.0%),0/120 (0.0%),0.0,0.975856063209669,0.9999967369626577,1.0,0.0,0.010614235164943872,1.4171214240781989e-06
GO:0048337,0/120 (0.0%),0/120 (0.0%),0.0,0.975856063209669,0.9999967369626577,1.0,0.0,0.010614235164943872,1.4171214240781989e-06
GO:0050482,0/120 (0.0%),0/120 (0.0%),0.0,0.975856063209669,0.9999967369626577,1.0,0.0,0.010614235164943872,1.4171214240781989e-06
GO:0008078,0/120 (0.0%),0/120 (0.0%),0.0,0.975856063209669,0.9999967369626577,1.0,0.0,0.010614235164943872,1.4171214240781989e-06
GO:0034198,0/120 (0.0%),0/120 (0.0%),0.0,0.975856063209669,0.9999967369626577,1.0,0.0,0.010614235164943872,1.4171214240781989e-06
GO:0048699,0/120 (0.0%),0/120 (0.0%),0.0,0.975856063209669,0.9999967369626577,1.0,0.0,0.010614235164943872,1.4171214240781989e-06
GO:0009072,0/120 (0.0%),0/120 (0.0%),0.0,0.975856063209669,0.9999967369626577,1.0,0.0,0.010614235164943872,1.4171214240781989e-06
GO:0046034,0/120 (0.0%),0/120 (0.0%),0.0,0.975856063209669,0.9999967369626577,1.0,0.0,0.010614235164943872,1.4171214240781989e-06
GO:0010332,0/120 (0.0%),0/120 (0.0%),0.0,0.975856063209669,0.9999967369626577,1.0,0.0,0.010614235164943872,1.4171214240781989e-06
GO:0035150,0/120 (0.0%),0/120 (0.0%),0.0,0.975856063209669,0.9999967369626577,1.0,0.0,0.010614235164943872,1.4171214240781989e-06
GO:0006032,0/120 (0.0%),0/120 (0.0%),0.0,0.975856063209669,0.9999967369626577,1.0,0.0,0.010614235164943872,1.4171214240781989e-06
GO:0110155,0/120 (0.0%),0/120 (0.0%),0.0,0.975856063209669,0.9999967369626577,1.0,0.0,0.010614235164943872,1.4171214240781989e-06
GO:1905909,0/120 (0.0%),0/120 (0.0%),0.0,0.975856063209669,0.9999967369626577,1.0,0.0,0.010614235164943872,1.4171214240781989e-06
GO:0030953,0/120 (0.0%),0/120 (0.0%),0.0,0.975856063209669,0.9999967369626577,1.0,0.0,0.010614235164943872,1.4171214240781989e-06
GO:0060290,0/120 (0.0%),0/120 (0.0%),0.0,0.975856063209669,0.9999967369626577,1.0,0.0,0.010614235164943872,1.4171214240781989e-06
GO:1905792,0/120 (0.0%),0/120 (0.0%),0.0,0.975856063209669,0.9999967369626577,1.0,0.0,0.010614235164943872,1.4171214240781989e-06
GO:0042427,0/120 (0.0%),0/120 (0.0%),0.0,0.975856063209669,0.9999967369626577,1.0,0.0,0.010614235164943872,1.4171214240781989e-06
GO:0000470,0/120 (0.0%),0/120 (0.0%),0.0,0.975856063209669,0.9999967369626577,1.0,0.0,0.010614235164943872,1.4171214240781989e-06
GO:0007094,0/120 (0.0%),0/120 (0.0%),0.0,0.975856063209669,0.9999967369626577,1.0,0.0,0.010614235164943872,1.4171214240781989e-06
GO:0070593,0/120 (0.0%),0/120 (0.0%),0.0,0.975856063209669,0.9999967369626577,1.0,0.0,0.010614235164943872,1.4171214240781989e-06
GO:0006885,0/120 (0.0%),0/120 (0.0%),0.0,0.975856063209669,0.9999967369626577,1.0,0.0,0.010614235164943872,1.4171214240781989e-06
GO:0006123,0/120 (0.0%),0/120 (0.0%),0.0,0.975856063209669,0.9999967369626577,1.0,0.0,0.010614235164943872,1.4171214240781989e-06
GO:0006402,0/120 (0.0%),0/120 (0.0%),0.0,0.975856063209669,0.9999967369626577,1.0,0.0,0.010614235164943872,1.4171214240781989e-06
GO:0061709,0/120 (0.0%),0/120 (0.0%),0.0,0.975856063209669,0.9999967369626577,1.0,0.0,0.010614235164943872,1.4171214240781989e-06
GO:0050767,0/120 (0.0%),0/120 (0.0%),0.0,0.975856063209669,0.9999967369626577,1.0,0.0,0.010614235164943872,1.4171214240781989e-06
GO:0097723,0/120 (0.0%),0/120 (0.0%),0.0,0.975856063209669,0.9999967369626577,1.0,0.0,0.010614235164943872,1.4171214240781989e-06
GO:0046835,0/120 (0.0%),0/120 (0.0%),0.0,0.975856063209669,0.9999967369626577,1.0,0.0,0.010614235164943872,1.4171214240781989e-06
GO:0045292,0/120 (0.0%),0/120 (0.0%),0.0,0.975856063209669,0.9999967369626577,1.0,0.0,0.010614235164943872,1.4171214240781989e-06
GO:0007413,0/120 (0.0%),0/120 (0.0%),0.0,0.975856063209669,0.9999967369626577,1.0,0.0,0.010614235164943872,1.4171214240781989e-06
GO:1904491,0/120 (0.0%),0/120 (0.0%),0.0,0.975856063209669,0.9999967369626577,1.0,0.0,0.010614235164943872,1.4171214240781989e-06
GO:2000294,0/120 (0.0%),0/120 (0.0%),0.0,0.975856063209669,0.9999967369626577,1.0,0.0,0.010614235164943872,1.4171214240781989e-06
GO:0030511,0/120 (0.0%),0/120 (0.0%),0.0,0.975856063209669,0.9999967369626577,1.0,0.0,0.010614235164943872,1.4171214240781989e-06
GO:0007064,0/120 (0.0%),0/120 (0.0%),0.0,0.975856063209669,0.9999967369626577,1.0,0.0,0.010614235164943872,1.4171214240781989e-06
GO:1990170,0/120 (0.0%),0/120 (0.0%),0.0,0.975856063209669,0.9999967369626577,1.0,0.0,0.010614235164943872,1.4171214240781989e-06
GO:0042006,0/120 (0.0%),0/120 (0.0%),0.0,0.975856063209669,0.9999967369626577,1.0,0.0,0.010614235164943872,1.4171214240781989e-06
GO:0045595,0/120 (0.0%),0/120 (0.0%),0.0,0.975856063209669,0.9999967369626577,1.0,0.0,0.010614235164943872,1.4171214240781989e-06
GO:0051382,0/120 (0.0%),0/120 (0.0%),0.0,0.975856063209669,0.9999967369626577,1.0,0.0,0.010614235164943872,1.4171214240781989e-06
GO:0006298,0/120 (0.0%),0/120 (0.0%),0.0,0.975856063209669,0.9999967369626577,1.0,0.0,0.010614235164943872,1.4171214240781989e-06
GO:0031032,0/120 (0.0%),0/120 (0.0%),0.0,0.975856063209669,0.9999967369626577,1.0,0.0,0.010614235164943872,1.4171214240781989e-06
GO:0097475,0/120 (0.0%),0/120 (0.0%),0.0,0.975856063209669,0.9999967369626577,1.0,0.0,0.010614235164943872,1.4171214240781989e-06
GO:1905485,0/120 (0.0%),0/120 (0.0%),0.0,0.975856063209669,0.9999967369626577,1.0,0.0,0.010614235164943872,1.4171214240781989e-06
GO:0007060,0/120 (0.0%),0/120 (0.0%),0.0,0.975856063209669,0.9999967369626577,1.0,0.0,0.010614235164943872,1.4171214240781989e-06
GO:0045332,0/120 (0.0%),0/120 (0.0%),0.0,0.975856063209669,0.9999967369626577,1.0,0.0,0.010614235164943872,1.4171214240781989e-06
GO:0043518,0/120 (0.0%),0/120 (0.0%),0.0,0.975856063209669,0.9999967369626577,1.0,0.0,0.010614235164943872,1.4171214240781989e-06
GO:0061025,0/120 (0.0%),0/120 (0.0%),0.0,0.975856063209669,0.9999967369626577,1.0,0.0,0.010614235164943872,1.4171214240781989e-06
GO:0009755,0/120 (0.0%),0/120 (0.0%),0.0,0.975856063209669,0.9999967369626577,1.0,0.0,0.010614235164943872,1.4171214240781989e-06
GO:0007160,0/120 (0.0%),0/120 (0.0%),0.0,0.975856063209669,0.9999967369626577,1.0,0.0,0.010614235164943872,1.4171214240781989e-06
GO:0051177,0/120 (0.0%),0/120 (0.0%),0.0,0.975856063209669,0.9999967369626577,1.0,0.0,0.010614235164943872,1.4171214240781989e-06
GO:0006457,1/120 (0.8%),0/120 (0.0%),4.180612244897959,0.9758877226253228,0.9999967369626577,1.0,2.0637142384777305,0.010600145703386778,1.4171214240781989e-06
GO:0040011,1/120 (0.8%),0/120 (0.0%),4.223711340206186,0.9763426332426074,0.9999967369626577,1.0,2.078511240405811,0.010397746254133323,1.4171214240781989e-06
GO:0006656,0/120 (0.0%),0/120 (0.0%),0.0,0.978244208974636,0.9999967369626577,1.0,0.0,0.009552714362937068,1.4171214240781989e-06
GO:0006986,0/120 (0.0%),0/120 (0.0%),0.0,0.978244208974636,0.9999967369626577,1.0,0.0,0.009552714362937068,1.4171214240781989e-06
GO:0019363,0/120 (0.0%),0/120 (0.0%),0.0,0.978244208974636,0.9999967369626577,1.0,0.0,0.009552714362937068,1.4171214240781989e-06
GO:0019367,0/120 (0.0%),0/120 (0.0%),0.0,0.978244208974636,0.9999967369626577,1.0,0.0,0.009552714362937068,1.4171214240781989e-06
GO:0050913,0/120 (0.0%),0/120 (0.0%),0.0,0.978244208974636,0.9999967369626577,1.0,0.0,0.009552714362937068,1.4171214240781989e-06
GO:1901135,0/120 (0.0%),0/120 (0.0%),0.0,0.978244208974636,0.9999967369626577,1.0,0.0,0.009552714362937068,1.4171214240781989e-06
GO:0033314,0/120 (0.0%),0/120 (0.0%),0.0,0.978244208974636,0.9999967369626577,1.0,0.0,0.009552714362937068,1.4171214240781989e-06
GO:0006559,0/120 (0.0%),0/120 (0.0%),0.0,0.978244208974636,0.9999967369626577,1.0,0.0,0.009552714362937068,1.4171214240781989e-06
GO:0160096,0/120 (0.0%),0/120 (0.0%),0.0,0.978244208974636,0.9999967369626577,1.0,0.0,0.009552714362937068,1.4171214240781989e-06
GO:0120009,0/120 (0.0%),0/120 (0.0%),0.0,0.978244208974636,0.9999967369626577,1.0,0.0,0.009552714362937068,1.4171214240781989e-06
GO:0097499,0/120 (0.0%),0/120 (0.0%),0.0,0.978244208974636,0.9999967369626577,1.0,0.0,0.009552714362937068,1.4171214240781989e-06
GO:0030238,0/120 (0.0%),0/120 (0.0%),0.0,0.978244208974636,0.9999967369626577,1.0,0.0,0.009552714362937068,1.4171214240781989e-06
GO:0045814,0/120 (0.0%),0/120 (0.0%),0.0,0.978244208974636,0.9999967369626577,1.0,0.0,0.009552714362937068,1.4171214240781989e-06
GO:0045887,0/120 (0.0%),0/120 (0.0%),0.0,0.978244208974636,0.9999967369626577,1.0,0.0,0.009552714362937068,1.4171214240781989e-06
GO:0030031,0/120 (0.0%),0/120 (0.0%),0.0,0.978244208974636,0.9999967369626577,1.0,0.0,0.009552714362937068,1.4171214240781989e-06
GO:0097500,0/120 (0.0%),0/120 (0.0%),0.0,0.978244208974636,0.9999967369626577,1.0,0.0,0.009552714362937068,1.4171214240781989e-06
GO:0045732,0/120 (0.0%),0/120 (0.0%),0.0,0.978244208974636,0.9999967369626577,1.0,0.0,0.009552714362937068,1.4171214240781989e-06
GO:0010877,0/120 (0.0%),0/120 (0.0%),0.0,0.978244208974636,0.9999967369626577,1.0,0.0,0.009552714362937068,1.4171214240781989e-06
GO:0043137,0/120 (0.0%),0/120 (0.0%),0.0,0.978244208974636,0.9999967369626577,1.0,0.0,0.009552714362937068,1.4171214240781989e-06
GO:0043408,0/120 (0.0%),0/120 (0.0%),0.0,0.978244208974636,0.9999967369626577,1.0,0.0,0.009552714362937068,1.4171214240781989e-06
GO:0008593,0/120 (0.0%),0/120 (0.0%),0.0,0.978244208974636,0.9999967369626577,1.0,0.0,0.009552714362937068,1.4171214240781989e-06
GO:0008544,0/120 (0.0%),0/120 (0.0%),0.0,0.978244208974636,0.9999967369626577,1.0,0.0,0.009552714362937068,1.4171214240781989e-06
GO:0048841,0/120 (0.0%),0/120 (0.0%),0.0,0.978244208974636,0.9999967369626577,1.0,0.0,0.009552714362937068,1.4171214240781989e-06
GO:0008277,0/120 (0.0%),0/120 (0.0%),0.0,0.978244208974636,0.9999967369626577,1.0,0.0,0.009552714362937068,1.4171214240781989e-06
GO:0008630,0/120 (0.0%),0/120 (0.0%),0.0,0.978244208974636,0.9999967369626577,1.0,0.0,0.009552714362937068,1.4171214240781989e-06
GO:0045197,0/120 (0.0%),0/120 (0.0%),0.0,0.978244208974636,0.9999967369626577,1.0,0.0,0.009552714362937068,1.4171214240781989e-06
GO:0010446,0/120 (0.0%),0/120 (0.0%),0.0,0.978244208974636,0.9999967369626577,1.0,0.0,0.009552714362937068,1.4171214240781989e-06
GO:0048488,0/120 (0.0%),0/120 (0.0%),0.0,0.978244208974636,0.9999967369626577,1.0,0.0,0.009552714362937068,1.4171214240781989e-06
GO:0048691,0/120 (0.0%),0/120 (0.0%),0.0,0.978244208974636,0.9999967369626577,1.0,0.0,0.009552714362937068,1.4171214240781989e-06
GO:0010883,0/120 (0.0%),0/120 (0.0%),0.0,0.978244208974636,0.9999967369626577,1.0,0.0,0.009552714362937068,1.4171214240781989e-06
GO:0008361,0/120 (0.0%),0/120 (0.0%),0.0,0.978244208974636,0.9999967369626577,1.0,0.0,0.009552714362937068,1.4171214240781989e-06
GO:0008344,0/120 (0.0%),0/120 (0.0%),0.0,0.978244208974636,0.9999967369626577,1.0,0.0,0.009552714362937068,1.4171214240781989e-06
GO:0046686,0/120 (0.0%),0/120 (0.0%),0.0,0.978244208974636,0.9999967369626577,1.0,0.0,0.009552714362937068,1.4171214240781989e-06
GO:0032222,0/120 (0.0%),0/120 (0.0%),0.0,0.978244208974636,0.9999967369626577,1.0,0.0,0.009552714362937068,1.4171214240781989e-06
GO:0006654,0/120 (0.0%),0/120 (0.0%),0.0,0.978244208974636,0.9999967369626577,1.0,0.0,0.009552714362937068,1.4171214240781989e-06
GO:0009267,0/120 (0.0%),0/120 (0.0%),0.0,0.978244208974636,0.9999967369626577,1.0,0.0,0.009552714362937068,1.4171214240781989e-06
GO:0009086,0/120 (0.0%),0/120 (0.0%),0.0,0.978244208974636,0.9999967369626577,1.0,0.0,0.009552714362937068,1.4171214240781989e-06
GO:1905516,0/120 (0.0%),0/120 (0.0%),0.0,0.978244208974636,0.9999967369626577,1.0,0.0,0.009552714362937068,1.4171214240781989e-06
GO:0048193,0/120 (0.0%),0/120 (0.0%),0.0,0.978244208974636,0.9999967369626577,1.0,0.0,0.009552714362937068,1.4171214240781989e-06
GO:0006777,0/120 (0.0%),0/120 (0.0%),0.0,0.978244208974636,0.9999967369626577,1.0,0.0,0.009552714362937068,1.4171214240781989e-06
GO:1902358,0/120 (0.0%),0/120 (0.0%),0.0,0.978244208974636,0.9999967369626577,1.0,0.0,0.009552714362937068,1.4171214240781989e-06
GO:0001555,0/120 (0.0%),0/120 (0.0%),0.0,0.978244208974636,0.9999967369626577,1.0,0.0,0.009552714362937068,1.4171214240781989e-06
GO:0034314,0/120 (0.0%),0/120 (0.0%),0.0,0.978244208974636,0.9999967369626577,1.0,0.0,0.009552714362937068,1.4171214240781989e-06
GO:0045746,0/120 (0.0%),0/120 (0.0%),0.0,0.978244208974636,0.9999967369626577,1.0,0.0,0.009552714362937068,1.4171214240781989e-06
GO:0032228,0/120 (0.0%),0/120 (0.0%),0.0,0.978244208974636,0.9999967369626577,1.0,0.0,0.009552714362937068,1.4171214240781989e-06
GO:1901642,0/120 (0.0%),0/120 (0.0%),0.0,0.978244208974636,0.9999967369626577,1.0,0.0,0.009552714362937068,1.4171214240781989e-06
GO:0016358,0/120 (0.0%),0/120 (0.0%),0.0,0.978244208974636,0.9999967369626577,1.0,0.0,0.009552714362937068,1.4171214240781989e-06
GO:0051965,0/120 (0.0%),0/120 (0.0%),0.0,0.978244208974636,0.9999967369626577,1.0,0.0,0.009552714362937068,1.4171214240781989e-06
GO:0016070,0/120 (0.0%),0/120 (0.0%),0.0,0.978244208974636,0.9999967369626577,1.0,0.0,0.009552714362937068,1.4171214240781989e-06
GO:0072583,0/120 (0.0%),0/120 (0.0%),0.0,0.978244208974636,0.9999967369626577,1.0,0.0,0.009552714362937068,1.4171214240781989e-06
GO:0006465,0/120 (0.0%),0/120 (0.0%),0.0,0.978244208974636,0.9999967369626577,1.0,0.0,0.009552714362937068,1.4171214240781989e-06
GO:0006884,0/120 (0.0%),0/120 (0.0%),0.0,0.978244208974636,0.9999967369626577,1.0,0.0,0.009552714362937068,1.4171214240781989e-06
GO:0006913,0/120 (0.0%),0/120 (0.0%),0.0,0.978244208974636,0.9999967369626577,1.0,0.0,0.009552714362937068,1.4171214240781989e-06
GO:0006833,0/120 (0.0%),0/120 (0.0%),0.0,0.978244208974636,0.9999967369626577,1.0,0.0,0.009552714362937068,1.4171214240781989e-06
GO:0035966,0/120 (0.0%),0/120 (0.0%),0.0,0.978244208974636,0.9999967369626577,1.0,0.0,0.009552714362937068,1.4171214240781989e-06
GO:0034625,0/120 (0.0%),0/120 (0.0%),0.0,0.978244208974636,0.9999967369626577,1.0,0.0,0.009552714362937068,1.4171214240781989e-06
GO:0034626,0/120 (0.0%),0/120 (0.0%),0.0,0.978244208974636,0.9999967369626577,1.0,0.0,0.009552714362937068,1.4171214240781989e-06
GO:0035641,0/120 (0.0%),0/120 (0.0%),0.0,0.978244208974636,0.9999967369626577,1.0,0.0,0.009552714362937068,1.4171214240781989e-06
GO:0090522,0/120 (0.0%),0/120 (0.0%),0.0,0.978244208974636,0.9999967369626577,1.0,0.0,0.009552714362937068,1.4171214240781989e-06
GO:0010165,0/120 (0.0%),0/120 (0.0%),0.0,0.978244208974636,0.9999967369626577,1.0,0.0,0.009552714362937068,1.4171214240781989e-06
GO:0072334,0/120 (0.0%),0/120 (0.0%),0.0,0.978244208974636,0.9999967369626577,1.0,0.0,0.009552714362937068,1.4171214240781989e-06
GO:0000460,0/120 (0.0%),0/120 (0.0%),0.0,0.978244208974636,0.9999967369626577,1.0,0.0,0.009552714362937068,1.4171214240781989e-06
GO:0006623,0/120 (0.0%),0/120 (0.0%),0.0,0.978244208974636,0.9999967369626577,1.0,0.0,0.009552714362937068,1.4171214240781989e-06
GO:0036376,0/120 (0.0%),0/120 (0.0%),0.0,0.978244208974636,0.9999967369626577,1.0,0.0,0.009552714362937068,1.4171214240781989e-06
GO:0007095,0/120 (0.0%),0/120 (0.0%),0.0,0.978244208974636,0.9999967369626577,1.0,0.0,0.009552714362937068,1.4171214240781989e-06
GO:0007098,0/120 (0.0%),0/120 (0.0%),0.0,0.978244208974636,0.9999967369626577,1.0,0.0,0.009552714362937068,1.4171214240781989e-06
GO:0043039,0/120 (0.0%),0/120 (0.0%),0.0,0.978244208974636,0.9999967369626577,1.0,0.0,0.009552714362937068,1.4171214240781989e-06
GO:2000370,0/120 (0.0%),0/120 (0.0%),0.0,0.978244208974636,0.9999967369626577,1.0,0.0,0.009552714362937068,1.4171214240781989e-06
GO:1905910,0/120 (0.0%),0/120 (0.0%),0.0,0.978244208974636,0.9999967369626577,1.0,0.0,0.009552714362937068,1.4171214240781989e-06
GO:0007178,0/120 (0.0%),0/120 (0.0%),0.0,0.978244208974636,0.9999967369626577,1.0,0.0,0.009552714362937068,1.4171214240781989e-06
GO:0000303,0/120 (0.0%),0/120 (0.0%),0.0,0.978244208974636,0.9999967369626577,1.0,0.0,0.009552714362937068,1.4171214240781989e-06
GO:0031167,0/120 (0.0%),0/120 (0.0%),0.0,0.978244208974636,0.9999967369626577,1.0,0.0,0.009552714362937068,1.4171214240781989e-06
GO:1903818,0/120 (0.0%),0/120 (0.0%),0.0,0.978244208974636,0.9999967369626577,1.0,0.0,0.009552714362937068,1.4171214240781989e-06
GO:0051276,0/120 (0.0%),0/120 (0.0%),0.0,0.978244208974636,0.9999967369626577,1.0,0.0,0.009552714362937068,1.4171214240781989e-06
GO:0007229,0/120 (0.0%),0/120 (0.0%),0.0,0.978244208974636,0.9999967369626577,1.0,0.0,0.009552714362937068,1.4171214240781989e-06
GO:0007200,0/120 (0.0%),0/120 (0.0%),0.0,0.978244208974636,0.9999967369626577,1.0,0.0,0.009552714362937068,1.4171214240781989e-06
GO:0045039,0/120 (0.0%),0/120 (0.0%),0.0,0.978244208974636,0.9999967369626577,1.0,0.0,0.009552714362937068,1.4171214240781989e-06
GO:0015812,0/120 (0.0%),0/120 (0.0%),0.0,0.978244208974636,0.9999967369626577,1.0,0.0,0.009552714362937068,1.4171214240781989e-06
GO:0042335,0/120 (0.0%),0/120 (0.0%),0.0,0.978244208974636,0.9999967369626577,1.0,0.0,0.009552714362937068,1.4171214240781989e-06
GO:0051026,0/120 (0.0%),0/120 (0.0%),0.0,0.978244208974636,0.9999967369626577,1.0,0.0,0.009552714362937068,1.4171214240781989e-06
GO:0040015,0/120 (0.0%),0/120 (0.0%),0.0,0.978244208974636,0.9999967369626577,1.0,0.0,0.009552714362937068,1.4171214240781989e-06
GO:0042059,0/120 (0.0%),0/120 (0.0%),0.0,0.978244208974636,0.9999967369626577,1.0,0.0,0.009552714362937068,1.4171214240781989e-06
GO:0042795,0/120 (0.0%),0/120 (0.0%),0.0,0.978244208974636,0.9999967369626577,1.0,0.0,0.009552714362937068,1.4171214240781989e-06
GO:0002064,0/120 (0.0%),0/120 (0.0%),0.0,0.978244208974636,0.9999967369626577,1.0,0.0,0.009552714362937068,1.4171214240781989e-06
GO:0051256,0/120 (0.0%),0/120 (0.0%),0.0,0.978244208974636,0.9999967369626577,1.0,0.0,0.009552714362937068,1.4171214240781989e-06
GO:0016079,0/120 (0.0%),0/120 (0.0%),0.0,0.978244208974636,0.9999967369626577,1.0,0.0,0.009552714362937068,1.4171214240781989e-06
GO:0043068,0/120 (0.0%),0/120 (0.0%),0.0,0.978244208974636,0.9999967369626577,1.0,0.0,0.009552714362937068,1.4171214240781989e-06
GO:0051017,0/120 (0.0%),0/120 (0.0%),0.0,0.978244208974636,0.9999967369626577,1.0,0.0,0.009552714362937068,1.4171214240781989e-06
GO:0001708,1/120 (0.8%),0/120 (0.0%),4.502197802197802,0.9789956990028487,0.9999967369626577,1.0,2.1706294423942425,0.00921921616768199,1.4171214240781989e-06
GO:0071805,1/120 (0.8%),0/120 (0.0%),4.603370786516853,0.9798504642466631,0.9999967369626577,1.0,2.2026906516265408,0.008840197274583215,1.4171214240781989e-06
GO:0048813,0/120 (0.0%),0/120 (0.0%),0.0,0.9806381502642387,0.9999967369626577,1.0,0.0,0.008491215182281452,1.4171214240781989e-06
GO:0010754,0/120 (0.0%),0/120 (0.0%),0.0,0.9806381502642387,0.9999967369626577,1.0,0.0,0.008491215182281452,1.4171214240781989e-06
GO:1905936,0/120 (0.0%),0/120 (0.0%),0.0,0.9806381502642387,0.9999967369626577,1.0,0.0,0.008491215182281452,1.4171214240781989e-06
GO:0051781,0/120 (0.0%),0/120 (0.0%),0.0,0.9806381502642387,0.9999967369626577,1.0,0.0,0.008491215182281452,1.4171214240781989e-06
GO:0008299,0/120 (0.0%),0/120 (0.0%),0.0,0.9806381502642387,0.9999967369626577,1.0,0.0,0.008491215182281452,1.4171214240781989e-06
GO:0006636,0/120 (0.0%),0/120 (0.0%),0.0,0.9806381502642387,0.9999967369626577,1.0,0.0,0.008491215182281452,1.4171214240781989e-06
GO:2000292,0/120 (0.0%),0/120 (0.0%),0.0,0.9806381502642387,0.9999967369626577,1.0,0.0,0.008491215182281452,1.4171214240781989e-06
GO:0016925,0/120 (0.0%),0/120 (0.0%),0.0,0.9806381502642387,0.9999967369626577,1.0,0.0,0.008491215182281452,1.4171214240781989e-06
GO:0007062,0/120 (0.0%),0/120 (0.0%),0.0,0.9806381502642387,0.9999967369626577,1.0,0.0,0.008491215182281452,1.4171214240781989e-06
GO:0007076,0/120 (0.0%),0/120 (0.0%),0.0,0.9806381502642387,0.9999967369626577,1.0,0.0,0.008491215182281452,1.4171214240781989e-06
GO:0016075,0/120 (0.0%),0/120 (0.0%),0.0,0.9806381502642387,0.9999967369626577,1.0,0.0,0.008491215182281452,1.4171214240781989e-06
GO:1901970,0/120 (0.0%),0/120 (0.0%),0.0,0.9806381502642387,0.9999967369626577,1.0,0.0,0.008491215182281452,1.4171214240781989e-06
GO:0140021,0/120 (0.0%),0/120 (0.0%),0.0,0.9806381502642387,0.9999967369626577,1.0,0.0,0.008491215182281452,1.4171214240781989e-06
GO:0016081,0/120 (0.0%),0/120 (0.0%),0.0,0.9806381502642387,0.9999967369626577,1.0,0.0,0.008491215182281452,1.4171214240781989e-06
GO:0006518,0/120 (0.0%),0/120 (0.0%),0.0,0.9806381502642387,0.9999967369626577,1.0,0.0,0.008491215182281452,1.4171214240781989e-06
GO:1903354,0/120 (0.0%),0/120 (0.0%),0.0,0.9806381502642387,0.9999967369626577,1.0,0.0,0.008491215182281452,1.4171214240781989e-06
GO:0030497,0/120 (0.0%),0/120 (0.0%),0.0,0.9806381502642387,0.9999967369626577,1.0,0.0,0.008491215182281452,1.4171214240781989e-06
GO:0030336,0/120 (0.0%),0/120 (0.0%),0.0,0.9806381502642387,0.9999967369626577,1.0,0.0,0.008491215182281452,1.4171214240781989e-06
GO:0032511,0/120 (0.0%),0/120 (0.0%),0.0,0.9806381502642387,0.9999967369626577,1.0,0.0,0.008491215182281452,1.4171214240781989e-06
GO:0006572,0/120 (0.0%),0/120 (0.0%),0.0,0.9806381502642387,0.9999967369626577,1.0,0.0,0.008491215182281452,1.4171214240781989e-06
GO:0009435,0/120 (0.0%),0/120 (0.0%),0.0,0.9806381502642387,0.9999967369626577,1.0,0.0,0.008491215182281452,1.4171214240781989e-06
GO:0006883,0/120 (0.0%),0/120 (0.0%),0.0,0.9806381502642387,0.9999967369626577,1.0,0.0,0.008491215182281452,1.4171214240781989e-06
GO:1903998,0/120 (0.0%),0/120 (0.0%),0.0,0.9806381502642387,0.9999967369626577,1.0,0.0,0.008491215182281452,1.4171214240781989e-06
GO:0031272,0/120 (0.0%),0/120 (0.0%),0.0,0.9806381502642387,0.9999967369626577,1.0,0.0,0.008491215182281452,1.4171214240781989e-06
GO:0000302,0/120 (0.0%),0/120 (0.0%),0.0,0.9806381502642387,0.9999967369626577,1.0,0.0,0.008491215182281452,1.4171214240781989e-06
GO:1990544,0/120 (0.0%),0/120 (0.0%),0.0,0.9806381502642387,0.9999967369626577,1.0,0.0,0.008491215182281452,1.4171214240781989e-06
GO:0000245,0/120 (0.0%),0/120 (0.0%),0.0,0.9806381502642387,0.9999967369626577,1.0,0.0,0.008491215182281452,1.4171214240781989e-06
GO:1904936,0/120 (0.0%),0/120 (0.0%),0.0,0.9806381502642387,0.9999967369626577,1.0,0.0,0.008491215182281452,1.4171214240781989e-06
GO:1904811,0/120 (0.0%),0/120 (0.0%),0.0,0.9806381502642387,0.9999967369626577,1.0,0.0,0.008491215182281452,1.4171214240781989e-06
GO:0000266,0/120 (0.0%),0/120 (0.0%),0.0,0.9806381502642387,0.9999967369626577,1.0,0.0,0.008491215182281452,1.4171214240781989e-06
GO:0051225,0/120 (0.0%),0/120 (0.0%),0.0,0.9806381502642387,0.9999967369626577,1.0,0.0,0.008491215182281452,1.4171214240781989e-06
GO:0051306,0/120 (0.0%),0/120 (0.0%),0.0,0.9806381502642387,0.9999967369626577,1.0,0.0,0.008491215182281452,1.4171214240781989e-06
GO:0007173,0/120 (0.0%),0/120 (0.0%),0.0,0.9806381502642387,0.9999967369626577,1.0,0.0,0.008491215182281452,1.4171214240781989e-06
GO:0051661,0/120 (0.0%),0/120 (0.0%),0.0,0.9806381502642387,0.9999967369626577,1.0,0.0,0.008491215182281452,1.4171214240781989e-06
GO:0016973,0/120 (0.0%),0/120 (0.0%),0.0,0.9806381502642387,0.9999967369626577,1.0,0.0,0.008491215182281452,1.4171214240781989e-06
GO:0042796,0/120 (0.0%),0/120 (0.0%),0.0,0.9806381502642387,0.9999967369626577,1.0,0.0,0.008491215182281452,1.4171214240781989e-06
GO:0000028,0/120 (0.0%),0/120 (0.0%),0.0,0.9806381502642387,0.9999967369626577,1.0,0.0,0.008491215182281452,1.4171214240781989e-06
GO:0007035,0/120 (0.0%),0/120 (0.0%),0.0,0.9806381502642387,0.9999967369626577,1.0,0.0,0.008491215182281452,1.4171214240781989e-06
GO:0007567,0/120 (0.0%),0/120 (0.0%),0.0,0.9806381502642387,0.9999967369626577,1.0,0.0,0.008491215182281452,1.4171214240781989e-06
GO:0006611,0/120 (0.0%),0/120 (0.0%),0.0,0.9806381502642387,0.9999967369626577,1.0,0.0,0.008491215182281452,1.4171214240781989e-06
GO:0008643,0/120 (0.0%),0/120 (0.0%),0.0,0.9806381502642387,0.9999967369626577,1.0,0.0,0.008491215182281452,1.4171214240781989e-06
GO:0030155,0/120 (0.0%),0/120 (0.0%),0.0,0.9806381502642387,0.9999967369626577,1.0,0.0,0.008491215182281452,1.4171214240781989e-06
GO:0046785,0/120 (0.0%),0/120 (0.0%),0.0,0.9806381502642387,0.9999967369626577,1.0,0.0,0.008491215182281452,1.4171214240781989e-06
GO:0030239,0/120 (0.0%),0/120 (0.0%),0.0,0.9806381502642387,0.9999967369626577,1.0,0.0,0.008491215182281452,1.4171214240781989e-06
GO:0034504,0/120 (0.0%),0/120 (0.0%),0.0,0.9806381502642387,0.9999967369626577,1.0,0.0,0.008491215182281452,1.4171214240781989e-06
GO:0046940,0/120 (0.0%),0/120 (0.0%),0.0,0.9806381502642387,0.9999967369626577,1.0,0.0,0.008491215182281452,1.4171214240781989e-06
GO:0000422,0/120 (0.0%),0/120 (0.0%),0.0,0.9806381502642387,0.9999967369626577,1.0,0.0,0.008491215182281452,1.4171214240781989e-06
GO:0009266,0/120 (0.0%),0/120 (0.0%),0.0,0.9806381502642387,0.9999967369626577,1.0,0.0,0.008491215182281452,1.4171214240781989e-06
GO:0046579,0/120 (0.0%),0/120 (0.0%),0.0,0.9806381502642387,0.9999967369626577,1.0,0.0,0.008491215182281452,1.4171214240781989e-06
GO:0010631,0/120 (0.0%),0/120 (0.0%),0.0,0.9806381502642387,0.9999967369626577,1.0,0.0,0.008491215182281452,1.4171214240781989e-06
GO:0019532,0/120 (0.0%),0/120 (0.0%),0.0,0.9806381502642387,0.9999967369626577,1.0,0.0,0.008491215182281452,1.4171214240781989e-06
GO:0006094,0/120 (0.0%),0/120 (0.0%),0.0,0.9806381502642387,0.9999967369626577,1.0,0.0,0.008491215182281452,1.4171214240781989e-06
GO:0050921,0/120 (0.0%),0/120 (0.0%),0.0,0.9806381502642387,0.9999967369626577,1.0,0.0,0.008491215182281452,1.4171214240781989e-06
GO:0097352,0/120 (0.0%),0/120 (0.0%),0.0,0.9806381502642387,0.9999967369626577,1.0,0.0,0.008491215182281452,1.4171214240781989e-06
GO:0034608,0/120 (0.0%),0/120 (0.0%),0.0,0.9806381502642387,0.9999967369626577,1.0,0.0,0.008491215182281452,1.4171214240781989e-06
GO:0006801,0/120 (0.0%),0/120 (0.0%),0.0,0.9806381502642387,0.9999967369626577,1.0,0.0,0.008491215182281452,1.4171214240781989e-06
GO:1904262,0/120 (0.0%),0/120 (0.0%),0.0,0.9806381502642387,0.9999967369626577,1.0,0.0,0.008491215182281452,1.4171214240781989e-06
GO:0034472,0/120 (0.0%),0/120 (0.0%),0.0,0.9806381502642387,0.9999967369626577,1.0,0.0,0.008491215182281452,1.4171214240781989e-06
GO:0090481,0/120 (0.0%),0/120 (0.0%),0.0,0.9806381502642387,0.9999967369626577,1.0,0.0,0.008491215182281452,1.4171214240781989e-06
GO:0034475,0/120 (0.0%),0/120 (0.0%),0.0,0.9806381502642387,0.9999967369626577,1.0,0.0,0.008491215182281452,1.4171214240781989e-06
GO:0051016,0/120 (0.0%),0/120 (0.0%),0.0,0.9806381502642387,0.9999967369626577,1.0,0.0,0.008491215182281452,1.4171214240781989e-06
GO:0040022,0/120 (0.0%),0/120 (0.0%),0.0,0.9806381502642387,0.9999967369626577,1.0,0.0,0.008491215182281452,1.4171214240781989e-06
GO:0042744,0/120 (0.0%),0/120 (0.0%),0.0,0.9806381502642387,0.9999967369626577,1.0,0.0,0.008491215182281452,1.4171214240781989e-06
GO:0003006,0/120 (0.0%),0/120 (0.0%),0.0,0.9806381502642387,0.9999967369626577,1.0,0.0,0.008491215182281452,1.4171214240781989e-06
GO:0006383,0/120 (0.0%),0/120 (0.0%),0.0,0.9806381502642387,0.9999967369626577,1.0,0.0,0.008491215182281452,1.4171214240781989e-06
GO:0006376,0/120 (0.0%),0/120 (0.0%),0.0,0.9806381502642387,0.9999967369626577,1.0,0.0,0.008491215182281452,1.4171214240781989e-06
GO:0001966,0/120 (0.0%),0/120 (0.0%),0.0,0.9806381502642387,0.9999967369626577,1.0,0.0,0.008491215182281452,1.4171214240781989e-06
GO:0016322,0/120 (0.0%),0/120 (0.0%),0.0,0.9806381502642387,0.9999967369626577,1.0,0.0,0.008491215182281452,1.4171214240781989e-06
GO:2000643,0/120 (0.0%),0/120 (0.0%),0.0,0.9806381502642387,0.9999967369626577,1.0,0.0,0.008491215182281452,1.4171214240781989e-06
GO:0042811,0/120 (0.0%),0/120 (0.0%),0.0,0.9806381502642387,0.9999967369626577,1.0,0.0,0.008491215182281452,1.4171214240781989e-06
GO:0032012,0/120 (0.0%),0/120 (0.0%),0.0,0.9806381502642387,0.9999967369626577,1.0,0.0,0.008491215182281452,1.4171214240781989e-06
GO:0000467,0/120 (0.0%),0/120 (0.0%),0.0,0.9806381502642387,0.9999967369626577,1.0,0.0,0.008491215182281452,1.4171214240781989e-06
GO:0070507,0/120 (0.0%),0/120 (0.0%),0.0,0.9806381502642387,0.9999967369626577,1.0,0.0,0.008491215182281452,1.4171214240781989e-06
GO:0007616,0/120 (0.0%),0/120 (0.0%),0.0,0.9806381502642387,0.9999967369626577,1.0,0.0,0.008491215182281452,1.4171214240781989e-06
GO:0017121,0/120 (0.0%),0/120 (0.0%),0.0,0.9806381502642387,0.9999967369626577,1.0,0.0,0.008491215182281452,1.4171214240781989e-06
GO:0071542,0/120 (0.0%),0/120 (0.0%),0.0,0.9806381502642387,0.9999967369626577,1.0,0.0,0.008491215182281452,1.4171214240781989e-06
GO:0006882,0/120 (0.0%),0/120 (0.0%),0.0,0.9806381502642387,0.9999967369626577,1.0,0.0,0.008491215182281452,1.4171214240781989e-06
GO:0038066,0/120 (0.0%),0/120 (0.0%),0.0,0.9806381502642387,0.9999967369626577,1.0,0.0,0.008491215182281452,1.4171214240781989e-06
GO:0022008,0/120 (0.0%),0/120 (0.0%),0.0,0.9806381502642387,0.9999967369626577,1.0,0.0,0.008491215182281452,1.4171214240781989e-06
GO:0000380,0/120 (0.0%),0/120 (0.0%),0.0,0.9806381502642387,0.9999967369626577,1.0,0.0,0.008491215182281452,1.4171214240781989e-06
GO:0045910,0/120 (0.0%),0/120 (0.0%),0.0,0.9806381502642387,0.9999967369626577,1.0,0.0,0.008491215182281452,1.4171214240781989e-06
GO:0048278,0/120 (0.0%),0/120 (0.0%),0.0,0.9806381502642387,0.9999967369626577,1.0,0.0,0.008491215182281452,1.4171214240781989e-06
GO:0098734,0/120 (0.0%),0/120 (0.0%),0.0,0.9806381502642387,0.9999967369626577,1.0,0.0,0.008491215182281452,1.4171214240781989e-06
GO:0098813,0/120 (0.0%),0/120 (0.0%),0.0,0.9806381502642387,0.9999967369626577,1.0,0.0,0.008491215182281452,1.4171214240781989e-06
GO:0045047,0/120 (0.0%),0/120 (0.0%),0.0,0.9806381502642387,0.9999967369626577,1.0,0.0,0.008491215182281452,1.4171214240781989e-06
GO:0032224,0/120 (0.0%),0/120 (0.0%),0.0,0.9806381502642387,0.9999967369626577,1.0,0.0,0.008491215182281452,1.4171214240781989e-06
GO:0061512,0/120 (0.0%),0/120 (0.0%),0.0,0.9806381502642387,0.9999967369626577,1.0,0.0,0.008491215182281452,1.4171214240781989e-06
GO:0031509,0/120 (0.0%),0/120 (0.0%),0.0,0.9806381502642387,0.9999967369626577,1.0,0.0,0.008491215182281452,1.4171214240781989e-06
GO:0061817,0/120 (0.0%),0/120 (0.0%),0.0,0.9806381502642387,0.9999967369626577,1.0,0.0,0.008491215182281452,1.4171214240781989e-06
GO:0061723,0/120 (0.0%),0/120 (0.0%),0.0,0.9806381502642387,0.9999967369626577,1.0,0.0,0.008491215182281452,1.4171214240781989e-06
GO:0098719,0/120 (0.0%),0/120 (0.0%),0.0,0.9806381502642387,0.9999967369626577,1.0,0.0,0.008491215182281452,1.4171214240781989e-06
GO:0030007,0/120 (0.0%),0/120 (0.0%),0.0,0.9806381502642387,0.9999967369626577,1.0,0.0,0.008491215182281452,1.4171214240781989e-06
GO:0106074,0/120 (0.0%),0/120 (0.0%),0.0,0.9806381502642387,0.9999967369626577,1.0,0.0,0.008491215182281452,1.4171214240781989e-06
GO:0045138,1/120 (0.8%),0/120 (0.0%),4.763953488372093,0.9811043082999067,0.9999967369626577,1.0,2.2521593278908405,0.008284817175741793,1.4171214240781989e-06
GO:1905342,0/120 (0.0%),0/120 (0.0%),0.0,0.9830379010245158,0.9999967369626577,1.0,0.0,0.007429737622096298,1.4171214240781989e-06
GO:1905803,0/120 (0.0%),0/120 (0.0%),0.0,0.9830379010245158,0.9999967369626577,1.0,0.0,0.007429737622096298,1.4171214240781989e-06
GO:1904731,0/120 (0.0%),0/120 (0.0%),0.0,0.9830379010245158,0.9999967369626577,1.0,0.0,0.007429737622096298,1.4171214240781989e-06
GO:1904757,0/120 (0.0%),0/120 (0.0%),0.0,0.9830379010245158,0.9999967369626577,1.0,0.0,0.007429737622096298,1.4171214240781989e-06
GO:1904778,0/120 (0.0%),0/120 (0.0%),0.0,0.9830379010245158,0.9999967369626577,1.0,0.0,0.007429737622096298,1.4171214240781989e-06
GO:0001709,0/120 (0.0%),0/120 (0.0%),0.0,0.9830379010245158,0.9999967369626577,1.0,0.0,0.007429737622096298,1.4171214240781989e-06
GO:0009083,0/120 (0.0%),0/120 (0.0%),0.0,0.9830379010245158,0.9999967369626577,1.0,0.0,0.007429737622096298,1.4171214240781989e-06
GO:0030514,0/120 (0.0%),0/120 (0.0%),0.0,0.9830379010245158,0.9999967369626577,1.0,0.0,0.007429737622096298,1.4171214240781989e-06
GO:0032958,0/120 (0.0%),0/120 (0.0%),0.0,0.9830379010245158,0.9999967369626577,1.0,0.0,0.007429737622096298,1.4171214240781989e-06
GO:1901029,0/120 (0.0%),0/120 (0.0%),0.0,0.9830379010245158,0.9999967369626577,1.0,0.0,0.007429737622096298,1.4171214240781989e-06
GO:1902075,0/120 (0.0%),0/120 (0.0%),0.0,0.9830379010245158,0.9999967369626577,1.0,0.0,0.007429737622096298,1.4171214240781989e-06
GO:0031573,0/120 (0.0%),0/120 (0.0%),0.0,0.9830379010245158,0.9999967369626577,1.0,0.0,0.007429737622096298,1.4171214240781989e-06
GO:0031929,0/120 (0.0%),0/120 (0.0%),0.0,0.9830379010245158,0.9999967369626577,1.0,0.0,0.007429737622096298,1.4171214240781989e-06
GO:0046688,0/120 (0.0%),0/120 (0.0%),0.0,0.9830379010245158,0.9999967369626577,1.0,0.0,0.007429737622096298,1.4171214240781989e-06
GO:0047496,0/120 (0.0%),0/120 (0.0%),0.0,0.9830379010245158,0.9999967369626577,1.0,0.0,0.007429737622096298,1.4171214240781989e-06
GO:0034599,0/120 (0.0%),0/120 (0.0%),0.0,0.9830379010245158,0.9999967369626577,1.0,0.0,0.007429737622096298,1.4171214240781989e-06
GO:0005978,0/120 (0.0%),0/120 (0.0%),0.0,0.9830379010245158,0.9999967369626577,1.0,0.0,0.007429737622096298,1.4171214240781989e-06
GO:0006048,0/120 (0.0%),0/120 (0.0%),0.0,0.9830379010245158,0.9999967369626577,1.0,0.0,0.007429737622096298,1.4171214240781989e-06
GO:0097374,0/120 (0.0%),0/120 (0.0%),0.0,0.9830379010245158,0.9999967369626577,1.0,0.0,0.007429737622096298,1.4171214240781989e-06
GO:0098542,0/120 (0.0%),0/120 (0.0%),0.0,0.9830379010245158,0.9999967369626577,1.0,0.0,0.007429737622096298,1.4171214240781989e-06
GO:0098664,0/120 (0.0%),0/120 (0.0%),0.0,0.9830379010245158,0.9999967369626577,1.0,0.0,0.007429737622096298,1.4171214240781989e-06
GO:0033365,0/120 (0.0%),0/120 (0.0%),0.0,0.9830379010245158,0.9999967369626577,1.0,0.0,0.007429737622096298,1.4171214240781989e-06
GO:0033540,0/120 (0.0%),0/120 (0.0%),0.0,0.9830379010245158,0.9999967369626577,1.0,0.0,0.007429737622096298,1.4171214240781989e-06
GO:0009117,0/120 (0.0%),0/120 (0.0%),0.0,0.9830379010245158,0.9999967369626577,1.0,0.0,0.007429737622096298,1.4171214240781989e-06
GO:0009395,0/120 (0.0%),0/120 (0.0%),0.0,0.9830379010245158,0.9999967369626577,1.0,0.0,0.007429737622096298,1.4171214240781989e-06
GO:0045977,0/120 (0.0%),0/120 (0.0%),0.0,0.9830379010245158,0.9999967369626577,1.0,0.0,0.007429737622096298,1.4171214240781989e-06
GO:0006535,0/120 (0.0%),0/120 (0.0%),0.0,0.9830379010245158,0.9999967369626577,1.0,0.0,0.007429737622096298,1.4171214240781989e-06
GO:0035720,0/120 (0.0%),0/120 (0.0%),0.0,0.9830379010245158,0.9999967369626577,1.0,0.0,0.007429737622096298,1.4171214240781989e-06
GO:0036149,0/120 (0.0%),0/120 (0.0%),0.0,0.9830379010245158,0.9999967369626577,1.0,0.0,0.007429737622096298,1.4171214240781989e-06
GO:0071218,0/120 (0.0%),0/120 (0.0%),0.0,0.9830379010245158,0.9999967369626577,1.0,0.0,0.007429737622096298,1.4171214240781989e-06
GO:0071526,0/120 (0.0%),0/120 (0.0%),0.0,0.9830379010245158,0.9999967369626577,1.0,0.0,0.007429737622096298,1.4171214240781989e-06
GO:0009957,0/120 (0.0%),0/120 (0.0%),0.0,0.9830379010245158,0.9999967369626577,1.0,0.0,0.007429737622096298,1.4171214240781989e-06
GO:0008333,0/120 (0.0%),0/120 (0.0%),0.0,0.9830379010245158,0.9999967369626577,1.0,0.0,0.007429737622096298,1.4171214240781989e-06
GO:0008285,0/120 (0.0%),0/120 (0.0%),0.0,0.9830379010245158,0.9999967369626577,1.0,0.0,0.007429737622096298,1.4171214240781989e-06
GO:0043252,0/120 (0.0%),0/120 (0.0%),0.0,0.9830379010245158,0.9999967369626577,1.0,0.0,0.007429737622096298,1.4171214240781989e-06
GO:0006265,0/120 (0.0%),0/120 (0.0%),0.0,0.9830379010245158,0.9999967369626577,1.0,0.0,0.007429737622096298,1.4171214240781989e-06
GO:0006284,0/120 (0.0%),0/120 (0.0%),0.0,0.9830379010245158,0.9999967369626577,1.0,0.0,0.007429737622096298,1.4171214240781989e-06
GO:0048013,0/120 (0.0%),0/120 (0.0%),0.0,0.9830379010245158,0.9999967369626577,1.0,0.0,0.007429737622096298,1.4171214240781989e-06
GO:0030335,0/120 (0.0%),0/120 (0.0%),0.0,0.9830379010245158,0.9999967369626577,1.0,0.0,0.007429737622096298,1.4171214240781989e-06
GO:0065008,0/120 (0.0%),0/120 (0.0%),0.0,0.9830379010245158,0.9999967369626577,1.0,0.0,0.007429737622096298,1.4171214240781989e-06
GO:0070291,0/120 (0.0%),0/120 (0.0%),0.0,0.9830379010245158,0.9999967369626577,1.0,0.0,0.007429737622096298,1.4171214240781989e-06
GO:0070979,0/120 (0.0%),0/120 (0.0%),0.0,0.9830379010245158,0.9999967369626577,1.0,0.0,0.007429737622096298,1.4171214240781989e-06
GO:0010498,0/120 (0.0%),0/120 (0.0%),0.0,0.9830379010245158,0.9999967369626577,1.0,0.0,0.007429737622096298,1.4171214240781989e-06
GO:0050658,0/120 (0.0%),0/120 (0.0%),0.0,0.9830379010245158,0.9999967369626577,1.0,0.0,0.007429737622096298,1.4171214240781989e-06
GO:0050775,0/120 (0.0%),0/120 (0.0%),0.0,0.9830379010245158,0.9999967369626577,1.0,0.0,0.007429737622096298,1.4171214240781989e-06
GO:0050803,0/120 (0.0%),0/120 (0.0%),0.0,0.9830379010245158,0.9999967369626577,1.0,0.0,0.007429737622096298,1.4171214240781989e-06
GO:0007600,0/120 (0.0%),0/120 (0.0%),0.0,0.9830379010245158,0.9999967369626577,1.0,0.0,0.007429737622096298,1.4171214240781989e-06
GO:0045931,0/120 (0.0%),0/120 (0.0%),0.0,0.9830379010245158,0.9999967369626577,1.0,0.0,0.007429737622096298,1.4171214240781989e-06
GO:0048382,0/120 (0.0%),0/120 (0.0%),0.0,0.9830379010245158,0.9999967369626577,1.0,0.0,0.007429737622096298,1.4171214240781989e-06
GO:0048589,0/120 (0.0%),0/120 (0.0%),0.0,0.9830379010245158,0.9999967369626577,1.0,0.0,0.007429737622096298,1.4171214240781989e-06
GO:0001510,0/120 (0.0%),0/120 (0.0%),0.0,0.9830379010245158,0.9999967369626577,1.0,0.0,0.007429737622096298,1.4171214240781989e-06
GO:0031987,0/120 (0.0%),0/120 (0.0%),0.0,0.9830379010245158,0.9999967369626577,1.0,0.0,0.007429737622096298,1.4171214240781989e-06
GO:0032418,0/120 (0.0%),0/120 (0.0%),0.0,0.9830379010245158,0.9999967369626577,1.0,0.0,0.007429737622096298,1.4171214240781989e-06
GO:0032465,0/120 (0.0%),0/120 (0.0%),0.0,0.9830379010245158,0.9999967369626577,1.0,0.0,0.007429737622096298,1.4171214240781989e-06
GO:0090387,0/120 (0.0%),0/120 (0.0%),0.0,0.9830379010245158,0.9999967369626577,1.0,0.0,0.007429737622096298,1.4171214240781989e-06
GO:0061643,0/120 (0.0%),0/120 (0.0%),0.0,0.9830379010245158,0.9999967369626577,1.0,0.0,0.007429737622096298,1.4171214240781989e-06
GO:0015858,0/120 (0.0%),0/120 (0.0%),0.0,0.9830379010245158,0.9999967369626577,1.0,0.0,0.007429737622096298,1.4171214240781989e-06
GO:0019098,0/120 (0.0%),0/120 (0.0%),0.0,0.9830379010245158,0.9999967369626577,1.0,0.0,0.007429737622096298,1.4171214240781989e-06
GO:0019216,0/120 (0.0%),0/120 (0.0%),0.0,0.9830379010245158,0.9999967369626577,1.0,0.0,0.007429737622096298,1.4171214240781989e-06
GO:0015833,0/120 (0.0%),0/120 (0.0%),0.0,0.9830379010245158,0.9999967369626577,1.0,0.0,0.007429737622096298,1.4171214240781989e-06
GO:0042176,0/120 (0.0%),0/120 (0.0%),0.0,0.9830379010245158,0.9999967369626577,1.0,0.0,0.007429737622096298,1.4171214240781989e-06
GO:0051257,0/120 (0.0%),0/120 (0.0%),0.0,0.9830379010245158,0.9999967369626577,1.0,0.0,0.007429737622096298,1.4171214240781989e-06
GO:0042694,0/120 (0.0%),0/120 (0.0%),0.0,0.9830379010245158,0.9999967369626577,1.0,0.0,0.007429737622096298,1.4171214240781989e-06
GO:0043409,0/120 (0.0%),0/120 (0.0%),0.0,0.9830379010245158,0.9999967369626577,1.0,0.0,0.007429737622096298,1.4171214240781989e-06
GO:1905879,0/120 (0.0%),0/120 (0.0%),0.0,0.9830379010245158,0.9999967369626577,1.0,0.0,0.007429737622096298,1.4171214240781989e-06
GO:0019432,0/120 (0.0%),0/120 (0.0%),0.0,0.9830379010245158,0.9999967369626577,1.0,0.0,0.007429737622096298,1.4171214240781989e-06
GO:0036500,0/120 (0.0%),0/120 (0.0%),0.0,0.9830379010245158,0.9999967369626577,1.0,0.0,0.007429737622096298,1.4171214240781989e-06
GO:0030162,0/120 (0.0%),0/120 (0.0%),0.0,0.9830379010245158,0.9999967369626577,1.0,0.0,0.007429737622096298,1.4171214240781989e-06
GO:0034063,0/120 (0.0%),0/120 (0.0%),0.0,0.9830379010245158,0.9999967369626577,1.0,0.0,0.007429737622096298,1.4171214240781989e-06
GO:0006751,0/120 (0.0%),0/120 (0.0%),0.0,0.9830379010245158,0.9999967369626577,1.0,0.0,0.007429737622096298,1.4171214240781989e-06
GO:0006817,0/120 (0.0%),0/120 (0.0%),0.0,0.9830379010245158,0.9999967369626577,1.0,0.0,0.007429737622096298,1.4171214240781989e-06
GO:0007019,0/120 (0.0%),0/120 (0.0%),0.0,0.9830379010245158,0.9999967369626577,1.0,0.0,0.007429737622096298,1.4171214240781989e-06
GO:0031048,0/120 (0.0%),0/120 (0.0%),0.0,0.9830379010245158,0.9999967369626577,1.0,0.0,0.007429737622096298,1.4171214240781989e-06
GO:0000338,0/120 (0.0%),0/120 (0.0%),0.0,0.9830379010245158,0.9999967369626577,1.0,0.0,0.007429737622096298,1.4171214240781989e-06
GO:2000300,0/120 (0.0%),0/120 (0.0%),0.0,0.9830379010245158,0.9999967369626577,1.0,0.0,0.007429737622096298,1.4171214240781989e-06
GO:0030574,0/120 (0.0%),0/120 (0.0%),0.0,0.9830379010245158,0.9999967369626577,1.0,0.0,0.007429737622096298,1.4171214240781989e-06
GO:0006405,0/120 (0.0%),0/120 (0.0%),0.0,0.9830379010245158,0.9999967369626577,1.0,0.0,0.007429737622096298,1.4171214240781989e-06
GO:0051298,0/120 (0.0%),0/120 (0.0%),0.0,0.9830379010245158,0.9999967369626577,1.0,0.0,0.007429737622096298,1.4171214240781989e-06
GO:0007213,0/120 (0.0%),0/120 (0.0%),0.0,0.9830379010245158,0.9999967369626577,1.0,0.0,0.007429737622096298,1.4171214240781989e-06
GO:0051315,0/120 (0.0%),0/120 (0.0%),0.0,0.9830379010245158,0.9999967369626577,1.0,0.0,0.007429737622096298,1.4171214240781989e-06
GO:0051480,0/120 (0.0%),0/120 (0.0%),0.0,0.9830379010245158,0.9999967369626577,1.0,0.0,0.007429737622096298,1.4171214240781989e-06
GO:0051642,0/120 (0.0%),0/120 (0.0%),0.0,0.9830379010245158,0.9999967369626577,1.0,0.0,0.007429737622096298,1.4171214240781989e-06
GO:0007179,0/120 (0.0%),0/120 (0.0%),0.0,0.9830379010245158,0.9999967369626577,1.0,0.0,0.007429737622096298,1.4171214240781989e-06
GO:0051782,0/120 (0.0%),0/120 (0.0%),0.0,0.9830379010245158,0.9999967369626577,1.0,0.0,0.007429737622096298,1.4171214240781989e-06
GO:0050906,0/120 (0.0%),0/120 (0.0%),0.0,0.9830379010245158,0.9999967369626577,1.0,0.0,0.007429737622096298,1.4171214240781989e-06
GO:0015718,0/120 (0.0%),0/120 (0.0%),0.0,0.9830379010245158,0.9999967369626577,1.0,0.0,0.007429737622096298,1.4171214240781989e-06
GO:0060279,0/120 (0.0%),0/120 (0.0%),0.0,0.9830379010245158,0.9999967369626577,1.0,0.0,0.007429737622096298,1.4171214240781989e-06
GO:0048675,0/120 (0.0%),0/120 (0.0%),0.0,0.9830379010245158,0.9999967369626577,1.0,0.0,0.007429737622096298,1.4171214240781989e-06
GO:0048681,0/120 (0.0%),0/120 (0.0%),0.0,0.9830379010245158,0.9999967369626577,1.0,0.0,0.007429737622096298,1.4171214240781989e-06
GO:0022900,0/120 (0.0%),0/120 (0.0%),0.0,0.9830379010245158,0.9999967369626577,1.0,0.0,0.007429737622096298,1.4171214240781989e-06
GO:0090087,0/120 (0.0%),0/120 (0.0%),0.0,0.9830379010245158,0.9999967369626577,1.0,0.0,0.007429737622096298,1.4171214240781989e-06
GO:0061096,0/120 (0.0%),0/120 (0.0%),0.0,0.9830379010245158,0.9999967369626577,1.0,0.0,0.007429737622096298,1.4171214240781989e-06
GO:0006221,0/120 (0.0%),0/120 (0.0%),0.0,0.9830379010245158,0.9999967369626577,1.0,0.0,0.007429737622096298,1.4171214240781989e-06
GO:0042149,0/120 (0.0%),0/120 (0.0%),0.0,0.9830379010245158,0.9999967369626577,1.0,0.0,0.007429737622096298,1.4171214240781989e-06
GO:0055064,0/120 (0.0%),0/120 (0.0%),0.0,0.9830379010245158,0.9999967369626577,1.0,0.0,0.007429737622096298,1.4171214240781989e-06
GO:0055075,0/120 (0.0%),0/120 (0.0%),0.0,0.9830379010245158,0.9999967369626577,1.0,0.0,0.007429737622096298,1.4171214240781989e-06
GO:0006369,0/120 (0.0%),0/120 (0.0%),0.0,0.9830379010245158,0.9999967369626577,1.0,0.0,0.007429737622096298,1.4171214240781989e-06
GO:0030950,0/120 (0.0%),0/120 (0.0%),0.0,0.9830379010245158,0.9999967369626577,1.0,0.0,0.007429737622096298,1.4171214240781989e-06
GO:0030951,0/120 (0.0%),0/120 (0.0%),0.0,0.9830379010245158,0.9999967369626577,1.0,0.0,0.007429737622096298,1.4171214240781989e-06
GO:0060395,0/120 (0.0%),0/120 (0.0%),0.0,0.9830379010245158,0.9999967369626577,1.0,0.0,0.007429737622096298,1.4171214240781989e-06
GO:0060625,0/120 (0.0%),0/120 (0.0%),0.0,0.9830379010245158,0.9999967369626577,1.0,0.0,0.007429737622096298,1.4171214240781989e-06
GO:0061024,0/120 (0.0%),0/120 (0.0%),0.0,0.9830379010245158,0.9999967369626577,1.0,0.0,0.007429737622096298,1.4171214240781989e-06
GO:0061063,0/120 (0.0%),0/120 (0.0%),0.0,0.9830379010245158,0.9999967369626577,1.0,0.0,0.007429737622096298,1.4171214240781989e-06
GO:1903361,0/120 (0.0%),0/120 (0.0%),0.0,0.9830379010245158,0.9999967369626577,1.0,0.0,0.007429737622096298,1.4171214240781989e-06
GO:1904937,0/120 (0.0%),0/120 (0.0%),0.0,0.9830379010245158,0.9999967369626577,1.0,0.0,0.007429737622096298,1.4171214240781989e-06
GO:0042776,0/120 (0.0%),0/120 (0.0%),0.0,0.9830379010245158,0.9999967369626577,1.0,0.0,0.007429737622096298,1.4171214240781989e-06
GO:0016998,0/120 (0.0%),0/120 (0.0%),0.0,0.9830379010245158,0.9999967369626577,1.0,0.0,0.007429737622096298,1.4171214240781989e-06
GO:0060184,0/120 (0.0%),0/120 (0.0%),0.0,0.9830379010245158,0.9999967369626577,1.0,0.0,0.007429737622096298,1.4171214240781989e-06
GO:0038202,0/120 (0.0%),0/120 (0.0%),0.0,0.9830379010245158,0.9999967369626577,1.0,0.0,0.007429737622096298,1.4171214240781989e-06
GO:0006952,0/120 (0.0%),0/120 (0.0%),0.0,0.9830379010245158,0.9999967369626577,1.0,0.0,0.007429737622096298,1.4171214240781989e-06
GO:0007004,0/120 (0.0%),0/120 (0.0%),0.0,0.9830379010245158,0.9999967369626577,1.0,0.0,0.007429737622096298,1.4171214240781989e-06
GO:0007009,0/120 (0.0%),0/120 (0.0%),0.0,0.9830379010245158,0.9999967369626577,1.0,0.0,0.007429737622096298,1.4171214240781989e-06
GO:1902600,1/120 (0.8%),0/120 (0.0%),5.12125,0.98350804290051,0.9999967369626577,1.0,2.3564959877055762,0.0072220841706459775,1.4171214240781989e-06
GO:0002119,2/120 (1.7%),0/120 (0.0%),3.8834123222748818,0.9848436835648139,0.9999967369626577,1.0,1.9573248938857537,0.006632696154732336,1.4171214240781989e-06
GO:0006446,0/120 (0.0%),0/120 (0.0%),0.0,0.9854434752347802,0.9999967369626577,1.0,0.0,0.006368281681500875,1.4171214240781989e-06
GO:0006415,0/120 (0.0%),0/120 (0.0%),0.0,0.9854434752347802,0.9999967369626577,1.0,0.0,0.006368281681500875,1.4171214240781989e-06
GO:0072344,0/120 (0.0%),0/120 (0.0%),0.0,0.9854434752347802,0.9999967369626577,1.0,0.0,0.006368281681500875,1.4171214240781989e-06
GO:0071688,0/120 (0.0%),0/120 (0.0%),0.0,0.9854434752347802,0.9999967369626577,1.0,0.0,0.006368281681500875,1.4171214240781989e-06
GO:0071277,0/120 (0.0%),0/120 (0.0%),0.0,0.9854434752347802,0.9999967369626577,1.0,0.0,0.006368281681500875,1.4171214240781989e-06
GO:0071244,0/120 (0.0%),0/120 (0.0%),0.0,0.9854434752347802,0.9999967369626577,1.0,0.0,0.006368281681500875,1.4171214240781989e-06
GO:0006904,0/120 (0.0%),0/120 (0.0%),0.0,0.9854434752347802,0.9999967369626577,1.0,0.0,0.006368281681500875,1.4171214240781989e-06
GO:0090327,0/120 (0.0%),0/120 (0.0%),0.0,0.9854434752347802,0.9999967369626577,1.0,0.0,0.006368281681500875,1.4171214240781989e-06
GO:0070475,0/120 (0.0%),0/120 (0.0%),0.0,0.9854434752347802,0.9999967369626577,1.0,0.0,0.006368281681500875,1.4171214240781989e-06
GO:0034755,0/120 (0.0%),0/120 (0.0%),0.0,0.9854434752347802,0.9999967369626577,1.0,0.0,0.006368281681500875,1.4171214240781989e-06
GO:0035023,0/120 (0.0%),0/120 (0.0%),0.0,0.9854434752347802,0.9999967369626577,1.0,0.0,0.006368281681500875,1.4171214240781989e-06
GO:1903746,0/120 (0.0%),0/120 (0.0%),0.0,0.9854434752347802,0.9999967369626577,1.0,0.0,0.006368281681500875,1.4171214240781989e-06
GO:1904014,0/120 (0.0%),0/120 (0.0%),0.0,0.9854434752347802,0.9999967369626577,1.0,0.0,0.006368281681500875,1.4171214240781989e-06
GO:0031115,0/120 (0.0%),0/120 (0.0%),0.0,0.9854434752347802,0.9999967369626577,1.0,0.0,0.006368281681500875,1.4171214240781989e-06
GO:0030512,0/120 (0.0%),0/120 (0.0%),0.0,0.9854434752347802,0.9999967369626577,1.0,0.0,0.006368281681500875,1.4171214240781989e-06
GO:0000086,0/120 (0.0%),0/120 (0.0%),0.0,0.9854434752347802,0.9999967369626577,1.0,0.0,0.006368281681500875,1.4171214240781989e-06
GO:0000027,0/120 (0.0%),0/120 (0.0%),0.0,0.9854434752347802,0.9999967369626577,1.0,0.0,0.006368281681500875,1.4171214240781989e-06
GO:0001731,0/120 (0.0%),0/120 (0.0%),0.0,0.9854434752347802,0.9999967369626577,1.0,0.0,0.006368281681500875,1.4171214240781989e-06
GO:1900181,0/120 (0.0%),0/120 (0.0%),0.0,0.9854434752347802,0.9999967369626577,1.0,0.0,0.006368281681500875,1.4171214240781989e-06
GO:1900195,0/120 (0.0%),0/120 (0.0%),0.0,0.9854434752347802,0.9999967369626577,1.0,0.0,0.006368281681500875,1.4171214240781989e-06
GO:1901137,0/120 (0.0%),0/120 (0.0%),0.0,0.9854434752347802,0.9999967369626577,1.0,0.0,0.006368281681500875,1.4171214240781989e-06
GO:0045324,0/120 (0.0%),0/120 (0.0%),0.0,0.9854434752347802,0.9999967369626577,1.0,0.0,0.006368281681500875,1.4171214240781989e-06
GO:0045773,0/120 (0.0%),0/120 (0.0%),0.0,0.9854434752347802,0.9999967369626577,1.0,0.0,0.006368281681500875,1.4171214240781989e-06
GO:0045807,0/120 (0.0%),0/120 (0.0%),0.0,0.9854434752347802,0.9999967369626577,1.0,0.0,0.006368281681500875,1.4171214240781989e-06
GO:0006900,0/120 (0.0%),0/120 (0.0%),0.0,0.9854434752347802,0.9999967369626577,1.0,0.0,0.006368281681500875,1.4171214240781989e-06
GO:0061062,0/120 (0.0%),0/120 (0.0%),0.0,0.9854434752347802,0.9999967369626577,1.0,0.0,0.006368281681500875,1.4171214240781989e-06
GO:0017183,0/120 (0.0%),0/120 (0.0%),0.0,0.9854434752347802,0.9999967369626577,1.0,0.0,0.006368281681500875,1.4171214240781989e-06
GO:0018279,0/120 (0.0%),0/120 (0.0%),0.0,0.9854434752347802,0.9999967369626577,1.0,0.0,0.006368281681500875,1.4171214240781989e-06
GO:0015937,0/120 (0.0%),0/120 (0.0%),0.0,0.9854434752347802,0.9999967369626577,1.0,0.0,0.006368281681500875,1.4171214240781989e-06
GO:0042771,0/120 (0.0%),0/120 (0.0%),0.0,0.9854434752347802,0.9999967369626577,1.0,0.0,0.006368281681500875,1.4171214240781989e-06
GO:0043162,0/120 (0.0%),0/120 (0.0%),0.0,0.9854434752347802,0.9999967369626577,1.0,0.0,0.006368281681500875,1.4171214240781989e-06
GO:0007611,0/120 (0.0%),0/120 (0.0%),0.0,0.9854434752347802,0.9999967369626577,1.0,0.0,0.006368281681500875,1.4171214240781989e-06
GO:0005991,0/120 (0.0%),0/120 (0.0%),0.0,0.9854434752347802,0.9999967369626577,1.0,0.0,0.006368281681500875,1.4171214240781989e-06
GO:0006066,0/120 (0.0%),0/120 (0.0%),0.0,0.9854434752347802,0.9999967369626577,1.0,0.0,0.006368281681500875,1.4171214240781989e-06
GO:0097240,0/120 (0.0%),0/120 (0.0%),0.0,0.9854434752347802,0.9999967369626577,1.0,0.0,0.006368281681500875,1.4171214240781989e-06
GO:0097272,0/120 (0.0%),0/120 (0.0%),0.0,0.9854434752347802,0.9999967369626577,1.0,0.0,0.006368281681500875,1.4171214240781989e-06
GO:0019934,0/120 (0.0%),0/120 (0.0%),0.0,0.9854434752347802,0.9999967369626577,1.0,0.0,0.006368281681500875,1.4171214240781989e-06
GO:0022604,0/120 (0.0%),0/120 (0.0%),0.0,0.9854434752347802,0.9999967369626577,1.0,0.0,0.006368281681500875,1.4171214240781989e-06
GO:0022904,0/120 (0.0%),0/120 (0.0%),0.0,0.9854434752347802,0.9999967369626577,1.0,0.0,0.006368281681500875,1.4171214240781989e-06
GO:0051209,0/120 (0.0%),0/120 (0.0%),0.0,0.9854434752347802,0.9999967369626577,1.0,0.0,0.006368281681500875,1.4171214240781989e-06
GO:0042632,0/120 (0.0%),0/120 (0.0%),0.0,0.9854434752347802,0.9999967369626577,1.0,0.0,0.006368281681500875,1.4171214240781989e-06
GO:0015804,0/120 (0.0%),0/120 (0.0%),0.0,0.9854434752347802,0.9999967369626577,1.0,0.0,0.006368281681500875,1.4171214240781989e-06
GO:0043087,0/120 (0.0%),0/120 (0.0%),0.0,0.9854434752347802,0.9999967369626577,1.0,0.0,0.006368281681500875,1.4171214240781989e-06
GO:0015886,0/120 (0.0%),0/120 (0.0%),0.0,0.9854434752347802,0.9999967369626577,1.0,0.0,0.006368281681500875,1.4171214240781989e-06
GO:0001956,0/120 (0.0%),0/120 (0.0%),0.0,0.9854434752347802,0.9999967369626577,1.0,0.0,0.006368281681500875,1.4171214240781989e-06
GO:0006189,0/120 (0.0%),0/120 (0.0%),0.0,0.9854434752347802,0.9999967369626577,1.0,0.0,0.006368281681500875,1.4171214240781989e-06
GO:0016239,0/120 (0.0%),0/120 (0.0%),0.0,0.9854434752347802,0.9999967369626577,1.0,0.0,0.006368281681500875,1.4171214240781989e-06
GO:0060471,0/120 (0.0%),0/120 (0.0%),0.0,0.9854434752347802,0.9999967369626577,1.0,0.0,0.006368281681500875,1.4171214240781989e-06
GO:0006388,0/120 (0.0%),0/120 (0.0%),0.0,0.9854434752347802,0.9999967369626577,1.0,0.0,0.006368281681500875,1.4171214240781989e-06
GO:0016203,0/120 (0.0%),0/120 (0.0%),0.0,0.9854434752347802,0.9999967369626577,1.0,0.0,0.006368281681500875,1.4171214240781989e-06
GO:0006102,0/120 (0.0%),0/120 (0.0%),0.0,0.9854434752347802,0.9999967369626577,1.0,0.0,0.006368281681500875,1.4171214240781989e-06
GO:0009437,0/120 (0.0%),0/120 (0.0%),0.0,0.9854434752347802,0.9999967369626577,1.0,0.0,0.006368281681500875,1.4171214240781989e-06
GO:0046314,0/120 (0.0%),0/120 (0.0%),0.0,0.9854434752347802,0.9999967369626577,1.0,0.0,0.006368281681500875,1.4171214240781989e-06
GO:0046512,0/120 (0.0%),0/120 (0.0%),0.0,0.9854434752347802,0.9999967369626577,1.0,0.0,0.006368281681500875,1.4171214240781989e-06
GO:1903436,0/120 (0.0%),0/120 (0.0%),0.0,0.9854434752347802,0.9999967369626577,1.0,0.0,0.006368281681500875,1.4171214240781989e-06
GO:1903539,0/120 (0.0%),0/120 (0.0%),0.0,0.9854434752347802,0.9999967369626577,1.0,0.0,0.006368281681500875,1.4171214240781989e-06
GO:1903745,0/120 (0.0%),0/120 (0.0%),0.0,0.9854434752347802,0.9999967369626577,1.0,0.0,0.006368281681500875,1.4171214240781989e-06
GO:0016024,0/120 (0.0%),0/120 (0.0%),0.0,0.9854434752347802,0.9999967369626577,1.0,0.0,0.006368281681500875,1.4171214240781989e-06
GO:0016071,0/120 (0.0%),0/120 (0.0%),0.0,0.9854434752347802,0.9999967369626577,1.0,0.0,0.006368281681500875,1.4171214240781989e-06
GO:0016082,0/120 (0.0%),0/120 (0.0%),0.0,0.9854434752347802,0.9999967369626577,1.0,0.0,0.006368281681500875,1.4171214240781989e-06
GO:0007269,0/120 (0.0%),0/120 (0.0%),0.0,0.9854434752347802,0.9999967369626577,1.0,0.0,0.006368281681500875,1.4171214240781989e-06
GO:0051966,0/120 (0.0%),0/120 (0.0%),0.0,0.9854434752347802,0.9999967369626577,1.0,0.0,0.006368281681500875,1.4171214240781989e-06
GO:0018992,0/120 (0.0%),0/120 (0.0%),0.0,0.9854434752347802,0.9999967369626577,1.0,0.0,0.006368281681500875,1.4171214240781989e-06
GO:0019236,0/120 (0.0%),0/120 (0.0%),0.0,0.9854434752347802,0.9999967369626577,1.0,0.0,0.006368281681500875,1.4171214240781989e-06
GO:0048284,0/120 (0.0%),0/120 (0.0%),0.0,0.9854434752347802,0.9999967369626577,1.0,0.0,0.006368281681500875,1.4171214240781989e-06
GO:0019430,0/120 (0.0%),0/120 (0.0%),0.0,0.9854434752347802,0.9999967369626577,1.0,0.0,0.006368281681500875,1.4171214240781989e-06
GO:0065003,0/120 (0.0%),0/120 (0.0%),0.0,0.9854434752347802,0.9999967369626577,1.0,0.0,0.006368281681500875,1.4171214240781989e-06
GO:0006995,0/120 (0.0%),0/120 (0.0%),0.0,0.9854434752347802,0.9999967369626577,1.0,0.0,0.006368281681500875,1.4171214240781989e-06
GO:0007021,0/120 (0.0%),0/120 (0.0%),0.0,0.9854434752347802,0.9999967369626577,1.0,0.0,0.006368281681500875,1.4171214240781989e-06
GO:0007079,0/120 (0.0%),0/120 (0.0%),0.0,0.9854434752347802,0.9999967369626577,1.0,0.0,0.006368281681500875,1.4171214240781989e-06
GO:0006107,0/120 (0.0%),0/120 (0.0%),0.0,0.9854434752347802,0.9999967369626577,1.0,0.0,0.006368281681500875,1.4171214240781989e-06
GO:0006119,0/120 (0.0%),0/120 (0.0%),0.0,0.9854434752347802,0.9999967369626577,1.0,0.0,0.006368281681500875,1.4171214240781989e-06
GO:0042001,0/120 (0.0%),0/120 (0.0%),0.0,0.9854434752347802,0.9999967369626577,1.0,0.0,0.006368281681500875,1.4171214240781989e-06
GO:0000425,0/120 (0.0%),0/120 (0.0%),0.0,0.9854434752347802,0.9999967369626577,1.0,0.0,0.006368281681500875,1.4171214240781989e-06
GO:0007099,0/120 (0.0%),0/120 (0.0%),0.0,0.9854434752347802,0.9999967369626577,1.0,0.0,0.006368281681500875,1.4171214240781989e-06
GO:0007130,0/120 (0.0%),0/120 (0.0%),0.0,0.9854434752347802,0.9999967369626577,1.0,0.0,0.006368281681500875,1.4171214240781989e-06
GO:0051693,0/120 (0.0%),0/120 (0.0%),0.0,0.9854434752347802,0.9999967369626577,1.0,0.0,0.006368281681500875,1.4171214240781989e-06
GO:0006337,0/120 (0.0%),0/120 (0.0%),0.0,0.9854434752347802,0.9999967369626577,1.0,0.0,0.006368281681500875,1.4171214240781989e-06
GO:0006360,0/120 (0.0%),0/120 (0.0%),0.0,0.9854434752347802,0.9999967369626577,1.0,0.0,0.006368281681500875,1.4171214240781989e-06
GO:0051056,0/120 (0.0%),0/120 (0.0%),0.0,0.9854434752347802,0.9999967369626577,1.0,0.0,0.006368281681500875,1.4171214240781989e-06
GO:0051129,0/120 (0.0%),0/120 (0.0%),0.0,0.9854434752347802,0.9999967369626577,1.0,0.0,0.006368281681500875,1.4171214240781989e-06
GO:0071035,0/120 (0.0%),0/120 (0.0%),0.0,0.9854434752347802,0.9999967369626577,1.0,0.0,0.006368281681500875,1.4171214240781989e-06
GO:0071038,0/120 (0.0%),0/120 (0.0%),0.0,0.9854434752347802,0.9999967369626577,1.0,0.0,0.006368281681500875,1.4171214240781989e-06
GO:0071051,0/120 (0.0%),0/120 (0.0%),0.0,0.9854434752347802,0.9999967369626577,1.0,0.0,0.006368281681500875,1.4171214240781989e-06
GO:0071168,0/120 (0.0%),0/120 (0.0%),0.0,0.9854434752347802,0.9999967369626577,1.0,0.0,0.006368281681500875,1.4171214240781989e-06
GO:0009165,0/120 (0.0%),0/120 (0.0%),0.0,0.9854434752347802,0.9999967369626577,1.0,0.0,0.006368281681500875,1.4171214240781989e-06
GO:1905808,0/120 (0.0%),0/120 (0.0%),0.0,0.9854434752347802,0.9999967369626577,1.0,0.0,0.006368281681500875,1.4171214240781989e-06
GO:1990169,0/120 (0.0%),0/120 (0.0%),0.0,0.9854434752347802,0.9999967369626577,1.0,0.0,0.006368281681500875,1.4171214240781989e-06
GO:0045989,0/120 (0.0%),0/120 (0.0%),0.0,0.9854434752347802,0.9999967369626577,1.0,0.0,0.006368281681500875,1.4171214240781989e-06
GO:0043248,0/120 (0.0%),0/120 (0.0%),0.0,0.9854434752347802,0.9999967369626577,1.0,0.0,0.006368281681500875,1.4171214240781989e-06
GO:0043266,0/120 (0.0%),0/120 (0.0%),0.0,0.9854434752347802,0.9999967369626577,1.0,0.0,0.006368281681500875,1.4171214240781989e-06
GO:0034585,0/120 (0.0%),0/120 (0.0%),0.0,0.9854434752347802,0.9999967369626577,1.0,0.0,0.006368281681500875,1.4171214240781989e-06
GO:0010975,0/120 (0.0%),0/120 (0.0%),0.0,0.9854434752347802,0.9999967369626577,1.0,0.0,0.006368281681500875,1.4171214240781989e-06
GO:0043328,0/120 (0.0%),0/120 (0.0%),0.0,0.9854434752347802,0.9999967369626577,1.0,0.0,0.006368281681500875,1.4171214240781989e-06
GO:0044281,0/120 (0.0%),0/120 (0.0%),0.0,0.9854434752347802,0.9999967369626577,1.0,0.0,0.006368281681500875,1.4171214240781989e-06
GO:0050714,0/120 (0.0%),0/120 (0.0%),0.0,0.9854434752347802,0.9999967369626577,1.0,0.0,0.006368281681500875,1.4171214240781989e-06
GO:0032509,0/120 (0.0%),0/120 (0.0%),0.0,0.9854434752347802,0.9999967369626577,1.0,0.0,0.006368281681500875,1.4171214240781989e-06
GO:0048613,0/120 (0.0%),0/120 (0.0%),0.0,0.9854434752347802,0.9999967369626577,1.0,0.0,0.006368281681500875,1.4171214240781989e-06
GO:0033539,0/120 (0.0%),0/120 (0.0%),0.0,0.9854434752347802,0.9999967369626577,1.0,0.0,0.006368281681500875,1.4171214240781989e-06
GO:0030100,0/120 (0.0%),0/120 (0.0%),0.0,0.9854434752347802,0.9999967369626577,1.0,0.0,0.006368281681500875,1.4171214240781989e-06
GO:0030178,0/120 (0.0%),0/120 (0.0%),0.0,0.9854434752347802,0.9999967369626577,1.0,0.0,0.006368281681500875,1.4171214240781989e-06
GO:0033962,0/120 (0.0%),0/120 (0.0%),0.0,0.9854434752347802,0.9999967369626577,1.0,0.0,0.006368281681500875,1.4171214240781989e-06
GO:0006680,0/120 (0.0%),0/120 (0.0%),0.0,0.9854434752347802,0.9999967369626577,1.0,0.0,0.006368281681500875,1.4171214240781989e-06
GO:0097194,0/120 (0.0%),0/120 (0.0%),0.0,0.9854434752347802,0.9999967369626577,1.0,0.0,0.006368281681500875,1.4171214240781989e-06
GO:0097237,0/120 (0.0%),0/120 (0.0%),0.0,0.9854434752347802,0.9999967369626577,1.0,0.0,0.006368281681500875,1.4171214240781989e-06
GO:0045842,0/120 (0.0%),0/120 (0.0%),0.0,0.9854434752347802,0.9999967369626577,1.0,0.0,0.006368281681500875,1.4171214240781989e-06
GO:0048280,0/120 (0.0%),0/120 (0.0%),0.0,0.9854434752347802,0.9999967369626577,1.0,0.0,0.006368281681500875,1.4171214240781989e-06
GO:0031054,0/120 (0.0%),0/120 (0.0%),0.0,0.9854434752347802,0.9999967369626577,1.0,0.0,0.006368281681500875,1.4171214240781989e-06
GO:0032006,0/120 (0.0%),0/120 (0.0%),0.0,0.9854434752347802,0.9999967369626577,1.0,0.0,0.006368281681500875,1.4171214240781989e-06
GO:0009060,0/120 (0.0%),0/120 (0.0%),0.0,0.9854434752347802,0.9999967369626577,1.0,0.0,0.006368281681500875,1.4171214240781989e-06
GO:0006271,0/120 (0.0%),0/120 (0.0%),0.0,0.9854434752347802,0.9999967369626577,1.0,0.0,0.006368281681500875,1.4171214240781989e-06
GO:0006279,0/120 (0.0%),0/120 (0.0%),0.0,0.9854434752347802,0.9999967369626577,1.0,0.0,0.006368281681500875,1.4171214240781989e-06
GO:0006596,0/120 (0.0%),0/120 (0.0%),0.0,0.9854434752347802,0.9999967369626577,1.0,0.0,0.006368281681500875,1.4171214240781989e-06
GO:0030307,0/120 (0.0%),0/120 (0.0%),0.0,0.9854434752347802,0.9999967369626577,1.0,0.0,0.006368281681500875,1.4171214240781989e-06
GO:0000280,0/120 (0.0%),0/120 (0.0%),0.0,0.9854434752347802,0.9999967369626577,1.0,0.0,0.006368281681500875,1.4171214240781989e-06
GO:0000288,0/120 (0.0%),0/120 (0.0%),0.0,0.9854434752347802,0.9999967369626577,1.0,0.0,0.006368281681500875,1.4171214240781989e-06
GO:1904810,0/120 (0.0%),0/120 (0.0%),0.0,0.9854434752347802,0.9999967369626577,1.0,0.0,0.006368281681500875,1.4171214240781989e-06
GO:0030590,0/120 (0.0%),0/120 (0.0%),0.0,0.9854434752347802,0.9999967369626577,1.0,0.0,0.006368281681500875,1.4171214240781989e-06
GO:0140300,0/120 (0.0%),0/120 (0.0%),0.0,0.9854434752347802,0.9999967369626577,1.0,0.0,0.006368281681500875,1.4171214240781989e-06
GO:0141162,0/120 (0.0%),0/120 (0.0%),0.0,0.9854434752347802,0.9999967369626577,1.0,0.0,0.006368281681500875,1.4171214240781989e-06
GO:0008584,0/120 (0.0%),0/120 (0.0%),0.0,0.9854434752347802,0.9999967369626577,1.0,0.0,0.006368281681500875,1.4171214240781989e-06
GO:0006607,0/120 (0.0%),0/120 (0.0%),0.0,0.9854434752347802,0.9999967369626577,1.0,0.0,0.006368281681500875,1.4171214240781989e-06
GO:0007389,0/120 (0.0%),0/120 (0.0%),0.0,0.9854434752347802,0.9999967369626577,1.0,0.0,0.006368281681500875,1.4171214240781989e-06
GO:0008543,0/120 (0.0%),0/120 (0.0%),0.0,0.9854434752347802,0.9999967369626577,1.0,0.0,0.006368281681500875,1.4171214240781989e-06
GO:0006098,0/120 (0.0%),0/120 (0.0%),0.0,0.9854434752347802,0.9999967369626577,1.0,0.0,0.006368281681500875,1.4171214240781989e-06
GO:0006308,0/120 (0.0%),0/120 (0.0%),0.0,0.9854434752347802,0.9999967369626577,1.0,0.0,0.006368281681500875,1.4171214240781989e-06
GO:0042144,0/120 (0.0%),0/120 (0.0%),0.0,0.9854434752347802,0.9999967369626577,1.0,0.0,0.006368281681500875,1.4171214240781989e-06
GO:0032026,0/120 (0.0%),0/120 (0.0%),0.0,0.9854434752347802,0.9999967369626577,1.0,0.0,0.006368281681500875,1.4171214240781989e-06
GO:0010085,0/120 (0.0%),0/120 (0.0%),0.0,0.9854434752347802,0.9999967369626577,1.0,0.0,0.006368281681500875,1.4171214240781989e-06
GO:0006790,0/120 (0.0%),0/120 (0.0%),0.0,0.9854434752347802,0.9999967369626577,1.0,0.0,0.006368281681500875,1.4171214240781989e-06
GO:0032486,0/120 (0.0%),0/120 (0.0%),0.0,0.9854434752347802,0.9999967369626577,1.0,0.0,0.006368281681500875,1.4171214240781989e-06
GO:0010507,0/120 (0.0%),0/120 (0.0%),0.0,0.9854434752347802,0.9999967369626577,1.0,0.0,0.006368281681500875,1.4171214240781989e-06
GO:0010557,0/120 (0.0%),0/120 (0.0%),0.0,0.9854434752347802,0.9999967369626577,1.0,0.0,0.006368281681500875,1.4171214240781989e-06
GO:0010824,0/120 (0.0%),0/120 (0.0%),0.0,0.9854434752347802,0.9999967369626577,1.0,0.0,0.006368281681500875,1.4171214240781989e-06
GO:0010826,0/120 (0.0%),0/120 (0.0%),0.0,0.9854434752347802,0.9999967369626577,1.0,0.0,0.006368281681500875,1.4171214240781989e-06
GO:0010032,0/120 (0.0%),0/120 (0.0%),0.0,0.9854434752347802,0.9999967369626577,1.0,0.0,0.006368281681500875,1.4171214240781989e-06
GO:0072488,0/120 (0.0%),0/120 (0.0%),0.0,0.9854434752347802,0.9999967369626577,1.0,0.0,0.006368281681500875,1.4171214240781989e-06
GO:0010212,0/120 (0.0%),0/120 (0.0%),0.0,0.9854434752347802,0.9999967369626577,1.0,0.0,0.006368281681500875,1.4171214240781989e-06
GO:0046839,0/120 (0.0%),0/120 (0.0%),0.0,0.9854434752347802,0.9999967369626577,1.0,0.0,0.006368281681500875,1.4171214240781989e-06
GO:0046928,0/120 (0.0%),0/120 (0.0%),0.0,0.9854434752347802,0.9999967369626577,1.0,0.0,0.006368281681500875,1.4171214240781989e-06
GO:0042074,0/120 (0.0%),0/120 (0.0%),0.0,0.9854434752347802,0.9999967369626577,1.0,0.0,0.006368281681500875,1.4171214240781989e-06
GO:0019433,0/120 (0.0%),0/120 (0.0%),0.0,0.9854434752347802,0.9999967369626577,1.0,0.0,0.006368281681500875,1.4171214240781989e-06
GO:0043001,0/120 (0.0%),0/120 (0.0%),0.0,0.9854434752347802,0.9999967369626577,1.0,0.0,0.006368281681500875,1.4171214240781989e-06
GO:0006979,1/120 (0.8%),0/120 (0.0%),5.93768115942029,0.9875416652463246,0.9999967369626577,1.0,2.5698996258147697,0.0054445720510324,1.4171214240781989e-06
GO:0006303,0/120 (0.0%),0/120 (0.0%),0.0,0.9878548869076971,0.9999967369626577,1.0,0.0,0.0053068473596145456,1.4171214240781989e-06
GO:1905491,0/120 (0.0%),0/120 (0.0%),0.0,0.9878548869076971,0.9999967369626577,1.0,0.0,0.0053068473596145456,1.4171214240781989e-06
GO:1905606,0/120 (0.0%),0/120 (0.0%),0.0,0.9878548869076971,0.9999967369626577,1.0,0.0,0.0053068473596145456,1.4171214240781989e-06
GO:1990502,0/120 (0.0%),0/120 (0.0%),0.0,0.9878548869076971,0.9999967369626577,1.0,0.0,0.0053068473596145456,1.4171214240781989e-06
GO:0046627,0/120 (0.0%),0/120 (0.0%),0.0,0.9878548869076971,0.9999967369626577,1.0,0.0,0.0053068473596145456,1.4171214240781989e-06
GO:0030970,0/120 (0.0%),0/120 (0.0%),0.0,0.9878548869076971,0.9999967369626577,1.0,0.0,0.0053068473596145456,1.4171214240781989e-06
GO:0000290,0/120 (0.0%),0/120 (0.0%),0.0,0.9878548869076971,0.9999967369626577,1.0,0.0,0.0053068473596145456,1.4171214240781989e-06
GO:1990569,0/120 (0.0%),0/120 (0.0%),0.0,0.9878548869076971,0.9999967369626577,1.0,0.0,0.0053068473596145456,1.4171214240781989e-06
GO:1990504,0/120 (0.0%),0/120 (0.0%),0.0,0.9878548869076971,0.9999967369626577,1.0,0.0,0.0053068473596145456,1.4171214240781989e-06
GO:1905489,0/120 (0.0%),0/120 (0.0%),0.0,0.9878548869076971,0.9999967369626577,1.0,0.0,0.0053068473596145456,1.4171214240781989e-06
GO:1900118,0/120 (0.0%),0/120 (0.0%),0.0,0.9878548869076971,0.9999967369626577,1.0,0.0,0.0053068473596145456,1.4171214240781989e-06
GO:1902104,0/120 (0.0%),0/120 (0.0%),0.0,0.9878548869076971,0.9999967369626577,1.0,0.0,0.0053068473596145456,1.4171214240781989e-06
GO:0031297,0/120 (0.0%),0/120 (0.0%),0.0,0.9878548869076971,0.9999967369626577,1.0,0.0,0.0053068473596145456,1.4171214240781989e-06
GO:0006283,0/120 (0.0%),0/120 (0.0%),0.0,0.9878548869076971,0.9999967369626577,1.0,0.0,0.0053068473596145456,1.4171214240781989e-06
GO:0045116,0/120 (0.0%),0/120 (0.0%),0.0,0.9878548869076971,0.9999967369626577,1.0,0.0,0.0053068473596145456,1.4171214240781989e-06
GO:0010248,0/120 (0.0%),0/120 (0.0%),0.0,0.9878548869076971,0.9999967369626577,1.0,0.0,0.0053068473596145456,1.4171214240781989e-06
GO:0001561,0/120 (0.0%),0/120 (0.0%),0.0,0.9878548869076971,0.9999967369626577,1.0,0.0,0.0053068473596145456,1.4171214240781989e-06
GO:0046907,0/120 (0.0%),0/120 (0.0%),0.0,0.9878548869076971,0.9999967369626577,1.0,0.0,0.0053068473596145456,1.4171214240781989e-06
GO:0030258,0/120 (0.0%),0/120 (0.0%),0.0,0.9878548869076971,0.9999967369626577,1.0,0.0,0.0053068473596145456,1.4171214240781989e-06
GO:0030388,0/120 (0.0%),0/120 (0.0%),0.0,0.9878548869076971,0.9999967369626577,1.0,0.0,0.0053068473596145456,1.4171214240781989e-06
GO:0032528,0/120 (0.0%),0/120 (0.0%),0.0,0.9878548869076971,0.9999967369626577,1.0,0.0,0.0053068473596145456,1.4171214240781989e-06
GO:0032889,0/120 (0.0%),0/120 (0.0%),0.0,0.9878548869076971,0.9999967369626577,1.0,0.0,0.0053068473596145456,1.4171214240781989e-06
GO:0032970,0/120 (0.0%),0/120 (0.0%),0.0,0.9878548869076971,0.9999967369626577,1.0,0.0,0.0053068473596145456,1.4171214240781989e-06
GO:1900075,0/120 (0.0%),0/120 (0.0%),0.0,0.9878548869076971,0.9999967369626577,1.0,0.0,0.0053068473596145456,1.4171214240781989e-06
GO:0097376,0/120 (0.0%),0/120 (0.0%),0.0,0.9878548869076971,0.9999967369626577,1.0,0.0,0.0053068473596145456,1.4171214240781989e-06
GO:0098534,0/120 (0.0%),0/120 (0.0%),0.0,0.9878548869076971,0.9999967369626577,1.0,0.0,0.0053068473596145456,1.4171214240781989e-06
GO:0045793,0/120 (0.0%),0/120 (0.0%),0.0,0.9878548869076971,0.9999967369626577,1.0,0.0,0.0053068473596145456,1.4171214240781989e-06
GO:0048255,0/120 (0.0%),0/120 (0.0%),0.0,0.9878548869076971,0.9999967369626577,1.0,0.0,0.0053068473596145456,1.4171214240781989e-06
GO:1902474,0/120 (0.0%),0/120 (0.0%),0.0,0.9878548869076971,0.9999967369626577,1.0,0.0,0.0053068473596145456,1.4171214240781989e-06
GO:1903188,0/120 (0.0%),0/120 (0.0%),0.0,0.9878548869076971,0.9999967369626577,1.0,0.0,0.0053068473596145456,1.4171214240781989e-06
GO:0048566,0/120 (0.0%),0/120 (0.0%),0.0,0.9878548869076971,0.9999967369626577,1.0,0.0,0.0053068473596145456,1.4171214240781989e-06
GO:0048644,0/120 (0.0%),0/120 (0.0%),0.0,0.9878548869076971,0.9999967369626577,1.0,0.0,0.0053068473596145456,1.4171214240781989e-06
GO:0048646,0/120 (0.0%),0/120 (0.0%),0.0,0.9878548869076971,0.9999967369626577,1.0,0.0,0.0053068473596145456,1.4171214240781989e-06
GO:0048664,0/120 (0.0%),0/120 (0.0%),0.0,0.9878548869076971,0.9999967369626577,1.0,0.0,0.0053068473596145456,1.4171214240781989e-06
GO:0033564,0/120 (0.0%),0/120 (0.0%),0.0,0.9878548869076971,0.9999967369626577,1.0,0.0,0.0053068473596145456,1.4171214240781989e-06
GO:0034087,0/120 (0.0%),0/120 (0.0%),0.0,0.9878548869076971,0.9999967369626577,1.0,0.0,0.0053068473596145456,1.4171214240781989e-06
GO:0034088,0/120 (0.0%),0/120 (0.0%),0.0,0.9878548869076971,0.9999967369626577,1.0,0.0,0.0053068473596145456,1.4171214240781989e-06
GO:0006686,0/120 (0.0%),0/120 (0.0%),0.0,0.9878548869076971,0.9999967369626577,1.0,0.0,0.0053068473596145456,1.4171214240781989e-06
GO:0097120,0/120 (0.0%),0/120 (0.0%),0.0,0.9878548869076971,0.9999967369626577,1.0,0.0,0.0053068473596145456,1.4171214240781989e-06
GO:0097190,0/120 (0.0%),0/120 (0.0%),0.0,0.9878548869076971,0.9999967369626577,1.0,0.0,0.0053068473596145456,1.4171214240781989e-06
GO:0099525,0/120 (0.0%),0/120 (0.0%),0.0,0.9878548869076971,0.9999967369626577,1.0,0.0,0.0053068473596145456,1.4171214240781989e-06
GO:0099536,0/120 (0.0%),0/120 (0.0%),0.0,0.9878548869076971,0.9999967369626577,1.0,0.0,0.0053068473596145456,1.4171214240781989e-06
GO:0110037,0/120 (0.0%),0/120 (0.0%),0.0,0.9878548869076971,0.9999967369626577,1.0,0.0,0.0053068473596145456,1.4171214240781989e-06
GO:0010564,0/120 (0.0%),0/120 (0.0%),0.0,0.9878548869076971,0.9999967369626577,1.0,0.0,0.0053068473596145456,1.4171214240781989e-06
GO:0009996,0/120 (0.0%),0/120 (0.0%),0.0,0.9878548869076971,0.9999967369626577,1.0,0.0,0.0053068473596145456,1.4171214240781989e-06
GO:0051046,0/120 (0.0%),0/120 (0.0%),0.0,0.9878548869076971,0.9999967369626577,1.0,0.0,0.0053068473596145456,1.4171214240781989e-06
GO:0008585,0/120 (0.0%),0/120 (0.0%),0.0,0.9878548869076971,0.9999967369626577,1.0,0.0,0.0053068473596145456,1.4171214240781989e-06
GO:0008089,0/120 (0.0%),0/120 (0.0%),0.0,0.9878548869076971,0.9999967369626577,1.0,0.0,0.0053068473596145456,1.4171214240781989e-06
GO:0008090,0/120 (0.0%),0/120 (0.0%),0.0,0.9878548869076971,0.9999967369626577,1.0,0.0,0.0053068473596145456,1.4171214240781989e-06
GO:0034605,0/120 (0.0%),0/120 (0.0%),0.0,0.9878548869076971,0.9999967369626577,1.0,0.0,0.0053068473596145456,1.4171214240781989e-06
GO:0005980,0/120 (0.0%),0/120 (0.0%),0.0,0.9878548869076971,0.9999967369626577,1.0,0.0,0.0053068473596145456,1.4171214240781989e-06
GO:0005993,0/120 (0.0%),0/120 (0.0%),0.0,0.9878548869076971,0.9999967369626577,1.0,0.0,0.0053068473596145456,1.4171214240781989e-06
GO:0006002,0/120 (0.0%),0/120 (0.0%),0.0,0.9878548869076971,0.9999967369626577,1.0,0.0,0.0053068473596145456,1.4171214240781989e-06
GO:0006072,0/120 (0.0%),0/120 (0.0%),0.0,0.9878548869076971,0.9999967369626577,1.0,0.0,0.0053068473596145456,1.4171214240781989e-06
GO:0006081,0/120 (0.0%),0/120 (0.0%),0.0,0.9878548869076971,0.9999967369626577,1.0,0.0,0.0053068473596145456,1.4171214240781989e-06
GO:0019509,0/120 (0.0%),0/120 (0.0%),0.0,0.9878548869076971,0.9999967369626577,1.0,0.0,0.0053068473596145456,1.4171214240781989e-06
GO:0098656,0/120 (0.0%),0/120 (0.0%),0.0,0.9878548869076971,0.9999967369626577,1.0,0.0,0.0053068473596145456,1.4171214240781989e-06
GO:0044773,0/120 (0.0%),0/120 (0.0%),0.0,0.9878548869076971,0.9999967369626577,1.0,0.0,0.0053068473596145456,1.4171214240781989e-06
GO:0044804,0/120 (0.0%),0/120 (0.0%),0.0,0.9878548869076971,0.9999967369626577,1.0,0.0,0.0053068473596145456,1.4171214240781989e-06
GO:0045041,0/120 (0.0%),0/120 (0.0%),0.0,0.9878548869076971,0.9999967369626577,1.0,0.0,0.0053068473596145456,1.4171214240781989e-06
GO:0010467,0/120 (0.0%),0/120 (0.0%),0.0,0.9878548869076971,0.9999967369626577,1.0,0.0,0.0053068473596145456,1.4171214240781989e-06
GO:0050909,0/120 (0.0%),0/120 (0.0%),0.0,0.9878548869076971,0.9999967369626577,1.0,0.0,0.0053068473596145456,1.4171214240781989e-06
GO:0042303,0/120 (0.0%),0/120 (0.0%),0.0,0.9878548869076971,0.9999967369626577,1.0,0.0,0.0053068473596145456,1.4171214240781989e-06
GO:0042330,0/120 (0.0%),0/120 (0.0%),0.0,0.9878548869076971,0.9999967369626577,1.0,0.0,0.0053068473596145456,1.4171214240781989e-06
GO:0007042,0/120 (0.0%),0/120 (0.0%),0.0,0.9878548869076971,0.9999967369626577,1.0,0.0,0.0053068473596145456,1.4171214240781989e-06
GO:0000915,0/120 (0.0%),0/120 (0.0%),0.0,0.9878548869076971,0.9999967369626577,1.0,0.0,0.0053068473596145456,1.4171214240781989e-06
GO:0046033,0/120 (0.0%),0/120 (0.0%),0.0,0.9878548869076971,0.9999967369626577,1.0,0.0,0.0053068473596145456,1.4171214240781989e-06
GO:0050891,0/120 (0.0%),0/120 (0.0%),0.0,0.9878548869076971,0.9999967369626577,1.0,0.0,0.0053068473596145456,1.4171214240781989e-06
GO:0015793,0/120 (0.0%),0/120 (0.0%),0.0,0.9878548869076971,0.9999967369626577,1.0,0.0,0.0053068473596145456,1.4171214240781989e-06
GO:0010884,0/120 (0.0%),0/120 (0.0%),0.0,0.9878548869076971,0.9999967369626577,1.0,0.0,0.0053068473596145456,1.4171214240781989e-06
GO:0034330,0/120 (0.0%),0/120 (0.0%),0.0,0.9878548869076971,0.9999967369626577,1.0,0.0,0.0053068473596145456,1.4171214240781989e-06
GO:0034607,0/120 (0.0%),0/120 (0.0%),0.0,0.9878548869076971,0.9999967369626577,1.0,0.0,0.0053068473596145456,1.4171214240781989e-06
GO:0023051,0/120 (0.0%),0/120 (0.0%),0.0,0.9878548869076971,0.9999967369626577,1.0,0.0,0.0053068473596145456,1.4171214240781989e-06
GO:0051014,0/120 (0.0%),0/120 (0.0%),0.0,0.9878548869076971,0.9999967369626577,1.0,0.0,0.0053068473596145456,1.4171214240781989e-06
GO:0042760,0/120 (0.0%),0/120 (0.0%),0.0,0.9878548869076971,0.9999967369626577,1.0,0.0,0.0053068473596145456,1.4171214240781989e-06
GO:0042407,0/120 (0.0%),0/120 (0.0%),0.0,0.9878548869076971,0.9999967369626577,1.0,0.0,0.0053068473596145456,1.4171214240781989e-06
GO:0007492,0/120 (0.0%),0/120 (0.0%),0.0,0.9878548869076971,0.9999967369626577,1.0,0.0,0.0053068473596145456,1.4171214240781989e-06
GO:0050770,0/120 (0.0%),0/120 (0.0%),0.0,0.9878548869076971,0.9999967369626577,1.0,0.0,0.0053068473596145456,1.4171214240781989e-06
GO:0030513,0/120 (0.0%),0/120 (0.0%),0.0,0.9878548869076971,0.9999967369626577,1.0,0.0,0.0053068473596145456,1.4171214240781989e-06
GO:1903859,0/120 (0.0%),0/120 (0.0%),0.0,0.9878548869076971,0.9999967369626577,1.0,0.0,0.0053068473596145456,1.4171214240781989e-06
GO:0040021,0/120 (0.0%),0/120 (0.0%),0.0,0.9878548869076971,0.9999967369626577,1.0,0.0,0.0053068473596145456,1.4171214240781989e-06
GO:0045995,0/120 (0.0%),0/120 (0.0%),0.0,0.9878548869076971,0.9999967369626577,1.0,0.0,0.0053068473596145456,1.4171214240781989e-06
GO:0006398,0/120 (0.0%),0/120 (0.0%),0.0,0.9878548869076971,0.9999967369626577,1.0,0.0,0.0053068473596145456,1.4171214240781989e-06
GO:0006370,0/120 (0.0%),0/120 (0.0%),0.0,0.9878548869076971,0.9999967369626577,1.0,0.0,0.0053068473596145456,1.4171214240781989e-06
GO:0030997,0/120 (0.0%),0/120 (0.0%),0.0,0.9878548869076971,0.9999967369626577,1.0,0.0,0.0053068473596145456,1.4171214240781989e-06
GO:0031023,0/120 (0.0%),0/120 (0.0%),0.0,0.9878548869076971,0.9999967369626577,1.0,0.0,0.0053068473596145456,1.4171214240781989e-06
GO:0016559,0/120 (0.0%),0/120 (0.0%),0.0,0.9878548869076971,0.9999967369626577,1.0,0.0,0.0053068473596145456,1.4171214240781989e-06
GO:0016255,0/120 (0.0%),0/120 (0.0%),0.0,0.9878548869076971,0.9999967369626577,1.0,0.0,0.0053068473596145456,1.4171214240781989e-06
GO:0006627,0/120 (0.0%),0/120 (0.0%),0.0,0.9878548869076971,0.9999967369626577,1.0,0.0,0.0053068473596145456,1.4171214240781989e-06
GO:2000648,0/120 (0.0%),0/120 (0.0%),0.0,0.9878548869076971,0.9999967369626577,1.0,0.0,0.0053068473596145456,1.4171214240781989e-06
GO:0001682,0/120 (0.0%),0/120 (0.0%),0.0,0.9878548869076971,0.9999967369626577,1.0,0.0,0.0053068473596145456,1.4171214240781989e-06
GO:1903394,0/120 (0.0%),0/120 (0.0%),0.0,0.9878548869076971,0.9999967369626577,1.0,0.0,0.0053068473596145456,1.4171214240781989e-06
GO:0030855,0/120 (0.0%),0/120 (0.0%),0.0,0.9878548869076971,0.9999967369626577,1.0,0.0,0.0053068473596145456,1.4171214240781989e-06
GO:0030865,0/120 (0.0%),0/120 (0.0%),0.0,0.9878548869076971,0.9999967369626577,1.0,0.0,0.0053068473596145456,1.4171214240781989e-06
GO:0030539,0/120 (0.0%),0/120 (0.0%),0.0,0.9878548869076971,0.9999967369626577,1.0,0.0,0.0053068473596145456,1.4171214240781989e-06
GO:0030838,0/120 (0.0%),0/120 (0.0%),0.0,0.9878548869076971,0.9999967369626577,1.0,0.0,0.0053068473596145456,1.4171214240781989e-06
GO:0040009,0/120 (0.0%),0/120 (0.0%),0.0,0.9878548869076971,0.9999967369626577,1.0,0.0,0.0053068473596145456,1.4171214240781989e-06
GO:0006121,0/120 (0.0%),0/120 (0.0%),0.0,0.9878548869076971,0.9999967369626577,1.0,0.0,0.0053068473596145456,1.4171214240781989e-06
GO:0030517,0/120 (0.0%),0/120 (0.0%),0.0,0.9878548869076971,0.9999967369626577,1.0,0.0,0.0053068473596145456,1.4171214240781989e-06
GO:0009581,0/120 (0.0%),0/120 (0.0%),0.0,0.9878548869076971,0.9999967369626577,1.0,0.0,0.0053068473596145456,1.4171214240781989e-06
GO:0009582,0/120 (0.0%),0/120 (0.0%),0.0,0.9878548869076971,0.9999967369626577,1.0,0.0,0.0053068473596145456,1.4171214240781989e-06
GO:0009584,0/120 (0.0%),0/120 (0.0%),0.0,0.9878548869076971,0.9999967369626577,1.0,0.0,0.0053068473596145456,1.4171214240781989e-06
GO:0009611,0/120 (0.0%),0/120 (0.0%),0.0,0.9878548869076971,0.9999967369626577,1.0,0.0,0.0053068473596145456,1.4171214240781989e-06
GO:0001172,0/120 (0.0%),0/120 (0.0%),0.0,0.9878548869076971,0.9999967369626577,1.0,0.0,0.0053068473596145456,1.4171214240781989e-06
GO:0007041,0/120 (0.0%),0/120 (0.0%),0.0,0.9878548869076971,0.9999967369626577,1.0,0.0,0.0053068473596145456,1.4171214240781989e-06
GO:0036297,0/120 (0.0%),0/120 (0.0%),0.0,0.9878548869076971,0.9999967369626577,1.0,0.0,0.0053068473596145456,1.4171214240781989e-06
GO:0019318,0/120 (0.0%),0/120 (0.0%),0.0,0.9878548869076971,0.9999967369626577,1.0,0.0,0.0053068473596145456,1.4171214240781989e-06
GO:0007216,0/120 (0.0%),0/120 (0.0%),0.0,0.9878548869076971,0.9999967369626577,1.0,0.0,0.0053068473596145456,1.4171214240781989e-06
GO:0007196,0/120 (0.0%),0/120 (0.0%),0.0,0.9878548869076971,0.9999967369626577,1.0,0.0,0.0053068473596145456,1.4171214240781989e-06
GO:0051296,0/120 (0.0%),0/120 (0.0%),0.0,0.9878548869076971,0.9999967369626577,1.0,0.0,0.0053068473596145456,1.4171214240781989e-06
GO:0051295,0/120 (0.0%),0/120 (0.0%),0.0,0.9878548869076971,0.9999967369626577,1.0,0.0,0.0053068473596145456,1.4171214240781989e-06
GO:0042797,0/120 (0.0%),0/120 (0.0%),0.0,0.9878548869076971,0.9999967369626577,1.0,0.0,0.0053068473596145456,1.4171214240781989e-06
GO:0007080,0/120 (0.0%),0/120 (0.0%),0.0,0.9878548869076971,0.9999967369626577,1.0,0.0,0.0053068473596145456,1.4171214240781989e-06
GO:0051984,0/120 (0.0%),0/120 (0.0%),0.0,0.9878548869076971,0.9999967369626577,1.0,0.0,0.0053068473596145456,1.4171214240781989e-06
GO:0016125,0/120 (0.0%),0/120 (0.0%),0.0,0.9878548869076971,0.9999967369626577,1.0,0.0,0.0053068473596145456,1.4171214240781989e-06
GO:0015910,0/120 (0.0%),0/120 (0.0%),0.0,0.9878548869076971,0.9999967369626577,1.0,0.0,0.0053068473596145456,1.4171214240781989e-06
GO:0061760,0/120 (0.0%),0/120 (0.0%),0.0,0.9878548869076971,0.9999967369626577,1.0,0.0,0.0053068473596145456,1.4171214240781989e-06
GO:0001973,0/120 (0.0%),0/120 (0.0%),0.0,0.9878548869076971,0.9999967369626577,1.0,0.0,0.0053068473596145456,1.4171214240781989e-06
GO:0001963,0/120 (0.0%),0/120 (0.0%),0.0,0.9878548869076971,0.9999967369626577,1.0,0.0,0.0053068473596145456,1.4171214240781989e-06
GO:0001778,0/120 (0.0%),0/120 (0.0%),0.0,0.9878548869076971,0.9999967369626577,1.0,0.0,0.0053068473596145456,1.4171214240781989e-06
GO:0015908,0/120 (0.0%),0/120 (0.0%),0.0,0.9878548869076971,0.9999967369626577,1.0,0.0,0.0053068473596145456,1.4171214240781989e-06
GO:0051865,0/120 (0.0%),0/120 (0.0%),0.0,0.9878548869076971,0.9999967369626577,1.0,0.0,0.0053068473596145456,1.4171214240781989e-06
GO:0051793,0/120 (0.0%),0/120 (0.0%),0.0,0.9878548869076971,0.9999967369626577,1.0,0.0,0.0053068473596145456,1.4171214240781989e-06
GO:0000492,0/120 (0.0%),0/120 (0.0%),0.0,0.9878548869076971,0.9999967369626577,1.0,0.0,0.0053068473596145456,1.4171214240781989e-06
GO:0000447,0/120 (0.0%),0/120 (0.0%),0.0,0.9878548869076971,0.9999967369626577,1.0,0.0,0.0053068473596145456,1.4171214240781989e-06
GO:0055091,0/120 (0.0%),0/120 (0.0%),0.0,0.9878548869076971,0.9999967369626577,1.0,0.0,0.0053068473596145456,1.4171214240781989e-06
GO:0006171,0/120 (0.0%),0/120 (0.0%),0.0,0.9878548869076971,0.9999967369626577,1.0,0.0,0.0053068473596145456,1.4171214240781989e-06
GO:0006166,0/120 (0.0%),0/120 (0.0%),0.0,0.9878548869076971,0.9999967369626577,1.0,0.0,0.0053068473596145456,1.4171214240781989e-06
GO:0006552,0/120 (0.0%),0/120 (0.0%),0.0,0.9878548869076971,0.9999967369626577,1.0,0.0,0.0053068473596145456,1.4171214240781989e-06
GO:0006569,0/120 (0.0%),0/120 (0.0%),0.0,0.9878548869076971,0.9999967369626577,1.0,0.0,0.0053068473596145456,1.4171214240781989e-06
GO:0006515,0/120 (0.0%),0/120 (0.0%),0.0,0.9878548869076971,0.9999967369626577,1.0,0.0,0.0053068473596145456,1.4171214240781989e-06
GO:0006542,0/120 (0.0%),0/120 (0.0%),0.0,0.9878548869076971,0.9999967369626577,1.0,0.0,0.0053068473596145456,1.4171214240781989e-06
GO:0006570,0/120 (0.0%),0/120 (0.0%),0.0,0.9878548869076971,0.9999967369626577,1.0,0.0,0.0053068473596145456,1.4171214240781989e-06
GO:0099022,0/120 (0.0%),0/120 (0.0%),0.0,0.9878548869076971,0.9999967369626577,1.0,0.0,0.0053068473596145456,1.4171214240781989e-06
GO:0035196,0/120 (0.0%),0/120 (0.0%),0.0,0.9878548869076971,0.9999967369626577,1.0,0.0,0.0053068473596145456,1.4171214240781989e-06
GO:0019543,0/120 (0.0%),0/120 (0.0%),0.0,0.9878548869076971,0.9999967369626577,1.0,0.0,0.0053068473596145456,1.4171214240781989e-06
GO:0051240,0/120 (0.0%),0/120 (0.0%),0.0,0.9878548869076971,0.9999967369626577,1.0,0.0,0.0053068473596145456,1.4171214240781989e-06
GO:0042256,0/120 (0.0%),0/120 (0.0%),0.0,0.9878548869076971,0.9999967369626577,1.0,0.0,0.0053068473596145456,1.4171214240781989e-06
GO:0042276,0/120 (0.0%),0/120 (0.0%),0.0,0.9878548869076971,0.9999967369626577,1.0,0.0,0.0053068473596145456,1.4171214240781989e-06
GO:0051653,0/120 (0.0%),0/120 (0.0%),0.0,0.9878548869076971,0.9999967369626577,1.0,0.0,0.0053068473596145456,1.4171214240781989e-06
GO:0051729,0/120 (0.0%),0/120 (0.0%),0.0,0.9878548869076971,0.9999967369626577,1.0,0.0,0.0053068473596145456,1.4171214240781989e-06
GO:0006335,0/120 (0.0%),0/120 (0.0%),0.0,0.9878548869076971,0.9999967369626577,1.0,0.0,0.0053068473596145456,1.4171214240781989e-06
GO:0051156,0/120 (0.0%),0/120 (0.0%),0.0,0.9878548869076971,0.9999967369626577,1.0,0.0,0.0053068473596145456,1.4171214240781989e-06
GO:0035329,0/120 (0.0%),0/120 (0.0%),0.0,0.9878548869076971,0.9999967369626577,1.0,0.0,0.0053068473596145456,1.4171214240781989e-06
GO:0035567,0/120 (0.0%),0/120 (0.0%),0.0,0.9878548869076971,0.9999967369626577,1.0,0.0,0.0053068473596145456,1.4171214240781989e-06
GO:0035999,0/120 (0.0%),0/120 (0.0%),0.0,0.9878548869076971,0.9999967369626577,1.0,0.0,0.0053068473596145456,1.4171214240781989e-06
GO:0017157,0/120 (0.0%),0/120 (0.0%),0.0,0.9878548869076971,0.9999967369626577,1.0,0.0,0.0053068473596145456,1.4171214240781989e-06
GO:0006896,0/120 (0.0%),0/120 (0.0%),0.0,0.9878548869076971,0.9999967369626577,1.0,0.0,0.0053068473596145456,1.4171214240781989e-06
GO:0060828,0/120 (0.0%),0/120 (0.0%),0.0,0.9878548869076971,0.9999967369626577,1.0,0.0,0.0053068473596145456,1.4171214240781989e-06
GO:0061061,0/120 (0.0%),0/120 (0.0%),0.0,0.9878548869076971,0.9999967369626577,1.0,0.0,0.0053068473596145456,1.4171214240781989e-06
GO:0072657,0/120 (0.0%),0/120 (0.0%),0.0,0.9878548869076971,0.9999967369626577,1.0,0.0,0.0053068473596145456,1.4171214240781989e-06
GO:0006999,0/120 (0.0%),0/120 (0.0%),0.0,0.9878548869076971,0.9999967369626577,1.0,0.0,0.0053068473596145456,1.4171214240781989e-06
GO:0007023,0/120 (0.0%),0/120 (0.0%),0.0,0.9878548869076971,0.9999967369626577,1.0,0.0,0.0053068473596145456,1.4171214240781989e-06
GO:0051402,0/120 (0.0%),0/120 (0.0%),0.0,0.9878548869076971,0.9999967369626577,1.0,0.0,0.0053068473596145456,1.4171214240781989e-06
GO:0051446,0/120 (0.0%),0/120 (0.0%),0.0,0.9878548869076971,0.9999967369626577,1.0,0.0,0.0053068473596145456,1.4171214240781989e-06
GO:0051457,0/120 (0.0%),0/120 (0.0%),0.0,0.9878548869076971,0.9999967369626577,1.0,0.0,0.0053068473596145456,1.4171214240781989e-06
GO:0051560,0/120 (0.0%),0/120 (0.0%),0.0,0.9878548869076971,0.9999967369626577,1.0,0.0,0.0053068473596145456,1.4171214240781989e-06
GO:0051647,0/120 (0.0%),0/120 (0.0%),0.0,0.9878548869076971,0.9999967369626577,1.0,0.0,0.0053068473596145456,1.4171214240781989e-06
GO:0097112,0/120 (0.0%),0/120 (0.0%),0.0,0.9878548869076971,0.9999967369626577,1.0,0.0,0.0053068473596145456,1.4171214240781989e-06
GO:0071422,0/120 (0.0%),0/120 (0.0%),0.0,0.9878548869076971,0.9999967369626577,1.0,0.0,0.0053068473596145456,1.4171214240781989e-06
GO:0071482,0/120 (0.0%),0/120 (0.0%),0.0,0.9878548869076971,0.9999967369626577,1.0,0.0,0.0053068473596145456,1.4171214240781989e-06
GO:0071689,0/120 (0.0%),0/120 (0.0%),0.0,0.9878548869076971,0.9999967369626577,1.0,0.0,0.0053068473596145456,1.4171214240781989e-06
GO:0071709,0/120 (0.0%),0/120 (0.0%),0.0,0.9878548869076971,0.9999967369626577,1.0,0.0,0.0053068473596145456,1.4171214240781989e-06
GO:0006826,0/120 (0.0%),0/120 (0.0%),0.0,0.9878548869076971,0.9999967369626577,1.0,0.0,0.0053068473596145456,1.4171214240781989e-06
GO:0006851,0/120 (0.0%),0/120 (0.0%),0.0,0.9878548869076971,0.9999967369626577,1.0,0.0,0.0053068473596145456,1.4171214240781989e-06
GO:0070125,0/120 (0.0%),0/120 (0.0%),0.0,0.9878548869076971,0.9999967369626577,1.0,0.0,0.0053068473596145456,1.4171214240781989e-06
GO:0032223,0/120 (0.0%),0/120 (0.0%),0.0,0.9878548869076971,0.9999967369626577,1.0,0.0,0.0053068473596145456,1.4171214240781989e-06
GO:0090141,0/120 (0.0%),0/120 (0.0%),0.0,0.9878548869076971,0.9999967369626577,1.0,0.0,0.0053068473596145456,1.4171214240781989e-06
GO:0090314,0/120 (0.0%),0/120 (0.0%),0.0,0.9878548869076971,0.9999967369626577,1.0,0.0,0.0053068473596145456,1.4171214240781989e-06
GO:0097035,0/120 (0.0%),0/120 (0.0%),0.0,0.9878548869076971,0.9999967369626577,1.0,0.0,0.0053068473596145456,1.4171214240781989e-06
GO:0045494,0/120 (0.0%),0/120 (0.0%),0.0,0.9878548869076971,0.9999967369626577,1.0,0.0,0.0053068473596145456,1.4171214240781989e-06
GO:0031053,0/120 (0.0%),0/120 (0.0%),0.0,0.9878548869076971,0.9999967369626577,1.0,0.0,0.0053068473596145456,1.4171214240781989e-06
GO:0031344,0/120 (0.0%),0/120 (0.0%),0.0,0.9878548869076971,0.9999967369626577,1.0,0.0,0.0053068473596145456,1.4171214240781989e-06
GO:0031110,0/120 (0.0%),0/120 (0.0%),0.0,0.9878548869076971,0.9999967369626577,1.0,0.0,0.0053068473596145456,1.4171214240781989e-06
GO:0032008,0/120 (0.0%),0/120 (0.0%),0.0,0.9878548869076971,0.9999967369626577,1.0,0.0,0.0053068473596145456,1.4171214240781989e-06
GO:0035725,1/120 (0.8%),0/120 (0.0%),6.025,0.987883628439861,0.9999967369626577,1.0,2.5909612413425993,0.005294211791978287,1.4171214240781989e-06
GO:0018996,1/120 (0.8%),0/120 (0.0%),6.114925373134328,0.9882213745202262,0.9999967369626577,1.0,2.6123348921351663,0.005145756866561252,1.4171214240781989e-06
GO:0009653,1/120 (0.8%),0/120 (0.0%),6.716393442622951,0.9901580358469723,0.9999967369626577,1.0,2.7476867450300526,0.004295483565317699,1.4171214240781989e-06
GO:0007169,1/120 (0.8%),0/120 (0.0%),6.828333333333333,0.9904656325048191,0.9999967369626577,1.0,2.77153348698442,0.004160589153660045,1.4171214240781989e-06
GO:0040017,1/120 (0.8%),0/120 (0.0%),7.316071428571429,0.9916518087801565,0.9999967369626577,1.0,2.8710691605353347,0.0036407916263184385,1.4171214240781989e-06
GO:0016477,1/120 (0.8%),0/120 (0.0%),7.449090909090909,0.9919371846860315,0.9999967369626577,1.0,2.897064369068279,0.00351582906355668,1.4171214240781989e-06
GO:0051260,1/120 (0.8%),0/120 (0.0%),8.193999999999999,0.9932958877820195,0.9999967369626577,1.0,3.0345678928182136,0.002921362491899618,1.4171214240781989e-06
GO:0048477,1/120 (0.8%),0/120 (0.0%),8.193999999999999,0.9932958877820195,0.9999967369626577,1.0,3.0345678928182136,0.002921362491899618,1.4171214240781989e-06
GO:0035194,1/120 (0.8%),0/120 (0.0%),8.193999999999999,0.9932958877820195,0.9999967369626577,1.0,3.0345678928182136,0.002921362491899618,1.4171214240781989e-06
GO:0000132,1/120 (0.8%),0/120 (0.0%),8.361224489795918,0.9935538280178822,0.9999967369626577,1.0,3.0637142384777305,0.002808599034417651,1.4171214240781989e-06
GO:0046662,1/120 (0.8%),0/120 (0.0%),8.535416666666666,0.9938071126899761,0.9999967369626577,1.0,3.0934615818717823,0.002697899328306415,1.4171214240781989e-06
GO:0055085,4/120 (3.3%),1/120 (0.8%),3.486808510638298,0.9939329871043765,0.9999967369626577,1.0,1.801907136027939,0.002642895594502772,1.4171214240781989e-06
GO:0036503,1/120 (0.8%),0/120 (0.0%),8.906521739130435,0.9942996195260533,0.9999967369626577,1.0,3.154862126535926,0.0024827267702969657,1.4171214240781989e-06
GO:0000271,1/120 (0.8%),0/120 (0.0%),9.527906976744186,0.9950028618936136,0.9999967369626577,1.0,3.2521593278908405,0.002175670105715012,1.4171214240781989e-06
GO:0070588,1/120 (0.8%),0/120 (0.0%),9.992682926829268,0.9954477282314006,0.9999967369626577,1.0,3.320872077974855,0.0019815401937635364,1.4171214240781989e-06
GO:0016055,1/120 (0.8%),0/120 (0.0%),9.992682926829268,0.9954477282314006,0.9999967369626577,1.0,3.320872077974855,0.0019815401937635364,1.4171214240781989e-06
GO:0160094,1/120 (0.8%),0/120 (0.0%),10.505128205128205,0.99587319652538,0.9999967369626577,1.0,3.39302186373069,0.0017959563104079294,1.4171214240781989e-06
GO:0015031,3/120 (2.5%),0/120 (0.0%),4.6733840304182515,0.995952617338862,0.9999967369626577,1.0,2.224467594021793,0.001761322738715369,1.4171214240781989e-06
GO:0043051,1/120 (0.8%),0/120 (0.0%),10.78157894736842,0.9960785947488743,0.9999967369626577,1.0,3.430496569149353,0.0017063925812421804,1.4171214240781989e-06
GO:0043066,1/120 (0.8%),0/120 (0.0%),11.380555555555556,0.9964745952476982,0.9999967369626577,1.0,3.5084990811506263,0.0015337690000019255,1.4171214240781989e-06
GO:0006812,1/120 (0.8%),0/120 (0.0%),11.705714285714286,0.9966651476113411,0.9999967369626577,1.0,3.5491410656479725,0.0014507283194953634,1.4171214240781989e-06
GO:0098609,1/120 (0.8%),0/120 (0.0%),12.05,0.9968507012919993,0.9999967369626577,1.0,3.5909612413425993,0.001369881267405213,1.4171214240781989e-06
GO:0007219,1/120 (0.8%),0/120 (0.0%),13.656666666666666,0.9975424241445406,0.9999967369626577,1.0,3.77153348698442,0.0010686252852425142,1.4171214240781989e-06
GO:0045214,1/120 (0.8%),0/120 (0.0%),14.127586206896552,0.997702604826383,0.9999967369626577,1.0,3.8204430874653665,0.0009988939135353021,1.4171214240781989e-06
GO:0007268,2/120 (1.7%),0/120 (0.0%),8.361224489795918,0.998178342872272,0.9999967369626577,1.0,3.0637142384777305,0.0007918571037374225,1.4171214240781989e-06
GO:0060070,1/120 (0.8%),0/120 (0.0%),16.387999999999998,0.9982915581087547,0.9999967369626577,1.0,4.034567892818214,0.0007426014124792289,1.4171214240781989e-06
GO:0060079,2/120 (1.7%),0/120 (0.0%),8.717021276595744,0.9983831510557204,0.9999967369626577,1.0,3.1238352309153012,0.0007027568536296715,1.4171214240781989e-06
GO:0034514,1/120 (0.8%),0/120 (0.0%),17.070833333333333,0.9984257246838338,0.9999967369626577,1.0,4.093461581871782,0.000684237813583616,1.4171214240781989e-06
GO:0032456,1/120 (0.8%),0/120 (0.0%),17.81304347826087,0.99855461047872,0.9999967369626577,1.0,4.154862126535926,0.0006281787842512902,1.4171214240781989e-06
GO:0034220,4/120 (3.3%),0/120 (0.0%),4.891940298507462,0.9985665993694889,0.9999967369626577,1.0,2.2904067972478037,0.0006229645698315839,1.4171214240781989e-06
GO:0048557,1/120 (0.8%),0/120 (0.0%),18.622727272727275,0.9986781892874451,0.9999967369626577,1.0,4.218992463955642,0.0005744348293309747,1.4171214240781989e-06
GO:0006836,1/120 (0.8%),0/120 (0.0%),19.50952380952381,0.9987964348092915,0.9999967369626577,1.0,4.286106659814179,0.0005230165263516778,1.4171214240781989e-06
GO:0006906,1/120 (0.8%),0/120 (0.0%),19.50952380952381,0.9987964348092915,0.9999967369626577,1.0,4.286106659814179,0.0005230165263516778,1.4171214240781989e-06
GO:0002009,1/120 (0.8%),0/120 (0.0%),20.485,0.9989093206484909,0.9999967369626577,1.0,4.356495987705577,0.00047393452619467124,1.4171214240781989e-06
GO:0046716,1/120 (0.8%),0/120 (0.0%),21.56315789473684,0.9990168203139242,0.9999967369626577,1.0,4.430496569149353,0.0004271995537730129,1.4171214240781989e-06
GO:0070986,1/120 (0.8%),0/120 (0.0%),21.56315789473684,0.9990168203139242,0.9999967369626577,1.0,4.430496569149353,0.0004271995537730129,1.4171214240781989e-06
GO:0006612,1/120 (0.8%),0/120 (0.0%),22.761111111111113,0.9991189072188188,0.9999967369626577,1.0,4.508499081150626,0.00038282240871930195,1.4171214240781989e-06
GO:0010623,1/120 (0.8%),0/120 (0.0%),24.1,0.9992155546804452,0.9999967369626577,1.0,4.590961241342599,0.00034081396608138685,1.4171214240781989e-06
GO:0001714,1/120 (0.8%),0/120 (0.0%),24.1,0.9992155546804452,0.9999967369626577,1.0,4.590961241342599,0.00034081396608138685,1.4171214240781989e-06
GO:0046854,1/120 (0.8%),0/120 (0.0%),24.1,0.9992155546804452,0.9999967369626577,1.0,4.590961241342599,0.00034081396608138685,1.4171214240781989e-06
GO:0040025,2/120 (1.7%),0/120 (0.0%),11.380555555555556,0.9992520262505178,0.9999967369626577,1.0,3.5084990811506263,0.00032496241884412793,1.4171214240781989e-06
GO:0060078,2/120 (1.7%),0/120 (0.0%),12.05,0.9993669951722789,0.9999967369626577,1.0,3.5909612413425993,0.0002749975502712837,1.4171214240781989e-06
GO:0042391,2/120 (1.7%),0/120 (0.0%),12.05,0.9993669951722789,0.9999967369626577,1.0,3.5909612413425993,0.0002749975502712837,1.4171214240781989e-06
GO:0045664,1/120 (0.8%),0/120 (0.0%),27.313333333333333,0.9993924240613685,0.9999967369626577,1.0,4.77153348698442,0.0002639470695512119,1.4171214240781989e-06
GO:0016331,1/120 (0.8%),0/120 (0.0%),29.264285714285716,0.999472592132684,0.9999967369626577,1.0,4.871069160535335,0.00022911074920567,1.4171214240781989e-06
GO:0006491,1/120 (0.8%),0/120 (0.0%),29.264285714285716,0.999472592132684,0.9999967369626577,1.0,4.871069160535335,0.00022911074920567,1.4171214240781989e-06
GO:0045747,1/120 (0.8%),0/120 (0.0%),29.264285714285716,0.999472592132684,0.9999967369626577,1.0,4.871069160535335,0.00022911074920567,1.4171214240781989e-06
GO:0030334,2/120 (1.7%),0/120 (0.0%),13.216129032258065,0.9995171886417332,0.9999967369626577,1.0,3.7242277722060635,0.00020973294349430134,1.4171214240781989e-06
GO:0015914,1/120 (0.8%),0/120 (0.0%),31.515384615384615,0.999547213064156,0.9999967369626577,1.0,4.977984364451847,0.00019668739981859465,1.4171214240781989e-06
GO:0034219,1/120 (0.8%),0/120 (0.0%),31.515384615384615,0.999547213064156,0.9999967369626577,1.0,4.977984364451847,0.00019668739981859465,1.4171214240781989e-06
GO:0007031,1/120 (0.8%),0/120 (0.0%),31.515384615384615,0.999547213064156,0.9999967369626577,1.0,4.977984364451847,0.00019668739981859465,1.4171214240781989e-06
GO:0034606,1/120 (0.8%),0/120 (0.0%),31.515384615384615,0.999547213064156,0.9999967369626577,1.0,4.977984364451847,0.00019668739981859465,1.4171214240781989e-06
GO:0007155,2/120 (1.7%),0/120 (0.0%),13.656666666666666,0.9995615920741633,0.9999967369626577,1.0,3.77153348698442,0.00019043989124329852,1.4171214240781989e-06
GO:0060271,2/120 (1.7%),0/120 (0.0%),13.88813559322034,0.999582772097194,0.9999967369626577,1.0,3.7957810332310977,0.00018123758720359312,1.4171214240781989e-06
GO:0005975,3/120 (2.5%),0/120 (0.0%),8.717021276595746,0.9995885143400906,0.9999967369626577,1.0,3.1238352309153017,0.00017874272903848392,1.4171214240781989e-06
GO:0006744,1/120 (0.8%),0/120 (0.0%),34.141666666666666,0.9996162596886949,0.9999967369626577,1.0,5.093461581871782,0.0001666882842365537,1.4171214240781989e-06
GO:0043547,1/120 (0.8%),0/120 (0.0%),37.24545454545455,0.9996797047414182,0.9999967369626577,1.0,5.218992463955642,0.00013912474506952666,1.4171214240781989e-06
GO:0033617,1/120 (0.8%),0/120 (0.0%),37.24545454545455,0.9996797047414182,0.9999967369626577,1.0,5.218992463955642,0.00013912474506952666,1.4171214240781989e-06
GO:0045176,1/120 (0.8%),0/120 (0.0%),37.24545454545455,0.9996797047414182,0.9999967369626577,1.0,5.218992463955642,0.00013912474506952666,1.4171214240781989e-06
GO:0006909,1/120 (0.8%),0/120 (0.0%),37.24545454545455,0.9996797047414182,0.9999967369626577,1.0,5.218992463955642,0.00013912474506952666,1.4171214240781989e-06
GO:0043058,1/120 (0.8%),0/120 (0.0%),37.24545454545455,0.9996797047414182,0.9999967369626577,1.0,5.218992463955642,0.00013912474506952666,1.4171214240781989e-06
GO:0017158,1/120 (0.8%),0/120 (0.0%),37.24545454545455,0.9996797047414182,0.9999967369626577,1.0,5.218992463955642,0.00013912474506952666,1.4171214240781989e-06
GO:0090325,1/120 (0.8%),0/120 (0.0%),37.24545454545455,0.9996797047414182,0.9999967369626577,1.0,5.218992463955642,0.00013912474506952666,1.4171214240781989e-06
GO:0099502,1/120 (0.8%),0/120 (0.0%),40.97,0.9997375208593396,0.9999967369626577,1.0,5.356495987705577,0.00011400820544603458,1.4171214240781989e-06
GO:0040013,1/120 (0.8%),0/120 (0.0%),40.97,0.9997375208593396,0.9999967369626577,1.0,5.356495987705577,0.00011400820544603458,1.4171214240781989e-06
GO:0048015,1/120 (0.8%),0/120 (0.0%),40.97,0.9997375208593396,0.9999967369626577,1.0,5.356495987705577,0.00011400820544603458,1.4171214240781989e-06
GO:0031122,1/120 (0.8%),0/120 (0.0%),40.97,0.9997375208593396,0.9999967369626577,1.0,5.356495987705577,0.00011400820544603458,1.4171214240781989e-06
GO:0007608,3/120 (2.5%),0/120 (0.0%),9.99268292682927,0.9997550966290303,0.9999967369626577,1.0,3.320872077974855,0.00010637320872208511,1.4171214240781989e-06
GO:0016485,2/120 (1.7%),0/120 (0.0%),16.722448979591835,0.9997593024841841,0.9999967369626577,1.0,4.06371423847773,0.0001045461854350316,1.4171214240781989e-06
GO:0048858,1/120 (0.8%),0/120 (0.0%),45.522222222222226,0.99978968058106,0.9999967369626577,1.0,5.508499081150626,9.135016977682691e-05,1.4171214240781989e-06
GO:0044331,1/120 (0.8%),0/120 (0.0%),45.522222222222226,0.99978968058106,0.9999967369626577,1.0,5.508499081150626,9.135016977682691e-05,1.4171214240781989e-06
GO:0060562,1/120 (0.8%),0/120 (0.0%),45.522222222222226,0.99978968058106,0.9999967369626577,1.0,5.508499081150626,9.135016977682691e-05,1.4171214240781989e-06
GO:0090386,1/120 (0.8%),0/120 (0.0%),45.522222222222226,0.99978968058106,0.9999967369626577,1.0,5.508499081150626,9.135016977682691e-05,1.4171214240781989e-06
GO:0006509,1/120 (0.8%),0/120 (0.0%),45.522222222222226,0.99978968058106,0.9999967369626577,1.0,5.508499081150626,9.135016977682691e-05,1.4171214240781989e-06
GO:0006614,1/120 (0.8%),0/120 (0.0%),45.522222222222226,0.99978968058106,0.9999967369626577,1.0,5.508499081150626,9.135016977682691e-05,1.4171214240781989e-06
GO:0006811,6/120 (5.0%),1/120 (0.8%),5.186075949367089,0.999827265329685,0.9999967369626577,1.0,2.3746433344158357,7.50241939774377e-05,1.4171214240781989e-06
GO:0060069,1/120 (0.8%),0/120 (0.0%),51.2125,0.9998361563464556,0.9999967369626577,1.0,5.678424082592938,7.116222452783116e-05,1.4171214240781989e-06
GO:0016558,1/120 (0.8%),0/120 (0.0%),51.2125,0.9998361563464556,0.9999967369626577,1.0,5.678424082592938,7.116222452783116e-05,1.4171214240781989e-06
GO:0050893,1/120 (0.8%),0/120 (0.0%),51.2125,0.9998361563464556,0.9999967369626577,1.0,5.678424082592938,7.116222452783116e-05,1.4171214240781989e-06
GO:0006816,2/120 (1.7%),0/120 (0.0%),19.985365853658536,0.9998587380661139,0.9999967369626577,1.0,4.320872077974855,6.135361195667868e-05,1.4171214240781989e-06
GO:0007606,4/120 (3.3%),0/120 (0.0%),8.318781725888323,0.9998711895149731,0.9999967369626577,1.0,3.056372263136562,5.594528610553679e-05,1.4171214240781989e-06
GO:0036092,1/120 (0.8%),0/120 (0.0%),58.52857142857143,0.9998769204963661,0.9999967369626577,1.0,5.871069160535335,5.345603900244585e-05,1.4171214240781989e-06
GO:1905941,1/120 (0.8%),0/120 (0.0%),58.52857142857143,0.9998769204963661,0.9999967369626577,1.0,5.871069160535335,5.345603900244585e-05,1.4171214240781989e-06
GO:1902435,1/120 (0.8%),0/120 (0.0%),58.52857142857143,0.9998769204963661,0.9999967369626577,1.0,5.871069160535335,5.345603900244585e-05,1.4171214240781989e-06
GO:0110011,1/120 (0.8%),0/120 (0.0%),58.52857142857143,0.9998769204963661,0.9999967369626577,1.0,5.871069160535335,5.345603900244585e-05,1.4171214240781989e-06
GO:0016048,1/120 (0.8%),0/120 (0.0%),58.52857142857143,0.9998769204963661,0.9999967369626577,1.0,5.871069160535335,5.345603900244585e-05,1.4171214240781989e-06
GO:0030030,2/120 (1.7%),0/120 (0.0%),22.761111111111113,0.9999045377932696,0.9999967369626577,1.0,4.508499081150626,4.1460688609221856e-05,1.4171214240781989e-06
GO:0050911,4/120 (3.3%),0/120 (0.0%),9.004395604395604,0.9999111316524415,0.9999967369626577,1.0,3.1706294423942425,3.859674800052846e-05,1.4171214240781989e-06
GO:0097501,1/120 (0.8%),0/120 (0.0%),68.28333333333333,0.9999119452722818,0.9999967369626577,1.0,6.093461581871782,3.8243366132825047e-05,1.4171214240781989e-06
GO:0015870,1/120 (0.8%),0/120 (0.0%),68.28333333333333,0.9999119452722818,0.9999967369626577,1.0,6.093461581871782,3.8243366132825047e-05,1.4171214240781989e-06
GO:1905515,2/120 (1.7%),0/120 (0.0%),23.411428571428573,0.9999123370228603,0.9999967369626577,1.0,4.549141065647972,3.8073216069096744e-05,1.4171214240781989e-06
GO:0006935,4/120 (3.3%),0/120 (0.0%),9.364571428571429,0.9999261245720865,0.9999967369626577,1.0,3.22721297076061,3.2084875847626406e-05,1.4171214240781989e-06
GO:0042048,4/120 (3.3%),0/120 (0.0%),9.364571428571429,0.9999261245720865,0.9999967369626577,1.0,3.22721297076061,3.2084875847626406e-05,1.4171214240781989e-06
GO:0055074,1/120 (0.8%),0/120 (0.0%),81.94,0.9999412028160294,0.9999967369626577,1.0,6.356495987705577,2.5536043280963083e-05,1.4171214240781989e-06
GO:1903358,1/120 (0.8%),0/120 (0.0%),81.94,0.9999412028160294,0.9999967369626577,1.0,6.356495987705577,2.5536043280963083e-05,1.4171214240781989e-06
GO:0030177,1/120 (0.8%),0/120 (0.0%),81.94,0.9999412028160294,0.9999967369626577,1.0,6.356495987705577,2.5536043280963083e-05,1.4171214240781989e-06
GO:0043059,1/120 (0.8%),0/120 (0.0%),81.94,0.9999412028160294,0.9999967369626577,1.0,6.356495987705577,2.5536043280963083e-05,1.4171214240781989e-06
GO:0006207,1/120 (0.8%),0/120 (0.0%),81.94,0.9999412028160294,0.9999967369626577,1.0,6.356495987705577,2.5536043280963083e-05,1.4171214240781989e-06
GO:0007026,1/120 (0.8%),0/120 (0.0%),81.94,0.9999412028160294,0.9999967369626577,1.0,6.356495987705577,2.5536043280963083e-05,1.4171214240781989e-06
GO:0071421,1/120 (0.8%),0/120 (0.0%),81.94,0.9999412028160294,0.9999967369626577,1.0,6.356495987705577,2.5536043280963083e-05,1.4171214240781989e-06
GO:0034769,1/120 (0.8%),0/120 (0.0%),81.94,0.9999412028160294,0.9999967369626577,1.0,6.356495987705577,2.5536043280963083e-05,1.4171214240781989e-06
GO:2001137,1/120 (0.8%),0/120 (0.0%),81.94,0.9999412028160294,0.9999967369626577,1.0,6.356495987705577,2.5536043280963083e-05,1.4171214240781989e-06
GO:0010960,1/120 (0.8%),0/120 (0.0%),81.94,0.9999412028160294,0.9999967369626577,1.0,6.356495987705577,2.5536043280963083e-05,1.4171214240781989e-06
GO:0034609,1/120 (0.8%),0/120 (0.0%),81.94,0.9999412028160294,0.9999967369626577,1.0,6.356495987705577,2.5536043280963083e-05,1.4171214240781989e-06
GO:0023041,1/120 (0.8%),0/120 (0.0%),81.94,0.9999412028160294,0.9999967369626577,1.0,6.356495987705577,2.5536043280963083e-05,1.4171214240781989e-06
GO:0018991,3/120 (2.5%),0/120 (0.0%),14.459999999999999,0.9999413405474761,0.9999967369626577,1.0,3.853995647176393,2.5476223760580297e-05,1.4171214240781989e-06
GO:0006120,2/120 (1.7%),0/120 (0.0%),27.313333333333333,0.9999451343721754,0.9999967369626577,1.0,4.77153348698442,2.3828493098993565e-05,1.4171214240781989e-06
GO:0070085,2/120 (1.7%),0/120 (0.0%),27.313333333333333,0.9999451343721754,0.9999967369626577,1.0,4.77153348698442,2.3828493098993565e-05,1.4171214240781989e-06
GO:0040024,3/120 (2.5%),0/120 (0.0%),15.174074074074074,0.9999514364302692,0.9999967369626577,1.0,3.92353658042947,2.109140249666195e-05,1.4171214240781989e-06
GO:0007156,2/120 (1.7%),0/120 (0.0%),35.62608695652174,0.9999757667790593,0.9999967369626577,1.0,5.154862126535926,1.0524481654845742e-05,1.4171214240781989e-06
GO:0006874,2/120 (1.7%),0/120 (0.0%),39.01904761904762,0.9999817361208857,0.9999967369626577,1.0,5.286106659814179,7.931974352019261e-06,1.4171214240781989e-06
GO:0007186,9/120 (7.5%),1/120 (0.8%),5.928135048231511,0.9999967369626577,0.9999967369626577,1.0,2.5675783139046486,1.4171214240781989e-06,1.4171214240781989e-06
